DOI,nouns
10.1038/ncomms8913,quantum computer|quantum computer|quantum bit|quantum gate|quantum algorithm|quantum algorithm|superposition|order|speed|qubit|superposition|state|mechanic|gate|qubit|gate|order|task|gate|commute|gate|advantage|context|qubit|order|gate|qubit|superposition|gate|order|degree|freedom|photon|qubit|resource|superposition|order|efficiency|gate|order
10.1038/nature16184,quantum computer|quantum computing|quantum error correction|trapped ion|logic|test|entanglement|inequality|isotope|entanglement|property|quantum|resource|information|qip|state|particle|experiment|state|pair|photon|photon|atom|nucleus|state|logic|gate|state|ion|qubit|isotope|calcium|tomography|state|test|entanglement|inequality|atom|laser|qubit|mechanism|qubit|energy|split|state|qubit|qubit|micrometre|ion|trap|cent|fidelity|chsh|clauser|version|entanglement|inequality|novel|state|deviation|test|detection|locality|species|quantum|logic|construction|protection|memory|qubit|qubit|gate|interface|gate|mechanism|qubit|element|memory|logic|gate|error|photon|level|fault|prerequisite|purpose
10.1103/PhysRevX.5.011009,quantum dot|quantum dot|quantum dot|write|control|exciton|spin|pulse|exciton|integer|spin|state|qubit|demand|state|pulse|qubit|pulse|order|magnitude|life|coherence|qubit|demonstration|field|exciton|state|matter|qubit|advantage|integer|spin|qubit|electron|hole|semiconductor|nanostructure|integration|component|exciton|implication|quantum|technology|semiconductor|qubit
10.1007/s11128-015-1147-1,quantum bit|measurement|device|distribution|plate|measurement|device|quantum|distribution|protocol|rotation|state|encode|polarization|qubit|orbit|momentum|qubit|polarization|misalignment|rotation|distance|quantum|distribution|encode|decode|information|qkd|protocol|polarization|space|transmission|rotation|space|rate|transmission|distance|protocol|error|rate|hybrid|encode|plate|experiment|polarization|misalignment|feedback|control
10.1080/09500340.2014.986550,quantum circuit|quantum network|quantum state|information|transfer|hybrid|center|photon|qubit|scheme|information|transfer|spin|photon|qubit|qubit|nitrogen|vacancy|center|spin|ensemble|microwave|photon|waveguide|cavity|spin|cavity|hybrid|quantum|node|information|encode|information|transfer|node|exchange|photon|transfer|superposition|hybrid|node|control|dynamic|protocol|spin|photon|structure
10.1103/PhysRevLett.114.080501,quantum simulation|bell state|contrast|qubit|interaction|multimode|cavity|qed|multimode|cavity|qed|architecture|circuit|memory|purcell|filter|material|qubit|interaction|multimode|cavity|contrast|qubit|gate|gate|speed|qubit|threemode|cavity|multimode|couple|mhz|interaction|resonance|khz|qubit|mhz|cavity|resonance|landau|transition|multimode|load|photon|multimode|cavity|gate|protocol|gate|qubit|fidelity|ratio|gate|contrast
10.1103/PhysRevA.91.042307,quantum state|state|interconnect|quantum|chip|microwave|interface|electron|spin|crystal|flux|qubit|cavity|transfer|fidelity|excess|model|protocol|broaden|microwave|transition|phase|mismatch|microwave|field|advantage|microwave|couple|strength|capability|information|chip|fidelity
10.1016/j.aop.2015.09.005,nonequilibrium|state|transport|qubit|couple|regime|state|photon|transport|nonequilibrium|qubit|blip|approximation|photon|qubit|couple|regime|contribution|qubit|qubit|interaction|population|distribution|bath|relation|flux|noise|power|qubit|size|power|law|style|size|scale|photon|qubit|couple|strength|inc|right
10.1103/PhysRevB.91.094517,superconducting qubit|superconducting qubit|circuit|qed|architecture|information|process|way|entanglement|picture|circuit|qed|xcqed|restriction|context|scale|quantum|architecture|issue|presence|nonlinearitie|layout|circuit|qed|atom|radiation|field|degree|freedom|zcqed|ion|trap|physic|couple|atom|resonator|architecture|quantum|information|type|interaction|degree|freedom|interaction|transition|lamb|dicke|regime|possibility|couple|strength|atom|resonator|readout|scheme|circuit|qubit|measurement|state|quantum|register|electron|scheme|nondemolition|shoot|determination|qubit|state
10.1103/PhysRevLett.114.203602,quantum walk|quantum walk|realization|qubit|operator|measurement|photon|measurement|qubit|qubit|coin|walker|measurement|qubit|operator|measure|quantum|walk|network|walker|position|step
10.1103/PhysRevA.92.042314,quantum teleportation|quantum communication|quantum communication|logic|entanglement|state|faraday|rotation|logic|entanglement|state|qubit|logic|qubit|potential|field|decoherence|environment|logic|entanglement|state|lbsa|help|atom|quality|cavity|parity|check|measurement|gate|faraday|rotation|task|gate|qubit|measurement|number|qubit|logic|qubit|lbsa|field|logic|qubit|entanglement|swap|lbsa|protocol|distance
10.1039/c4fd00206g,optic|light|matter|propagation|photon|waveguide|qubit|qubit|waveguide|couple|emphasis|characterisation|response|limit|photon|function|distance|matter|couple|evolution|matrix|product|evolution|field|qubit|character|function|observable|reflection|congruent|photon|photon|correlation|ratio|distance|response|couple|regime|number|qubit|qubit|qubit|interaction|photon|theory|experiment|circuit|qed|crystal|dielectric|waveguide
10.1038/ncomms8948,quantum state|quantum device|quantum device|qubit|entanglement|ring|resonator|photon|pair|source|silicon|chip|entanglement|phenomena|nature|resource|information|qubit|entanglement|chip|information|photon|path|silicon|chip|resonant|photon|pair|source|demultiplexer|optic|path|qubit|state|entanglement|ring|resonator|wave|photon|pair|source|correlation|chip|frequency|demultiplexer|optic|tomography|entanglement|chsh|test|level|chip|entanglement|integration|component|entanglement|scale
10.1103/PhysRevLett.114.173601,quantum communication|quantum state|reversal|photon|wave|packet|space|readout|retrieval|fidelity|transfer|matter|qubit|level|structure|atom|ion|qubit|reversal|photon|wave|packet|photon|emission|absorption|matter|qubit|demand|space|passage|mode|selection|finesse|cavity|photon|transport|fiber|perspective|build|block|space|quantum|communication|protocol
10.1038/srep15384,quantum coherence|quantum communication|demonstration|fidelity|entanglement|distribution|decoherence|channel|qubit|transduction|entanglement|resource|information|decoherence|proof|demonstration|fidelity|entanglement|distribution|decoherence|channel|qubit|transduction|qubit|form|decoherence|decoherence|fidelity|distribution|polarization|entanglement|channel|type|decoherence|amplitude|polarization|mode|dispersion|qubit|transduction|polarization|qubit|rail|qubit|breakthrough|decoherence|channel|protocol|input|state|independent|photon|symmetry|unity|success|probability
10.1038/srep12790,quantum communication|bell state|w state|w state|w state|w state|w state|w state|w state|state|fusion|qubit|quantum|dot|microcavity|fusion|scheme|quantum|dot|microcavity|scheme|qubit|qubit|scheme|one|qubit|scheme|selection|rule|transmission|reflection|rule|cavity|probability|imperfection|feasibility|scheme|scheme|fidelity|couple|couple|regime|scheme|scale|state|computation|photon|qubit
10.1103/PhysRevA.91.022325,quantum state|cluster state|characterization|multiqubit|stabilizer|quantum|technology|preparation|dozen|qubit|characterization|construction|type|purpose|number|qubit|stabilizer|state|extraction|information|fidelity|entanglement|nonlocality|state|relevance|applicability|characterization|qubit|qubit|greenberger|zeilinger|state|scheme|scale|quantum|information|task
10.1038/srep16296,quantum state|loss|resilience|qubit|state|transmission|phase|amplification|phase|fibre|phase|amplifier|opsa|telecom|wavelength|qubit|pair|gain|transmission|loss|input|state|transmission|state|opsa|input|state|degradation|state|quality|loss|information|qubit|space|transmission|opsa
10.1103/PhysRevLett.114.090402,quantum system|quantum|dynamic|environment|correlation|dynamic|environment|qubit|environment|superchannel|channel|preparation|procedure|input|measurement|measure|strength|correlation|experiment|regard|environment
10.1364/OL.40.002221,superconducting qubit|scheme|generation|state|circuit|qed|scheme|state|resonator|level|flux|device|coupler|proposal|coupler|resonator|consequence|state|preparation|step|proposal|sci|rep|step|gate|resonator|coupler|setup|proposal|resonator|qutrit|society|america
10.1038/NPHOTON.2015.42,variable|entanglement|chip|quantum|information|variable|quadrature|field|quantum|information|science|entanglement|beam|podolskyrosen|state|resource|information|hybridization|variable|photon|variable|qubit|variable|space|network|demand|complexity|loss|precision|alignment|stability|hybridization|capability|quantum|technology|generation|characterization|beam|chip|squeeze|gate|way|information|process|light
10.1364/OE.23.031550,quantum communication|quantum system|ghz state|entanglement|distillation|photon|loss|decoherence|entanglement|distillation|protocol|edp|photon|ensemble|kind|state|vacuum|state|optic|entanglement|resource|qubit|nondemolition|parity|check|qubit|pcqa|setup|polarization|degree|freedom|device|scheme|setup|fidelity|photon|pair|transmission|loss|decoherence|channel|purification|range|edp|fidelity|ensemble|value|gate|entanglement|purification|scheme|scheme|initialization|requirement|difficulty|channel|loss|photon|transmission|advantage|scheme|distance|society|america
10.1007/s11128-015-1017-x,quantum|gate|cavity|regime|scheme|atom|photon|hybrid|cnot|gate|qubit|gate|passage|faraday|rotation|cavity|qed|characteristic|atom|photon|cnot|gate|quantum|cnot|gate|atom|photon|scheme|cavity|regime|excitation|atom|cavity|decay|emission|technology
10.1038/srep07658,quantum memory|room|temperature|photon|level|memory|polarization|device|qubit|fidelity|device|requirement|polarization|qubit|atom|crystal|room|temperature|memory|polarization|qubit|signal|background|ratio|fidelity|benchmark|laser|pulse|photon|account|gate|vapor|cell|background|noise|level|polarization|qubit|storage|photon|level|light|propel|vapor|level|functionality|information|process|architecture
10.1364/OPTICA.2.000832,quantum entanglement|quantum teleportation|quantum teleportation|quantum teleportation|quantum teleportation|quantum teleportation|quantum teleportation|quantum state|quantum state|fiber|photon|detector|quantum|gate|location|help|communication|demonstration|qubit|variable|distance|space|channel|hand|fiber|multifold|photon|detection|experiment|detection|efficiency|telecom|band|photon|detector|fiber|detection|efficiency|photon|detector|snspds|snspds|photon|measurement|input|photon|fiber|fidelity|society|america
10.1103/PhysRevA.91.062318,cluster state|mode|transformation|linear|cluster|state|generation|generation|linear|locss|addition|qubit|qubit|gate|success|rate|gate|question|optimality|gate|respect|loc|generation|scheme|gate|loc|growth|cluster|growth|gate|state|transformation|subspace|space|success|rate|qubit|entanglement|cluster|ancilla|photon|description|mode|transformation
10.1063/1.4935029,quantum computing|quantum dot|quantum|photon|integration|platform|chip|quantum|emission|integration|platform|waveguide|circuit|photon|source|gaas|sion|waveguide|chip|emission|waveguide|mode|waveguide|sion|core|clad|mach|zehnder|interferometer|mzi|emission|output|port|path|qubit|preparation|device|photon|nature|emission|chip|mzi|beamsplitter|hanbury|measurement|aip|publish
10.1038/srep13941,multifrequency|entanglement|spot|couple|ensemble|emitter|qes|surface|plasmon|nanoparticle|cluster|principle|green|tensor|entanglement|level|qes|couple|resonance|frequency|spot|nanoparticle|cluster|duration|beat|entanglement|order|entanglement|cavity|phenomenon|couple|resonance|excitation|cluster|frequency|resonance|entanglement|decay|rate
10.1103/PhysRevLett.115.140501,quantum state|quantum memory|quantum memory|quantum memory|telecom|wavelength|atom|fiber|polarization|qubit|polarization|photon|telecommunication|wavelength|platform|realization|quantum|information|technology|ease|qubit|manipulation|availability|polarization|photon|pair|source|possibility|fiber|optic|link|qubit|distance|platform|build|block|technology|demonstration|mapping|polarization|degree|freedom|telecom|wavelength|photon|polarization|qubit|telecom|wavelength|unity|fidelity|frequency|comb|protocol|ensemble|erbium|atom|fiber|limitation|proof|principle|demonstration|storage|efficiency|storage|matter|interface|potential|information|process
10.1103/PhysRevA.91.053845,waveguide|qed|power|spectra|correlation|photon|qubit|mirror|level|point|waveguide|end|infinitewaveguide|mirror|injection|photon|drive|resonance|fluorescence|photon|correlation|qubit|transition|frequency|decay|rate|interference|contrast|waveguide|photon|waveguide|emission|number|increase|oscillation|correlation|instance|photon|photon|waveguide|hand|resonant|drive|photon|band|gap|side|peak|feature|pole|particle|function|regime|delay|calculation|regime|waveguide|node|field|contrast|regime|complexity|qubit|bus|waveguide|information|process
10.1038/ncomms7524,quantum circuit|josephson|superconductor|superconductor|salient|feature|coherence|wave|function|phenomenon|subject|build|block|qubit|mode|josephson|voltage|oscillate|signal|counterpart|conductor|voltage|interferometer|regime|oscillate|frequency|gap|principle|signal|thz|gap
10.1038/NPHYS3202,quantum communication|quantum cryptography|multipartite|podolsky|rosen|steer|entanglement|network|podolsky|rosen|epr|paradox|quantum|particle|position|correlation|evidence|nonlocality|basis|epr|nonlocality|paradox|network|detection|observation|steer|entanglement|beam|quadrature|phase|amplitude|field|analogy|position|momentum|entanglement|paradox|experiment|test|quantum|mechanic|principle|multiparty|protocol|observer|qubit
10.1038/srep08963,quantum state|quantum system|current|gallery|mode|current|manifestation|bohm|schro|dinger|particle|presence|scatter|chaos|fermion|question|value|interest|material|quantum|ring|flux|ring|host|chaos|amplitude|order|magnitude|ring|term|current|spc|find|spc|type|gallery|mode|wgm|momenta|travel|boundary|scheme|insulator|wgm|spc|feature|base|class|qubit|discovery|wgm|wgm
10.1103/PhysRevB.91.121201,quantum computing|quantum bit|quantum bit|spin|photophysic|carbon|antisite|vacancy|defect|silicon|carbide|silicon|carbide|point|defect|material|generation|device|electron|photon|context|spin|physics|carbon|antisite|vacancy|pair|charge|state|photon|source|density|theory|body|perturbation|theory|defect|spin|ground|state|silicon|carbide|spin|resonance|signature|identification|possibility|manipulation|electron|spin|excitation|defect|telecom|wavelength|defect|candidate|state
10.1038/ncomms7695,control|dipole|emission|photon|emission|emitter|nanostructure|chip|information|process|nanoresonator|lifetime|dipole|emitter|nanoantenna|emission|direction|control|emission|momentum|transition|couple|state|qubit|transition|dipole|control|knowledge|interaction|dipole|eigenstate|helicity|couple|dipole|mode|crystal|waveguide|combination|helicity|mode|dipole|helicity|dipole|rightward|mode|unity|directionality|map|agreement|calculation|measurement|possibility|spin|pathway
10.1103/PhysRevA.91.012345,entanglement|decay|momentum|qubit|state|turbulence|propagation|qubit|momenta|oam|atmosphere|phase|correlation|length|oam|beam|entanglement|decay
10.1038/ncomms7787,quantum communication|quantum communication|quantum communication|quantum state|quantum repeater|quantum repeater|quantum repeater|quantum repeater|quantum repeater|quantum repeater|promise|transmission|message|transfer|photon|medium|choice|photon|loss|channel|requirement|existence|quantum|memory|requirement|fact|concept|qubit|protocol|cluster|state|machine|gun|loss|measurement|speed|feedforward|photon|communication|efficiency|channel|distance|route|photon|source|quantum|memory
10.1088/0953-4075/48/8/083001,quantum computer|quantum computing|quantum computing|quantum computing|quantum circuit|photon|introduction|circuit|way|principle|experiment|quantum|physics|understand|information|process|speed|computer|tutorial|tool|quantum|information|process|basic|measurement|concept|qubit|information|photon|polarization
10.1088/0953-4075/48/4/045502,cluster state|cluster state|cluster state|cluster state|cluster state|cluster state|resource|generation|optic|postselection|cluster|state|computer|scheme|state|importance|field|photon|photon|gate|measurement|transformation|parameter|efficiency|transformation|success|probability|measurement|outcome|present|group|qubit|qubit|cluster|gate|detection|photon|success|probability|gate|scheme|generation|decade|browne|optimality|gate|generation|optimization|success|probability|fuse|rail|qubit|tuple|entanglement|pair|state|conversion|cluster|success|probability
10.1016/j.ssc.2015.08.007,quantum system|control|correlation|state|correlation|qubit|anisotropic|isotropic|band|gab|pbg|crystal|approximation|amount|entanglement|quantum|discord|qubit|crystal|qubit|vacuum|reservoir|pbg|material|environment|value|correlation|prevention|correlation|drop|coherence|amount|correlation|correlation|pbg|pbg|condition|feature|pbg|material|candidate|scheme|optic|information|ltd|right
10.1080/09500340.2014.1000412,quantum state|photon pair|source|algaas|injection|engineering|quantum|photon|field|information|communication|process|challenge|gate|generation|manipulation|detection|qubit|chip|achievement|device|state|light|room|temperature|conversion|spdc|choice|platform|advantage|fabrication|technology|coefficient|wavelength|telecom|band|possibility|injection
10.1016/j.physa.2015.01.048,atom|atom|entanglement|cavity|report|entanglement|level|atom|qubit|mode|lossless|cavity|medium|presence|medium|cavity|mode|couple|order|susceptibility|cavity|equilibrium|heat|reservoir|photon|state|probability|entanglement|operator|hamiltonian|representation|block|diagonalize|block|density|operator|basis|hamiltonian|trace|density|matrix|state|density|matrix|concurrence|measure|entanglement|function|temperature|concurrence|atom|atom|entanglement|temperature|temperature|temperature|influence|medium|atom|atom|entanglement|right
10.1103/PhysRevA.91.042326,quantum dot|quantum network|quantum state|quantum state|quantum|state|join|split|side|microcavitie|join|vitelli|nat|photon|input|qubit|ququart|point|view|birefringence|quantum|dot|spin|microcavitie|join|scheme|quantum|dot|spin|join|photon|quantum|dot|spin|join|photon|join|input|quantum|information|photon|polarization|mode|degree|freedom|dof|scheme|inverse|split|procedure|projection|feed|step|photon|logic|gate|cnot|gate|swap|gate|toffoli|gate|fusion|split|scheme|synthesis|quantum|dot|spin|photon|quantum|transmission|superiority|photon|storage|superiority|quantum|dot|spin|communication|quantum|computation
10.1016/j.aop.2014.12.010,quantum measurement|quantum measurement|entanglement|measurement|reversal|scheme|trap|entanglement|qubit|environment|band|gap|material|entanglement|promotion|scheme|measurement|reversal|promotion|entanglement|trap|success|probability|measurement|strength|inc|right
10.1088/1367-2630/17/3/033037,quantum state|quantum state|tomography|momentum|qubit|projection|momentum|state|beam|image|characterization|photon|level|optic|quantum|information|science|characterization|capability|setup|tomography|qubit|degree|freedom|mode|projection|fork|hologram|mode|fiber|interferometer|alignment|calibration|device|measurement|sequence|density|matrix|extension|space
10.1088/1674-1056/24/5/050304,quantum teleportation|quantum teleportation|bidirectional|photon|path|polarization|entanglement|gate|nonlinearity|gate|bidirectional|bqtp|scheme|gate|qubit|photon|nonlinearitie|xknls|detector|element|gate|path|path|gate|gather|path|path|gate|technology|state|xknls|gate|bqtp|scheme|photon|user|photon|path|polarization|hybrid|state|bqtp|success|probability|gate
10.1103/PhysRevLett.114.220404,demonstration|nonlocality|presence|measurement|dependence|quantum|nonlocality|resource|device|quantum|information|process|diqip|instance|device|distribution|assumption|measurement|dependence|measurement|set|entanglement|inequality|test|diqip|source|particle|adversary|entanglement|inequality|putz|phy|rev|lett|fidelity|source|polarization|qubit|violation|inequality|range|measurement|clauser|holt|chsh|inequality|measurement|independence|assumption|quantum|nonlocality
10.1088/1367-2630/18/1/013006,quantum communication|quantum communication|quantum memory|demand|storage|polarization|qubit|crystal|multimode|component|storage|polarization|qubit|state|earth|ion|crystal|spin|refocus|qubit|millisecond|multiplexing|rate|experiment|factor|importance|multimode|storage|fidelity|retrieval|fidelity|qubit|photon|memory|fidelity|memory|signal|noise|ratio|viability|versatility|multimode|quantum|memory|earth|ion|crystal
10.1103/PhysRevLett.114.110504,quantum computer|quantum computer|quantum computer|quantum machine learning|entanglement|machine|machine|learn|branch|intelligence|experience|field|computer|science|robotic|bioinformatic|challenge|machine|datum|computer|algorithm|mohseni|rebentrost|arxiv|speedup|algorithm|entanglement|classification|vector|cluster|scale|photon|machine|learn|principle|vector|core|routine|machine|learn|principle|number|qubit|route|machine|learn
10.1103/PhysRevLett.114.230501,quantum network|quantum memory|quantum memory|quantum memory|state|spin|wave|bin|qubit|state|spin|wave|demand|read|frequency|comb|scheme|crystal|pulse|photon|level|signal|noise|ratio|band|filter|hole|crystal|noise|control|pulse|noise|level|photon|pulse|spin|wave|storage|bin|qubit|fidelity|measure|spin|wave|memory|quantum|regime|device|demonstration|qubit|demand|read|quantum|information|step|state|quantum|memory
10.1038/srep12233,majorana fermion|interface|qubit|hybrid|architecture|qubit|attention|capability|robustness|qubit|universality|qubit|kind|qubit|energy|scale|energy|mismatch|obstacle|couple|exchange|information|microwave|quantum|bus|couple|qubit|energy|mismatch|drive|field|framework|simulation|perturbation|energy|split|length|nanowire|qubit|perturbation|topology|scheme|interface|qubit|bus|multipartitie|state|qubit
10.1038/ncomms9206,quantum communication|matter|interface|earth|crystal|matter|interface|qubit|photon|network|photon|switch|physic|earth|ion|crystal|state|art|material|quantum|memory|quantum|transducer|photon|microwave|photon|spin|wave|couple|ensemble|neodymium|earth|ion|nanocavitie|yttrium|orthosilicate|host|crystal|cavity|quantum|electrodynamic|purcell|enhancement|dipole|transparency|transition|fluctuation|cavity|transmission|structure|density|gate|level|control|cavity|earth|ion|photon|echo|coherence|broaden|cavity|earth|ion|potential|chip|matter|interface
10.1038/srep09126,coherence|limit|biphoton|atom|cloud|biphoton|coherence|atom|interaction|couple|qubit|couple|information|process|quantum|storage|communication|photon|coherence|submicrosecond|manipulation|biphoton|wavefunction|band|biphoton|coherence|wave|mix|sfwm|atom|cloud|photon|transparency|eit|window|knowledge|record|coherence|photon|number|factor|coherence|detail|eit|coherence|role|coherence|photon|eit|rate|limit|coherence|coherence|microsecond|improvement|rate|khz
10.1103/PhysRevA.91.032324,quantum gate|ancilla|diamond|nitrogen|vacancy|center|resonator|scheme|phase|flip|phase|flip|gate|input|output|cavity|nitrogen|vacancy|center|defect|diamond|qubit|procedure|parity|check|measurement|path|merge|gate|scheme|path|gate|path|target|photon|control|photon|path|merge|gate|wave|plate|scheme|phase|flip|gate|synthesis|procedure|phase|flip|gate|cost|path|gate|merge|gate|gate|scheme|scheme|fidelity|efficiency
10.1109/JSTQE.2014.2364131,evaluation|distribution|sender|module|distribution|qkd|experiment|distance|module|quantum|optic|circuit|perspective|distance|communication|life|optic|architecture|size|objective|ultraflatmicrooptic|qkd|integration|platform|smartphone|context|suitability|subsystem|array|cavity|surface|laser|vcsel|emission|property|subnanosecond|pulse|mhz|repetition|rate|pulse|polarization|degree|polarization|micropolarizer|array|fabrication|element|extinction|indistinguishability|qubit|option|birefringence|mode|waveguide|array|femtosecond|laser|micromachine
10.12693/APhysPolA.127.1189,quantum network|w state|w state|w state|w state|graph state|fusion|toffoli|gate|cnot|gate|way|computation|optic|creation|scale|step|realization|information|task|photon|technology|setup|fusion|fredkin|gate|fusion|setup|probability|success|realization|fredkin|gate|optic|enhancement|toffoli|cnot|gate|fredkin|gate|probability|success|combination|gate|fredkin|gate|optic|setup|photon|technology|unity|success|probability|circuit|toffoli|gate|way|computation|qubit|unity|success|probability|cnot|gate|success|probability|unity|preparation|polarization|multi|particle|size
10.1038/npjqi.2016.6,quantum bit|quantum network|quantum cryptography|quantum cryptography|relay|information|party|secrecy|law|nature|secrecy|network|challenge|rout|node|trust|party|value|quantum|relay|qubit|sender|receiver|trust|end|user|gate|relay|fibre|sequence|receiver|photon|semiconductor|light|diode|relay|fidelity|link|set|state|error|correction|multiphoton|emission|statistic|integration|potential|source|platform
10.1038/NPHOTON.2016.2,quantum dot|quantum dot|quantum dot|quantum bit|control|state|emitter|control|level|heart|information|protocol|level|electron|hole|state|semiconductor|couple|light|manipulation|toolbox|control|exciton|wave|response|nanostructure|laser|pulse|coherence|dipole|spectro|shape|emission|quantum|control|sequence|nmr|spectroscopy|quantum|state|order|spectroscopy|quantum|optoelectronic|spectrum|technology|emitter|level
10.1109/JPROC.2016.2561274,quantum bit|quantum network|quantum state|control|spin|defect|bandgap|semiconductor|quantum|technology|level|defect|semiconductor|day|device|spin|state|scale|defect|information|process|sensor|sensitivity|review|advance|control|protocol|spin|defect|nitrogen|vacancy|center|diamond|variety|form|divacancy|complex|silicon|carbide|sic|defect|spin|triplet|ground|state|variety|room|temperature|gate|microwave|control|decouple|scheme|coherence|temperature|field|hand|control|spin|state|step|integration|entanglement|teleportation|control|control|pathway|transducer|hybrid|versatility|control|mechanism|technology|spin|defect
10.1088/2058-9565/1/1/015004,quantum bit|quantum communication|frequency|frequency|photon|dimension|resource|information|process|fiber|network|channel|capacity|security|frequency|qudit|experiment|limitation|generation|frequency|qudts|filter|cavity|state|kmin|total|length|scheme|engineering|biphoton|parametric|conversion|hong|mandel|interference|frequency|qudit|experiment|distribution|frequency|mode|metrology|synchronization|test|violation|realism
10.1038/srep26338,scheme|teleportation|state|circuit|quantum|electrodynamic|scheme|qubit|state|variable|state|circuit|qubit|level|channel|microwave|state|cavity|entanglement|type|measurement|state|state|variable|state|state|cavity|mode|order|protocol|self|kerr|nonlinearity|cavity|teleporation|scheme|information|process|gate|circuit|qed|state|state|verification|qubit|gate|state|state|art|circuit
10.1038/nature18648,quantum computer|quantum computer|quantum computer|quantum computer|quantum computing|quantum algorithm|quantum algorithm|demonstration|qubit|computer|platform|hardware|algorithm|number|qubit|ion|software|sequence|logic|gate|algorithm|set|gate|gate|hardware|fidelity|cent|gate|sequence|flexibility|variety|algorithm|hardware|bernstein|algorithm|success|rate|cent|quantum|ion|qubit|phase|estimation|period|fidelity|cent|number|qubit|register|module|ion|quantum
10.1364/JOSAB.33.000C50,quantum computing|quantum computing|superconducting qubit|superconductor|self|indium|island|progress|superconductor|semiconductor|source|lead|way|candidate|information|distance|photon|qubit|qubit|qubit|goal|interface|communication|path|goal|integration|superconductor|semiconductor|information|mean|proximity|interface|superconductor|semiconductor|step|observation|superconductor|diameter|self|indium|structure|surface|semiconductor|material|society|america
10.1088/1612-2011/13/8/085201,computation|microwave|photon|resonant|interaction|difficulty|computation|circuit|level|transmon|qubit|interaction|anharmonicity|transmon|qubit|realization|progress|control|microwave|photon|circuit|cavity|platform|information|process|qubit|photon|photon|interaction|scheme|computation|circuit|qed|lattice|proposal|cavity|squid|qubit|photon|photon|interaction|holonomie|computation|way|scheme|alternative|computation|microwave|photon
10.1364/OE.24.000125,amplification|qubit|postselection|qubit|amplification|bin|qubit|photon|state|fibre|telecom|wavelength|scheme|simplicity|stability|potential|efficiency|detector|gain|fidelity|amplifier|function|loss|photon|amplifier|source|advance|device|distribution|test|mechanic|distance|society|america
10.1038/NNANO.2016.139,trapped ion|address|ion|qubit|coherence|coulomb|interaction|qubit|realization|primitive|information|fidelity|quantum|gate|qubit|delivery|ion|quantum|manipulation|readout|experiment|ten|waveguide|device|rout|ion|surface|ion|trap|ion|qubit|location|grating|coupler|open|trap|electrode|ion|chip|light|gate|qubit|transition|ion|grating|beam|diffraction|spot|ion|position|radius|trap|axis|crosstalk|error|distance|beam|centre|scalability|planar|fabrication|alignment|integration|optic|trap|chip|path|scale|ion|quantum|information|process
10.1007/s10773-016-3108-6,quantum dot|qubit|decoherence|state|cavity|qed|preparation|qubit|decoherence|state|cavity|qed|selection|rule|electron|self|gaas|resonator|photon|qubit|decoherence|state|entanglement|protocol|one|photon|resource|state|distance|communication|photon
10.1103/PhysRevApplied.6.014019,cavity|measurement|spin|silicon|identification|state|defect|qubit|candidate|semiconductor|potential|device|qubit|measurement|control|gate|discovery|spin|state|silicon|carbide|film|route|defect|qubit|chip|device|silicon|carbide|crystal|cavity|excitation|color|center|defect|spin|ensemble|order|photoluminescence|signal|count|rate|resonance|signal|intensity|spin|initialization|rate|factor|increase|photoluminescence|resonance|signal|color|center|cavity|resonant|excitation|rate|ground|state|spin|initialization|factor|reduction|excitation|mode|volume|excitation|collection|efficiency|structure|order|defect|qubit|property|benefit|device|environment|color|center|defect|qubit|information|sense
10.1038/lsa.2016.64,quantum circuit|quantum communication|quantum state|cluster state|cluster state|path|polarization|photon|chip|qubit|degree|freedom|dof|photon|route|space|photon|state|state|entanglement|dof|implication|physics|test|computation|number|qubit|experiment|miniaturization|integration|element|function|setup|stability|technology|control|dof|chip|path|polarization|qubit|property|qubit|dof|search|algorithm|way|computation|way|integration|chip|multiphoton|state
10.1038/ncomms13454,quantum communication|quantum repeater|proposal|proof|principle|demonstration|detection|qubit|waveguide|detection|qubit|technology|information|process|network|detection|way|form|multiplexing|integration|component|state|quantum|memory|qubit|detection|feature|impurity|crystal|signal|photon|bin|qubit|state|phase|probe|pulse|interaction|thulium|waveguide|proof|principle|experiment|signal|pulse|modulation|ability|coherence|mode|find|path|component|photon|earth|ion|crystal
10.1038/ncomms11339,quantum computing|quantum state|quantum state|state|transfer|photon|qubit|transfer|datum|task|information|microprocessor|datum|bus|bit|location|rout|protocol|information|fidelity|task|fragility|state|transfer|protocol|qubit|qubit|location|device|rout|procedure|state|fidelity|coincidence|basis|protocol|state|transfer|information|polarization|state|qubit|principle|state|transfer|route|datum|transfer
10.1103/PhysRevLett.117.040402,quantum state|quantum state|demonstration|self|quantum|tomography|characterization|qubit|postprocesse|datum|storage|robustness|error|noise|self|quantum|tomography|polarization|qubit|projection|measurement|datum|storage|postprocesse|robustness|noise|measurement|error|qubit|qubit|state
10.1103/PhysRevA.94.052334,measurement|witness|qubit|proof|principle|experiment|measurement|collectibility|witness|rudnicki|phy|rev|lett|witness|qubit|state|entanglement|term|negativity|collectibility|class|polarization|qubit|state|state|measurement|procedure|shortcome|photon|proof|principle|experiment|measurement|collectibility|witness|rudnicki|phy|rev|lett|witness|qubit|state|entanglement|term|negativity|collectibility|class|polarization|qubit|state|state|measurement|procedure|shortcome|photon|indistinguishability
10.1126/science.aah4758,quantum dot|cluster state|cluster state|cluster state|cluster state|generation|photon|resource|computation|photon|measurement|semiconductor|string|polarization|photon|excitation|precess|matter|qubit|period|photon|matter|qubit|photon|prototype|device|qubit|exciton|string|hundred|photon|entanglement|photon|map|device|fidelity|device|improvement|device|resource|quantum|information|process
10.1103/PhysRevLett.116.070501,quantum communication|quantum cryptography|presence|qubit|qubit|precertification|task|presence|photon|qubit|state|loss|test|nonlocality|distance|photon|conversion|photon|arrival|photon|source|information|fidelity|detector|dark|count|precertification
10.1103/PhysRevLett.117.240501,quantum dot|quantum network|quantum network|quantum network|light|matter|interaction|architecture|chip|circuit|loss|qubit|measurement|circuit|emitter|arm|chip|mach|zehnder|interferometer|waveguide|matter|interface|matter|interaction|emitter|fidelity|qubit|parity|measurement|chip|photon|entanglement|need|reconfiguration|circuit|kind|computation|qubit|gate|fidelity|achievable|state|art
10.1007/s00340-016-6382-3,quantum repeater|entanglement|measurement|multiphoton|state|entanglement|measurement|qubit|multiphoton|state|atom|field|cavity|ramsey|type|interaction|sequence|qubit|state|state|resonator|field|state|site|phase|space|entanglement|measurement|proposal|core|element|component|information|technology|multiphoton|state|qubit|field|interaction
10.1038/srep25172,quantum dot|quantum dot|quantum dot|quantum dot|control|nanocavity|configuration|matter|state|quantum|interaction|laser|pulse|polariton|resonant|excitation|state|interaction|phonon|rabi|oscillation|fringe|control|crystal|cavity|quantum|bit|excitation|power|phase|pulse|excitation|scheme|access|bloch|sphere|quantum|simulation|agreement|experiment|insight|decoherence|mechanism
10.1038/srep27033,quantum dot|quantum network|quantum|router|photon|spin|momentum|quantum|router|element|quantum|router|interaction|measurement|qubit|output|port|control|qubit|scheme|photon|momentum|sam|momentum|oam|sam|oam|quantum|router|quantum|router|success|probability|phase|gate|issue|scheme
10.1080/09500340.2016.1182222,quantum memory|quantum memory|bin|quantum|ram|scheme|access|memory|qram|impedance|photon|echo|control|level|atom|qed|cavity|set|condition|parameter|qram|scheme|control|photon|storage|readout|qram|gate|property|molecule|qed|cavity|herein|efficiency|qram|cooperativity|parameter|molecule|unity|quantum|address|scheme|bin|photon|state|control|level|atom|readout|qubit|scheme|number|element|mean|technology|microwave|domain
10.1016/j.optcom.2015.12.065,quantum dot|generation|qubit|decoherence|state|cavity|qed|protocol|qubit|decoherence|state|cavity|qed|scheme|selection|rule|electron|self|gaas|resonator|protocol|scheme|state|resource|photon|resource|success|probability|cavity|qed|spin|decoherence|state|qubit|spin|photon|decoherence|state|state|requirement|superiority|photon|spin|scheme|technology|crown|copyright|right
10.1038/ncomms11183,quantum dot|quantum dot|chirality|waveguide|emitter|spin|transfer|quantum|technology|conversion|matter|qubit|qubit|circuit|geometry|context|posses|spin|state|matter|qubit|couple|photon|nanophotonic|waveguide|platform|quantum|technology|field|chirality|nanobeam|waveguide|photon|emission|spin|state|resultant|plane|transfer|matter|qubit|information|behaviour|geometry|material|waveguide|dot|registration|emitter|point|spin|path|conversion|phenomenon|dot|position|crystal|waveguide|spin|path|potential|basis|spin|logic|network
10.1088/1612-2011/13/12/125204,environment|couple|dynamic|environment|evolution|qubit|state|environment|expression|dynamic|qubit|environment|regime|lorentzian|band|gap|entanglement|state|regime|markov|approximation|tahira|phy|mol|opt|phy|disentanglement|rate|death|environment|entanglement|environment|parameter
10.1103/PhysRevA.93.062329,photon pair|bell state|cluster state|cluster state|cluster state|cluster state|cluster state|cluster state|generation|fidelity|photon|linear|role|way|quantum|computation|scheme|fidelity|photon|linear|conversion|state|fidelity|scheme|photon|qubit|scheme|linear|sense|success|probability|idea|state|qubit|pair|photon|hong|mandel|interference|success|probability
10.1088/1367-2630/18/1/013020,quantum computing|quantum computing|quantum computing|quantum network|cluster state|demonstration|measurement|cloud|network|client|quantum|server|protocol|client|measurement|proof|principle|measurement|setup|qubit|computation|verification|requirement|client|device|blindness|scheme
10.1103/PhysRevA.93.012323,quantum algorithm|recursive|multiport|scheme|circuit|multiport|scheme|transform|inversion|step|algorithm|optic|device|scheme|gate|mode|pair|circuit|gate|mode|circuit|path|qudit|transformation|state|network|element|scheme|error|simulation|proof|principle|experiment|fabrication|silicon|device|coupler|thermo|optic|modulator|beam|splitter|phase|shifter|fidelity|multiport|circuit|qubit|qubit|quantum|fourier|transform|search|item|item|database
10.1103/PhysRevApplied.5.024014,quantum network|quantum memory|quantum memory|semiconductor|couple|self|quantum|dot|molecule|quantum|dot|molecule|self|dot|spin|photon|entanglement|dot|term|storage|process|teleportation|photon|detection|device|architecture|interaction|outline|gate|fabrication|self|poisson|simulation|viability|couple|parameter|sensitivity|dot|placement|device|copy|state|qubit|state|qubit|reset|failure|rate|entanglement|generation|utility|scenario|channel
10.1126/sciadv.1501531,quantum computer|quantum computer|quantum system|quantum|fredkin|gate|resource|gate|process|circuit|salient|proof|principle|experiment|difficulty|gate|fredkin|swap|gate|proposal|analog|control|unitary|qubit|logic|quantum|fredkin|gate|information|measurement|algorithm|fidelity|photon|greenberger|zeilinger|state|date|control|gate|box|unitary|circuit|experiment|qubit|gate|way|circuit
10.1103/PhysRevLett.117.140505,proposal|microwave|boson|boson|sample|task|probability|distribution|photon|output|network|device|computation|thousand|qubit|computer|boson|sample|handful|photon|boson|sample|circuit|platform|proposal|quantum|photon|waveguide|element|phase|shifter|beam|splitter|output|mode|multiphoton|input|state|resonator|array|dynamic|interaction|nondemolition
10.1103/PhysRevLett.116.090401,photon pair|realization|contextuality|nonlocality|tradeoff|qubit|qutrit|disturbance|principle|relation|contextuality|nonlocality|qutrit|qubit|hybrid|disturbance|monogamy|boundary|noncontextuality|locality|inequality|point|quantum|boundary|disturbance|boundary|theory|relation|evidence|tradeoff|correlation|correlation|experiment|evidence|entanglement|manifestation|quantum|resource
10.1103/PhysRevLett.116.070502,quantum measurement|quantum simulator|quantum simulator|quantum simulator|measurement|multiparticle|entanglement|entanglement|task|field|information|measurement|multiparticle|entanglement|framework|candia|phy|rev|lett|qubit|entanglement|measurement|set|experiment|multiphoton|concurrence|tangle|entanglement|evolution
10.1038/srep25977,quantum computer|quantum system|quantum system|quantum system|quantum simulation|computation|photon|degree|freedom|resource|encode|form|degree|freedom|dof|dof|possibility|photon|dof|polarization|dof|dof|birefringence|center|diamond|crystal|cavity|hybrid|hybrid|cnot|gate|photon|photon|cnot|gate|dof|qubit|dof|way|resource|quantum|qubit
10.1103/PhysRevA.94.012324,quantum error correction|demonstration|sensitivity|measurement|sensitivity|quantum|sense|environment|challenge|protocol|noise|signal|state|art|quantum|protocol|decouple|goal|restriction|noise|correlation|proof|principle|experiment|protocol|sensitivity|error|correction|restriction|protocol|qubit|error|recovery|sensitivity|noise|probability
10.1103/PhysRevA.93.063823,quantum communication|demand|generation|photon|setup|photon|demand|atom|front|mirror|beam|splitter|couple|photon|generation|efficiency|scheme|frequency|gate|pair|photon|principle|qubit|form|vertical|wave|packet
10.1103/PhysRevA.94.033844,quantum superposition|quantum state|creation|superposition|property|world|interest|generation|quantum|machine|superposition|state|protocol|exist|input|state|nonzero|state|quantum|machine|superposition|qubit|nonzero|polarization|state|total|qubit|pair|protocol|fidelity|reliability|realization|realization|information|quantum|computation|state|information|compression|computation
10.1103/PhysRevB.94.035441,topological quantum|quantum phase transition|majorana fermion|signature|phase|transition|qubit|array|signature|symmetry|phase|circuit|qed|realization|chain|transverse|field|spin|interaction|phase|addition|symmetry|phase|quantization|nonequilibrium|state|spin|chain|size|temperature|correlation|function|spin|end|chain|measure|symmetry|phase|transition|type|transition|representation|term|host|majorana|end|symmetry|phase|correlation|function|character|fermionic|representation|fermionic|right|realization|transverse|field|setup|array|transmon|qubit|microwave|circuit
10.1038/srep25136,gate|ray|photon|resonance|qubit|heart|information|technology|information|polarization|state|frequency|photon|qubit|resource|way|matter|ray|qubit|advantage|material|waveguide|miniaturization|ray|transition|environment|coherence|ray|polarization|qubit|mossbauer|resonance|control|knob|field|rotation|process|ray|quanta|polarization|rotation|qubit|gate|gate
10.1088/0031-8949/91/7/073006,quantum simulation|polariton|matter|architecture|phase|transition|body|experimental|simulation|frustration|equilibrium|discovery|interface|optic|matter|physics|achievement|condensation|energy|band|prediction|phase|light|qubit|cavity|array|line|tool|investigation|potential|phase|light|structure
10.1103/PhysRevA.93.042307,quantum state|quantum system|pair|resonator|circuit|resonator|intercavity|crosstalk|gate|fidelity|focus|pair|resonator|scale|quantum|information|process|communication|network|resonator|cavity|resonator|frequency|level|qutrit|pulse|coupler|qutrit|hamiltonian|pair|resonator|advantage|proposal|crosstalk|resonator|frequency|addition|qutrit|resonator|interaction|energy|level|qutrit|level|hamiltonian|gate|qubit|resonator|hamiltonian|podolsky|rosen|pair|qubit|resonator|simulation|fidelity|epr|pair|setup|transmission|line|resonator|flux|qutrit|circuit|qed|technology
10.1021/acsphotonics.6b00576,quantum dot|quantum dot|index|crystal|waveguide|qubit|entanglement|detection|preparation|measurement|state|information|state|waveguide|platform|article|medium|quantum|information|process|communication|index|crystal|waveguide|index|behavior|difficulty|sensitivity|location|challenge|qubit|state|platform|feature|tunability|wavelength|regime|medium|range|coherence|range|entanglement
10.1103/PhysRevB.94.165302,quantum dot|quantum dot|quantum dot|quantum dot|quantum dot|quantum dot|quantum dot|state|entanglement|crystal|dimer|semiconductor|wave|excitation|state|thank|couple|interaction|mode|crystal|dimer|master|equation|formalism|state|entanglement|negativity|calculation|semiconductor|nanostructure|parameter|crystal|mode|expansion|maxwell|equation|value|order|value|distance|wavelength|amount|entanglement|interdot|distance|mode|split|dimer|linewidth|requirement|qubit|state|entanglement|detune|resonance|decay|rate|state|entanglement|dephase|transition|entanglement|dynamic|configuration|negativity|factor|respect|state|value|state|scale
10.1038/srep39110,relationship|speed|limit|memory|band|gap|environment|speed|limit|qsl|speed|evolution|reservoir|degree|markovianity|qsl|time|think|qsl|qubit|band|band|gap|pbg|environment|qsl|property|reservoir|band|gap|width|decrease|qsl|memory|environment|reflection|qsl|qsl|insight|identification|memory|pbg|environment|realization|prediction
10.1016/j.crhy.2016.05.003,josephson junction|quantum dot|superconducting qubit|superconducting qubit|quantum system|body|quantum|electrodynamic|network|matter|physics|light|dynamic|body|physics|light|circuit|josephson|analogue|analogy|physic|impurity|theorist|experimentalist|effort|characterization|equivalent|kondo|microwave|photon|kondo|frequency|peak|transmission|photon|physics|hybrid|mesoscopic|device|resonator|extension|quantum|electrodynamic|qed|network|jayne|cumme|lattice|lattice|presence|cavity|door|body|physics|light|equilibrium|relation|mott|transition|atom|lattice|prediction|phase|light|gauge|field|spin|orbit|couple|material|atom|lattice|floquet|perturbation|lattice|josephson|hubbard|ladder|geometry|phase|coherence|current|bose|hubbard|jayne|lattice|limit|light|presence|gauge|field|current|subsist|mott|phase|academie|des|science|masson
10.1364/OE.24.030149,quantum system|generation|pair|qudit|photon|degree|freedom|qudit|level|resource|distribution|information|protocol|qudit|degree|freedom|photon|way|state|pair|photon|way|degree|freedom|contrast|term|resource|generation|copy|qudit|state|photon|degree|freedom|transverse|momentum|degree|entanglement|pair|availability|copy|state|need|reconstruction|state|state|set|state|setup|state|qudit|state|society|america
10.1103/PhysRevA.94.052337,quantum memory|quantum|phase|gate|transparency|cavity|phase|gate|atom|cavity|transparency|probe|pulse|phase|shift|presence|absence|control|field|interplay|cavity|eit|phase|gate|photon|end|control|photon|ground|state|follow|target|photon|cavity|state|photon|phase|shift|protocol|multiphoton|control|photon|phase|shift|photon|generation|multipartite|state|parameter|space|cavity|phase|gate|technology|cooperativity|cavity|phase|shift|photon|shift|phase|qubit|phase|gate|photon|device|computation
10.1103/PhysRevA.94.022320,quantum network|bipartite|gate|repeater|node|protocol|class|gate|party|help|repeater|node|protocol|qubit|parameter|party|help|repeater|node|neighbor|node|channel|gate|decoherence|memory|unitary|part|computation|communication|task|amount|decoherence|network|goal|unitary|entanglement|preparation|protocol|unitarie|gate|communication|entanglement|situation|repeater|node|entanglement|protocol|piecewise|entanglement|neighbor|node|entanglement|end|node|protocol|unitary|number|repeater|node|cost|signal|transfer|end|node|bind|number|repeater|node|position|cryptography
10.1038/srep29939,quantum teleportation|quantum simulation|computation|degree|freedom|nonlinearity|quantum|computation|degree|freedom|dof|photon|dof|nonlinearity|quantum|computation|dof|cnot|gate|polarization|dof|photon|photon|cnot|gate|dof|qubit|dof|theory|state|half|resource|quantum|circuit|complexity|simulation|resource|gate|quantum|superdense
10.1038/ncomms11490,quantum algorithm|footprint|polarization|quantum|gate|waveguide|quantum|information|process|communication|metrology|lithography|emphasis|platform|need|scale|information|process|computer|quantum|logic|gate|path|encode|technology|polarization|qubit|polarization|beam|splitter|waveguide|polarization|gate|polarization|beam|splitter|size|reduction|device|footprint|demonstration|gate|stage|scale|quantum|information|process|capability|polarization|circuit
10.1103/PhysRevLett.116.070503,quantum system|quantum simulator|quantum simulator|entanglement|entanglement|task|tomography|number|observable|number|party|qubit|measurement|concurrence|entanglement|monotone|gate|device|photon|dynamic|concurrence|measurement|observable|information
10.1103/PhysRevA.94.022343,quantum computing|quantum network|quantum|computation|ensemble|cavity|hyperparallel|quantum|computation|scheme|qubit|degree|freedom|dof|polarization|dof|photon|hyper|hyper|gate|photon|interface|photon|spin|wave|magnon|ensemble|cavity|gate|quantum|cnot|gate|hyper|gate|photon|cavity|magnon|proposal|photon
10.1038/srep33959,quantum memory|polarization|qubit|channel|experiment|quantum|memory|polarization|qubit|ppqs|channel|ppqs|signal|pulse|photon|level|atom|mean|transparency|scheme|laser|pulse|direction|angle|axis|ppqs|output|channel|direction|read|laser|beam|ppqs|output|channel|storage|delta|quantum|fidelity|output|channel|output|channel|quantum|fidelity|ppqs|storage|delta|storage|quantum|fidelity|bind|entanglement|inequality|release|ppqs|capability|information|storage
10.1038/ncomms11511,quantum circuit|quantum circuit|quantum circuit|quantum algorithm|quantum processor|quantum processor|quantum walk|quantum walk|quantum walk|quantum walk|quantum walk|walk|formalism|range|model|share|price|population|genetic|potential|framework|class|graph|circuit|output|probability|distribution|graph|sample|computer|complexity|theory|link|complexity|theory|family|task|supremacy|computer|proof|principle|graph|qubit|photon
10.1007/s10773-015-2744-6,quantum communication|entanglement|state|quantum|cod|protocol|entanglement|state|hbsa|qubit|nonlinearitie|qnd|photon|number|detection|element|feature|scheme|bsa|degree|freedom|hbsa|cod|information|capacity|scheme|distance
10.1103/PhysRevLett.116.037402,quantum dot|quantum dot|quantum communication|quantum system|enhancement|exciton|coherence|decoherence|couple|environment|forefront|information|photon|nature|limit|strength|couple|field|ability|couple|coherence|exciton|transition|waveguide|wave|function|field|coherence|numerical|calculation|coherence|separation|charge|carrier|transition|dipole|moment|ability|coherence|avenue|couple|scheme|qubit
10.1007/s11082-016-0717-5,quantum gate|qubit|cavity|qed|scheme|iswap|fredkin|gate|atom|cavity|qed|type|qubit|qubit|qubit|rail|qubit|interaction|atom|field|cavity|shore|probability|state|interest|fidelity|scheme|interaction|gate
10.1038/ncomms10685,frequency|comb|surface|plasmon|resonance|frequency|comb|million|mode|clock|potential|frequency|metrology|spectroscopy|precision|lidar|spectroscopy|molecule|quantum|metrology|qubit|frequency|comb|possibility|nano|photon|plasmonic|interrelation|surface|plasmon|role|plasmonic|optic|manipulation|light|scale|comb|comb|nanostructure|frequency|comb|degradation|position|stability|linewidth|frequency|comb|spectroscopy|metrology|subwavelength|circuit
10.1109/JQE.2016.2578041,quantum|computation|ensemble|quantum|computation|gate|qubit|possibility|quantum|computation|photon|cavity|quantum|electrodynamic|circuit|gate|photon|toffoli|gate|circuit|podolski|rosen|epr|entanglement|pair|toffoli|gate|half|entanglement|teleportation|computation|gate|decomposition|scale|quantum
10.1007/s11128-016-1299-7,creation|correlation|uncertainty|relation|crystal|creation|correlation|uncertainty|relation|eur|qubit|state|radiation|isotropic|bandgap|pbg|crystal|environment|condition|structure|role|emergence|quantum|discord|gqd|norm|gqd|addition|similarity|difference|correlation|pbg|environment|detail|evolution|eur|influence|pbg|environment
10.1126/sciadv.1501772,synchronization|photon|information|element|information|process|qubit|interference|photon|hong|mandel|hom|photonsmust|network|purpose|arrival|photon|purity|basis|success|photon|storage|purity|hom|interference|photon|quantum|memory|storage|event|purity|function|homodyne|measurement
10.1103/PhysRevLett.117.223601,quantum communication|quantum system|ramsey|interference|photon|interferometry|energy|level|foundation|range|phenomenon|resonance|electron|spin|resonance|ramsey|spectroscopy|laser|maser|technology|role|information|process|qubit|energy|superposition|state|interference|energy|state|quanta|light|analogy|energy|level|atom|spin|ramsey|interferometer|photon|energy|superposition|state|photon|transformation|measurement|path|frequency|qubit|information|process
10.1103/PhysRevLett.117.260401,quantum measurement|quantum measurement|device|certification|qubit|measurement|level|outcome|measurement|measurement|type|quantum|theory|character|measurement|quantum|part|setup|restriction|device|experiment|pair|polarization|qubit|deviation|entanglement|correlation|inequality|set|outcome|measurement|dimension|device|verification|qubit|device|certification
10.1103/PhysRevLett.116.033603,quantum dot|diffusion|photon|pulse|quantum|state|qubit|color|center|photon|frequency|photon|state|fluctuation|diffusion|photon|protocol|sequence|pulse|state|emitter|emission|line|frequency|efficiency|robustness|feasibility|nitrogen|vacancy|center|diamond|pulse|width|diffusion|way|efficiency|photon|entanglement|couple|cavity|state|qubit
10.1038/NPHOTON.2015.278,quantum state|manipulation|berry|phase|state|spin|qubit|phase|relation|resource|information|quantum|phase|interaction|phase|evolution|robustness|date|demonstration|phase|state|microwave|field|resolution|phase|berry|phase|nitrogen|vacancy|centre|diamond|passage|diffraction|laser|light|nitrogen|vacancy|centre|spin|bloch|sphere|berry|phase|limit|control|loss|adiabaticity|decoherence|robustness|control|parameter|foundation|manipulation|network|state|qubit|light
10.1103/PhysRevA.93.053807,quantum communication|quantum memory|dissipation|excitation|transfer|photon|quantum|emitter|scheme|dissipation|excitation|transfer|photon|wave|packet|quantum|emitter|photon|pump|photon|emission|emitter|cavity|decay|tool|information|process|photon|wave|packet|match|condition|rate|scheme|laser|pulse|quantum|feedback|resonator|couple|photon|quantum|emitter|waveguide|space|scenario|usefulness|scheme|frequency|converter|qubit|wavelength
10.1038/ncomms13632,quantum dot|quantum network|quantum network|quantum system|faraday|filter|triplet|sideband|clock|transition|hybrid|semiconductor|qds|vapour|build|block|strength|part|qds|demand|photon|emission|unity|indistinguishability|brightness|vapour|frequency|standard|coherence|storage|qubit|filter|component|link|photon|atom|faraday|dispersion|filter|caesium|transition|faraday|filter|delta|omega|ghz|filter|triplet|sideband|way|qds|source|photon|frequency|standard|caesium|clock|transition
10.1103/PhysRevA.93.032339,computer|coherence|question|task|computation|datum|server|classical|gentry|proceed|acm|symposium|theory|computer|association|computer|machinery|new|york|broadbent|fitzsimon|kashefi|proceed|symposium|foundation|computer|science|computer|society|los|alamitos|step|interplay|quantum|coherence|tool|computation|client|capacity|xor|gate|computation|information|carrier|superposition|state|qubit|light|computation|client|server|laboratory|server|access|source|measurement|device|client|set|device|information|light|beam|quantum|resource|computer
10.1103/PhysRevA.95.022305,quantum simulator|quantum simulator|trapped ion|quantum simulation|particle|statistic|switch|particle|statistic|bose|fermi|statistic|space|statistic|quantum|particle|situ|evolution|boson|fermion|fermion|boson|measurement|proposal|qubit|protocol|number|particle|proposal|quantum|platform|quantum|photon|circuit|possibility|permutation|symmetrization|antisymmetrization|quantum|particle|toolbox|gate|symmetry|transformation
10.1103/PhysRevX.7.031049,quantum state|trapped ion|quantum|spin|len|array|spin|len|spin|excitation|medium|space|quantum|atom|interaction|matter|interface|qubit|ensemble|register|atom|hamiltonian|quantum|spin|len|spin|lattice|rydberg|atom|string|spin|len|len|spin|spin|interaction|dynamic|number|spin|excitation|mapping|super|position|spin|excitation|superposition|spin|pattern|field|quantum|spin|len|way|entanglement|atom|lattice|array
10.1364/AO.56.00B222,quantum network|quantum network|quantum state|quantum system|trapped ion|trapped ion|ion|photon|entanglement|quantum|frequency|conversion|ion|candidate|quantum|node|feature|network|node|lifetime|site|process|capability|production|fly|qubit|network|datum|fiber|range|communication|amplifier|photon|propagation|range|fiber|virtue|nature|qubit|state|entanglement|probability|excitation|fidelity|ion|photon|entanglement|ion|photon|entanglement|generation|fidelity|entanglement|probability|function|photon|collection|optic|numerical|aperture|quantum|frequency|conversion|photon|ion|telecommunication|range|distance|network|entanglement|rubidium|quantum|memory|range|type|quantum|memory|society|america
10.1103/PhysRevLett.119.010503,quantum dot|quantum entanglement|quantum entanglement|quantum network|quantum state|phase|state|generation|spin|qubit|qubit|feature|distribution|entanglement|distance|qubit|pair|channel|realization|electron|spin|qubit|semiconductor|protocol|spin|photon|entanglement|quantum|erasure|photon|path|information|measurement|photon|spin|qubit|phase|entanglement|state|fidelity|state|record|entanglement|generation|rate|khz|qubit
10.1103/PhysRevB.96.241410,quantum dot|quantum dot|quantum entanglement|entanglement|photon|singlet|triplet|qubit|molecule|electron|self|molecule|decoherence|singlet|triplet|qubit|subspace|spin|photon|interface|photon|spin|qubit|emission|event|overlap|state|threshold|nonseparability|density|matrix|qubit|photon|state|energy|difference|time|resolution|detector|heterodyne|detection|measurement|color|qubit|direction|bloch|sphere
10.1103/PhysRevB.96.165312,quantum dot|quantum dot|superconducting qubit|superconducting qubit|quantum state|proposal|interface|microwave|cavity|quantum|interface|transmon|qubit|photon|absorption|generation|dipole|turn|couple|microwave|cavity|cavity|parameter|experiment|microwave|optic|conversion|nanosecond|scale|efficiency|unity|technology|protocol|principle|transfer|photon|qubit|transmon|qubit|advance|quantum|dot|quantum|photon|technology|scheme|role|quantum|node|cavity
10.1088/2058-9565/aa7c50,superconducting qubit|quantum system|atom|hybrid|hybrid|resonator|flux|qubit|rydberg|atom|flux|bias|flux|qubit|flip|flux|qubit|resonator|interface|spectrum|field|qubit|state|transition|atom|resonator|couple|type|entanglement|qubit|flux|bias|field|qubit|toffoli|logic|gate
10.1016/j.optcom.2017.01.056,quantum dot|quantum dot|quantum communication|quantum communication|bell state|bell state|ghz state|construction|entanglement|channel|cavity|information|process|scheme|state|interaction|photon|qds|cavity|state|entanglement|greenberger|zeilinger|state|qubit|photon|consumer|electron|spin|qubit|provider|trust|center|interaction|cavity|exciton|cavity|entanglement|channel|qubit|consumer|entanglement|swap|probe|photon|interaction|cavity|qubit|measurement|measurement|consumer|node|cavity|entanglement|channel|channel|consumer|distribution|state|entanglement|swap|scheme|cavity|probability|success|fidelity|technology
10.1063/1.4994661,quantum circuit|quantum network|quantum device|transmon|qubit|silicon|insulator|integration|fabrication|characterization|aluminum|transmon|qubit|silicon|insulator|substrate|qubit|fabrication|vapor|silicon|oxide|silicon|device|layer|qubit|resonator|principle|fabrication|silicon|element|route|chip|scale|integration|electro|transducer|microwave|process|step|fabrication|aluminum|transmon|qubit|silicon|aip|publish
10.1038/NNANO.2017.154,quantum gate|control|donor|spin|qubit|silicon|spin|degree|freedom|donor|impurity|silicon|level|semiconductor|process|ratio|spin|electron|spin|information|process|field|choice|spin|transition|level|donor|year|scheme|control|donor|spin|qubit|demonstration|donor|spin|silicon|bandgap|resonator|rabi|oscillation|spin|field|donorbound|electron|quantum|transducer|spirit|molecule|field|confinement|advantage|power|requirement|qubit|density|gate|spin|qubit|resonance|frequency|device|requirement|quantum|access|manifold|spin|qudit
10.1063/1.5004147,quantum dot|quantum memory|cluster state|exciton|spin|quantum|dot|exciton|state|semiconductor|qds|state|qubit|potential|role|state|quantum|information|microlense|photon|extraction|exciton|spin|precession|access|exciton|spin|biexciton|state|state|polarization|spectroscopy|photon|experiment|experiment|spin|precession|period|exciton|structure|split|eigenstate|arrow|arrow|arrow|arrow|microlense|qds|possibility|information|process|scheme|exciton|spin|qubit|generation|realization|solidstate|article|content|common|attribution|license
10.1103/PhysRevLett.118.250502,quantum network|quantum network|multispecie|ion|node|ion|platform|information|network|qubit|memory|coulomb|interaction|channel|gate|node|isolation|spectator|qubit|memory|qubit|interface|isolation|qubit|ingredient|ion|trap|network|node|experiment|specie|qubit|motion|qubit|photon
10.1016/j.physleta.2017.01.052,quantum dot|quantum dot|quantum communication|scheme|state|qubit|electron|spin|qubit|quantum|transmission|teleportation|cavity|scheme|state|photon|electron|spin|user|photon|scheme|transfer|state|electron|spin|user|interaction|photon|electron|spin|qubit|cavity|proposal|cavity|success|probability|fidelity|scheme|nonlinearitie|homodyne|detection|scheme|cavity|feasibility|decoherence|practice|right
10.1007/s11128-016-1499-1,quantum network|quantum network|room|temperature|spin|photon|interface|progress|cavity|nitrogen|vacancy|colour|centre|diamond|field|couple|regime|architecture|interface|spin|qubit|couple|requirement|dynamic|interface|passage|decoherence|state|colour|centre|diamond|interface|gate|state|transfer|entanglement|distribution|qubit|node|simulation|fidelity|quantum|interface|gate|room|temperature|condition
10.1103/PhysRevLett.118.177401,quantum dot|quantum dot|quantum dot|quantum dot|quantum network|quantum state|quantum system|quantum system|realization|absorption|photon|qubit|electron|loss|limitation|transfer|node|measurement|transfer|information|qubit|limitation|absorption|qubit|electron|transfer|information|spin|degree|freedom|place|emission|photon|detection|photon|information|qubit|gate|destination|node|correlation|photon|color|state|electron|spin|avenue|realization|information|protocol
10.1088/1367-2630/aa65de,quantum state|quantum state|quantum state|estimation|qubit|datum|bayesian|mean|estimation|parametrization|experiment|likelihood|utilization|datum|qubit|form|mean|estimate|bme|qubit|constraint|sample|bme|qubit|experiment|burden|asymmetry|inefficiency|dimension|complexity
10.1103/PhysRevA.96.012324,quantum state|quantum memory|quantum memory|storage|polarization|thz|photon|diamond|diamond|phonon|platform|generation|storage|manipulation|light|diamond|store|release|demand|duration|qubit|mode|nature|memory|degree|polarization|qubit|transition|phonon|mode|diamond|crystal|mode|retrieval|quantum|tomography|memory|input|state|fidelity|memory|efficiency|demonstration|photon|polarization|pair|memory|entanglement|state|storage|diamond|phonon|platform|concert|polarization|qubit|requirement|polarization|process
10.1088/2058-9565/aa629b,quantum network|multipartite|entanglement|randomness|certification|wstate|quantum|steer|scenario|cavalcanti|presence|entanglement|network|user|control|measurement|asymmetry|situation|protocol|device|type|entanglement|qubit|wstate|amount|randomness|scenario|bipartition|qubit|wstate
10.1103/PhysRevA.96.043808,superconducting qubit|superconducting qubit|quantum|microwave|conversion|optic|nanophotonic|resonator|noise|resonant|electro|optic|scheme|microwave|conversion|nanophotonic|resonator|resonance|frequency|microwave|resonance|frequency|contrast|resonator|range|qubit|microwave|frequency|pump|frequency|mode|resonance|microwave|photon|photon|resonance|frequency|mode|conversion|source|noise|scheme|resonator|mode|frequency|device|order|magnitude|footprint|device|overlap|microwave|field|photon|conversion|rate|range|khz|factor|nature|device|microwave|frequency|conversion|pump|power|range|ten|microwatt|evenwith|value|metric|device|improvement|microwave|conversion|network|processor|fiber|communication
10.1038/srep45353,quantum circuit|quantum circuit|quantum|swap|gate|circuit|information|science|process|transmission|information|phenomenon|combination|qubit|gate|scalability|qubit|gate|structure|swap|fredkin|gate|protocol|error|correction|fingerprint|clone|realization|fredkin|gate|qubit|fidelity|basis|output|state|fidelity|photon|greenberger|zeilinger|state|fidelity|fredkin|gate|quantum|task
10.1038/s41467-017-01304-x,superconducting qubit|superconducting qubit|chip|microwave|circulator|circuit|element|part|measurement|communication|reversal|symmetry|material|hall|modulation|josephson|nonlinearitie|chip|circulator|reservoir|interaction|circulation|phase|interference|signal|conversion|path|circulator|siliconon|insulator|platform|silicon|photon|noise|quantum|limit|range|bandwidth|mhz|reconfigurability|beam|splitter|wavelength|converter|way|processor|chip|signal|process|readout
10.1364/OE.25.007839,quantum network|cluster state|characterization|convertor|network|gate|multiqubit|state|qubit|tool|wiring|multipartite|state|state|task|gate|information|process|resource|entanglement|discord|demonstration|conversion|qubit|state|ghz|dicke|state|quality|gate|potential|component|network|society|america
10.1016/j.physa.2017.01.082,quantum system|dynamic|qubit|waveguide|crystal|cavity|array|structure|decoherence|dynamic|qubit|waveguide|crystal|investigation|waveguide|cavity|array|cavity|array|cavity|array|quantity|fidelity|ability|information|discussion|state|qubit|cavity|array|information|qubit|scale|qubit|waveguide|couple|strength|value|memory|qubit|waveguide|couple|strength|couple|strength|cavity|array|quantum|transition|behavior|qubit|structure|environment|information|probability|qubit|ground|state|information|scale|ground|state|right
10.1038/s41534-017-0026-2,quantum bit|quantum communication|quantum state|quantum state|quantum|distribution|fiber|silicon|circuit|distribution|mean|information|way|distribution|protocol|signal|format|polarization|state|information|efficiency|key|bit|photon|quantum|distribution|protocol|space|division|multiplexing|fiber|silicon|lightwave|circuit|basis|space|error|rate|attack|attack|limit|demonstration|fiber|protocol|way|information|efficiency|limit|distribution|protocol|addition|silicon|circuit|attenuator|fiber|coupler|mach|zehnder|interferometer|manner|demonstration|way|state|art|fiber|noise|tolerance|quantum|distribution|silicon|photon|information|efficiency
10.1364/OE.25.033514,quantum computing|quantum dot|quantum dot|electro|optic|rout|photon|circuit|breakthrough|state|quantum|technology|generation|detection|photon|unity|efficiency|range|quantum|technology|lack|photon|chip|obstacle|gate|advantage|chip|scale|quantum|photon|voltage|phase|shifter|electro|optic|waveguide|emitter|phase|control|build|mach|zehnder|interferometer|arm|advantage|electro|optic|response|gallium|arsenide|photon|self|output|interferometer|response|step|chip|scale|photon|source|fiber|loop|boson|sample|society|america|term|osa|access|publish|agreement
10.1364/OPTICA.4.000008,quantum gate|quantum system|frequency|qubit|information|process|objective|scale|quantum|computation|quantum|interconnect|device|photon|qubit|photon|frequency|challenge|environment|composition|platform|mismatch|quantum|information|quantum|computation|loqc|protocol|scale|resource|degree|parallelism|qubit|parallel|qubit|set|device|loqc|potential|interconnect|technology|speed|fiber|optic|quantum|information|wavelength|reach
10.1103/PhysRevLett.119.180510,quantum gate|quantum gate|quantum gate|quantum state|quantum state|quantum state|quantum system|quantum system|photon|concept|experiment|transformation|form|build|block|information|polarization|level|atom|set|variety|qubit|qubit|situation|momentum|mode|photon|generation|measurement|transformation|generalization|pauli|gate|power|photon|momentum|gate|set|concept|gate|access|parity|degree|freedom
10.1103/PhysRevA.95.063807,entanglement|insulator|entanglement|level|vicinity|insulator|interface|immune|surface|plasmon|polariton|band|gap|material|end|master|equation|qubit|interaction|environment|environment|green|function|entanglement|defect|material|entanglement|interface|discontinuity|excitation|state|environment|qubit|nature|material|insensitivity|entanglement|variation|parameter|gap|number|formulation|investigation|dynamic|environment|entanglement|level
10.1103/PhysRevA.96.062317,quantum state|multiparty|computation|resource|way|multiparty|computer|party|resource|resource|power|party|set|client|process|function|capability|client|xor|gate|qubit|gate|type|security|set|proof|concept|qubit|client|multiparty|function|pairwise
10.1103/PhysRevA.95.012302,quantum state|adaptive|tomography|adaptive|measurement|tomography|information|choice|measurement|bind|precision|state|reconstruction|article|bayesian|tomography|superiority|task|quantum|gate|experiment|polarization|qubit|type|qubit|channel|error|criterion|evaluation|precision|experiment|tomography|noise|floor|presence|noise
10.1103/PhysRevX.7.041023,quantum dot|quantum communication|quantum repeater|quantum repeater|quantum repeater|graph state|generation|state|emitter|node|network|transmission|entanglement|distance|photon|photon|resource|memory|repeater|multiphoton|state|pairwise|entanglement|generation|size|state|protocol|generation|repeater|state|quantum|emitter|semiconductor|center|solid|repeater|state|emitter|qubit|number|photon|source|order|magnitude|protocol|redundancy|photon|loss
10.1038/ncomms15579,quantum bit|control|silicon|vacancy|spin|diamond|spin|impurity|diamond|build|block|range|state|quantum|technology|silicon|vacancy|centre|advantage|quality|property|ground|state|spin|spin|quantum|control|measurement|resonance|demonstration|control|silicon|vacancy|centre|spin|microwave|field|ramsey|interferometry|spin|coherence|temperature|dependence|coherence|decay|spin|arise|phonon|excitation|branch|ground|state|silicon|vacancy|centre|spin|resource|spin|photon|quantum|interface
10.1103/RevModPhys.89.021001,superconducting qubit|quantum device|colloquium|photon|continuum|photon|photon|scatter|vacuum|interaction|photon|matter|couple|interaction|build|block|optic|body|physics|world|resource|device|metrology|colloquium|physics|photon|confinement|propagation|direction|realization|transmission|line|rydberg|atom|gas|advancement|understand|formalism|achievement|description
10.1063/1.4983822,quantum computing|quantum dot|quantum state|cluster state|cluster state|cluster state|cluster state|proposal|demonstration|range|entanglement|presence|photon|loss|photon|resource|photon|source|string|photon|linear|source|kind|photon|loss|rate|entanglement|tomography|source|range|entanglement|collection|detection|efficiency|measurement|polarization|state|photon|basis|estimate|qubit|correlation|function|value|correlation|qubit|turn|entanglement|qubit|state|source|finite|entanglement|experiment|entanglement|technology|article|content|common|attribution|license
10.1126/science.aal2469,quantum dot|quantum dot|quantum dot|quantum coherence|quantum processor|couple|electron|silicon|microwave|photon|silicon|computer|industry|quality|oxide|dope|technology|purification|order|second|silicon|forefront|effort|state|couple|electron|silicon|field|microwave|cavity|observation|vacuum|rabi|couple|electron|cavity|photon|range|qubit|couple|range|entanglement|electron|semiconductor
10.1126/science.aan5959,quantum entanglement|quantum network|quantum network|quantum memory|quantum memory|earth|retrieval|quantum|memory|element|distance|distribution|node|chip|qubit|storage|functionality|control|readout|fidelity|nanophotonic|neodymium|ensemble|crystal|cavity|nanocavity|spin|polarization|initialization|frequency|comb|memory|bin|readout|shift|comb|frequency|state|memory|chip|scale|photon|source|detector|device|quantum|information|process|network|node
10.1007/s11433-017-9091-0,quantum communication|self|error|qubit|transmission|polarization|spatial|mode|element|self|error|qubit|transmission|scheme|polarization|state|photon|noise|channel|scheme|element|wave|plate|beam|splitter|polarization|beam|splitter|polarization|mode|bin|postselection|bin|success|probability|state|photon|transmission|coefficient|channel|self|error|transmission|scheme|photon|capacity|photon|degree|freedom
10.3788/COL201715.092701,quantum gate|loss|circuit|loss|absorption|material|defect|surface|roughness|circuit|loss|intensity|signal|gate|loss|loss|loss|loss|orthogonality|eigenmode|phase|relation|waveguide|mode|loss|fidelity|qubit|gate|loss|couple|strength|investigation|scale|quantum|information
10.1364/OPTICA.4.001006,quantum bit|quantum communication|quantum cryptography|quantum state|intracity|photon|distribution|qkd|information|communication|verge|commercialization|step|protocol|order|noise|resistance|datum|rate|hitherto|verification|qkd|singlephoton|regime|laboratory|realization|photon|qkd|space|link|city|ottawa|advantage|spin|momentum|degree|freedom|combination|momenta|protocol|error|rate|rate|bit|photon|comparison|error|rate|rate|bit|photon|photon|turbulence|correction|photon|state|information|way|intracity|condition|society|america
10.1038/s41598-017-01509-6,quantum dot|quantum dot|photon pair|photon pair|photon pair|quantum repeater|source|entanglement|inequality|channel|distribution|photon|distance|loss|interconnect|photon|information|carrier|light|source|qubit|fidelity|demand|emission|nanostructure|generate|polarization|entanglement|inequality|inasp|photon|nanowire|waveguide|emission|extraction|khz|len|mhz|excitation|enhancement|nanostructure|entanglement|test|clauser|holt|inequality|violation|chsh|deviation|excitation|scheme|wurtzite|inp|nanowire|resonance|emission|entanglement|fidelity|post|selection|violation|entanglement|inequality|rectilinear|basis|deviation|nanowire|quantum|light|source|datum|communication|measurement|device|distribution|protocol
10.1063/1.4976737,quantum computer|quantum computing|quantum computing|cluster state|silicon|route|overview|scale|silicon|creation|source|photon|state|source|photon|number|component|photon|photon|engineering|manufacture|thousand|component|semiconductor|chip|creation|ten|thousand|photon|state|universal|computation|silicon|architecture|state|photon|silicon|waveguide|cavity|chip|filter|detector|photon|source|photon|interferometer|state|determinism|scatter|scale|photon|interferometer|photon|remainder|scale|state|photon|measurement|number|question|way|imperfection|photon|source|million|qubit|billion|step|focus|article|side|question
10.22331/q-2017-11-30-36,quantum computer|quantum gate|quantum gate|qubit|scatter|spin|scatter|qubit|trap|site|lattice|scatter|place|confinement|scenario|wave|guide|lattice|contact|interaction|fermionic|particle|qubit|spin|state|particle|scheme|gate|qubit|alternative|mediator|scale|feature|particle|atom|specie|confinement|action|gate|feasibility|scheme|degree|control|wave|packet|momenta|quality|gate|momentum|distribution|distance|lattice|control|quasi|momenta|edge|impurity|lattice|potential
10.1103/PhysRevA.95.032122,demonstration|error|quantum|witness|quantum|theory|scale|challenge|impact|physics|laboratory|test|realism|idea|property|object|investigation|requirement|significance|loophole|test|realism|quantum|witness|test|qubit|qutrit|witness|invasiveness|measurement|violation|dimensionality|witness|invasiveness|channel|violation|dimension|signal|noise|ratio|refutation|point|view
10.1007/s10773-017-3473-9,superconducting qubit|quantum communication|quantum communication|quantum system|bell state|phase|gate|photon|level|atom|interest|feature|test|nature|information|task|quantum|logic|gate|element|computation|scheme|phase|gate|photon|level|atom|phase|gate|component|capacity|distance|device|estimate|requirement|protocol|technology|scheme|state|quantum|information|process|resonator|nitrogen|vacancy|center|band|gap|structure
10.1140/epjp/i2017-11815-y,bell state|bell state|bell state|entanglement|swap|presence|detune|kerr|medium|measurement|possibility|entanglement|swap|nonperfect|cavity|atom|lifetime|level|source|dissipation|field|presence|detune|kerr|medium|fact|interaction|atom|entanglement|measurement|photon|cavity|entanglement|atom|field|cavity|atom|atom|motivation|fact|qubit|state|interest|information|science|technology|state|parameter|kerr|medium|dissipation|source|entanglement|atom|atom|decay|rate|leakage|cavity|dissipation|atom|atom|state|presence|kerr|dissipation|condition|detail|atom|atom
10.1038/s41598-017-11617-y,photon pair|photon pair|photon pair|photon pair|photon pair|broadband|biphoton|generation|statistic|light|range|algan|resonator|investigation|generation|ultraviolet|spectrum|algan|aln|platform|wavelength|wave|sfwm|algan|resonator|phase|match|condition|pump|signal|idler|condition|hurdle|wavelength|dispersion|material|interaction|qubit|ion|wavelength|range|photon|ion|interaction|target|algan|microresonator|signal|idler|wavelength|pump|signal|transition|ytterbium|ion|idler|range|crosstalk|pump|power|space|wavelength|chip|filter|pump|signal|idler
10.1103/PhysRevA.95.012327,quantum communication|quantum communication|bell state|fault|distance|optic|depth|error|resistance|optimization|entanglement|measurement|distance|scheme|ewert|bergmann|van|loock|phy|rev|lett|order|proposal|loss|tolerance|formalism|scheme|one|muralidharan|phy|rev|lett|help|representation|communication|protocol|photon|loss|channel|transmission|error|pauli|error|bit|phase|flip|detector|inefficiency|loss|count|level|qubit|choice|entanglement|measurement|efficiency|set|sense|state|preparation|entanglement|measurement|decrease|resource|consumption|state|generation|scheme|ancillary|demand|station|scheme|optic|optic|multiplexing|exhibit|resource|cost|number|photon|qubit|communication|scheme|detector|photon|number|detector
10.1088/2040-8986/aa8d56,quantum state|silicon|processor|qubit|logic|entanglement|property|quantum|mechanic|resource|information|manipulation|challenge|technology|device|manipulate|analyse|qubit|state|silicon|photon|photon|pair|source|mode|interferometer|entangle|gate|qubit|state|entanglement|silicon|chip|tomography|source|range|state|gate|configuration
10.1038/s41598-017-06010-8,quantum state|photon pair|photon pair|bell state|polarization|source|wave|polarization|mode|dispersion|photon|qubit|circuit|demonstration|information|process|qip|way|end|source|polarization|state|technology|state|circuit|semiconductor|source|polarization|mode|dispersion|pmd|entanglement|polarization|state|algaas|waveguide|pmd|compensation|step|tomography|concurrence|waveguide|scheme|generation|fidelity|waveguide|demonstration|way|source|polarization|protocol|scale|quantum|circuit
10.1126/sciadv.1700930,quantum computing|quantum error correction|platform|donor|spin|qubit|silicon|donor|spin|silicon|qubit|quantum|technology|metal|oxide|semiconductor|compatibility|coherence|minute|hour|initialization|manipulation|fidelity|protocol|scale|donor|qubit|silicon|platform|property|chalcogen|donor|donor|bind|transition|dipole|moment|state|lifetime|access|couple|limit|cavity|quantum|electrodynamic|silicon|resonator|technology|silicon|photon|photon|emission|transition|pathway|silicon|spin|photon|conversion|memory|photon|source|switch
10.1117/1.OE.56.12.126111,quantum bit|quantum network|satellite|earth|quantum|channel|optic|couple|mode|fiber|couple|photon|space|quantum|channel|mode|fiber|smf|implication|concept|smf|interface|quantum|detector|photon|couple|fiber|network|propagation|turbulence|error|mode|match|smfs|space|quantum|channel|photon|loss|proportion|severity|aberration|satellite|earth|quantum|channel|turbulence|error|report|propagation|earth|orbit|ground|station|efficiency|couple|field|smf|plane|receiver|turbulence|channel|error|rate|generation|rate|state|numerical|simulation|nature|turbulence|sky|radiance|optic|loop|control|author|spie|common|attribution|license
10.1103/PhysRevA.95.042312,quantum gate|quantum network|quantum network|computation|network|gate|computation|gate|set|gate|atom|qubit|encode|quantum|computation|order|fidelity|error|property|gate|fidelity|encode|attempt|quality|gate|photon|loss|obstacle|photon|information|process|path|node|link
10.1088/1361-6455/aa8b40,engineering|quantum|state|state|informatic|task|information|content|quantum|entity|engineering|manipulation|state|article|hyperentanglement|state|momenta|state|hypersuperposition|cluster|entanglement|greenberger|zeilinger|state|resonant|resonant|bragg|diffraction|level|atom|parameter|atom|bragg|diffraction|interaction|output|decoherence|state|fidelity|benefit|controllability|detection|efficiency|counterpart|state|qubit
10.1038/s41467-017-00987-6,quantum dot|quantum dot|quantum dot|quantum dot|quantum gate|integration|chip|quantum|circuit|quantum|emitter|resource|quantum|technology|build|block|photon|source|qubit|function|matter|interaction|loss|interface|emitter|field|platform|functionality|node|level|scalability|challenge|integration|platform|capability|chip|integration|gaas|waveguide|cavity|self|ina|gaas|class|state|quantum|emitter|loss|waveguide|interface|waveguide|geometry|device|material|rate|enhancement|microcavitie|path|regime
10.1038/ncomms14107,quantum computer|quantum network|quantum state|broadband|qubit|chip|cavity|earth|ensemble|state|emitter|quantum|storage|transduction|qubit|rate|communication|ensemble|rephase|decoherence|broaden|efficiency|quantum|interface|ensemble|neodymium|earth|ion|resonator|cavity|protection|photon|level|decoherence|broaden|rabi|oscillation|cavity|field|state|transfer|frequency|qubit|ion|ghz|retrieval|fidelity|prospect|earth|spin|state|possibility|broadband|quantum|memory|microwave|transducer
10.1140/epjc/s10052-017-5371-y,superconducting qubit|testing|violation|leggett|garg|type|inequality|oscillation|daya|leggett|garg|inequality|lgi|assumption|realism|entanglement|inequality|interaction|photon|spin|interaction|state|oscillation|neutrino|violation|leggett|garg|type|inequality|lgti|test|deviation|limit|survival|probability|datum|reactor|neutrino|range|baseline|divide|energy|analog|neutrino|datum|daya|experiment|cluster|datum|lgti|sigma|significance|violation
10.1073/pnas.1711003114,quantum state|cluster state|quantum|computation|feedback|protocol|photon|quantum|emitter|quantum|feedback|atom|atom|waveguide|mirror|photon|qubit|mirror|feedback|class|body|term|tensor|network|state
10.1103/PhysRevA.96.022124,quantum state|quantum state|quantum state|demonstration|adaptive|estimation|qubit|demonstration|adaptive|estimation|qubit|okamoto|phy|rev|lett|measurement|configuration|photon|detection|event|knowledge|number|sample|herein|consistency|efficiency|test|distribution|state|adaptive|estimation|state|tomography|prediction
10.1103/PhysRevA.96.053812,quantum communication|quantum network|bin|polarization|conversion|qubit|encode|information|bin|qubit|distance|scheme|practice|constraint|detector|response|speed|bin|encode|polarization|gate|state|detection|conversion|qubit|polarization|encode|kerr|shutter|efficiency|fidelity|speed|demonstration|requirement|rate
10.7567/JJAP.56.04CK04,quantum dot|quantum dot|quantum communication|quantum memory|quantum repeater|quantum repeater|quantum repeater|bull|structure|gate|distance|information|interface|qubit|memory|qubit|electron|spin|gate|qds|coherence|tunability|candidate|memory|qubit|technology|photoelectron|spin|challenge|realization|couple|photon|electron|spin|qds|enhancement|transmission|maintenance|incident|polarization|bull|structure|gate|qds|basis|field|simulation|japan|society|physics
10.1126/sciadv.1602743,quantum network|quantum network|quantum network|demonstration|quantum|correlation|quantum|mechanic|correlation|entanglement|inequality|date|correlation|party|state|type|variable|scenario|entanglement|source|qubit|node|correlation|entanglement|inequality|demonstration|nonbilocality|noise|entanglement|nonlocality|party
10.1103/PhysRevA.96.023814,phase|multiphoton|subradiant|state|multiphoton|subradiant|state|fluorescence|array|level|atom|multiphoton|state|dicke|state|zeeman|field|pulse|phase|atom|phase|multiphoton|subradiant|state|fluorescence|range|dipole|dipole|interaction|couple|dissipation|multiphoton|state|eigenmode|array|preparation|state|decay|rate|phase|quantum|state|engineering|multiphoton|subradiant|state|quantum|storage|qubit|level|atom
10.1002/lpor.201700067,modulator|coherence|way|distribution|bin|encode|qubit|distance|decoherence|receiver|distribution|qkd|key|arrival|photon|detect|eavesdropping|interference|pulse|bin|past|pulse|laser|intensity|modulator|transmitter|laser|coherence|pulse|seed|laser|modulator|source|bin|pulse|extinction|ratio|interference|visibility|qkd|transmitter|rate|mbit|way|qkd|protocol|pulse
10.1103/PhysRevLett.118.210502,quantum communication|quantum network|quantum network|quantum network|photon pair|photon pair|quantum memory|quantum memory|quantum memory|quantum memory|quantum repeater|state|source|multimode|generation|distribution|correlation|qubit|resource|information|science|quantum|correlation|duan|zoller|dlcz|scheme|photon|pair|source|gas|progress|letter|state|source|spin|wave|earth|ion|crystal|correlation|photon|dlcz|proposal|scheme|thank|rephase|mechanism|storage|mode|step|realization|architecture|state|resource
10.1038/NPHOTON.2016.234,nitrogen vacancy|quantum network|laser|write|colour|centre|diamond|point|defect|crystal|attention|information|challenge|place|defect|location|element|device|fabrication|generation|centre|diamond|laser|aberration|correction|write|optic|position|vacancy|diamond|crystal|anneal|centre|probability|success|position|plane|centre|transition|temperature|prerequisite|creation|state|qubit|potential|laser|tool|defect|engineering|technology|laser|process|defect|domain
10.1142/S0217984917502669,photon pair|frequency|generation|nanowaveguide|generation|inverse|wave|ifwm|silicon|nanowaveguide|phenomenon|signal|idler|frequency|center|pump|influence|dispersion|coefficient|frequency|ifwm|detail|basis|condition|gain|ifwm|nanowaveguide|nonlinearity|dispersion|feasibility|generation|platform|potential|signal|photon|network|qubit|generation|optic
10.1038/nature22986,quantum communication|quantum state|quantum state|quantum state|quantum state|quantum system|quantum system|quantum simulation|chip|generation|control|photon|question|physics|heart|information|realization|state|level|qudit|control|investigation|sensitivity|image|robustness|rate|variety|error|quantum|photon|platform|cost|generation|process|quantum|source|qubit|chip|generation|qudit|state|photon|superposition|purity|frequency|realization|dimension|qudit|state|art|shelf|telecommunication|component|manipulation|platform|frequency|state|gate|gate|platform|entanglement|inequality|violation|tomography|generation|process|mode
10.1103/PhysRevX.8.041027,quantum computer|quantum communication|quantum network|quantum network|quantum network|quantum state|trapped ion|state|spin|subsystem|feature|advantage|network|chip|platform|state|spin|qubit|network|chain|scale|addition|state|obstacle|network|architecture|network|subsystem|architecture|diamond|nanostructure|crystal|waveguide|band|gap|resonator|color|center|phonon|transition|transfer|protocol|environment
10.1126/science.aat3581,quantum circuit|quantum memory|quantum memory|quantum memory|photon|switch|transistor|state|photon|switch|transistor|photon|photon|interaction|network|control|signal|photon|interaction|state|platform|photon|switch|transistor|state|device|semiconductor|spin|qubit|cavity|spin|qubit|picosecond|gate|photon|signal|field|average|photon|state|device|reset|semiconductor|nanophotonic|device|photon|photon|interaction|quantum|information|process
10.1126/science.aau4691,quantum gate|quantum network|quantum network|quantum system|photon|interaction|emitter|diamond|nanocavity|photon|interaction|information|process|interaction|pair|silicon|vacancy|siv|color|center|diamond|nanophotonic|cavity|transition|color|center|resonance|couple|cavity|mode|interaction|state|spin|degree|freedom|siv|center|interaction|interaction|cavity|spin|qubit|node
10.1103/PhysRevA.98.062327,quantum computing|quantum bit|quantum communication|quantum network|quantum system|preparation|entanglement|greenberger|zeilinger|state|ultrastrong|couple|circuit|qed|ability|technology|setup|entanglement|greenberger|zeilinger|state|photon|frequency|step|protocol|setup|qubit|resonator|mode|gate|protocol|qubit|superposition|state|frequency|resonance|sum|resonator|mode|frequency|frequency|qubit|state|protocol|fidelity|parameter|state|art|circuit|quantum|electrodynamic|setup|node|entanglement
10.1364/OE.26.030689,circuit|qed|step|realization|multiqubit|phase|gate|microwave|photon|qubit|microwave|qubit|target|qubit|phase|gate|microwave|photon|qubit|target|microwave|qubit|gate|cavity|flux|qutrit|cavity|microwave|qubit|logic|state|vacuum|state|photon|state|cavity|mode|gate|gate|qutrit|ground|state|decoherence|qutrit|proposal|step|gate|gate|gate|gate|number|qubit|addition|proposal|pulse|measurement|numerical|simulation|fidelity|realization|phase|gate|microwave|photon|qubit|target|microwave|qubit|circuit|qed|technology|proposal|gate|range|microwave|cavity|lambda|type|level|atom|society|america|term|osa|access|publish|agreement
10.1038/s41467-018-06142-z,metamaterial|waveguide|quantum|electrodynamic|quantum|emitter|bandgap|structure|control|interaction|emitter|bath|gate|transmission|band|gap|waveguide|quantum|electrodynamic|light|regime|emitter|range|emitter|emitter|interaction|state|transmon|qubit|lattice|transmission|line|loss|disorder|element|microwave|resonator|qubit|frequency|vicinity|band|edge|group|index|lamb|shift|mhz|fold|enhancement|qubit|lifetime|addition|enhancement|inhibition|emission|transmon|transition|access|qubit|state
10.1364/OL.43.005765,quantum computing|quantum gate|qubit|circuit|quantum|electrodynamic|hybrid|qubit|attention|phase|gate|qubit|microwave|cavity|flux|qutrit|gate|control|qubit|microwave|qubit|particle|qubit|logic|state|vacuum|state|photon|state|cavity|target|qubit|state|qubit|wave|qubit|logic|state|state|cavity|gate|gate|qutrit|ground|state|decoherence|qutrit|gate|realization|gate|pulse|measurement|numerical|simulation|circuit|quantum|electrodynamic|technology|gate|fidelity|generality|proposal|gate|range|microwave|cavity|level|atom|proposal|state|particle|qubit|wave|state|qubit|society|america
10.1103/PhysRevX.8.041050,quantum dot|quantum dot|quantum dot|quantum dot|quantum dot|quantum dot|depolarization|spin|qubit|semiconductor|interface|matter|spin|qubit|qubit|device|spin|state|spin|qubit|coherence|spin|charge|carrier|spin|relaxation|measurement|form|spin|qubit|spin|relaxation|hole|exciton|electron|hole|pair|spin|spin|relaxation|electron|hole|exciton|trion|absence|field|agreement|spin|theory|dephase|carrier|spin|interaction|spin|atom|hole|electron|exciton|hole|electron|hole|exchange|interaction|spin|state
10.1038/s41567-018-0199-4,superconducting qubit|superconducting qubit|quantum state|quantum system|quantum device|heat|transport|heat|valve|quantum|thermodynamic|topic|mean|platform|manipulation|circuit|quantum|electrodynamic|platform|thermalization|circuit|qed|subsystem|reservoir|dimensionality|heat|transport|assembly|coplanar|waveguide|resonator|heat|reservoir|form|metal|resistor|termination|observation|heat|transport|resonator|qubit|resonator|assembly|heat|flux|interplay|qubit|resonator|resonator|reservoir|couple|couple|regime|heat|valve|realization|heat|engine|refrigerator|domain|dynamic|coherence|effort|gap|field|information|thermodynamic
10.1103/PhysRevLett.121.183603,quantum network|earth|ion|cavity|probe|earth|ion|yttrium|orthovanadate|ion|crystal|resonator|enhancement|emission|rate|photon|emission|couple|cooperativity|photon|ion|observation|rabi|oscillation|spin|qubit|logic|gate|spin|photon|interface
10.1038/s41566-017-0050-y,quantum network|decoherence|memory|photon|qubit|computation|idea|qubit|network|node|qubit|lifetime|excitation|storage|retrieval|qubit|mean|matter|challenge|qubit|memory|atom|resonator|qubit|interface|basis|matter|couple|memory|basis|decoherence|coherence|storage|retrieval|efficiency|improvement|order|qubit|memory|coherence|qubit|teleportation|internet
10.1103/PhysRevLett.120.100501,quantum state|entanglement|bin|qubit|spin|excitation|entanglement|light|matter|advantage|distance|transmission|qubit|storage|process|capability|qubit|state|distance|scheme|qubit|bin|encode|robustness|decoherence|fiber|generation|entanglement|bin|qubit|spin|excitation|spin|wave|ensemble|mapping|qubit|qubit|field|dephase|rephase|excitation|distinguishability|bin|role|entanglement|generation|zehnder|interferometer|measurement|qubit|basis|entanglement|clauser|holt|entanglement|inequality
10.1038/s41566-018-0236-y,quantum processor|quantum processor|quantum processor|quantum walk|scale|silicon|quantum|photon|qubit|process|photon|platform|information|process|challenge|control|circuit|component|gate|photon|scale|silicon|photon|circuit|extension|combination|quantum|operator|scheme|qubit|qubit|quantum|information|process|optic|process|component|device|qubit|gate|quantum|fidelity|qubit|optimization|algorithm|simulation|szegedy|foster|combination|architecture|silicon|photon
10.1063/1.5021349,quantum computing|quantum network|crystal|slab|nanocavitie|crystal|diamond|color|center|diamond|spin|qubit|photon|distribution|scheme|efficiency|interface|scalability|nano|scale|cavity|emitter|spin|photon|interface|emission|rate|extraction|efficiency|fabrication|crystal|slab|nanocavitie|quality|factor|wavelength|mode|volume|diamond|planar|platform|scalability|toolkit|nanophotonic|diamond|aip|publish
10.1088/1361-6668/aad8f4,quantum circuit|quantum circuit|probe|chip|broadband|interferometer|microwave|photon|quantum|microwave|photon|generate|microwave|field|spirit|photon|end|nonlinearitie|concept|domain|context|broadband|environment|task|transmon|qubit|aim|chip|mach|zehnder|interferometer|microwave|beam|splitter|relaxation|rate|qubit|spectrometer|level|broadband|electromagnetic|environment|frequency|qubit|transition|frequency|environment|ensemble|oscillator|transmon|qubit|frequency|omega|evidence|noise|weight|ensemble|level|fluctuator|way|microwave|photon|impurity|architecture|information|process
10.1016/j.scib.2018.11.010,quantum circuit|quantum system|quantum system|quantum system|quantum system|quantum system|quantum system|quantum|channel|simulation|control|goal|information|process|understand|quantum|mechanic|quantum|technology|evolution|channel|couple|environment|channel|qubit|channel|simulation|resource|ancilla|qubit|measurement|control|channel|simulation|liouvillian|evolution|experiment|testbe|quantum|noise|decoherence|tool|control|science|china|press|science|china|press|right
10.1016/j.ssc.2017.11.013,phase|level|band|gab|crystal|phase|qubit|anisotropic|isotropic|band|gap|pbg|crystal|environment|approximation|qubit|frequency|qubit|pbg|environment|deviation|parameter|deviation|detune|atom|frequency|gap|respect|band|edge|detune|gap|qubit|change|collapse|phenomenon|pbg|crystal|pbg|condition|relationship|variation|population|term|parameter
10.1088/1555-6611/aae279,gate|frequency|qubit|wave|possibility|gate|frequency|qubit|wave|mix|hamiltonian|wave|mix|cavity|equation|motion|amplitude|state|framework|input|output|formalism|qubit|gate|match|condition
10.1103/PhysRevA.98.033833,circuit|quantum|electrodynamic|charge|qubit|resonator|interface|circuit|qed|charge|qubit|resonator|engineering|ultrastrong|couple|multiphoton|quantum|optic|state|maser|qubit|gain|medium|role|voltage|bias|qubit|resonator|interface|intraresonator|field|quantum|microwave|amplification|downward|multiphoton|quantum|jump|drive|state
10.1103/PhysRevA.98.050101,thermodynamic|metrology|nonequilibrium|quantum|thermometry|qubit|thermometry|tool|temperature|bath|invasivity|equilibrium|temperature|uncertainty|heat|capacity|qubit|precision|equilibrium|condition|way|relation|nonequilibrium|regime|account|coherence|find|simulation
10.1002/andp.201800114,w state|w state|conversion|milburn|herein|proposal|conversion|milburn|klm|state|homodyne|measurement|proposal|qubit|conversion|polarization|state|qubit|klm|state|control|number|qubit|utilization|ratio|photon|proposal|unity|qubit|conversion|proposal|error|rate|utilization|ratio|photon|fidelity|consideration|decoherence|homodyne|measurement|precision|proposal|relationship|qubit|entanglement
10.1364/OPTICA.5.001492,quantum gate|atom|photon|quantum|interface|intracavity|rydberg|ensemble|photon|transition|effort|atom|photon|quantum|interface|intracavity|rydberg|ensemble|platform|quantum|information|process|task|platform|ground|rydberg|transition|photon|transition|find|jayne|cumme|domain|atom|photon|atom|cavity|finesse|condition|ensemble|rydberg|blockade|radius|ensemble|couple|field|cavity|mode|capability|phase|gate|qubit|matter|qubit|qubit|frequency|tune|range|decoherence|factor|society|america|term|osa|access|publish|agreement
10.1103/PhysRevA.98.043842,quantum communication|theory|cavity|detection|qubit|state|detection|qubit|quantum|information|process|state|cavity|ensemble|earth|ion|probe|pulse|photon|ensemble|signal|photon|bin|qubit|imprint|phase|ensemble|phase|time|signal|photon|detection|bin|qubit|state|probe|pulse|phase|homodyne|detection|cavity|dependence|phase|probe|photon|number|spread|probe|phase|contrast|shift|absence|cavity|scenario|detection|signal|scheme|success|probability|loss
10.1088/1367-2630/aa9b5c,quantum system|cluster state|demonstration|measurement|realisation|channel|channel|measurement|setup|basis|qubit|measurement|qubit|channel|qubit|form|amplitude|phase|channel|channel|type|quantum|channel|potential|measurement|channel|block|simulation
10.1364/OE.26.021219,quantum dot|quantum communication|scheme|medium|conversion|spin|momentum|nanocavity|light|nonzero|momentum|oam|light|oam|qubit|device|conversion|oam|spin|momentum|sam|sam|sam|transformation|conversion|oam|sam|device|scheme|oam|sam|device|crystal|nanocavity|electron|spin|qubit|spin|electron|hole|emission|rotation|nanocavity|spin|orbit|interaction|rotation|mode|light|nonzero|oam|device|transmitter|device|receiver|scheme|resonator|quantum|emitter|microdisk|defect|diamond|scheme|potential|sam|interface|oam|degree|freedom|information|purpose|society|america|term|osa|access|publish|agreement
10.1088/1555-6611/aac904,quantum dot|quantum dot|quantum gate|quantum gate|qubit|degree|freedom|microcavitie|computation|qubit|cnot|gate|qubit|rotation|resource|multiqubit|quantum|information|process|scheme|qubit|toffoli|gate|fredkin|gate|photon|degree|freedom|dof|qds|microcavitie|contrast|toffoli|fredkin|gate|dof|gate|dof|photon|number|gate|gate|one|cnot|qubit|gate|gate|complexity|experiment|scheme|birefringence|singleelectron|spin|cavity|photon|indistinguishability|photon|interference|scheme|optic|photon|scheme|feasibility|scheme|future|technology
10.1038/s41567-018-0241-6,photon|atom|qubit|swap|gate|quantum|interaction|photon|quantum|emitter|build|block|distribution|information|photon|atom|state|transfer|protocol|feedback|control|swap|gate|state|photon|atom|mechanism|photon|raman|interference|scheme|interaction|mode|ground|state|lambda|nanofibre|microsphere|resonator|atom|qubit|atom|fidelity|threshold|direction|write|read|photon|readout|qubit|arrival|photon|control|field|step|gate|place|timescale|atom|cavity|emission|waveguide|lambda|mechanism|build|block|scale|information
10.1007/s11128-018-1979-6,quantum|phase|gate|multiphoton|multimode|cavity|qed|scheme|qubit|quantum|phase|gate|qubit|cavity|mode|level|type|atom|cavity|location|resonance|theory|multiphoton|resonance|influence|variation|parameter|couple|strength|detune|fidelity|wave|function|density|matrix|decoherence|gate
10.1088/2040-8986/aad793,quantum bit|generation|basis|qkd|photon|lnoi|wire|combination|momentum|oam|momentum|sam|degree|freedom|photon|transmission|rate|security|quantum|distribution|qkd|qkd|source|generation|state|speed|loss|electro|modulator|manipulation|mode|oam|sam|state|modulator|electro|lithium|niobate|insulator|wire|configuration|purity|error|rate|generation|state|qkd|photon|voltage|value|volt
10.1103/PhysRevA.98.013801,input|output|theory|circuit|retroreflection|pseudocavitie|input|output|theory|circuit|transmission|line|theory|handle|situation|retroreflection|circuit|component|configuration|beam|splitter|loop|wave|field|network|contraction|theory|gough|commun|math|phy|circuit|loop|cavity|loop|day|chip|circuit|weakness|condition|reflector|loop|entanglement|qubit|transmission|circulator|forwhich|receiver|sender|turn|turn|procedure|transmission|retroreflection
10.1103/PhysRevA.98.052304,quantum network|quantum network|quantum state|quantum state|transfer|atom|photon|number|superposition|state|protocol|transfer|memory|node|photon|number|superposition|state|pns|scheme|quantum|node|atom|finesse|cavity|channel|information|superposition|zeeman|state|cavity|raman|pns|cavity|photon|photon|cavity|unit|probability|superposition|state|atom|fidelity|transfer|node|qubit|superposition|state|propagation|loss|photon|polarization|state|limitation|delivery|photon|fidelity|advantage|qubit|state|transfer|qutrit|information|capacity|scheme|promise|distribution|entanglement|distance
10.1103/PhysRevA.97.012321,quantum communication|entanglement|photon|adaptive|optic|efficiency|adaptive|optic|correction|space|propagation|momentum|oam|qubit|state|turbulence|distortion|crosstalk|mode|encode|subspace|entanglement|turbulence|quantum|channel|photon|turbulence|threshold|turbulence|strength|factor
10.1088/1612-202X/aabf1a,intensity|distribution|gate|momentum|band|gap|structure|charge|laguerre|gaussian|beam|qubit|cnot|gate|beam|momentum|band|gap|structure|ensemble|wave|mix|distribution|cnot|gate|split|shift|kerr|intensity|variation|cnot|gate|phase|modulation|information|process
10.1007/s00340-017-6871-z,quantum circuit|quantum simulator|phase|covariant|clone|optic|phase|cloner|degree|freedom|photon|action|cloner|state|region|bloch|sphere|sequence|cloner|eavesdropper|amount|noise|input|state|clone|bias|fidelity|presence|distribution|protocol|input|polarization|qubit|state|path|qubit|state|photon|eavesdropper|distribution|protocol|device|flexibility|version|state|hemisphere|bloch|sphere|clone|machine|asymmetry|clone|machine
10.1038/s41565-018-0091-5,quantum dot|quantum network|cluster state|spin|photon|interface|spin|photon|nanobeam|waveguide|spin|electron|memory|state|qubit|spin|state|node|electron|spin|goal|spin|photon|interface|leap|memory|capability|spin|transfer|information|photon|interface|spin|electron|photon|waveguide|spin|ground|state|fidelity|spin|switch|spin|state|electron|flow|photon|waveguide|spin|photon|interface|chip|photon|photon|gate|photon|transistor|generation
10.1038/s41567-018-0071-6,quantum dot|quantum dot|polaritonic|polariton|constituent|quantum|quantum|information|property|component|light|polariton|dynamic|ease|transport|matter|ability|one|cavity|polariton|field|cavity|robustness|cavity|enhancement|matter|couple|cavity|polariton|field|interaction|cavity|polariton|rydberg|atom|component|polariton|rydberg|atom|cavity|transport|photon|photon|tunnelling|oscillation|dot|cavity|rydberg|polariton|candidate|qubit|information|processor|resonator|mode|degree|freedom|particle|ingredient|quantum
10.1016/j.physe.2017.08.020,quantum|speedup|environment|behavior|speed|level|reservoir|temperature|jane|cumme|density|framework|environment|cavity|resonant|transition|frequency|qubit|level|band|gap|crystal|environment|approximation|transition|speedup|detune|value|parameter|decoherence|drive|control|speed|evolution|combination|detune|width|density|acceleration|evolution|qubit|transition|frequency|gap|dispersion|population|markovianity|detune|speed|limit
10.1209/0295-5075/121/54001,quantum communication|modulation|gate|beam|momentum|vapor|gate|beam|momentum|oam|wave|mix|band|gap|structure|phase|match|condition|charge|laguerre|gaussian|beam|qubit|gate|oam|evolution|gate|frequency|power|incident|beam|transparency|condition|information|storage|copyright|epla
10.1364/AO.57.000377,quantum device|femtosecond|laser|technology|network|laser|waveguide|structure|circuit|polarization|qubit|manipulation|limitation|scale|photon|loss|mode|profile|mismatch|fiber|platform|waveguide|structure|femtosecond|laser|mode|fiber|fabrication|effort|improvement|step|multiphoton|state|chip|society|america
10.1038/s41467-018-03849-x,quantum state|quantum system|quantum walk|quantum walk|quantum walk|realization|measurement|measurement|information|measurement|information|efficiency|phenomenon|decade|task|advantage|measurement|experiment|recipe|measurement|qubit|measurement|fidelity|post|selection|efficiency|qubit|state|tomography|date|recipe|precision|limit|measurement|tomography|metrology|addition|avenue|power|measurement|information|process|physics|power
10.1038/s41467-017-02775-8,quantum network|quantum memory|quantum memory|quantum memory|polarization|qubit|ensemble|qubit|enabler|range|information|figure|merit|storage|retrieval|efficiency|achievement|memory|pulse|storage|qubit|efficiency|polarization|qubit|fidelity|efficiency|qubit|mapping|information|qubit|state|photon|level|memory|transparency|laser|ensemble|cesium|atom|rail|storage|depth|rail|compromise|multiplexing|storage|efficiency|node|test|functionality|circuit
10.1038/s41534-018-0063-5,quantum state|quantum state|quantum system|quantum system|quantum device|chip|tomography|quantum|information|path|complexity|device|number|qubit|information|scale|qubit|number|scale|benefit|challenge|sequence|measurement|resource|number|qubit|photon|state|dimensionality|complexity|measurement|number|qubit|set|datum|need|reconfigurability|chip|photon|reconstruction|fidelity
10.1016/j.optcom.2018.06.081,transparency|drop|filter|cavity|waveguide|transparency|dipole|transparency|dit|transparency|drop|filter|cavity|waveguide|transparency|originate|interference|cavity|field|dit|eit|disappearance|revival|phenomenon|transparency|window|transmission|amplitude|transparency|eit|loss|microcavity|transparency|gerlach|faraday|rotation|regime|quantum|information|process|photon|state|qubit
10.1364/OE.26.016250,topological quantum|edge|localization|phase|realization|topic|qubit|decoherence|computation|whispering|gallery|microcavity|array|chain|mechanism|connection|chain|derivative|property|couple|strength|nontrivial|phase|chain|majorana|basis|novel|structure|whispering|gallery|microcavity|array|edge|localization|chain|nontrivial|phase|edge|localization|noninteracte|wave|pair|society|america|term|osa|access|publish|agreement
10.1103/PhysRevA.97.042103,josephson junction|quantum coherence|quantum coherence|quantum coherence|quantum coherence|insufficiency|cross|scale|flux|qubit|experiment|loop|flux|qubit|quantum|behavior|sense|schrodinger|argument|debate|qubit|framework|scale|ensemble|experiment|experiment|regime|demonstration|cross|energy|spectrum|conclusion|presence|scale|witness
10.1103/PhysRevA.98.011802,quantum dot|quantum dot|quantum communication|quantum state|generation|frequency|sideband|photon|indistinguishability|generation|manipulation|photon|heart|information|protocol|interest|phase|modulator|quantum|optic|device|coherence|communication|optic|phase|modulator|state|vector|photon|frequency|component|mode|phase|modulation|prediction|photon|level|photon|interference|measurement|output|mode|mode|sideband|indistinguishability|mode|photon|order|intensity|correlation|mean|qubit|state|qutrit|information|sideband|loss|coherence
10.1038/s41598-018-34890-x,role|flow|information|speedup|evolution|quantum|evolution|environment|formation|environment|state|quantum|speedup|state|environment|spectrum|speed|evolution|think|classical|qubit|crystal|waveguide|presence|mirror|dynamic|influence|mirror|field|evolution|speed|formation|state|reason|acceleration|evolution|speedup|flow|information|direction|information|conclusion|environment
10.1103/PhysRevX.8.011018,quantum computer|quantum gate|quantum network|quantum network|quantum network|neutral atom|neutral atom|bell state|photon|cavity|quantum|logic|gate|build|block|integration|qubit|network|channel|photon|cavity|quantum|electrodynamic|range|interaction|photon|gate|atom|cavity|photon|step|gate|gate|atom|fidelity|gate|cnot|gate|output|state|preparation|fidelity|atom|channel|gate|way|multiqubit|node|distribution|entanglement|repeater|distance
10.1364/OL.43.005655,quantum communication|downconversion|interface|photon|level|signal|telecom|band|device|step|downconversion|photon|level|signal|band|noise|pump|power|interface|matter|qubit|node|loss|channel|network|pump|power|interface|pass|device|demand|pump|laser|reduction|count|pump|scatter|photon|level|signal|telecom|band|fiber|proton|exchange|lithium|niobate|waveguide|laser|device|regime|input|depletion|efficiency|stage|efficiency|pump|power|society|america
10.1103/PhysRevB.97.201108,superconducting qubit|recoil|force|material|recoil|force|atom|surface|insulator|pti|emission|channel|surface|plasmon|pti|vacuum|interface|recoil|force|distance|pti|separation|sign|recoil|force|polarization|orientation|translation|equilibrium|recoil|force|value|gyration|pseudovector|plasma|cyclotron|frequency|ultrastrong|recoil|force|quasihyperbolic|dispersion|surface|plasmon|atom|pump|scenario|rise|force|direction|orientation|field|prediction|experiment|rydberg|atom
10.1021/acs.nanolett.8b03937,quantum dot|quantum dot|strain|tunable|quantum|photon|semiconductor|part|quantum|technology|toolbox|photon|emission|property|addition|potential|state|qubit|effort|semiconductor|circuit|progress|field|property|waveguide|quantum|emitter|manner|class|quantum|circuit|semiconductor|silicon|nitride|crystal|combination|bottom|top|nanomanipulation|strain|waveguide|quantum|emitter|planar|resonator|find|step|quantum|photon|control|quantum|source|circuit
10.1364/PRJ.6.000954,quantum coherence|broadband|quasi|phase|match|mgo|ppln|film|future|quantum|information|network|telecom|channel|qubit|transfer|wavelength|entanglement|qubit|transfer|type|atom|information|process|storage|bandwidth|upconversion|demonstration|broadband|efficiency|phase|generation|shg|chip|scale|lithium|film|bandwidth|thz|phase|match|group|velocity|match|film|thickness|wavelength|phase|match|shg|phase|match|lithium|film|chip|platform|photon|quantum|optic|laser|press
10.1038/s41534-018-0069-z,quantum bit|quantum measurement|quantum state|entropic|cost|measurement|principle|symmetry|erasure|information|gate|transformation|energy|micro|nano|balance|control|limit|machine|level|investigation|entropy|photon|gate|device|regime|experiment|take|account|measurement|investigation|entropic|quantity|information|block|information|processor
10.1103/PhysRevA.97.042112,entanglement|quantum|metrology|environment|quantum|metrology|overcome|precision|limit|role|science|technology|imperfection|decoherence|metrology|channel|entanglement|qubit|quantum|information|phase|estimation|experiment|range|noise|type|channel|channel|entanglement|channel|channel|space|interferometer|quantum|input|advantage|entanglement|protocol|phase|estimation|experiment|probe|multiprobe|entanglement|ancillae|quantum|metrology|entanglement|quantum|metrology|network|input|path|quantum|metrology
10.1021/acs.nanolett.7b04717,nitrogen vacancy|graph state|control|emitter|circuit|qubit|entanglement|rate|detection|photon|qubit|defect|qubit|device|photon|collection|efficiency|cost|defect|emission|energy|homogeneity|reduction|homogeneity|device|field|tune|device|center|gap|diamond|platform|field|tune|range|stabilization|emission|energy|challenge|chip|scale|entanglement|generation
10.1088/1367-2630/aae19f,quantum memory|quantum walk|bell state|entanglement|topology|polarization|error|quantum|register|property|walk|polarization|number|entanglement|information|process|task|access|variety|feature|consideration|error|polarization|measurement|manipulation|qubit|production|photon|number|analog|error|memory|register|production|state|pair|register|polarization|number|error|suppression|qubit|superposition|number|information|process|number|qubit|possibility
10.1364/OE.26.032878,quantum state|reorder|measurement|quantum|tomography|quantum|tomography|technology|toolbox|evaluation|state|light|characterization|device|state|tomography|procedure|measurement|tomography|speedup|constituent|measurement|instance|salesman|qubit|qubit|duration|tomography|procedure|speedup|tomography|quantum|characterization|qubit|complexity|reduction|simplification|interest|input|output|characterization|device|scatter|society|america|term|osa|access|publish|agreement
10.1088/1367-2630/aaf2ac,write|germanium|vacancy|center|array|diamond|color|center|diamond|state|qubit|quantum|photon|defect|inversion|symmetry|interest|property|maskless|implantation|array|germanium|vacancy|gev|center|diamond|ion|beam|gev|emitter|accuracy|ten|nanometer|gev|creation|ratio|dose|ion|spot|fabrication|nanofabrication|structure|gev|emitter|platform|spin|spin|interaction
10.1109/JPHOT.2017.2781731,quantum entanglement|quantum entanglement|quantum coherence|quantum coherence|quantum coherence|quantum coherence|decay|quantumness|qubit|momentum|turbulence|decay|property|quantumness|quantum|discord|qubit|momenta|kolmogorov|atmosphere|decay|quantum|discord|state|photon|decay|law|quantum|discord|decay|correlation
10.1103/PhysRevA.97.043862,generation|dicke|state|symmetric|dicke|state|class|multipartite|state|resistance|loss|entanglement|characteristic|fidelity|resource|encode|optic|generation|dicke|state|qubit|encode|order|magnitude|improvement|success|probability|hardware|complexity|factor|qubit|scheme|entanglement|generation|qubit
10.1016/j.optcom.2018.02.071,quantum state|quantum state|quantum state|preparation|characterization|polarization|bin|mode|photon|ququart|polarization|bin|mode|photon|ququart|state|tomography|reliability|recipe|preparation|characterization|state|basis|qudit|property|qubit|test|physics|information|process|quantum|information|science
10.1002/andp.201800071,quantum gate|quantum circuit|photon pair|entangler|quantum|dot|microcavity|way|phase|flip|gate|entangler|assistance|quantum|dot|microcavity|qubit|entanglement|swap|electron|pair|unity|fidelity|scheme|imperfection|construction|photon|detector|efficiency|scheme|gate|evaluation|scheme|experiment|parameter
10.1103/PhysRevLett.120.230402,quantum system|uncertainty|relation|theory|experiment|uncertainty|relation|operator|uncertainty|relation|term|phase|state|overlap|uncertainty|relation|transition|probability|state|bind|order|correlation|function|uncertainty|relation|polarization|qubit|uncertainty|state|overlap|uncertainty|relation|measurement|phase
10.1126/sciadv.aar3931,quantum communication|quantum network|quantum network|quantum memory|quantum memory|entanglement|quantum|quantum|interface|link|qubit|qubit|transmission|channel|element|internet|entanglement|quantum|interface|step|realization|detection|photon|interference|multipartite|entanglement|interface|array|partite|partite|entanglement|entanglement|record|number|quantum|interface|step|realization|distance|multipartite|quantum|information|process
10.1088/1361-6455/aab5dd,quantum state|tomography|photon|counter|discrimination|rail|qubit|detection|gate|photon|counter|tool|communication|discrimination|superposition|vacuum|photon|state|sigma|rail|encode|qubit|detection|vacuum|photon|space|quantum|detector|tomography|discrimination|error|probability|measurement|operator|error|rate|transformation|homodyne|detection|proof|principle|experiment|scheme|discrimination|error|homodyne|detection
10.1103/PhysRevX.8.021078,quantum dot|quantum dot|bin|qubit|bin|qubit|transmission|fiber|waveguide|circuit|state|form|phi|beta|bin|phase|laser|spin|raman|transition|control|phase|phi|photon|generation|loss|coherence|qubit|energy|light|way|wavelengthdivision|multiplexing|photon|level
10.1103/PhysRevLett.120.030502,quantum gate|electro|optic|frequency|beam|splitter|tritter|fidelity|quantum|information|process|realization|fidelity|photon|frequency|qubit|qutrit|electro|modulation|transform|pulse|shape|version|gate|unity|fidelity|microwave|drive|tone|function|band|qubit|frequency|degradation|fidelity|qutrit|extension|gate|tritter|frequency|mode|attain|fidelity|gate|build|block|fidelity|quantum|information|process|frequency|encode
10.1103/PhysRevApplied.10.054011,tomography|state|photon|ensemble|photon|ensemble|mode|qubit|photon|measurement|scheme|bin|basis|coefficient|bin|hand|mode|measurement|homodyne|tomography|mode|cavity|photon|source|cavity|homodyne|detection|scheme|density|matrix|photon|cloud|characterization|state|photon|way|degree|freedom|information|process
10.1103/PhysRevLett.120.050404,nonlocality|generation|identification|correlation|qubit|degree|freedom|foundation|quantum|information|science|combination|degree|freedom|hyperentanglement|entanglement|degree|freedom|entanglement|entanglement|discrete|degree|freedom|scheme|form|correlation|particle|entanglement|nonlocality|spin|momenta|spin|momenta|realization
10.1103/PhysRevA.97.013806,interference|photon|source|interference|photon|source|tool|information|process|interfere|photon|state|manner|filter|cavity|mode|photon|crystal|profile|correlation|biphoton|wave|mix|atom|cloud|interference|frequency|photon|source|interference|frequency|photon|phenomenon|quantum|beat|megahertz|separation|detail|beat|band|photon|frequency|qubit|information|process
10.1038/s41467-018-06601-7,phase|measurement|limit|resource|measurement|precision|shoot|noise|limit|snl|task|initio|phase|measurement|estimation|phase|precision|snl|limit|factor|principle|precision|scheme|phase|measurement|combination|entanglement|sample|phase|shift|adaptive|measurement|demonstration|scheme|qubit|coincidence|detection|number|photon|pass|precision|scheme
10.1103/PhysRevA.97.012335,quantum computing|quantum teleportation|quantum network|quantum network|quantum network|quantum network|quantum repeater|architecture|topology|distribution|entanglement|distribution|prerequisite|information|process|computer|task|distribution|quantum|technology|rail|qubit|build|internet|architecture|distribution|party|abravais|lattice|topology|constraint|quantum|memory|protocol|entanglement|distribution|group|party|network|memory|architecture|network|topology|network|bow|tie|lattice|lattice|topology|percolation|theory|robustness|network|figure|merit|loss|parameter|medium|topology|network|robustness|network|photon|loss|failure|node|figure|merit|robustness|network|topology|order|topology|world|scenario|realization|internet
10.1038/s41586-018-0375-9,quantum state|quantum state|quantum state|quantum state|topological quantum|majorana fermion|engineering|phase|nanoribbon|boundary|phase|matter|support|spin|momentum|transport|channel|idea|state|device|qubit|information|technology|driver|matter|property|conductivity|tran|polyacetylene|term|dispersionless|soliton|schrieffer|heeger|insulator|charge|fractionalization|spin|charge|separation|dimension|effort|hamiltonian|atom|phase|material|nanoribbon|nanomaterial|valence|structure|couple|boundary|junction|nanoribbon|armchair|edge|quantum|phase|potential|bandwidth|band|energy|scale|proximity|spin|orbit|realization|majorana|type|end
10.1038/s41534-018-0068-0,quantum gate|quantum network|quantum network|quantum repeater|optic|gate|polarization|qubit|progress|optic|technology|photon|platform|computation|protocol|circuit|device|footprint|stability|advantage|femtosecond|laser|waveguide|ability|polarization|qubit|gate|chip|gate|basis|superposition|basis|gate|polarization|entanglement|photon|transmission|device|core|fiber|mode|field|diameter|waveguide|facet|demonstration|feasibility
10.1103/PhysRevA.98.042324,quantum communication|quantum communication|presence|polarization|loss|silicon|photon|promise|miniaturization|device|silicon|chip|transmitter|distribution|qkd|silicon|chip|polarization|loss|pdl|security|qkd|overestimation|rate|security|photon|phase|polarization|dependence|qubit|postselection|qkd|protocol|generation|rate|presence|polarization|loss|experiment|hardware|modification
10.1088/2058-9565/aa9212,quantum state|measurement|multiparameter|estimation|qubit|probe|capability|matter|precision|interaction|sample|parameter|information|probe|parameter|bind|estimation|precision|unavailability|measurement|parameter|consideration|level|quantum|probe|qubit|copy|measurement|estimation|phase|phase|diffusion|benefit|measurement|phase|enhancement|proof|principle|photon|setup
10.1088/1361-6501/ab150d,quantum computing|quantum bit|port|homodyne|detection|field|demodulation|phase|detection|scheme|field|measurement|field|quadrature|achievement|radian|shift|photon|field|door|protocol|phase|measurement|role|scheme|detection|scheme|phase|shift|laser|field|field|cloud|laser|atom|place|interferometry|instability|scheme|beat|note|interferometry|robustness|measurement|beat|note|interferometry|signal|thz|frequency|carrier|radio|frequency|carrier|variant|port|homodyne|detection|scheme|demodulation|communication|engineering|amplitude|information|phase|quadrature|phase|component|radio|frequency|signal|datum|amplitude|variation|phase|shift|thz|field|absorption|dispersion|beam|cloud|laser|atom|state|transparency|characterization|measurement|noise|source|utility|demodulation|noise|scheme|rad|shift|nanosecond|scale
10.1103/PhysRevLett.123.063601,quantum entanglement|quantum network|bell state|entanglement|diamond|spin|qubit|bin|qubit|telecom|wavelength|realization|verification|nitrogen|vacancy|electron|spin|qubit|telecom|band|qubit|entanglement|spin|qubit|bin|qubit|quantum|frequency|conversion|entanglement|photon|state|correlation|measurement|basis|fidelity|step|fiber|infrastructure
10.1103/PhysRevB.99.205415,quantum dot|quantum dot|quantum communication|quantum state|quantum processor|transfer|qubit|gate|qubit|qubit|protocol|state|qubit|spin|spin|qubit|gate|gdqd|protocol|exciton|intermediary|photon|spin|qubit|exciton|gdqds|noise|viability|protocol|parameter|protocol|success|probability
10.1103/PhysRevB.100.075433,quantum dot|quantum|supercapacitor|deal|interest|possibility|quantum|energy|storage|quantum|supercapacitor|chain|electron|hole|array|build|block|architecture|charge|spin|qubit|chain|proximity|cavity|range|couple|qubit|spirit|dicke|phase|diagram|phase|pseudospin|degree|freedom|phase|behavior|antiferromagnetic|phase|capacitance|opportunity|realization|class|supercapacitor|capacitance
10.1103/PhysRevA.99.052126,superconducting qubit|quantum state|bath|engineering|atom|crystal|interaction|microwave|crystal|quantum|bath|engineering|crystal|step|impedance|transmission|line|density|state|decay|transition|transmon|circuit|qubit|transmission|line|couple|cavity|crystal|density|state|dynamic|qubit|qubit|density|state|crystal|preparation|qubit|superposition|state|state|drive|dissipation|crystal|band|edge|tomography|multimode|environment|crystal|resource|control
10.1103/PhysRevX.9.011021,qubit|photon|state|circuit|qubit|crystal|rise|qubit|photon|state|state|qubit|mode|qubit|basis|scenario|localization|state|qubit|crystal|band|edge|avenue|situ|control|state|interaction|device|transmon|qubit|microwave|crystal|site|state|interaction|order|photon|state|couple|crystal|transmon|qubit|localization|interaction|state|ability|chain|state|range|interaction|qubit|organization|interaction|benchmark|state|quantum|spin
10.1103/PhysRevA.100.043843,frequency|qubit|wave|mix|molecule|scheme|generation|qubit|wave|mix|resonator|molecule|qubit|state|frequency|amplitude|pump|field|parameter|molecule|generation|photon|qubit|state|resonator|mode|frequency|advantage|frequency|multiplexing|efficiency|information|process
10.1063/1.5125224,nitrogen vacancy|quantum circuit|quantum state|quantum system|spin|state|hybrid|couple|interaction|photon|quantum|architecture|center|ensemble|flux|qubit|transmission|line|multimode|coplanar|waveguide|resonator|josephson|device|microwave|photon|wave|procedure|state|amplification|state|reduction|uncertainty|coherence|fidelity|entanglement
10.1103/PhysRevLett.122.070402,validation|steer|ellipsoid|test|volume|monogamy|relation|set|qubit|state|measurement|qubit|ellipsoid|quantum|steer|bloch|ball|ellipsoid|characterization|qubit|state|aspect|entanglement|property|property|measurement|polarization|qubit|state|qubit|state|volume|steel|ellipsoid|measurement|qubit|relation|monogamy|entanglement|concurrence|prediction|polarization|path|entanglement|relation|state|relation
10.1063/1.5100160,quantum computer|quantum computer|quantum computing|quantum computing|quantum computing|quantum computing|scale|fault|computation|scale|difficulty|entangle|gate|qubit|lack|way|circuit|limitation|advantage|idea|qubit|gate|qubit|domain|multiplexing|scale|configuration|circuit|idea|hardware|error|code|terahertz|principle|scale|fault|gate|frequency
10.1364/PRJ.7.0000A7,quantum computing|limitation|qubit|mode|state|teleportation|scheme|mode|state|qubit|candidate|limitation|quantum|information|process|bind|fidelity|qubit|mode|channel|environment|increase|photon|loss|teleportation|limit|degree|teleportation|channel|infinity|scheme|fault|photon|loss|rate|limit|laser|press
10.1002/andp.201900160,bell state|conversion|milburn|entanglement|greenberger|zeilinger|entanglement|scheme|milburn|klm|state|greenberger|zeilinger|ghz|state|nonlinearity|homodyne|measurement|qubit|qubit|conversion|fidelity|unity|probability|conversion|photon|loss|scheme|state|information|process
10.1103/PhysRevA.100.032330,quantum teleportation|quantum teleportation|qudit|optic|challenge|photon|source|photon|basis|measurement|qubit|basis|measurement|optic|scheme|qudit|scheme|qubit|teleportation|protocol|qudit|permutation|state|superposition|permutation|spatial|state|photon|scheme|qudit|photon|source|optic|photon|detector|qudit|dimension
10.1364/OE.27.028143,quantum network|quantum network|quantum memory|purity|photon|qubit|ion|candidate|node|qubit|memory|coulomb|interaction|channel|integrity|interface|purity|photon|photon|source|ion|photon|purity|background|subtraction|tradeoff|generation|rate|memory|photon|entanglement|fidelity|polarization|qubit|mode|light|society|america|term|osa|access|publish|agreement
10.1364/OE.27.037214,quantum bit|quantum communication|quantum communication|quantum communication|bin|distribution|space|channel|fiber|optic|information|bin|state|space|turbulence|distortion|state|receiver|distribution|state|turbulence|depolarization|space|transmission|analyzer|apparatus|error|ratio|key|distortion|polarization|fluctuation|channel|viability|bin|distance|space|channel|fiber|space|interface|space|mode|channel|society|america|term|osa|access|publish|agreement
10.1021/acsphotonics.8b01455,anisotropic|quantum|emitter|interaction|crystal|bath|quantum|emitter|crystal|bath|experience|dissipation|van|hove|singularity|dissipation|dipole|dipole|interaction|range|lattice|degeneracy|van|hove|point|superlattice|geometry|mode|description|origin|interaction|emergence|qubit|photon|state|anisotropic|property|dissipation|decay|superlattice|parameter|detune|transition|respect|band|edge|picture|emitter|dynamic|manner|parameter|regime|dynamic|description|qubit|entanglement|protocol|shape|interaction|proof|principle|crystal|interaction
10.1103/PhysRevLett.122.090404,quantum measurement|quantum measurement|error|disturbance|trade|state|error|disturbance|trade|distance|measurement|pair|observable|relation|qubit|letter|quantum|uncertainty|principle
10.1088/1751-8121/ab3f3c,entanglement|decay|momentum|qubit|state|turbulence|treatment|evolution|momentum|qubit|state|azimuthal|index|atmosphere|expression|amplitude|turbulence|crosstalk|mode|entanglement|decay|law|kolmogorov|turbulence|approximation
10.1103/PhysRevLett.123.030501,quantum memory|quantum memory|quantum repeater|entanglement|photon|spin|wave|multimode|state|generation|distribution|entanglement|resource|scheme|bin|encode|information|robustness|decoherence|fiber|distance|communication|generation|entanglement|photon|spin|excitation|earth|ion|entanglement|excitation|qubit|bin|qubit|analyzer|crystal|frequency|comb|state|source|photon|quality|entanglement|violation|entanglement|inequality|deviation
10.1364/OME.9.002318,quantum gate|quantum gate|laser|write|path|cnot|femtosecond|laser|write|waveguide|material|fabrication|quantum|logic|gate|cnot|gate|qubit|tbr|polarization|qubit|coupler|dcs|polarize|dcs|femtosecond|laser|write|path|cnot|gate|split|ratio|phase|glass|quantum|cnot|gate|photon|fidelity|venue|fabrication|scale|quantum|computation|circuit|femtosecond|laser|write|society|america|term|osa|access|publish|agreement
10.1103/PhysRevApplied.11.024071,quantum|dot|cavity|cmos|silicon|photon|chip|circuit|qpic|tool|device|quantum|technology|regime|silicon|photon|metal|oxide|semiconductor|cmos|technology|component|scale|qpic|nonlinearity|photon|level|qpic|photon|photon|interaction|date|realization|element|photon|nonlinearity|silicon|component|enhancement|functionality|qpic|silicon|photon|ina|quantum|dot|cavity|quantum|electrodynamic|cmos|silicon|photon|chip|integration|cavity|silicon|chip|transfer|print|cavity|quantum|electrodynamic|cmos|photon|chip|candidate|chip|photon|element|component|qpic|manipulation|measurement|qubit|state|cavity|photon|filter|router
10.1016/j.ijleo.2019.02.009,quantum gate|quantum gate|qubit|circuit|circuit|qubit|polarization|photon|qubit|csign|cnot|wave|pump|source|photon|pair|circuit|term|power|dissipation|management|functionality|structure|simulation|field|amplitude|value|output|branch|circuit|csign|modify|circuit|reduction|polarization|mode|dispersion|cnot|circuit|circuit|arrow|polarization|conversion|voltage
10.1103/PhysRevA.99.032108,investigation|state|device|randomness|generation|self|protocol|qubit|state|bit|randomness|self|violation|entanglement|inequality|experiment|state|qubit|task|scenario|deviation|situation|state|self|testing|randomness|generation|practice|entanglement|randomness|generation|intuition|state|candidate|device|quantum|information|process
10.1080/01468030.2019.1580802,quantum circuit|realization|swap|gate|electro|component|simulation|photon|qubit|swap|gate|circuit|titanium|channel|waveguide|polarization|encode|qubit|set|component|waveguide|type|interaction|rout|electro|device|build|block|circuit|simulation|numerical|beam|propagation|program|package
10.1088/1367-2630/ab1144,chip|integration|state|quantum|emitter|platform|build|block|device|chip|interface|photon|emitter|quantum|memory|mode|integration|state|qubit|nitrogen|vacancy|center|platform|substrate|platform|fluorescence|ability|structure|microresonator|mode|size|converter|numerical|structure|couple|dipole|emitter|mode|integration|emitter|force|microscope|chip|excitation|quantum|emitter|couple|photon|mode|structure|potential|platform|interface|chip|structure|state|qubit
10.1126/sciadv.aau6668,quantum coherence|quantum coherence|quantum|bernoulli|factory|effort|technology|technology|resource|randomness|process|bernoulli|factory|task|bernoulli|factory|qubit|measurement|one|measurement|qubit|order|magnitude|resource|entanglement|reduction|concept|mean|quantum|simulation|task
10.1038/s41598-019-53803-0,distance|device|quantum|distribution|idea|device|distribution|diqkd|quantum|hack|security|loophole|violation|entanglement|inequality|distance|limitation|diqkd|herald|device|instance|qubit|amplifier|arrival|photon|measurement|set|way|channel|loss|selection|measurement|set|event|rest|enhancement|distance|photon|diqkd|type|qubit|amplifier|finite|datum|block|size|scenario|resource|detection|efficiency|photodetector|quality|entanglement|source|distance|diqkd|frame|signal|transmission
10.1126/sciadv.aat1451,photon pair|electro|optic|circuit|computation|network|circuit|functionality|substrate|progress|platform|range|manipulation|state|demand|chip|management|device|generation|propagation|electro|path|rout|voltage|delay|waveguide|chip|hong|mandel|interference|visibility|chip|manipulation|state|polarization|control|experiment|control|qubit|gate|potential|chip|electro|optic|modulation
10.1007/s11128-019-2312-8,entanglement|measurement|state|cavity|spin|photon|interaction|scheme|concurrence|measurement|qubit|spin|state|cavity|interaction|photon|pulse|nitrogen|vacancy|center|diamond|scheme|copy|state|need|gate|scheme|resource|one|kind|gate|spin|qubit|copy|state|scheme|concurrence|way|state|participant|scheme|condition|parameter|operate
10.1038/s41534-019-0128-0,superconducting qubit|superconducting qubit|quantum communication|communication|entanglement|generation|scheme|communication|superconducte|module|chip|transmon|meter|cable|communication|resonator|chip|communication|resonator|mode|cable|communication|mode|cable|restriction|channel|communication|communication|insertion|loss|volume|footprint|circulator|transmon|frequency|drive|sideband|interaction|transmon|communication|mode|photon|transfer|success|probability|entanglement|pair|fidelity
10.1038/s41567-019-0550-4,quantum entanglement|quantum state|quantum state|quantum system|quantum device|quantum device|cluster state|copy|multipartite|entanglement|detection|quantum|technology|generation|state|verification|gate|error|threshold|detection|challenge|scale|task|measurement|expectation|value|entanglement|witness|measurement|set|framework|entanglement|detection|witness|resource|scheme|confidence|number|detection|event|copy|find|presence|entanglement|qubit|photon|source|telecommunication|wavelength|presence|entanglement|confidence|copy|qubit|entanglement|confidence|copy|state|protocol|number|copy|presence|imperfection|scale
10.1364/OPTICA.6.000335,quantum state|quantum system|feedback|control|photon|source|quantum|technology|scale|quantum|technology|control|fluctuation|error|measurement|perturbation|frequency|monitor|frequency|variation|photon|source|resonator|laser|field|photon|generation|probe|variation|resonator|frequency|protocol|feedback|control|photon|frequency|error|parallel|quantum|computation|qubit|silicon|device|sub|frequency|stabilization|presence|noise|frequency|drift|photon|line|width|feedback|engineering|oscillator|chip|network|chip|frequency|photon|source|scale|quantum|technology|society|america|term|osa|access|publish|agreement
10.1002/qute.201800074,quantum state|quantum state|quantum state|quantum state|quantum machine learning|reconstruction|qubit|state|reinforcement|experiment|photon|amount|copy|semiquantum|reinforcement|learn|qubit|state|agent|environment|shoot|measurement|feedback|order|overlap|device|herein|photon|setup|parameter|agent|measurement|outcome|environment|reward|punishment|signal|fidelity|photon|agent|state|reward|punishment|ratio|iteration|protocol|tool|copy|dimension|multipartite|scenario
10.1103/PhysRevLett.123.170402,quantum state|photon pair|measurement|device|quantum|steer|randomness|generation|qubit|measurement|device|quantum|referee|protocol|referee|party|entanglement|podolsky|rosen|epr|steer|need|party|device|need|party|channel|referee|party|referee|measurement|party|subsystem|set|letter|epr|steer|inequality|quantum|epr|witness|trust|verification|quantum|steer|class|qutrit|measurement|set|bit|randomness|datum|bit|limit|measurement|qubit|information|process|task|qubit
10.1103/PhysRevA.100.053843,quantum dot|quantum dot|superconducting qubit|transduction|range|waveguide|interaction|quantum|emitter|transduction|signal|frequency|scale|ingredient|communication|technology|field|information|process|advance|waveguide|photon|breakthrough|matter|couple|level|emitter|photon|scheme|couple|transducer|frequency|signal|field|level|photon|interaction|waveguide|transduction|field|scalability|integrability|state|platform|transducer|build|block|internet|node|interface|photon|level
10.1103/PhysRevLett.123.070505,quantum teleportation|quantum teleportation|quantum network|quantum state|quantum state|quantum system|quantum system|quantum repeater|dimension|transmission|teleportation|experiment|date|subspace|level|scheme|teleportation|photon|qutrit|measurement|set|qutrit|state|basis|teleportation|fidelity|copy|qutrit|state|estimation|limit|qubit|qutrit|overlap|teleportation|technology|dimension|teleportation|role
10.1038/s41566-018-0339-5,quantum state|quantum state|creation|atom|light|quantum|physics|entanglement|object|variable|schrodinger|gedanken|experiment|box|object|entanglement|information|process|object|quantum|tool|goal|matter|state|pulse|photon|cavity|atom|light|propagate|receiver|tomography|plethora|function|sign|classicality|quantum|logic|gate|atom|pulse|qubit|phase|field
10.1038/s41586-019-1709-y,quantum dot|quantum dot|quantum dot|quantum dot|quantum dot|quantum dot|microcavity|couple|regime|cavity|quantum|electrodynamic|qed|matter|interaction|level|photon|shift|resonance|frequency|nonlinearity|cavity|qed|test|bed|quantum|basis|photon|photon|atom|atom|microwave|frequency|cavity|qed|qubit|qubit|couple|circuit|frequency|gate|photon|distance|state|semiconductor|semiconductor|cavity|charge|noise|loss|challenge|ultralow|loss|frequency|microcavity|device|gate|charge|resonance|frequency|cavity|observation|cavity|mode|resonance|microcavity|linewidth|limit|addition|cross|domain|exchange|energy|quantum|atom|cavity|domain|vacuum|rabi|oscillation|decoherence|atom|photon|loss|channel|coherence|transition|photon|atom|photon|statistic|route|semiconductor|photon|photon|source|photon|photon|gate
10.1364/PRJ.7.000A40,quantum communication|quantum communication|quantum communication|quantum communication|quantum state|transmission|polarization|state|water|air|sea|security|fiber|space|air|experiment|network|satellite|space|submersible|ocean|quantum|channel|theory|experiment|question|polarization|qubit|distance|loss|channel|area|satellite|radio|wave|transmission|polarization|water|photon|level|transmission|test|platform|information|channel|quantum|tomography|distance|region|step|air|sea|laser|press
10.1142/S0219749919500588,quantum state|quantum|distribution|protocol|polarization|phase|encode|distribution|protocol|polarization|phase|protocol|protocol|degree|freedom|particle|manner|information|format|qubit|qudit|qubit|version|protocol|protocol|extension|protocol|infinite|attack|resend|photon|number|split|attack|photon|poisson|laser|source|addition|protocol|dimension|capability|ability|bit|information|detection|event|parameter|rate|likelihood|detection|eavesdropper|advantage|protocol|phase
10.1103/PhysRevLett.123.180504,quantum coherence|quantum coherence|quantum coherence|quantum error correction|quantum system|metrology|noise|technology|practice|quantum|feature|environment|feature|basis|property|resilience|type|noise|resilience|task|greenberger|zeilinger|state|bit|noise|metrology|scenario|qubit|probe|quantum|limit|noise|strength|magnitude|signal|evidence|advantage|presence|noise|role|control|hardware|overhead|complement|deployment|technology|world|set
10.1038/s41534-019-0220-5,quantum state|quantum state|quantum state|electro|optic|entanglement|source|microwave|telecom|transfer|microwave|modulator|resource|microwave|field|theory|entanglement|generation|transfer|electro|optic|device|crystal|gallery|mode|resonator|microwave|cavity|combination|film|technology|machine|dissipation|rate|microwave|domain|device|property|element|simulation|entanglement|generation|rate|order|mebit|pump|power|ten|microwatt|transfer|fidelity|coherence|state|teleportation|conversion|protocol|condition|capability|circuit|quantum|electrodynamic|resilience|fiber|communication|distance|state|qubit|network|quantum|signal|synthesis|distribution|quantum|detection|power|sense|modulation
10.1088/2058-9565/ab19f2,superconducting qubit|quantum state|quantum system|device|test|quantum|channel|quantum|tomography|role|action|channel|quantum|tomography|premise|characterization|description|device|measurement|assumption|arxiv|proc|soc|framework|device|inference|channel|framework|test|setup|device|protocol|validation|reconstruction|characterization|channel|assumption|device|way|assumption|protocol
10.1364/OE.27.000436,quantum computing|quantum system|graph state|graph state|quantum|microwave|signal|process|transform|way|quantum|computation|microwave|signal|process|transform|cebit|microwave|cmgs|term|cmgs|analogy|qubit|target|quantum|physics|behavior|resultant|construction|cebit|cmgss|detail|tomography|quality|gate|cmgss|transform|output|fidelity|simulation|search|algorithm|way|scheme|cebit|cmgs|efficiency|outcome|proposal|quantum|benefit|way|information|process|turn|tool|extent|society|america|term|osa|access|publish|agreement
10.1103/PhysRevApplied.11.044036,quantum network|quantum processor|characterization|spin|photon|interface|silicon|platform|host|spin|qubit|date|quantum|technology|spin|photon|interface|silicon|potential|memory|microwave|photon|converter|spin|silicon|photon|band|gap|silicon|identification|spin|photon|interface|nontrivial|identification|chalcogen|donor|spin|photon|interface|silicon|spin|degree|freedom|transition|dipole|moment|spin|lifetime|field|state|lifetime|efficiency|phonon|sideband|phonon|emission|fraction|parameter|platform|chalcogen|donor|qubit|silicon|reach|capability
10.1007/s11128-019-2339-x,quantum computing|quantum dot|quantum|cloner|cnot|gate|cnot|gate|cloner|switch|rout|photon|photon|spin|microcavity|qubit|line|device|cnot|fidelity|output|circuit|qubit|electron|spin|measurement
10.1103/PhysRevA.100.032333,pulse|fidelity|quantum|control|control|resonant|quantum|information|process|photon|detune|control|parameter|family|pulse|fidelity|population|transfer|detune|sequence|decay|lifetime|qubit|control|inaccuracy|parameter|strength|duration|detune|phase|jitter|shift|frequency|chirp|sequence|photon|platform|transfer|fabrication|error
10.1088/2058-9565/aafaba,quantum network|quantum network|quantum network|multimode|interferometry|atom|cavity|matter|interface|multimode|interferometer|chip|potential|entanglement|pair|photon|atom|cavity|coincidence|photon|detection|event|loss|coherence|pair|photon|comparison|photon|visibility|hong|mandel|interference|beam|splitter|ability|multimode|circuit|entanglement|node|qubit
10.1103/PhysRevA.99.022337,quantum|multiplexing|pair|gate|information|science|technology|task|entanglement|distribution|scheme|pulse|pair|memory|pair|user|turn|pulse|photon|channel|user|distribution|scheme|pulse|number|memory|consequence|resource|purification|protocol|fidelity|pair|quality|pair|resource|term|matter|qubit|photon|efficiency|scheme|rate|account|rate|user|pair|resource|efficiency|protocol|pair|way|scheme|term|generation|rate|resource|error|correction|detection|scheme|generation|rate
10.1038/s41566-019-0368-8,quantum communication|quantum state|quantum memory|quantum memory|quantum memory|quantum memory|quantum memory|photon|polarization|interface|distance|scale|quantum|computation|scheme|storage|retrieval|efficiency|pulse|memory|photon|efficiency|threshold|value|demonstration|photon|polarization|qubit|efficiency|fidelity|channel|transparency|laser|rubidium|atom|channel|efficiency|photon|waveform|information|process
10.1103/PhysRevLett.122.120402,quantum simulation|array|state|symmetry|generation|protection|entanglement|quantum|computation|mode|level|protocol|state|promise|coherence|error|correction|scheme|ensemble|body|state|hubbard|pair|symmetry|mechanism|parameter|region|ground|state|state|lattice|parity|register|qubit|phenomenology|size|geometry|range|order|condition|limit|mott|insulator|pair|phase|transition
10.1021/acs.nanolett.9b02443,quantum computing|quantum computing|quantum dot|quantum dot|quantum dot|quantum dot|quantum dot|quantum dot|quantum network|quantum network|spin|photon|interface|charge|tunable|cavity|electron|hole|spin|state|qubit|spin|crystal|cavity|spin|photon|interface|spin|photon|cavity|reflection|coefficient|demonstration|spin|photon|interface|impurity|instability|charge|state|contrast|cavity|reflectivity|spin|photon|interface|structure|crystal|cavity|couple|cavity|mode|state|dot|spin|pump|spin|modulation|cavity|reflectivity|cooperativity|spin|reflectivity|entanglement|spin|photon|photon|photon|interaction
10.1103/PhysRevA.99.032339,quantum dot|quantum entanglement|quantum coherence|quantum communication|quantum cryptography|quantum simulation|detection|storage|entanglement|quantum|dot|qubit|proposal|advance|formation|wisdom|dissipation|environment|entanglement|quantum|dot|qubit|surface|plasmon|mode|cavity|mode|cavity|quantum|electrodynamic|calculation|excitation|femtosecond|laser|pulse|entanglement|quantum|dot|exciton|evolution|pair|correlation|function|cavity|photon|indicator|entanglement|degree|entanglement|evolution|couple|cavity|quantum|dot|mode|quantum|dot|entanglement|cavity|entanglement|lifetime|phenomenon|signature|quantum|dot|exciton|polariton|formation|preservation|entanglement|couple|limit|cavity|quantum|dot|interaction|mean|entanglement|storage|manipulation|quality|cavity
10.1002/qute.201900011,quantum communication|quantum network|quantum|cod|protocol|idea|resource|communication|capacity|primitive|variety|information|protocol|progress|report|idea|cod|history|variable|protocol|communication|background|hand|achievement|qubit|mode|resonance|state|art|step
10.1103/PhysRevLett.123.100501,superconducting qubit|quantum gate|quantum gate|quantum|computation|nhqc|construction|nhqc|gate|hamiltonian|set|condition|robustness|gate|control|error|gate|way|flexibility|robustness|type|noise|control|decouple|pulse|shortcut|adiabaticity|construction|gate|quantum|computation|platform|nitrogen|vacancy|center|numerical|simulation|noise|robustness|phy|rev|lett|nat|photon|class|noise|robustness|phase|control|theory
10.1103/PhysRevA.99.033853,relaxation|rate|suppression|cavity|symmetry|relaxation|rate|level|atom|planar|cavity|parity|parity|symmetry|center|cavity|evanescent|contribution|relaxation|rate|relaxation|pathway|cavity|transition|wavelength|microcavitie|relaxation|rate|space|level|ability|relaxation|rate|state|lifetime|control|storage|coherence|qubit
10.1103/PhysRevLett.122.120505,quantum communication|quantum measurement|multipartite|entanglement|moment|correlation|detection|multipartite|entanglement|number|respect|reference|frame|prerequisite|satellite|detection|possibility|distribution|reference|frame|number|measurement|set|letter|treatment|detection|characterization|multipartite|entanglement|moment|order|pseudorandom|entanglement|criterion|reference|frame|one|strength|qubit|multipartite|scenario
10.1038/s41534-019-0173-8,quantum computing|quantum|logic|space|nature|photon|source|photon|photon|interaction|information|photon|purpose|quantum|information|process|unit|information|qudit|frequency|degree|freedom|chip|source|qudit|gate|photon|fidelity|basis|qudit|modulo|sum|gate|photon|state|nonseparability|frequency|qudit|sum|gate|frequency|bin|photon|qudit|party|greenberger|zeilinger|state|space|qubit|cod|potential|quantum|gate|encode|space|quantum|information|process|protocol
10.1021/acsanm.9b01453,quantum communication|quantum network|simulation|room|temperature|waveguide|photon|avalanche|detector|silicon|photon|sense|quantum|qubit|choice|information|science|photon|speed|light|environment|distance|context|platform|chip|scale|photon|scheme|quantum|photon|couple|light|photodetector|temperature|gesn|platform|candidate|photon|avalanche|detector|spad|room|temperature|simulation|waveguide|spad|gate|wavelength|breakdown|voltage|count|rate|dcr|photon|detection|efficiency|noise|power|count|probability|avalanche|feature|self|way|pipin|spad|parameter|function|gesn|dislocation|density|temperature|gate|gesn|separate|absorber|film|waveguide|end|number|room|room|temperature|lidar|metrology|sense|distribution
10.1007/s11082-019-2011-9,swap|polarization|modal|qubit|channel|circuit|swap|modal|polarization|qubit|channel|waveguide|chip|element|polarization|mode|analyzer|combiner|coupler|polarization|converter|circuit|gate|photon|quantum|swap|gate|entanglement|generation|chip|mean|parametric|conversion|waveguide|input|section|circuit|element|circuit|beam|propagation|program|package|period|structure|circuit|coupler|maximum|polarization|conversion|efficiency|switch|voltage
10.1364/OPTICA.6.000034,quantum dot|quantum teleportation|quantum communication|photon pair|photon pair|photon pair|bell state|polarization|molecule|entanglement|resource|optic|door|scheme|quantum|precision|sense|source|conversion|decay|atom|emitter|interaction|qubit|broadband|emission|source|emitter|region|ion|defect|center|sodium|resonant|band|mhz|entanglement|source|molecule|beam|splitter|render|photon|polarization|state|quality|violation|entanglement|inequality|entanglement|parameter|limit|quantum|state|tomography|detector|count|value|tomography|fidelity|route|background|state|entanglement|source|nature|source|event|source|combination|qubit|atom|ion|center|society|america|term|osa|access|publish|agreement
10.1103/PhysRevA.99.032302,quantum computing|quantum error correction|quantum repeater|quantum repeater|bell state|bell state|bell state|entanglement|measurement|success|probability|predetection|photon|number|detector|realization|measurement|bsm|photon|qubit|probability|predetection|quadrature|quantum|noise|phase|amplification|linear|bsm|circuit|approximate|ability|resource|realization|linear|photon|value|maximum|squeeze|bsm|resource|insight|bsm|mode|strength|state|discrimination|usd|point|approximate|change|squeeze|boost|gate|range|maximum|approximate|gate|trade|space|probability|bsm|circuit|success|probability|error|probability|input|circuit|success|tradeoff|entanglement|generation|rate|usd|gate|bsm
10.1364/OE.27.025603,quantum network|quantum system|frequency|conversion|polarisation|qubit|quantum|information|device|strength|task|qubit|information|property|term|gate|wavelength|wavepacket|photon|polarisation|quantum|frequency|conversion|device|telecom|wavelength|photon|variety|quantum|memory|device|noise|photon|state|transfer|tomography|observation|fidelity|entanglement|conversion|addition|wave|setup|wavelength|build|block|information|light|matter|society|america|term|osa|access|publish|agreement
10.1038/s41534-019-0137-z,quantum computing|gate|frequency|bin|qubit|realization|photon|photon|interaction|challenge|photon|photon|gate|component|information|process|qip|scheme|entangle|gate|spatio|polarization|encode|degree|freedom|photon|gate|platform|frequency|encode|part|challenge|wavelength|photon|article|gate|frequency|qubit|coincidence|basis|cnot|line|line|pulse|shape|electro|optic|modulation|fidelity|parameter|inference|machine|learn|gate|reconstruction|measurement|photon|basis|cnot|photon|frequency|shift|frequency|photon|capability|direction|fiber|qip
