DOI,nouns
10.1038/NPHYS1731,quantum bit|quantum system|quantum system|trapped ion|bell state|w state|interaction|phase|qubit|cavity|multipartite|entanglement|quantum|test|precision|form|qubit|atom|microwave|circuit|interaction|evidence|particle|entanglement|demonstration|interaction|domain|phase|qubit|resonant|cavity|evidence|evolution|product|state|bipartite|cavity|multiphoton|register|entanglement|bus|preparation|multiphoton|state|cavity|interaction|entanglement|distribution|creation|class|entanglement|greenberger|zeilinger|state
10.1134/S1063783410110053,josephson junction|josephson junction|quantum bit|phase|relation|heterostructure|spacer|review|theory|phase|relation|heterostructure|layer|attention|possibility|center|dot|junction|ground|state|absence|current|josephson|phase|center|dot|nonzero|speculation|possibility|josephson|dot|junction|basis|heterostructure|layer|formation|qubit|attempt|requirement|characteristic|josephson|heterostructure|principle|description|interferometer|inductance
10.1007/s10773-010-0253-1,trapped ion|cavity|interaction|charge|qubit|role|flux|analogy|computation|scheme|charge|qubit|wave|cavity|mode|qubit|address|qubit|cavity|couple|flux|gate|gate|excitation|gate|qubit|cavity|parameter|parameter|flux|way|dynamic|realization
10.1016/j.physc.2010.05.159,quantum bit|superconducting qubit|chip|rsfq|microwave|pulse|generator|quantum|driver|quantum|computer|josephson|junction|qubit|flux|quantum|rsfq|circuit|chip|rsfq|microwave|pulse|generator|mpg|microwave|pulse|resolution|sub|control|qubit|state|output|microwave|amplitude|mpg|flux|quantum|mfq|driver|number|flux|quantum|sfq|pulse|property|mfq|driver|rsfq|mpg|mfq|driver|sfq|pulse|mfq|pulse|irradiation|amplitude|output|microwave|rsfq|mpg|right
10.1103/PhysRevB.81.134514,superconducting qubit|superconducting qubit|superconducting qubit|trapped ion|mesoscopic|readout|circuit|quantum|electrodynamic|state|chip|microwave|resonator|qubit|state|generation|cavity|field|vacuum|resonator|field|device|qubit|readout|fidelity|measurement|spirit|electron|idea|improvement|qubit|fidelity
10.1103/PhysRevB.81.134507,quantum bit|superconducting qubit|microwave|gate|couple|transition|frequency|register|transition|frequency|circuit|element|architecture|scale|information|processor|scheme|qubit|gate|microwave|signal|amplitude|frequency|resonance|condition|signal|phase|parameter|microwave|scheme|qubit|gate|qubit|control|transition|frequency|target|couple|frequency|drive|tone|drive|amplitude|couple|strength|phase|qubit|gate|ratio|drive|amplitude|omega|qubit|qubit|delta|proposal|omega
10.1103/PhysRevE.82.051116,quantum bit|theory|energy|escape|duffe|oscillator|progress|circuit|phenomenon|bifurcation|transition|orbit|anharmonic|oscillator|duffe|oscillator|regime|dissipation|diffusion|equation|limit|relation|tunneling|reflection|bath|quantum|fluctuation|state|distribution|expression|switch|probability|reduction|transition|rate|reflection|phase|space|barrier|increase|quantum|fluctuation|diffusion|barrier|behavior|rate|bifurcation|escape|dynamic|domain|energy|scale|friction|energy|scale
10.1103/PhysRevB.81.144519,josephson junction|josephson junction|quantum dot|quantum dot|quantum gate|proposal|spin|qubit|spin|qubit|spin|qubit|spin|spin|orbit|interaction|phase|difference|junction|spin|qubit|gate|spin|qubit|inductance|loop|junction|realization|semiconductor|contact|superconducte|lead|number|electron|gate|voltage|spin|qubit|number|electron|qubit|property|level|theory|estimation|qubit|parameter|spin|josephson|energy|framework|order|perturbation|theory
10.1134/S106378501002001X,josephson junction|quantum bit|phase|qubit|junction|interferometer|energy|spectrum|phase|qubit|interferometer|term|hamilton|formalism|formula|ground|level|split|qubit|spectrum
10.1103/PhysRevA.82.013601,qubit|order|interaction|molecule|cavity|exchange|microwave|photon|stripline|cavity|spin|qubit|interaction|charge|phase|qubit|ensemble|molecule|order|interaction|molecule|commutation|relation|qubit|numerical|simulation|order|interaction|parameter|number|number|kerr|interaction|kerr|parameter|number|value|order|magnitude|proposal|scheme|state|way|quantum|dynamic|molecule
10.1103/PhysRevA.81.062332,trapped ion|demonstration|logic|gate|surface|ion|trap|quantum|control|surface|trap|transition|ground|state|form|qubit|qubit|transition|field|fluctuation|superconducte|ring|decoherence|qubit|environment|stark|shift|correction|laser|phase|sequencer|need|laser|quantum|tomography|state|sequence|zoller|gate|ion|fidelity
10.1088/1367-2630/12/6/063015,josephson junction|quantum computing|quantum computing|quantum computing|quantum computing|qubit|chip|microwave|photon|transmission|line|resonator|chip|qubit|optic|control|josephson|device|chip|advantage|nonlinearitie|qubit|interaction|gate|error|rate|scheme|josephson|device|decoherence|technology|scheme|milestone|qubit
10.1103/PhysRevB.81.104505,josephson junction|leakage|josephson|flux|qubit|breakdown|level|approximation|state|device|quantum|bit|computation|qubit|level|energy|level|josephson|flux|qubit|quantum|interference|device|loop|flux|quantum|leakage|transition|qubit|state|state|pulse|computation|gate|ground|state|field|pulse|qubit|resonant|frequency|intensity|calculation|leakage|leakage|matrix|element|supercurrent|simulation|schroumldinger|equation|hamiltonian|device|simulation|value|level|approximation|rabi|frequency|leakage|function|ratio|alpha|josephson|energy|junction|device|value|leakage|alpha|flux|noise|leakage
10.1103/PhysRevB.82.180518,superconducting qubit|superconducting qubit|superconducting qubit|superconducting qubit|superconducting qubit|superconducting qubit|quantum|zeno|scheme|verification|zeno|noise|spectrum|decay|behavior|correlation|noise|measurement|decay|dynamic|feature|zeno|sequence|measurement|way|zeno|prediction|technology
10.1103/PhysRevA.81.063823,superconducting qubit|superconducting qubit|superconducting qubit|tunable|transparency|absorption|transparency|absorption|eit|eia|level|contrast|eit|level|level|qubit|mode|cavity|field|eit|eia|level|space|tunability|relaxation|rate|level|space|qubit|transition|property|qubit|susceptibility|relaxation|rate|reaction|qubit|incident|probe|field|datum|charge|phase|flux|qubit|possibility|proposal
10.1103/PhysRevA.81.012306,superconducting qubit|quantum circuit|quantum circuit|quantum state|multifrequency|control|pulse|phase|qubit|qubit|gate|control|pulse|energy|difference|multistate|control|pulse|generalization|floquet|frequency|control|control|qudit|agreement|simulation
10.1007/s11433-010-4014-1,superconducting qubit|feshbach|resonance|feshbach|resonance|resonance|atom|scatter|channel|state|channel|resonance|phenomenon|collision|particle|transport|massless|particle|photon|resonator|array|cavity|level|tls|tls|array|state|setup|transmission|feshbach|resonance|state|couple|cavity|crystal|transmission|line|numerical|simulation|domain|assumption
10.1103/PhysRevLett.104.027002,superconducting qubit|superconducting qubit|superconducting qubit|superconducting qubit|squid|kinetic|inductor|couple|environment|state|interaction|fact|state|decay|rate|qubit|lifetime|order|magnitude|manipulation|readout|decay|fidelity
10.1103/PhysRevLett.105.167001,superconducting qubit|superconducting qubit|circuit|qed|phase|array|array|body|quantum|ise|qubit|resonator|circuit|qed|behavior|body|state|qubit|array|switch|regime|phase|phase|qubit|array|circuit|parameter
10.1103/PhysRevB.82.165320,quantum dot|superconducting qubit|cool|motion|level|temperature|regime|cool|resonator|state|level|regime|temperature|planck|equation|mode|saturation|dynamic|resonator|mode|occupation|number|degrade|rate|breakdown|temperature|dependence|parameter|state|resonator|spin|qubit
10.1103/PhysRevB.82.024514,superconducting qubit|superconducting qubit|quantum gate|cluster state|cluster state|resonant|circuit|quantum|electrodynamic|resonant|gate|circuit|quantum|electrodynamic|information|process|utilization|level|resonator|tool|qubit|resonant|gate|gate|speed|benefit|qubit|gate|circuit|quantum|electrodynamic|array|phase|qubit|gate|generation|account|decoherence|mechanism|fidelity|generation
10.1038/nature09418,quantum computer|quantum algorithm|quantum state|generation|qubit|state|phase|qubit|entanglement|resource|quantum|creation|measurement|state|importance|qubit|state|violation|entanglement|qubit|qubit|state|change|basis|qubit|state|ghz|gate|phase|ghz|state|state|entanglement|qubit|entanglement|mixture|qubit|entanglement
10.1103/PhysRevA.81.022305,superconducting qubit|relaxation|qubit|duffe|oscillator|relaxation|casewhen|detector|josephson|bifurcation|amplifier|state|vibration|qubit|relaxation|rate|state|dependence|qubit|frequency|enhancement|quasienergy|resonance|oscillator|temperature|qubit
10.1103/PhysRevB.81.144510,superconducting qubit|resonator|circuit|quantum|electrodynamic|theory|treatment|resonator|circuit|quantum|electrodynamic|setup|quantum|switch|couple|resonator|regime|qubit|transition|frequency|resonator|hamiltonian|switch|wave|approximation|dynamic|find|qubit|quantum|switch|qubit|dynamic|strength|influence|calculation|oscillation|resonator|decay|state|decay|resonator|resonator|entanglement|protocol|constant|qubit|resonator|quadrature|resonator|field
10.1103/PhysRevA.81.062323,superconducting qubit|superconducting qubit|phase|gate|qubit|qubit|cavity|step|phase|gate|qubit|qubit|cavity|resonator|qubit|phase|gate|multiqubit|phase|gate|gate|phase|gate|number|qubit|phase|gate|qubit|state|cavity|mode|cnot|gate|qubit|gate|qubit|frequency|resonator|frequency|resonator|gate|qubit|qubit|resonator|discussion|gate|atom|cavity|state
10.1140/epjd/e2010-00015-x,quantum system|ghz state|ghz state|w state|w state|w state|w state|greenberg|zeilinger|state|charge|qubit|coulomb|blockade|coulomb|blockade|scheme|type|qubit|entanglement|greenberg|zeilinger|ghz|state|qubit|charge|qubit|scheme|charge|qubit|eigenstate|hamiltonian|lifetime
10.1103/PhysRevB.82.184515,quantum|tomography|qubit|gate|phase|qubit|quantum|tomography|gate|phase|qubit|gate|state|phase|qubit|fidelity|phase|gate|loss|fidelity|qubit|decoherence|gate|qubit|jozsa|algorithm|function|query
10.1103/PhysRevB.82.100507,superconducting qubit|nonequilibrium|delocalization|localization|transition|photon|circuit|quantum|electrodynamic|photon|tunnel|microwave|resonator|nonequilibrium|delocalization|localization|self|transition|photon|qubit|couple|self|photon|resonator|localization|qubit|resonator|state|localization|observation|transition|readout|qubit|state|dissipation|photon|decoherence|qubit|self|regime
10.1103/PhysRevB.82.060512,pair|flux|qubit|measurement|resonant|tunneling|energy|state|pair|quantum|device|flux|qubit|mean|energy|gap|qubit|environment|pair|qubit|measurement|tunneling|rate|function|qubit|flux|bias|line|shape|prediction|peak|width|qubit|environment|fluctuation|qubit
10.1103/PhysRevB.81.100511,superconducting qubit|rabi|spectroscopy|qubit|fluctuator|signature|couple|level|fluctuator|tlfs|level|cross|datum|phase|qubit|rabi|oscillation|microwave|drive|qubit|resonance|tlf|rabi|rabi|frequency|order|qubit|couple|level|dynamic|datum|asymmetry|qubit|fluctuator|level|split|asymmetry|couple|tlf|microwave|field|qubit|level
10.1103/PhysRevLett.105.100502,superconducting qubit|superconducting qubit|quantum coherence|coherence|hybrid|measurement|hybrid|type|coherence|topology|qubit|junction|flux|qubit|capacitance|ratio|junction|current|qubit|potential|well|form|qubit|nonlinearity|sign|qubit|qubit|resonator|configuration
10.1088/0953-8984/22/35/355301,superconducting qubit|resonator|scheme|couple|phase|qubit|resonator|scheme|resonator|energy|scale|josephson|energy|phase|qubit|couple|strength|quantum|correlation|resonator|couple|phase|qubit
10.1103/PhysRevLett.104.100504,superconducting qubit|cavity|quantum|electrodynamic|photon|storage|readout|mode|realization|cavity|quantum|electrodynamic|setup|photon|lifetime|mode|cavity|transmission|line|resonator|mode|cavity|mode|detection|line|qubit|state|readout|lifetime|mode|photon|storage|gate|sideband|measurement|photon|coherence|generation|photon|state|scale|sideband|rabi|frequency|root|scheme|sideband|qubit|logic|gate
10.1016/j.physe.2009.06.043,superconducting qubit|micromaser|experiment|possibility|qubit|maser|resonator|atom|laser|qubit|resonator|couple|property|radiation|phase|drive|resonator|right
10.1063/1.3533805,readout|scheme|josephson|phase|qubit|microwave|scheme|josephson|phase|qubit|interference|device|squid|resonator|qubit|flux|state|qubit|amplitude|phase|microwave|pulse|resonator|dissipative|qubit|state|measurement|readout|squid|nonzero|voltage|state|readout|scheme|qubit|microwave|line|frequency|division|multiplexing|american|institute|physics
10.1038/NPHYS1700,josephson junction|superconducting qubit|quantum circuit|quantum circuit|quantum circuit|superconductor|ferromagnet|superconductor|shifter|gate|speed|energy|consumption|metal|oxide|semiconductor|logic|obstacle|element|density|chip|cell|size|flux|quantum|type|cell|flux|junction|gate|circuit|quantum|phase|shifter|superconductor|ferromagnet|superconductor|sandwich|circuit|flux|quantum|cell|niobium|electron|phase|qubit|rabi|oscillation|degradation|coherence|reference|qubit|junction
10.1038/NPHYS1639,superconducting qubit|superconducting qubit|quantum gate|quantum|tomography|gate|josephson|phase|qubit|input|basis|state|superposition|experiment|truth|table|gate|gate|superposition|input|state|quantum|qpt|gate|tomography|gate|preparation|input|state|qubit|interaction|shoot|measurement|output|state|qpt|noise|property|qubit|control|theory|qubit|qpt|fidelity|noise|property|gate|addition|fidelity|gate|ratio|level|couple|requirement|fidelity|device|state|demonstration|qpt|qubit|qpt|state
10.1063/1.3515520,superconducting qubit|behavior|flux|qubit|resonator|theory|transmission|line|resonator|master|equation|density|matrix|term|transmission|coefficient|way|state|qubit|experiment|couple|qubit|resonator|couple|energy|order|qubit|relaxation|rate|american|institute|physics
10.1143/APEX.3.103101,generation|microwave|photon|state|inductor|capacitor|resonator|flux|nature|inductor|capacitor|resonator|series|sequence|cycle|vacuum|rabi|oscillation|microwave|photon|resonator|flux|qubit|photon|number|distribution|transformation|quantum|oscillation|vertical|state|photon|number|resonator|qubit|state|generation|photon|state|resonator|japan|society|physics
10.1103/PhysRevB.82.134530,quantum system|quantum system|multiphoton|spectroscopy|multiphoton|spectroscopy|hybrid|phase|qubit|level|tls|state|qubit|tls|regime|qubit|tls|couple|drive|perturbation|regime|correction|multiphoton|decoherence|comparison|experiment|theory|agreement|range|parameter
10.1103/PhysRevA.82.052304,quantum computing|quantum computing|quantum computing|quantum computing|ground|state|proposal|hamiltonian|ground|state|ground|state|circuit|squid|island|charge|state|state|set|qubit|gate|nontrivial|qubit|gate|inductance|neighbor|circuit|ground|state|paradigm
10.1103/PhysRevA.82.062326,quantum system|multiqubit|tunable|phase|gate|qubit|qubit|cavity|multiqubit|phase|gate|qubit|qubit|level|cavity|resonator|qubit|phase|gate|multiqubit|phase|gate|control|qubit|target|qubit|proposal|level|state|qubit|energy|level|gate|photon|control|qubit|phase|shift|state|target|qubit|phase|shift|target|qubit|rabi|frequency|pulse|target|qubit|gate|gate|number|qubit|adjustment|qubit|level|space|adjustment|cavity|mode|frequency|gate|gate|proposal|type|multiqubit|phase|gate|multiqubit|phase|gate|qubit|gate|element|transform|proposal|type|device|resonator|atom|cavity
10.1103/PhysRevA.81.043805,quantum system|jahn|teller|instability|state|oscillator|level|qubit|wave|approximation|version|circle|time|beta|jahn|teller|version|point|bifurcation|quantum|ground|state|entanglement|oscillator|qubit|bifurcation|description|bifurcation|structure|cavity|junction|conductor|coplanar|waveguide
10.1007/s11128-009-0156-3,quantum computing|superconducting qubit|quantum gate|decomposition|qubit|operator|term|cnot|decomposition|qubit|operator|decomposition|equivalence|class|variety|decomposition|qubit|operator|term|cnot|gate|product|factor|parameter|interest|spin|molecule|information|process
10.1103/PhysRevA.81.034301,cluster state|way|computation|circuit|quantum|electrodynamic|report|scheme|way|computation|circuit|quantum|electrodynamic|qed|charge|qubit|step|transmission|line|resonator|tlr|role|coupler|qubit|measurement|basis|electron|transistor|help|qubit|gate|decoherence|source|circuit|qed|architecture|way|quantum|computation
10.1103/PhysRevLett.105.210501,quantum processor|nitrogen|vacancy|center|diamond|flux|qubit|couple|nitrogen|vacancy|center|diamond|flux|qubit|couple|interaction|spin|state|center|flux|qubit|couple|transfer|information|flux|qubit|ensemble|center|term|memory|interface|qubit|light
10.1103/PhysRevLett.105.173601,fidelity|readout|circuit|quantum|electrodynamic|jayne|cumme|nonlinearity|qubit|readout|scheme|jayne|cumme|nonlinearity|cavity|transmon|qubit|regime|onset|transmission|state|power|qubit|state|measurement|protocol|shoot|fidelity|sample|setup|fidelity|correlation|qubit
10.1103/PhysRevA.81.040103,quantum measurement|quantum measurement|decoherence|suppression|reversal|qubit|decoherence|temperature|energy|relaxation|uncollapse|measurement|reversal|procedure|qubit|state|ground|state|storage|period|measurement|state|procedure|energy|decay|event|decoherence|suppression|selection|probability|point|trade|measurement|strength|experiment|way|phase|qubit
10.1103/PhysRevA.82.052311,superconducting qubit|superconducting qubit|circuit|lattice|architecture|resonator|variety|lattice|spin|hubbard|fractal|dimension|genus|topology|spin|qubit|resonator|realization|hubbard|requirement|interaction|qubit|pair|laboratory|proposal|technology
10.1103/PhysRevLett.105.160502,quantum dot|quantum bit|quantum bit|spin|contact|circuit|qed|scheme|spin|element|interface|exchange|manipulation|spin|couple|coplanar|waveguide|cavity|setup|band|structure|principle|type|nanoconductor|chip|spin|manipulation|cavity|qed
10.1103/PhysRevB.81.144505,quantum state|interference|landau|transition|qubit|quantum|interference|device|qubit|amplitude|frequency|field|population|transition|distinct|landau|transition|energy|level|cross|qubit|population|state|function|flux|detune|microwave|power|exhibit|pattern|feature|interference|rate|equation|feature
10.1103/PhysRevA.82.014303,quantum|phase|gate|circuit|qed|protocol|phase|gate|transmon|qubit|transmission|line|resonator|microwave|field|protocol|regime|protocol|detune|delta|nontrivial|qubit|gate|qubit|resonator|couple|strength|protocol|decoherence|source|parameter|variation|protocol|circuit|qed
10.1103/PhysRevLett.105.237001,superconducting qubit|observation|bloch|siegert|shift|qubit|oscillator|couple|regime|energy|level|shift|resonator|couple|regime|inductance|couple|energy|ghz|addition|counter|wave|term|description|jayne|cumme|mhz|bloch|siegert|shift|qubit|symmetry|point
10.1063/1.3529457,evaluation|defect|phase|qubit|precision|spectroscopy|model|form|couple|phase|qubit|level|defect|datum|parameter|qubit|defect|couple|component|origin|level|defect|american|institute|physics
10.1103/PhysRevB.82.144526,quantum system|landau|stuckelberg|spectroscopy|flux|qubit|energy|spectrum|flux|qubit|frequency|spectroscopy|triangle|pulse|qubit|anticrosse|landau|stuckelberg|interference|pattern|information|energy|spectrum|spectroscopy|regime|energy|microwave|line|setup|noise|idea|possibility|qubit|pulse
10.1088/1674-1056/19/5/057301,josephson junction|decoherence|flux|qubit|radio|frequency|quantum|interference|device|rfsquid|degeneracy|point|state|flux|qubit|noise|environment|oscillator|bath|virtue|operator|norm|measure|decoherence|decoherence|flux|qubit|noise|environment|property|mean|numerical|evaluation
10.1063/1.3354089,josephson junction|josephson junction|phase|qubit|readout|scheme|phase|qubit|quantum|interference|device|qubit|measurement|circuit|scheme|phase|transmission|line|state|measurement|pulse|frequency|shift|parameter|readout|microwave|readout|phase|qubit|readout|line|principle|flux|qubit|readout|configuration|american|institute|physics
10.1103/PhysRevLett.105.257002,sisyphu|microwave|flux|qubit|resonator|sisyphu|amplification|optic|mechanism|quality|factor|resonant|tank|circuit|flux|qubit|datum|flux|qubit|quality|factor|noise|resonator|microwave|enhancement|tank|circuit|resonance|limit
10.1103/PhysRevLett.105.023601,josephson junction|couple|circuit|qed|couple|flux|qubit|microwave|transmission|line|loop|cavity|transmission|line|circuit|couple|strength|couple|regime|couple|qubit|photon|frequency|set|architecture
10.1016/j.physe.2009.06.074,superconducting qubit|entanglement|disentanglement|circuit|qed|protocol|entanglement|circuit|qed|network|architecture|circuit|cavity|environment|rise|decoherence|dissipation|preparation|cavity|qubit|state|landau|zener|sweep|cavity|quantum|switch|ancilla|qubit|decay|cavity|state|influence|environment|entanglement|decay|right
10.1103/PhysRevLett.104.177004,couple|phase|qubit|element|resonator|couple|phase|qubit|element|resonator|couple|strength|flux|squid|regime|flux|bias|squid|inductance|couple|energy|phase|qubit|resonator|modulation|strength|mhz|modulation|size|split|phase|qubit|spectroscopy|modulation|vacuum|rabi|oscillation|frequency|resonance|split|vacuum|rabi|oscillation|prediction
10.1103/PhysRevB.81.052505,quantum system|quantum system|cross|correlation|charge|noise|fluctuation|level|josephson|protocol|cross|correlation|charge|noise|contact|cooper|pair|transistor|phase|qubit|circuit|behave|level|configuration|term|principle|measurement|cross|correlation|escape|probability|quantum|interference|device|quantum|state|tomography|element|density|matrix|level
10.1103/PhysRevB.82.132501,dynamic|microwave|phase|qubit|level|description|dynamic|microwave|phase|qubit|level|tls|range|microwave|field|strength|phenomenon|level|rabi|oscillation|contrast|beat|rabi|oscillation|photon|transition|qubit|tls|prediction
10.1103/PhysRevB.82.094510,measurement|crosstalk|phase|qubit|coplanar|waveguide|measurement|crosstalk|flux|phase|qubit|coplanar|waveguide|cavity|qubit|measurement|phase|undergoe|oscillation|anharmonic|potential|frequency|voltage|crosstalk|signal|coplanar|waveguide|cavity|bandpass|filter|propagation|crosstalk|signal|qubit|resonance|cavity|transmission|crosstalk|signal|qubit|frequency|couple|capacitance|cavity|amplitude|crosstalk|signal|qubit|response|datum|energy|crosstalk|generate|qubit|energy|relaxation|delay|crosstalk|signal|cavity|scale|cavity|element|crosstalk|filter|architecture|qubit
10.1063/1.3486472,josephson junction|gate|gap|flux|qubit|junction|flux|qubit|property|quantum|interference|device|squids|order|qubit|gap|experiment|gap|function|field|field|squid|chip|control|line|gap|behavior|numerical|simulation|sensitivity|gap|control|line|sample|stage|tune|range|gigahertz|qubit|dynamic|timescale|dynamic|degeneracy|point|american|institute|physics
10.1142/S0219749910006630,description|phase|qubit|measurement|hamiltonian|measurement|tunneling|phase|qubit|state|expression|dynamic|measurement|qubit|expression|dynamic|comparison|density|matrix|interference|tunneling|channel|hamiltonian
10.1088/1367-2630/12/4/043047,superconducting qubit|quantum gate|manipulation|flux|qubit|device|josephson|qubit|manipulation|microwave|pulse|frequency|ghz|operate|frequency|mhz|ghz|manipulation|pulse|absence|microwave|flux|pulse|potential|qubit|well|condition|scheme|oscillation|period|tunable|respect|manipulate|procedure|coherence|order|device|technology|microwave|manipulation|manipulation|issue|compensation|procedure|fluctuation|perspective|logic|qubit|control
10.1103/PhysRevA.81.010103,quantum computing|superconducting qubit|noise|loop|bloch|sphere|qubit|spectrum|noise|type|spectrum|noise|source|decoherence|step|ability|characteristic|noise|qubit|measurement|type|qubit|point|qubit|work|point|degree|freedom|noise|parameter|noise|loop|bloch|sphere|datum|parameter|regime|loop
10.1103/PhysRevLett.104.177205,superconducting qubit|quantum system|detection|qubit|oscillator|entanglement|experiment|year|resonator|quantum|regime|property|accuracy|uncertainty|limit|question|quantum|hallmark|quantum|mechanic|existence|state|scenario|entanglement|resonator|qubit|setup|detection|scheme|noise|measurement|point|contact|oscillator|qubit|setup|observation|entanglement|discrete|state
10.1103/PhysRevA.82.024301,quantum|gate|level|quantum|interference|device|resonator|way|qubit|phase|gate|interference|device|squid|resonator|proposal|level|squid|state|level|squid|gate|realization|adjustment|level|space|gate|gate|uniformity|parameter|proposal|addition|proposal|passage|order|detune|gate
10.1140/epjd/e2010-00175-7,josephson junction|josephson junction|superconducting qubit|superconducting qubit|entanglement|dynamic|entanglement|generation|dynamic|qubit|cbjj|state|entanglement|dynamic|function|decoherence|parameter|temperature|ratio|reservoir|cutoff|frequency|oscillator|frequency|energy|level|circuit|master|equation|entanglement|death|esd|entanglement|birth|esb|master|equation|ratio|energy|decoherence|entanglement|esd|temperature|phase|energy|level
10.1103/PhysRevA.82.052322,quantum gate|majorana fermion|majorana fermion|majorana fermion|majorana fermion|braid|computation|semiconductor|quantum|wire|network|computation|uqc|superconducte|medium|qubit|gate|qubit|phase|gate|principle|gate|interference|current|motion|order|parameter|defect|vortex|domain|wall|medium|coherence|obstacle|semiconductor|quantum|wire|network|vicinity|wave|superconductor|qubit|gate|qubit|phase|gate|manner|error|state|distillation|combination|gate|gate|uqc|wire|network|error|threshold|quantum|computation
10.1103/PhysRevLett.105.040503,superconducting qubit|proposal|spin|state|electron|helium|cavity|quantum|electrodynamic|architecture|chip|cavity|motion|spin|state|electron|surface|helium|coherence|energy|cavity|photon|charge|state|spin|state|information|process|couple|cavity|quantum|electrodynamic|experiment|cavity|readout|bus|mediate|interaction|electron|electron
10.1103/PhysRevB.82.024511,adiabatic quantum|adiabatic quantum|quantum optimization|investigation|qubit|unit|cell|optimization|processor|chip|array|flux|qubit|interqubit|coupler|readout|chip|memory|network|analog|control|line|architecture|chip|infrastructure|optimization|algorithm|qubit|unit|cell|chip|success|set|spin|glass|instance|function|temperature|datum|prediction|qubit|environment|challenge|quest|scale|information|processor
10.1142/S0219749910006307,scheme|qubit|gate|interference|device|cavity|qed|scheme|toffoli|gate|quantum|interference|device|cavity|cavity|couple|constant|interaction|squid|cavity|toffoli|gate|qubit|scheme|couple|error
10.1038/nature09416,quantum computing|quantum entanglement|quantum communication|quantum error correction|quantum error correction|quantum state|preparation|measurement|qubit|entanglement|circuit|discussion|mechanic|measurement|correlation|particle|behaviour|discrepancy|number|confirmation|prediction|entanglement|conundrum|resource|technology|entanglement|circuit|extension|entanglement|qubit|question|state|quantum|information|process|entanglement|tripartite|entanglement|circuit|quantum|electrodynamic|production|qubit|greenberger|zeilinger|ghz|fidelity|cent|tomography|entanglement|witness|qubit|entanglement|bind|cent|step|encode|qubit|manifold|ghz|state|repetition|code|integration|encode|error|step|feedback|loop|step|circuit
10.1038/ncomms1050,superconducting qubit|quantum state|quantum state|quantum state|quantum system|quantum system|quantum processor|beam|splitter|manipulation|state|qubit|control|heart|state|quantum|mechanic|level|progress|year|control|wave|function|multipartite|state|qubit|decoherence|lack|control|creation|manipulation|level|tlss|cross|energy|level|spectrum|qubit|tls|interaction|act|beam|splitter|wave|function|landau|stuckelberg|interference|potential|control
10.1103/PhysRevB.81.174513,superconducting qubit|quantum measurement|contextuality|circuit|procedure|specker|theorem|theorem|photon|neutron|conflict|quantum|mechanic|theory|josephson|charge|qubit|level|datum|bus|phase|qubit|qubit|circuit|contextuality|level
10.1103/PhysRevLett.104.163601,quantum system|observation|population|artificial|atom|phenomenon|population|cpt|atom|state|atom|transparency|eit|demonstration|interference|coherence|observation|cpt|phase|qubit|transition|type|configuration|level|minimum|phase|qubit|suppression|state|population|condition|cpt|resonance|datum|simulation|cpt|dependence|state|population|quantum
10.1103/PhysRevB.81.132502,flux|noise|decoherence|flux|qubit|decoherence|josephson|junction|flux|qubit|part|loop|flux|bias|condition|sensitivity|energy|level|noise|qubit|rate|state|amplitude|sign|sensitivity|flux|noise|correlation|contribution|fluctuation
10.1103/PhysRevB.81.134510,demonstration|flux|quantum|interference|device|flux|qubit|fabrication|variation|josephson|junction|current|device|inductance|measurement|current|energy|state|regime|agreement|prediction|quantum|hamiltonian|parameter|identification|device|flux|qubit|addition|measurement|flux|noise|density|device|wiring|wiring|squid|literature|flux|noise|density|formula|flux|noise|density|induction|decay|flux|qubit|point|energy|eigenbasis
10.1038/NPHYS1733,quantum bit|superconducting qubit|quantum state|quantum system|quantum system|darken|transition|manipulation|subunit|nature|couple|quantum|level|energy|difference|degeneracy|quantum|gate|group|level|qubit|transition|pair|selection|rule|qubit|frequency|amplitude|phase|pair|flux|qubit|type|drive|pulse|gate|class|qubit
10.1103/PhysRevB.82.144524,noise|landau|stuckelberg|interferometry|atom|theory|landau|stuckelberg|interferometry|flux|qubit|environment|bath|intrawell|relaxation|contribution|interference|fringe|transform|phase|tomography|intrawell|relaxation|rate|type|frequency|noise|rate|agreement|theory|landau|stuckelberg|interferometry|tool|noise|source|state|qubit
10.1103/PhysRevA.81.062131,superconducting qubit|zeno|physics|ultrastrong|couple|circuit|qed|zeno|microwave|resonator|level|mode|behavior|control|zeno|wave|approximation|cumme|dependence|property|field|state
10.2478/s11772-010-0050-7,quantum computing|quantum dot|quantum cryptography|technology|photon|device|progress|nanofabrication|realization|nanodevice|photon|nature|photon|state|distribution|qkd|exchange|key|transmission|pulse|photon|control|qubit|step|field|state|cavity|quantum|electrodynamic|device|realization|photon|generation|detection|resolution|technology|property|attention|description|source|crystal|microcavite|device|realization|photon|source|demand|class|photon|detector|nanowire|photon|detector|sspds|fabrication|area|coverage|photon|number|capability
10.1103/PhysRevLett.105.257003,superconducting qubit|bloch|siegert|shift|level|fashion|microwave|field|josephson|energy|shift|level|correction|order|bloch|siegert|shift|measurement|quasienergie|level|resonant|absorption|cavity|agreement|calculation|floquet
10.1103/PhysRevB.81.144503,spectroscopy|level|phase|qubit|measurement|level|tlss|quantum|interference|device|phase|qubit|area|junction|microwave|ghz|range|level|cross|split|size|mhz|lifetime|transition|ground|state|state|qubit|state|tls|state|location|width|energy|level|split|size|coherence|phase|qubit|tlss|distribution|split|ion|location|tunnel|barrier|distribution|lifetime|junction|barrier|frequency|loss|tangent|charge|tls|couple|voltage|junction|spectrum|ghz|range|level|cross|state|junction|state|junction|tls
10.1088/1367-2630/12/9/093031,bose|hubbard|dynamic|polariton|chain|circuit|quantum|electrodynamic|cavity|chain|stripline|resonator|transmon|qubit|row|dynamic|hubbard|hamiltonian|interaction|polariton|superposition|photon|qubit|excitation|setup|platform|component|chain|polariton|stripline|resonator|microwave|source|output|field|stripline|resonator|property|regime|polariton|density|density|density|correlation|cavity|output|field|transition|coherence|field|ratio|site|interaction|strength
10.1088/0953-2048/23/10/105014,adiabatic quantum|adiabatic quantum|adiabatic quantum|quantum optimization|quantum optimization|quantum optimization|readout|optimization|readout|read|flux|qubit|circuit|optimization|flux|qubit|end|evolution|tunneling|aspect|readout|readout|architecture|qubit|optimization|squids|root|bias|line|element|qubit|squid|element|readout|scheme|advantage|element|flux|sensitivity|flux|qubit|squids|inductance|state|element|influence|current|switch|squids|element|switch|squids|qubit|error|rate|readout|scheme|level|qubit|readout|readout|error|probability|presence|latch|element|bias|condition
10.1103/PhysRevLett.105.223601,superconducting qubit|quantum state|control|tomography|level|atom|number|transmon|phase|qubit|energy|level|structure|anharmonicity|access|state|frequency|care|level|population|control|pulse|preparation|level|superposition|state|control|transmon|readout|population|level|qutrit|coherence|state|tomography|qutrit|state|fidelity|set|state
10.1103/PhysRevB.82.134518,nanowire|element|qubit|microwave|transmission|measurement|fabry|perot|resonator|nanowire|antinode|plasma|oscillation|supercurrent|nanowire|microwave|transmission|resonator|device|resonance|behavior|amplitude|oscillation|amplitude|response|nonlinearity|phase|relationship|nanowire|oscillator|duffe|oscillator|element|limit|temperature|amplitude|quality|factor|sample|crater|resonance|peak|drive|power|dissipation|bifurcation|behavior|transmission|response|frequency|sample|quality|factor|duffe|duffe|bistability|diagram|concept|nanowire|qubit|dependence|inductance|nanowire
10.1103/PhysRevB.81.024520,superconducting qubit|relaxation|level|relaxation|level|environment|theory|picture|dynamic|term|state|addition|dress|energy|diagram|dress|relaxation|dephase|agreement|calculation|measurement|microwave|field|competition|structure|behavior|signature|population|inversion
10.1007/s10773-010-0375-5,superconducting qubit|superconducting qubit|quantum system|modulation|entanglement|environment|evolution|entanglement|decoherence|environment|commensal|entanglement|degree|memory|feedback|environment|entanglement|degree|qubit|equilibrium|entanglement|death|dissipation|entanglement|death|interaction|qubit|reduction|entanglement|degree|state|phase|influence|interaction|qubit|entanglement|degree
10.1103/PhysRevB.81.085328,control|circuit|quantum|electrodynamic|dimension|control|gate|information|process|hardware|architecture|circuit|quantum|electrodynamic|gate|qubit|cavity|architecture|array|cavity|qubit|fidelity|gate|gate|evolution|control|couple|couple|dimension|cavity|grid|condition|speedup|factor|grid|gate|pair|qubit|grid|array|lattice|qubit
10.1016/j.physe.2009.10.007,superconducting qubit|superconducting qubit|dynamic|cavity|field|energy|relaxation|experiment|cooper|box|decay|resonator|superposition|state|decoherence|dynamic|entanglement|mixedness|cavity|field|phase|reservoir|master|equation|phase|amount|entanglement|mixedness|resonator|state|dynamic|phase|dynamic|degree|mixedness|cooper|pair|state|right
10.1209/0295-5075/90/54001,superconducting qubit|circuit|qed|scheme|realization|lipkin|meshkov|glick|scheme|lipkin|meshkov|circuit|qed|array|interact|cavity|mode|regime|cavity|mode|qubit|range|order|lipkin|meshkov|cavity|field|qubit|order|phase|transition|qubit|intensity|output|cavity|field|symmetry|phase|body|ground|state|relaxation|qubit|field|treatment|order|phase|transition|regime|copyright|epla
10.1088/0953-2048/23/4/045002,quantum computing|quantum computing|superconducting qubit|state|conductance|tunnel|junction|state|conductance|measurement|type|tunnel|junction|alo|alo|polycrystalline|epitaxial|junction|deviation|behavior|wkb|approximation|alo|junction|enhancement|tunneling|conductance|voltage|harmonic|stretch|mode|hand|vibration|mode|alo|junction|absence|existence|stretch|mode|crystallinity|alo|tunnel|barrier|interface|electrode|barrier|junction|candidate|suppression|density|state|bias|interface|oxidation|vanadium|surface|mgo|barrier|interface|junction|qubit|form|state|conductance|measurement|quality|sample|search|tunnel|junction
10.1103/PhysRevA.82.040305,drive|atom|qubit|gate|shape|phase|phase|resonant|microwave|drive|qubit|gate|error|anharmonicity|transmon|atom|level|transmon|spectrum|envelope|phase|phase|quadrature|amplitude|benchmarke|error|gate|pulse|decoherence|optimization|transmon|microwave|resonator|bus|architecture
10.1103/PhysRevB.81.241202,quantum system|quantum device|cavity|bus|nitrogen|vacancy|defect|center|diamond|circuit|qed|couple|light|matter|potential|hybrid|couple|ensemble|resonator|couple|light|ensemble|spin|interconnect|qubit|interconnect|couple|strength|light|order|magnitude|khz|regime|nitrogen|vacancy|spin|cavity|resonance|line|linewidth|couple|spin|light|resonator|build|device|associate|spin|centimeter|bus
10.1038/NPHYS1710,quantum computer|quantum computing|quantum measurement|quantum|detection|microwave|photon|circuit|control|information|technology|measurement|information|quantum|demolition|qnd|measurement|measurement|information|process|task|error|preparation|way|qnd|measurement|photon|detector|photon|information|progress|microwave|photon|demand|qnd|detector|gigahertz|frequency|range|qnd|detection|scheme|number|photon|quality|factor|microwave|cavity|chip|scheme|photon|number|qubit|state|shoot|mean|qubit|photon|logic|gate|gate|device|correlation|measurement|qnd|sensitivity|photon|number|state|scheme|state|photon|memory
10.1038/NPHYS1697,josephson junction|josephson junction|josephson junction|josephson junction|measurement|phase|chain|interplay|superconductor|coulomb|interaction|year|superconductor|presence|coulomb|repulsion|interaction|fluctuation|charge|fluctuation|phase|occurrence|insulator|transition|control|energy|competition|superconductor|coulomb|interaction|chain|environment|reduction|charge|interest|basis|realization|type|measurement|quantum|phase|ground|state|chain|situ|strength|phase|fluctuation|agreement|matveev
10.1103/PhysRevB.82.165101,qubit|fermion|obstacle|qubit|fermionic|form|majorana|core|vortex|number|majorana|mode|charge|family|fermionic|material|charge|dimension|representation|number|specie|fermion|double|enter|parity|number|reversal|symmetry|graphene|order|parameter|group|number
10.1038/NPHYS1730,circuit|quantum|electrodynamic|ultrastrong|couple|regime|circuit|quantum|qed|atom|chip|cavity|exploration|quantum|physics|couple|regime|regime|atom|cavity|photon|coherence|experiment|jayne|cumme|realization|circuit|qed|ultrastrong|couple|cavity|couple|rate|fraction|cavity|transition|frequency|evidence|breakdown|cumme|rate|flux|qubit|transmission|line|resonator|circuit|toolbox|optic|chip|exploration|matter|interaction
10.1103/PhysRevA.82.042317,quantum coherence|quantum|phase|measurement|sum|factorization|integer|circuit|phase|measurement|circuit|josephson|phase|qubit|photon|field|resonator|phase|superposition|state|qubit|qubit|state|mode|photon|field|resonator|dissipation|photon|field|phase|detection|visibility|kerr|nonlinearity|phase|measurement|sum|factorization|number|product|integer|resonator|frequency|interaction|strength|number|coherence|relaxation|resonator|number|number|photon|resonator
10.1088/0953-2048/23/7/075008,josephson junction|josephson junction|measurement|loss|film|gigahertz|frequency|resonator|measurement|loss|film|element|resonator|value|loss|film|volume|metal|interface|resonator|geometry|order|loss|film|fabrication|sio|temperature|gigahertz|frequency|material|loss|interface|loss|dependence|loss|regime|agreement|law|dependence|loss|loss|body|dipole|fact|model|level|fluctuator|loss|film|agreement|expectation|optimization|dielectric|multi|layer|qubit|fabrication
10.1504/IJNT.2010.031731,quantum computing|superconducting qubit|quantum|nano|circuit|circuit|number|variable|electron|mask|evaporation|circuit|quantum|phenomenon|physics|sonic|circuit|phase|charge|phase|qubit|pump|phase|relation|josephson|rhombi|network|circuit|decoherence|phenomena|prospect|material|circuit|integration|difficulty|review
10.1038/NPHYS1811,andreev|state|supercurrent|carbon|nanotube|carbon|nanotube|cnt|supercurrent|supercurrent|electron|hole|state|nanotube|andreev|state|state|concept|superconductor|description|josephson|quantum|nanostructure|molecule|nanowire|layer|tunnelling|spectroscopy|superconductor|device|evolution|gate|voltage|level|molecule|information|energy|level|spin|orientation|couple|lead|measurement|structure|cnt|device|lead|transistor|interference|squid|quantum|information|process|electron|pair|device|type|squid
10.1038/NMAT2781,superconducting qubit|quasiparticle|spin|lifetime|aluminium|mgo|tunnel|spin|injector|search|year|spin|carrier|quantum|device|spin|quasiparticle|aluminium|layer|spin|lifetime|state|lifetime|suppression|aluminium|superconductor|accumulation|spin|carrier|aluminium|layer|tunnel|spin|injector|presence|plane|orthogonal|field|presence|spin|quasiparticle|experiment|state|current|current|device
10.1103/PhysRevLett.105.140501,superconducting qubit|cooperativity|couple|electron|spin|ensemble|cavity|electron|spin|solid|candidate|quantum|memory|coherence|couple|qubit|spin|wave|ensemble|couple|electron|spin|ensemble|line|cavity|strength|cavity|decay|rate|spin|linewidth|broadband|spectroscopy|ruby|millikelvin|temperature|power|chip|feedline|addition|structure|diamond|center
10.1063/1.3443716,josephson junction|link|behavior|aluminum|nanobridge|quantum|interference|device|squid|aluminum|nanobridge|length|bank|nanobridge|squid|coherence|length|exhibit|modulation|field|limit|link|contrast|nanobridge|squids|modulation|nonlinearity|sensitivity|link|magnetometer|ultralow|noise|amplifier|qubit|american|institute|physics
10.1103/PhysRevA.82.023802,superconducting qubit|fluorescence|interferometry|interferometer|fluorescent|emission|radiation|qubit|quasi|mode|dipole|emitter|surface|nanowire|waveguide|transmission|line
10.1103/PhysRevA.82.054303,information|transfer|flux|qubit|resonator|way|information|transfer|flux|qubit|resonator|proposal|adjustment|level|space|uniformity|device|parameter|passage|order|detune|proposal|gate|proposal
10.1088/0031-8949/82/06/065010,cluster state|cluster state|swap|gate|couple|protocol|information|transmission|charge|qubit|mode|quantum|transmission|line|fidelity|information|transmission|flux|parameter|feasibility|protocol|day|technology
10.1209/0295-5075/90/40006,number|spin|network|network|calculation|interest|number|theory|computation|primality|testing|factor|network|phase|qubit|state|spin|spin|network|prospect|calculation|information|process|number|qubit|copyright|epla
10.1016/j.physb.2010.04.075,josephson junction|quantum computing|cluster state|cluster state|cluster state|step|generation|flux|qubit|resonator|scheme|flux|qubit|resonator|namr|couple|couple|field|parameter|scheme|way|right
10.1088/0957-4484/21/27/274015,creation|multipartite|entanglement|flux|qubit|flux|qubit|loop|setup|entanglement|way|kind|tripartite|entanglement|type|ghz|type|entanglement|eigenstate|violation|entanglement|inequality|impact|measurement|fidelity|detection|entanglement|quantum|nonlocality
10.1088/0256-307X/27/7/070305,phase|gate|quantum|transform|circuit|qed|charge|qubit|transmission|line|resonator|logic|gate|qubit|scheme|phase|gate|property|circuit|electrodynamic|transform|fidelity|technology
10.1103/PhysRevB.81.104524,ghz state|step|multiqubit|greenberger|zeilinger|state|generation|circuit|qed|step|scheme|greenberger|zeilinger|ghz|state|flux|qubit|qubit|circuit|qed|setup|coherence|multiqubit|scheme|state|transmission|line|resonator|presence|mode|scheme|gate|error|noise
10.1088/0256-307X/27/1/010301,computation|charge|qubit|pulse|gate|gate|charge|qubit|scheme|computation|pulse|microwave|pulse|gate|capacitance|berry|phase|set|gate|quantum|gate|noise|error
10.1103/PhysRevA.81.040303,superconducting qubit|quantum gate|computation|control|qubit|control|spin|chain|qubit|end|computation|combination|qubit|swap|gate|chain|control|sequence|idea|control|chain
10.1103/PhysRevLett.105.260501,quantum network|state|transfer|quantum|rout|rout|information|parallel|network|qubit|oscillator|experiment|circuit|state|transfer|network|oscillator|mode|distribution|entanglement|pair|node|network|efficiency|hypercube|network|presence|dissipation|finite
10.1088/0256-307X/27/7/070304,josephson junction|linear|entropy|entanglement|charge|qubit|circuit|charge|qubit|property|entropy|qubit|probability|qubit|state|photon|number|phase|field|phase|qubit|level|role|evolution|entropy|qubit|probability
10.1088/0256-307X/27/2/020302,quantum|clone|machine|circuit|quantum|electrodynamic|scheme|clone|machine|uqcm|interference|device|qubit|circuit|quantum|electrodynamic|circuit|qed|scheme|order|uqcm|phase|shift|gate|gate|qubit|transition|cavity|number|scheme|advantage|realization|cavity|qubit|decoherence
10.1209/0295-5075/89/48005,measurement|entanglement|dynamic|josephson|junction|measurement|entanglement|dynamic|phase|qubit|loop|capacity|entanglement|measurement|fluctuation|tunneling|probability|entanglement|birth|measurement|state|help|measurement|state|state|copyright|epla
10.1103/PhysRevA.82.022101,josephson junction|quantum state|transition|measurement|feedback|control|feedback|control|pseudo|dynamic|oscillator|trajectory|phase|space|behave|amplifier|feedback|control|oscillator|bifurcation|signal|qubit|cavity|qed|circuit|qed|state|level|atom|charge|qubit
10.1088/0953-2048/23/4/045032,quantum circuit|quantum circuit|flux|ferromagnet|josephson|junction|functionality|flux|quantum|sfq|toggle|flip|flop|circuit|superconductor|ferromagnet|superconductor|josephson|junction|junction|phase|element|storage|loop|circuit|functionality|gate|parameter|junction|circuit|stability|integration|josephson|qubit
10.1140/epjb/e2010-00056-y,superconducting qubit|creation|entanglement|microwave|field|role|decoherence|charge|qubit|presence|microwave|field|flux|creation|entanglement|death|entanglement|evolution|population|inversion|correlation|entanglement|account|junction|state|dissipation|cavity|field|decoherence|correlation|junction|field|information|state|distribution|function
10.1103/PhysRevA.82.034306,storage|charge|qubit|state|atom|ensemble|scheme|state|charge|qubit|atom|ensemble|information|charge|qubit|ensemble|transmission|line|resonator|datum|bus|storage|master|equation|account|kind|decoherence|mechanism|storage|fidelity|parameter|storage|efficiency|ensemble|scheme|scheme|possibility|difficulty|multiqubit
10.1063/1.3304168,loss|resonant|circuit|vacuum|gap|microwave|component|quality|microwave|circuit|resonator|phase|qubit|gap|technology|material|fabrication|yield|realization|circuit|vacuum|gap|wiring|crossover|inductor|vacuum|gap|capacitor|vgc|chip|resonant|circuit|quality|factor|device|resonator|vgcs|mode|behavior|element|component
10.1103/PhysRevB.81.012506,quantum system|quantum system|multiphoton|excitation|population|flux|qubit|multiphoton|spectroscopy|state|level|flux|qubit|drive|frequency|microwave|energy|difference|level|transition|level|type|multiphoton|transition|transition|level|ladder|type|transition|level|calculation|transition|population|state|respect|ground|control|level|population
10.1088/1367-2630/12/9/093036,generation|detection|state|circuit|state|state|mode|light|form|phi|state|interferometry|state|circuit|quantum|electrodynamic|phase|qubit|resonator|protocol|interaction|mode|entanglement|start|procedure|protocol|state|phase|qubit|success|experiment|state|measurement|programming
10.1103/PhysRevLett.105.140503,superconducting qubit|quantum memory|storage|microwave|excitation|electron|spin|couple|microwave|photon|electron|spin|element|ensemble|spin|resource|photon|qubit|memory|field|storage|retrieval|ghz|excitation|state|electron|spin|ensemble|excitation|electron|spin|spin|state|coherence|excess|second
10.1103/PhysRevB.81.184501,superconducting qubit|dynamic|entanglement|microwave|photon|circuit|quantum|electrodynamic|qed|experiment|generation|entanglement|cavity|qed|picture|qubit|transmission|line|exchange|photon|dynamic|field|theory|wave|approximation|variety|regime|couple|couple|regime|existence|photon|line|speed|theory|cone|space|region|region|entanglement|vacuum|fluctuation|contribution|photon
10.1103/PhysRevB.82.104522,coupler|phase|qubit|coupler|phase|qubit|bialczak|arxiv|couple|inductance|josephson|inductance|couple|type|contribution|type|couple|function|tune|parameter|bias|couple|regime|parameter|couple|ratio|choice|parameter|error|presence|coupler|order
10.1038/nature08681,quantum entanglement|preparation|detection|resonator|ground|state|motion|understand|reality|prediction|existence|state|place|scheme|state|energy|eigenstate|ground|state|cool|motion|radio|frequency|resonator|couple|microwave|frequency|resonator|occupation|quanta|occupation|factor|resonator|probability|ground|state|motion|cool|excitation|microwave|resonator|heating|bath|level|cool|series|observation|measurement|uncertainty|principle|qubit
10.1016/j.optcom.2009.10.069,swap|gate|charge|qubit|cavity|interference|device|squid|cavity|swap|gate|scheme|squid|charge|regime|logic|gate|gate|subspace|charge|state|vertical|interaction|qubit|cavity|field|gate|voltage|flux|gate|gate|number|qubit|gate|gate|state|cavity|mode|feasibility|condition|detune|frequency|cavity|mode|gate|requirement|experiment|detune|quality|factor|cavity|gate|scheme|state|idea|right
10.1103/PhysRevB.82.024303,superconducting qubit|dynamic|level|family|dynamic|level|tls|subject|field|engineering|form|perturbation|integrability|constraint|equation|field|equation|term|jacobi|function|parameter|frequency|value|amplitude|field|form|drive|dynamic|charge|defect|loss|response|tlss|position|resonance|peak|spectrum|correlation|function|phase|wave|function|evolution|cycle|regime|resonance|frequency|value|tls|spin|survival|probability|regime|drive|destruction|tunneling|phenomenon|family|suppression|spin|flip|dynamic|resonator|loss
10.1038/nature09035,josephson junction|phase|amplification|limit|josephson|ring|modulator|progress|state|quantum|information|search|amplifier|frequency|converter|quantum|microwave|range|gain|quadrature|mode|field|amplifier|category|phase|phase|preserve|noise|phase|amplifier|noise|reference|phase|signal|homodyne|detection|phase|amplifier|device|phase|amplifier|type|josephson|ring|modulator|bridge|configuration|device|symmetry|purity|amplification|simplifie|gate|characteristic|amplifier|term|gain|agreement|prediction|noise|source|noise|device|operate|condition|quantum|limit|area|analog|signal|process|shoot|readout|quantum|production|microwave|signal
10.1109/TASC.2011.2159974,josephson junction|josephson junction|quantum bit|superconducting qubit|numerical|qubit|phase|relation|influence|harmonic|characteristic|qubit|split|energy|state|phase|qubit|energy|scale|unharmonicity|parameter|hand|charge|qubit|expectation|value|cooper|pair|number|inclusion|unharmonicity|parameter|expectation|value|current|energy|scale|unharmonicity|parameter|numerical|importance|harmonic|realization
10.1063/1.3570693,quantum bit|microwave|response|aluminum|link|josephson|oscillator|response|ghz|resonator|aluminum|interference|device|nanosquid|flux|modulation|frequency|agreement|calculation|characteristic|link|junction|microwave|excitation|bifurcation|device|quality|factor|bias|point|amplification|gain|mhz|quantum|noise|nanobridge|junction|circuit|element|american|institute|physics
10.1103/PhysRevLett.107.146605,josephson junction|josephson junction|quantum bit|quantum|tunneling|graphene|switch|distribution|graphene|crossover|classical|quantum|regime|quantum|tunneling|josephson|phase|particle|temperature|measurement|multiphoton|absorption|energy|level|crossover|temperature|quantum|tunneling|level|space|gate|voltage|gate|tunable|superconducte
10.1038/nature10462,josephson junction|josephson junction|quantum bit|superconducting qubit|quantum coherence|quantum memory|couple|flux|qubit|electron|spin|ensemble|diamond|decade|qubit|experiment|information|process|coherence|scale|quantum|computation|question|quantum|couple|artificial|atom|demonstration|evidence|couple|atom|flux|qubit|ensemble|electron|spin|form|nitrogen|vacancy|colour|centre|diamond|exchange|quantum|energy|flux|qubit|ensemble|colour|centre|foundation|quantum|memory|device|microwave
10.1088/1367-2630/13/9/093037,quantum bit|decoherence|qubit|gate|presence|band|noise|generation|state|step|information|processor|nano|device|gate|state|environment|broadband|power|spectrum|frequency|qubit|gate|fluctuation|scale|behavior|noise|rise|decay|relaxation|decoherence|symmetry|qubit|environment|hamiltonian|power|spectrum|frequency|behavior|decoherence|gate|decoherence|channel|state|noise|entanglement|concurrence|form|operate|condition|sensitivity|noise|source|root|gate|noise|spectra
10.1088/0953-2048/24/3/035005,josephson junction|josephson junction|josephson junction|quantum bit|aluminum|mask|fabrication|quality|submicron|alox|photolithography|electron|beam|lithography|fabrication|sub|size|alox|order|junction|size|electrode|oxidation|concept|aluminum|mask|size|quality|curve|quality|parameter|gap|icrn|product|temperature|order|usability|fabrication|phase|qubit|junction|relaxation
10.1038/nature10012,quantum bit|quantum algorithm|quantum annealing|quantum annealing|quantum annealing|quantum annealing|quantum annealing|quantum annealing|spin|ground|state|spin|ground|state|ground|state|spin|type|investigation|spin|matter|ground|state|ise|spin|array|flux|spin|spin|couple|signature|anneal|temperature|dependence|dynamic|situ|variety|spin|network|energy|spin|network|gap|spin|network|investigation|sample|number|spin|mean|class|optimization
10.1088/1367-2630/13/6/063015,josephson junction|quantum circuit|quantum circuit|quantum system|quantum system|trapped ion|defect|quantum|shuttle|world|multipartite|entanglement|type|nanometer|level|atom|photon|scale|micrometer|millimeter|experiment|entanglement|bridge|length|scale|entanglement|object|distance|demonstration|interaction|level|state|tlss|scale|defect|phase|qubit|circuit|shuttle|information|tlss|comparison|experiment|theory|agreement|range|parameter|creation|movement|entanglement|component
10.1103/PhysRevLett.106.110502,quantum bit|quantum error correction|observation|quantum|jump|atom|state|microwave|readout|cavity|ultralow|noise|amplifier|arrangement|quantum|jump|qubit|state|feedback|component|information|process
10.1103/PhysRevLett.107.053602,quantum dot|photon|blockade|circuit|photon|photon|interaction|coplanar|waveguide|cavity|charge|qubit|interaction|transmission|photon|cavity|photon|blockade|power|energy|spectrum|photon|incident|cavity|staircase|step|analogy|electron|transport|coulomb|blockade|effort|cavity|qubit|excitation|nature|hybridization|qubit|photon|tolerance|matter|experiment
10.1103/PhysRevLett.106.130504,superconducting qubit|superconducting qubit|quantum state|majorana fermion|interface|interface|qubit|flux|qubit|scheme|interaction|insulator|phase|flux|qubit|phase|gate|interaction|information|qubit
10.1103/PhysRevLett.107.220501,superconducting qubit|superconducting qubit|superconducting qubit|quantum circuit|quantum circuit|quantum memory|hybrid|spin|ensemble|realization|ensemble|spin|qubit|transmon|type|spin|ensemble|nitrogen|vacancy|center|diamond|crystal|frequency|resonator|bus|circuit|superposition|qubit|excitation|spin|ensemble|qubit|proof|concept|spin|ensemble
10.1103/PhysRevLett.106.030502,superconducting qubit|superconducting qubit|superconducting qubit|protection|couple|circuit|quantum|electrodynamic|architecture|qubit|resonator|couple|strength|couple|value|qubit|decoherence|subspace|respect|emission|decoherence|subspace|state|qubit|shift|resonance|frequency|resonator|cycling|type|measurement
10.1103/PhysRevLett.106.083601,couple|circuit|quantum|electrodynamic|charge|qubit|energy|level|diagram|type|charge|qubit|energy|spectrum|interference|qubit|energy|couple|cavity|access|couple|regime|couple|strength|khz|mhz|couple|qubit|cavity|relaxation|qubit|qubit|interaction|multiqubit
10.1038/ncomms1581,resonance|force|microscopy|electron|spin|millikelvin|temperature|resonance|force|microscopy|mrfm|number|spin|force|detection|cantilever|resonance|manipulation|spin|mrfm|temperature|gate|noise|spin|polarization|mrfm|gate|temperature|thank|quantum|interference|device|cantilever|detection|cantilever|experiment|bond|centre|silicon|surface|millikelvin|temperature|fluctuation|defect|magnetic|noise|decoherence|squids|spin|qubit|evidence|spin|diffusion|role|temperature|spin|dynamic
10.1134/S0021364011060130,demonstration|zeno|phase|qubit|quantum|zeno|tool|quantum|manipulate|computer|observation|phase|qubit|measurement|scheme|measurement|pulse|readout|qubit|state|projection|assumption|monte|carlo|wavefunction|simulation|scheme|zeno|phase|qubit
10.1103/PhysRevB.84.184515,superconducting qubit|superconducting qubit|control|qubit|cavity|couple|control|measurement|coplanar|waveguide|resonator|qubit|cavity|couple|strength|rabi|oscillation|couple|strength|qubit|transition|factor|qubit|state|flux|pulse|delay|measurement|flux|pulse|device|qubit|architecture
10.1103/PhysRevA.84.043816,quantum dot|superconducting qubit|regime|matter|couple|excitation|level|atom|mode|cavity|presence|pump|quantum|transition|ground|approximation|degree|regime|gate|quantum|lase|quench|picture|regime|condensation|state|triplet|structure|emitter|photoluminescence|spectrum|feature|field|quantization|description|matter|interaction
10.1088/0953-8984/23/22/225702,superconducting qubit|superconducting qubit|w state|proposal|qubit|rotation|gate|level|cavity|qed|qubit|rotation|gate|level|cavity|quantum|electrodynamic|state|qubit|level|energy|level|gate|state|control|qubit|photon|cavity|mode|rotation|state|target|qubit|assistance|cavity|photon|step|gate|number|qubit|gate|gate|number|qubit|increase|proposal|type|device|cavity|resonator
10.1088/1674-1056/20/5/050316,quantum state|resonant|tunneling|flux|qubit|resonant|tunneling|flux|flux|qubit|dependence|resonant|tunneling|barrier|height|well|flux|bias|state|measurement|tunneling|rate|function|flux|bias|feature|noise|flux|qubit
10.1103/PhysRevB.84.220503,readout|flux|qubit|photon|level|flux|qubit|quantum|interference|device|squid|magnetometer|ghz|resonator|qubit|state|resonator|frequency|microwave|signal|microstrip|amplifier|resonator|occupation|photon|readout|visibility|factor|semiconductor|amplifier|reduction|monitor|qubit|state
10.1007/s10948-010-0858-x,josephson junction|superconducting qubit|experiment|flux|pulse|issue|qubit|interferometer|squid|loop|energy|potential|shape|symmetry|control|flux|potential|well|well|feature|qubit|nmr|microwave|irradiation|qubit|machinery|gate|transition|energy|level|excitation|level|condition|control|pulse|risetime|manipulation|qubit|rate|comparison|expectation
10.1103/PhysRevA.83.062302,preparation|qubit|greenberger|zeilinger|state|cavity|qed|tolerance|qubit|cavity|couple|constant|way|qubit|greenberger|zeilinger|ghz|state|level|qubit|level|qubit|cavity|proposal|qubit|cavity|couple|constant|qubit|parameter|nonuniformity|placement|qubit|cavity|proposal|adjustment|qubit|level|space|gate|entanglement|gate|number|qubit|proposal|type|device|resonator|atom|cavity
10.1108/03321641111101203,josephson junction|josephson junction|superconducting qubit|superconducting qubit|superconducting qubit|model|charge|qubit|eigenvalue|purpose|purpose|characteristic|charge|qubit|cooper|pair|box|scb|influence|bias|current|methodology|circuit|charge|qubit|formalism|eigenvalue|boundary|condition|type|eigenvalue|difference|energy|spectrum|charge|qubit|band|form|bloch|wave|superposition|wave|packet|bias|coulomb|blockade|find|matrix|form|eigenvalue|eigenvalue|formalism|investigation|bias|current|coulomb|blockade|expectation|value|supercurrent|number|cooper|pair|gate|voltage|energy|scale|limitation|implication|eigenvalue|voltage|characteristic|charge|qubit|type|qubit|circuit|implication|find|experimentalist|comparison|expectation|value|number|cooper|function|gate|voltage|parameter|scb|find|originality|value|contribution|numerical|equation|investigation|influence|bias|current
10.1088/0953-4075/44/13/135503,generation|superposition|state|charge|qubit|relaxation|circuit|superposition|state|microwave|field|coplanar|transmission|line|charge|qubit|addition|pulse|chirp|qubit|transition|frequency|qubit|decoherence|field|superposition|state|qubit|charge|detection|character|charge|qubit|relaxation|field|state|decoherence|profile
10.1088/1367-2630/13/9/093022,qubit|josephson|inductance|generalization|qubit|readout|evolution|flux|qubit|proposal|couple|qubit|oscillator|frequency|interference|device|information|qubit|dynamic|oscillator|response|drive|lock|detection|measurement|qubit|oscillation|measurement|relation|measurement|scheme|backaction|fidelity
10.1103/PhysRevB.83.134504,quantum|nondemolition|measurement|flux|qubit|bias|scheme|quantum|nondemolition|qnd|measurement|flux|qubit|josephson|bifurcation|amplifier|scheme|qnd|measurement|qubit|bias|measurement|back|action|qubit|relaxation|qnd|fidelity|range|bias|condition
10.1103/PhysRevB.84.054538,majorana|edge|state|flux|pair|majorana|edge|mode|wave|superconductor|universality|class|mode|field|theory|flux|qubit|couple|edge|mode|disorder|field|ise|couple|backaction|edge|state|qubit|property|majorana|edge|mode
10.3938/jkps.58.1599,josephson junction|josephson junction|couple|cavity|qed|architecture|flux|qubit|scheme|cavity|quantum|electrodynamic|qed|architecture|flux|qubit|qubit|gate|bias|current|mode|circuit|resonator|phase|difference|junction|bias|current|way|qubit|loop|qed|scheme|couple|flux|qubit|transmission|line|resonator|circuit
10.1103/PhysRevLett.107.080502,superconducting qubit|superconducting qubit|microwave|entangle|gate|frequency|microwave|qubit|gate|frequency|bias|point|gate|subcircuitry|amplitude|microwave|irradiation|qubit|transition|frequency|gate|state|concurrence|quantum|tomography|fidelity
10.1088/0256-307X/28/5/050308,superconducting qubit|entanglement|qubit|capacitor|entanglement|qubit|concurrence|degree|temperature|josephson|energy|agreement|datum
10.1140/epjd/e2010-00258-5,w state|cluster state|entanglement|level|phase|interaction|phase|qubit|level|josephson|tunnel|barrier|swap|gate|gate|scheme|state|level|multipartite|help|phase|qubit|witness|state
10.1103/PhysRevB.84.134519,ghz state|greenberger|zeilinger|generation|protocol|transmon|qubit|bus|circuit|quantum|electrodynamic|qed|realization|protocol|greenberger|zeilinger|ghz|state|transmon|qubit|transmission|line|resonator|limit|hamiltonian|pairwise|qubit|exchange|interaction|type|state|interaction|nature|entanglement|state|stability|scheme|inhomogeneity|parameter
10.1103/PhysRevB.84.064517,josephson junction|superconducting qubit|superconducting qubit|relaxation|frequency|shift|quasiparticle|loss|element|build|block|interaction|qubit|degree|freedom|quasiparticle|junction|relaxation|mechanism|theory|qubit|decay|rate|quasiparticle|dependence|flux|qubit|property|device|phase|flux|qubit|transmon|fluxonium|estimate|decay|rate|equilibrium|nonequilibrium|quasiparticle|rate|transmon|information|nonequilibrium|quasiparticle|distribution|expression|shift|qubit|frequency|presence|quasiparticle
10.1134/S1054660X11150175,quantum computer|quantum computer|quantum computer|quantum computer|quantum computer|quantum gate|quantum memory|quantum memory|quantum memory|state|cavity|quantum|electrodynamic|realization|state|atom|transmon|resonator|novel|cavity|node|ensemble|process|node|parameter|atom|scheme|computer|realization|multimode|qubit|efficiency|self|mode|transfer|qubit|node|process|node|realization|iswap|gate|couple|process|node|gate|rate|number|atom|node|blockade|mechanism|realization|multi|atom|ensemble|number|qubit|gate|possibility|quantum|process
10.1088/1367-2630/13/9/095004,superconducting qubit|majorana fermion|transmon|hybrid|parity|computation|qubit|decoherence|computation|protection|parity|computation|protection|way|fermion|parity|quasiparticle|excitation|charge|qubit|transmission|line|resonator|transmon|parity|rotation|read|qubit|advantage|proposal|flux|qubit|couple|accuracy|sensitivity|noise
10.1063/1.3658630,superconducting qubit|superconducting qubit|radiation|package|medium|improvement|qubit|temperature|improvement|relaxation|presence|radiation|apparatus|factor|qubit|initialization|coherence|calculation|hypothesis|relaxation|couple|photon|qubit|dissipation|quasiparticle|generation|american|institute|physics
10.1088/0253-6102/56/1/24,entropy|correlation|entanglement|charge|qubit|cavity|presence|noise|dynamic|correlation|entanglement|interaction|charge|qubit|mode|resonant|cavity|subject|noise|state|phase|telegraph|noise|noise|evolution|entropy|qubit|field|entanglement|exchange|qubit|field|evolution
10.1103/PhysRevLett.106.167002,superconducting qubit|circuit|qed|resonator|shift|measurement|resonator|pump|microwave|field|measurement|qubit|frequency|shift|probe|intracavity|field|characterization|resonator|nonlinearity|qubit|linewidth|dependence|pump|frequency|amplitude|gain|resonator|signal|amplifier|rate|quantum|limit|gain|limit|amplifier
10.1209/0295-5075/96/40012,superconducting qubit|readout|qubit|array|transmission|line|frequency|readout|way|qubit|circuit|number|measurement|line|readout|array|flux|qubit|chip|measurement|line|qubit|resonator|turn|microwave|transmission|line|manipulation|qubit|parameter|measurement|run|copyright|epla
10.1103/PhysRevB.84.014525,noise|correlation|flux|qubit|tunnel|couple|flux|noise|correlation|flux|qubit|device|loop|qubit|energy|split|tunnel|couple|frequency|flux|noise|loop|fluctuation|qubit|frequency|noise|loop|couple|term|qubit|hamiltonian|measurement|rate|bias|point|way|amplitude|sign|noise|correlation|flux|fluctuation|loop|flux|noise|spin|metal|surface
10.1103/PhysRevLett.106.130505,quantum dot|quantum state|quantum system|topological quantum|topological quantum|bus|information|transfer|qubit|bus|device|information|qubit|realization|bus|qubit|majorana|wire|network|semiconductor|qubit|device|fermion|parity|qubit|casher|conjunction|flux|qubit|measurement|parity|measurement|ability|gate|qubit|state|qubit
10.1103/PhysRevB.84.024501,superconducting qubit|superconducting qubit|measurement|energy|decay|nonequilibrium|quasiparticle|decoherence|mechanism|admittance|generalization|mattis|bardeen|theory|nonequilibrium|tunnel|junction|change|decay|rate|transition|frequency|phase|qubit|change|agreement|prediction|theory|quasiparticle|density|settle|decay|rate|determination|qubit|energy|relaxation|nonequilibrium|quasiparticle
10.1088/0256-307X/28/12/120304,superconducting qubit|quantum gate|quantum state|state|state|couple|transmission|line|resonator|tlr|level|structure|decay|state|energy|state|state|qubit|passage|step|gate|parameter|feasibility|passage|fidelity|qubit|gate|step|gate
10.1103/PhysRevB.84.024516,ground|state|qubit|self|excitation|circuit|qed|quantum|qubit|cavity|measurement|measurement|transition|qubit|ground|state|state|excitation|probability|analogy|dynamic|physics|circuit|technology
10.1140/epjd/e2011-10642-2,quantum state|couple|nitrogen|vacancy|center|diamond|charge|qubit|scheme|couple|nitrogen|vacancy|center|diamond|charge|qubit|resonator|namr|datum|bus|procotol|charge|qubit|center|center|decoherence|information|feasibility|scheme
10.1103/PhysRevA.84.032333,quantum gate|computation|spin|chain|network|anisotropic|spin|chain|excitation|ground|state|platform|computation|spin|qubit|concept|majorana|proposal|qubit|phase|gate|qubit|cnot|gate|fault|set|gate|ise|exchange|field|network|spin|chain|qubit|spin|chain|segment|subset|qubit|gate|nature|control|anisotropy|spin|interaction|strength|aspect|anisotropic|spin|chain|network|wave|wire|literature
10.1364/OE.19.019562,quantum bit|phenomenon|photon|detector|speed|quantum|distribution|estimate|photon|detector|sspd|speed|quantum|distribution|qkd|repetition|gate|reflection|readout|circuit|room|temperature|phenomenon|error|rate|qber|frequency|gate|amplifier|reflection|coefficient|phenomenon|rate|society|america
10.1088/1674-1056/20/8/080307,quantum|nondemolition|measurement|flux|qubit|detector|quantum|nondemolition|measurement|flux|qubit|quantum|interference|device|squid|measurement|probability|scale|relationship|measurement|dephase|detune|resonator|couple|strength|measurement|rate|character|noise|squid|term|variable|information|qubit|quantum|tunneling|qubit|state
10.1103/PhysRevLett.106.077002,josephson junction|josephson junction|superconducting qubit|superconducting qubit|quantum circuit|quasiparticle|relaxation|presence|flux|quasiparticle|limit|lifetime|state|theory|decay|rate|qubit|flux|flux|quasiparticle|amplitude|decay|rate|flux|theory|quasiparticle|distribution|estimate|rate|way|phase|admittance
10.1038/NPHYS1885,superconducting qubit|quantum state|photon|shell|game|resonator|circuit|quantum|electrodynamic|generation|control|task|cavity|quantum|qed|realization|cavity|qed|circuit|qed|chip|microwave|photon|control|photon|issue|cavity|qed|transfer|photon|resonator|circuit|qed|resonator|architecture|chip|resonator|phase|qubit|circuit|photon|state|resonator|qubit|vacuum|rabi|swap|resonator|superposition|state|fidelity|phase|coherence|transfer|potential|circuit|photon|quantum|register|multipartite|entanglement
10.1103/PhysRevLett.107.240501,josephson junction|josephson junction|josephson junction|josephson junction|josephson junction|superconducting qubit|quantum circuit|quantum circuit|observation|coherence|qubit|circuit|qed|architecture|progress|quantum|behavior|scalability|prospect|coherence|environment|architecture|resonator|suppresse|decoherence|couple|control|signal|architecture|qubit|spin|echo|evidence|noise|quality|qubit|error|rate|error|correction|threshold
10.1103/PhysRevB.83.180507,quantum state|landau|stuckelberg|interference|microwave|state|phase|qubit|observation|landau|stuckelberg|lzs|interference|state|atom|phase|qubit|microwave|field|dependence|interference|fringe|parameter|state|qubit|prediction|interferometry|state|state|ease|feasibility|multipartite|quantum|logic|gate
10.1016/j.physleta.2011.09.028,mode|state|charge|qubit|device|circuit|charge|qubit|mode|gate|state|increase|number|mode|measurement|charge|state|mode|state|discussion|feasibility|scheme|right
10.1088/0953-2048/24/9/091002,superconducting qubit|superconducting qubit|quantum algorithm|computer|demonstration|oscillation|decade|progress|increase|coherence|qubit|gate|shoot|readout|demonstration|gate|state|art|device|area|growth
10.1103/PhysRevB.84.014510,quantum state|microwave|qubit|transfer|efficiency|procedure|state|microwave|qubit|transmission|line|resonator|resonator|efficiency|emission|capture|microwave|energy|coupler|transmission|coefficient|phase|qubit|technology|coupler|couple|mhz|procedure|efficiency|eta|duration|propagation|ratio|procedure|transfer|photon
10.1103/PhysRevB.84.184510,quantum gate|entanglement|qubit|dynamic|flux|qubit|bath|qubit|qubit|couple|strength|dominate|qubit|transition|frequency|master|equation|bath|space|couple|regime|couple|coherence|dynamic|rise|property|state|dynamic|master|equation|ground|state|entanglement|coherence|qubit|environment|addition|drive|field|antisymmetric|state|fidelity|state|passage|field|quantum|memory|decoherence
10.1088/1367-2630/13/5/053032,superconducting qubit|superradiance|phase|multistability|circuit|quantum|electrodynamic|couple|cavity|circuit|quantum|electrodynamic|qed|framework|superradiance|phase|multistability|technology|couple|circuit|qed|microwave|pulse|number|qubit|presence|energy|relaxation|qubit|field|couple|strength|way|circuit|qed|state|readout|subspace|state|encode|state|phase|multistability|field|amplitude|qubit|readout|feedback|protocol
10.1126/science.1208517,quantum computing|superconducting qubit|quantum error correction|von|neumann|architecture|circuit|von|neumann|architecture|computer|process|unit|memory|instruction|datum|process|unit|datum|access|memory|chip|instruction|computer|quantum|machine|code|element|bus|quantum|memory|register|algorithm|quantum|transform|fidelity|qubit|toffoli|class|phase|gate|phase|fidelity|combination|qubit|coherence|factor|number|code
10.1103/PhysRevLett.106.120501,cooper|pair|box|lifetime|circuit|qed|experiment|transmission|line|element|microwave|resonator|turn|cooper|pair|box|charge|qubit|device|correlation|lifetime|qubit|inverse|couple|qubit|transmission|line|couple|lifetime|cooper|pair|box|improvement|lifetime|cooper|pair|box|loss|tangent|junction|barrier|ghz|order|magnitude|area|tunnel|junction
10.1103/PhysRevA.83.022302,josephson junction|superconducting qubit|quantum network|entanglement|nitrogen|vacancy|center|ensemble|transmission|line|resonator|phase|qubit|scheme|entanglement|nitrogen|vacancy|center|spin|ensemble|transmission|line|resonator|idea|way|ensemble|reach|technology
10.1109/TASC.2010.2091485,quantum computing|superconducting qubit|phase|amplitude|modulator|microwave|generation|microwave|amplitude|phase|modulation|device|resonator|transmission|line|technology|benefit|device|response|modulation|ghz|power|dissipation|potential|integration|speed|sfq|logic|device|phase|modulation|degree|amplitude|modulation|ghz|oscillator|modulation|ghz|microwave|signal|pulse|sigma|technology|power|microwave|pulse|generation|qubit|modulator
10.1088/1674-1056/20/3/034203,interaction|microwave|photon|circuit|quantum|electrodynamic|scheme|interaction|microwave|photon|circuit|quantum|electrodynamic|qed|scheme|transmission|line|resonator|tlrs|quantum|interference|device|type|charge|qubit|atom|regime|circuit|qed|interaction|state|qubit|shift|microwave|field|tlrs|interaction|state|tlrs
10.1103/PhysRevB.84.214304,quantum circuit|chaos|decoherence|suppressor|decoherence|qubit|qubit|setup|power|distribution|frequency|domain|chaos|decoherence|dynamic|setup|decoherence|suppression|decoherence|control|decouple|frequency|control|frequency|component|setup|control|pulse|decouple|noise|frequency|domain|frequency|frequency|noise|qubit|duffe|oscillator|setup|decoherence|qubit|magnitude
10.1103/PhysRevB.83.214518,quantum computing|superconducting qubit|superconducting qubit|quantum gate|scheme|set|transformation|qubit|cavity|scheme|evolution|frame|tripod|hamiltonian|drive|qubit|proposal|state|art|proof|principle
10.1103/PhysRevA.84.043827,quantum phase transition|quantum phase transition|light|photon|resonator|array|scheme|insulator|superfluid|transition|light|array|stripline|resonator|architecture|site|interaction|photon|rate|transition|frequency|charge|qubit|resonator|resonator|junction|light|parameter|space|photon|number|qubit|transition|readout|qubit|state|resonator|mode|property|excitation|resonator|efficiency|decoherence|source|disorder|scheme|guide|experiment|number|resonator
10.1063/1.3638063,quantum circuit|quasiparticle|generation|stray|light|quasiparticle|generation|stray|light|loss|mechanism|resonator|qubit|resonator|quality|factor|energy|relaxation|quasiparticle|density|blackbody|radiation|environment|influence|device|environment|multistage|shielding|american|institute|physics
10.1103/PhysRevB.84.104505,superconducting qubit|quantum memory|quantum|transformer|entanglement|resonator|creation|measurement|state|level|tls|defect|oxide|layer|resonator|interaction|atom|qubit|pcqb|condition|coherence|tls|resonator|state|ramsey|pcqb|pcqb|quantum|transformer|coherence|quantum|memory|bus
10.1016/j.physa.2010.08.027,superconducting qubit|entanglement|death|qubit|mode|cavity|dynamic|entanglement|mixedness|cavity|field|cavity|master|equation|decay|disentanglement|parameter|dissipation|existence|entanglement|death|right
10.1103/PhysRevA.84.064301,superconducting qubit|mechanism|level|scheme|couple|nature|josephson|qubit|level|interest|level|phase|qubit|sensitivity|phase|qubit|form|couple|contrary|calculation|couple|strength|change|flux|bias|flux|qubit|tool|couple|mechanism|level|qubit
10.1103/PhysRevLett.107.150402,superconducting qubit|fermi|atom|circuit|qed|test|version|fermi|proof|causality|probability|excitation|level|atom|couple|field|qubit|signal|agreement|existence|correlation|causality|fermi|atom
10.1140/epjd/e2010-10623-y,quantum gate|qubit|array|anisotropic|interaction|qubit|anisotropic|chain|control|field|end|spin|aim|quantum|control|array|qubit|lie|controllability|spin|chain|interaction|piecewise|control|pulse|fidelity|spin|flip|cnot|root|swap|gate|anisotropy|parameter|delta|gate|value|delta|unity|influence|imperfection|realization|qubit|array|robustness|gate|fidelity|variation|control|field|amplitude|rise|pulse|implication|charge|qubit|array
10.1088/0253-6102/55/5/08,quantum system|entanglement|dynamic|charge|qubit|cavity|dynamic|charge|qubit|scqs|microwave|field|state|scqs|evolution|photon|number|cavity|field|amplitude|period|entanglement|concurrence|choice|state|photon|number|cavity|field|quantum|register|storage|information|charge|qubit
10.1140/epjd/e2011-20086-3,superconducting qubit|superconducting qubit|quantum system|entanglement|control|field|datum|bus|qubit|field|expression|evolution|operator|entanglement|dynamic|influence|field|state|entanglement|death|birth|entanglement|qubit|bus|entanglement|death|birth|field
10.1080/14786435.2011.573816,phase|cooper|pair|box|cavity|evolution|cooper|pair|presence|cooper|pair|field|cavity|dependence|dynamic|charge|qubit|microcavity|field|phase|shift|qubit|phase|population|dynamic|phase|shift|dynamic|atom|cavity|property|dissipation
10.1088/0253-6102/56/1/17,superconducting qubit|phase|gate|operator|operator|circuit|quantum|electrdynamic|review|definition|phase|opreator|operator|operator|operator|phase|mean|operator|operator|circuit|cavity|mode|state|path|phase|space|qubit|phase|gate|circuit|quantum|electrodynamic|photon|interaction|photon|interaction|circuit|cavity|feasibility|detail
10.1088/1367-2630/13/1/013017,superconducting qubit|quantum memory|proposal|wave|phonon|photon|translator|photon|phonon|manner|conversion|description|phonon|photon|translator|crystal|planar|circuit|photon|circuit|qed|proposal|wavelength|conversion|state|transfer
10.1103/PhysRevLett.106.167004,number|fluctuation|superconductor|quasiparticle|number|fluctuation|film|resonator|equilibrium|spectrum|fluctuation|measure|density|lifetime|quasiparticle|quasiparticle|density|temperature|saturation|saturation|quasiparticle|lifetime|observation|qubit|decoherence
10.1016/j.nuclphysb.2011.06.014,josephson junction|josephson junction|josephson junction|coherence|doublet|luttinger|liquid|field|theory|phase|qubit|chain|tomonaga|luttinger|liquid|lead|range|fabrication|control|parameter|finite|couple|point|geometry|network|phase|emergence|doublet|noise|control|parameter|flux|gate|voltage|decoherence|couple|qubit|lead|protocol|state|doublet|network|finite|couple|point|today|technology|right
10.1134/S002136401115015X,quantum state|majorana fermion|majorana fermion|majorana fermion|majorana fermion|statistic|nanowire|network|scheme|quantum|nanowire|structure|statistic|term|braid|group|endpoint|wire|wave|superconductor|nature|fact|output|order|gate|braid|group|element|difference|flux|qubit
10.1103/PhysRevA.84.010301,josephson junction|quantum computing|quantum computing|superconducting qubit|quantum device|quantum memory|quantum memory|w state|fidelity|nitrogen|vacancy|center|ensemble|quantum|computation|nitrogen|vacancy|center|ensemble|nve|cbjj|transmission|line|resonator|tlr|processor|microwave|photon|tlr|quantum|datum|bus|storage|kind|decoherence|mechanism|multiqubit|cbjj|feasibility|technology
10.1142/S0219749911007654,quantum|phase|gate|atom|transmission|line|resonator|atom|surface|microwave|transmission|line|resonator|qubit|phase|gate|phase|shift|proposal|rydberg|excitation|blockade|mechanism|range|dipole|dipole|interaction|stripline|cavity|mode|one|passage|ground|state|atom|phase|gate|area|proposal|field|chip|quantum|computation
10.1103/PhysRevLett.106.060501,quantum computer|quantum computing|superconducting qubit|superconducting qubit|coupler|challenge|field|construction|qubit|architecture|couple|circuit|distance|interqubit|couple|strength|nanosecond|scale|sequence|algorithm|coupler|ratio|self|qubit|coupler|module|variety|element|qubit|resonator|amplifier|circuit|distance|neighbor|flexibility
10.1103/PhysRevA.84.061805,superconducting qubit|quantum state|quantum state|preparation|state|qubit|control|circuit|qed|transition|photon|absorption|emission|symmetry|selection|rule|formation|state|circuit|quantum|electrodynamic|setup|resonant|chip|cavity|cavity|field|excitation|state|state|phase|control|qubit|symmetry|excitation|field|state|decay|emission|cavity|signature|subradiance|control|cavity|qubit
10.1103/PhysRevB.84.235102,josephson junction|superconducting qubit|noise|microresonance|current|kondo|trap|state|impact|trap|state|oxide|layer|tunnel|junction|fluctuation|josephson|critical|current|coherence|mechanism|blockage|repulsion|trap|state|noise|electron|trap|trap|trap|electron|repulsion|channel|repulsion|temperature|dependence|noise|control|couple|qubit|level|oxide|dielectric|order|perturbation|theory|formula|state|weight|repulsion|feature|numerical|renormalization|group|formulation|subgap|state|energy|phase|boundary|weight|interaction|supercurrent|trap|spectrum|junction|resonator|qubit|presence|electron|dependence|parameter|fabrication
10.1063/1.3659896,microwave|couple|charge|resonance|silicon|electron|transistor|couple|excitation|silicon|transistor|qubit|gate|gate|interaction|gate|voltage|semiconductor|device|flux|device|behavior|silicon|transistor|microwave|spectroscopy|transistor|presence|electron|resonance|frequency|spectroscopy|frequency|difference|resonance|frequency|american|institute|physics
10.1103/PhysRevB.84.104527,quantum system|decoherence|autler|towne|state|tone|drive|level|superconducte|radiation|field|decoherence|optic|autler|towne|split|sillanp|phy|rev|lett|phase|qubit|level|approximation|decoherence|rate|measurement|datum|agreement|experiment|level|state|experiment|structure|state
10.1103/PhysRevB.84.205109,majorana fermion|decay|rate|memory|proposal|majorana|mode|state|heterojunction|wire|lattice|information|qubit|mode|form|decoherence|perturbation|mode|interaction|majorana|mode|fermion|rate|loss|information|majorana|mode|correlator|qubit|environment|bath|tunneling|component|qubit|majorana|mode|perturbation|noise|formalism|rate|information|loss|majorana|memory|density|noise|fermionic|bath
10.1103/PhysRevB.83.184510,quantum circuit|quantum system|adiabatic quantum|asymmetric|cooper|pair|transistor|parallel|squid|cooper|pair|transistor|acpt|parallel|superconduction|intereference|device|squid|hamiltonian|circuit|charge|qubit|acpt|oscillator|squid|anharmonicity|squid|hamiltonian|qubit|jayne|cumme|hamiltonian|squid|micrometer|resonator|couple|term|combination|josephson|couple|qubit|couple|regime|couple|strength|circuit|fay|phy|rev|lett|quantronium|transfer|readout
10.1103/PhysRevB.84.201308,quantum dot|quantum dot|quantum dot|majorana|fermion|mode|setup|majorana|mode|end|wave|nanowire|majorana|state|end|wire|conductance|wire|phase|transition|jump|conductance|factor|phase|temperature|peak|value|dot|conductance|dot|resonance|lead|contrast|wire|phase|conductance|peak|value|mode|end|wire|conductance|flensberg|qubit|phy|rev|lett|degeneracy|point
10.1103/PhysRevLett.107.073601,demonstration|photon|router|microwave|regime|atom|transmon|qubit|transmission|line|scatter|incident|microwave|photon|ghz|input|state|photon|number|resonance|atom|extinction|field|tone|spectroscopy|state|transparency|eit|eit|photon|router|output|signal|ratio|rise|order|nanosecond|expectation|router|output|port|quantum|node|step|quantum|information|network
10.1007/s11128-011-0302-6,quantum state|quantum|information|process|chip|information|process|transfer|storage|hybrid|block|chip|couple|qubit|ensemble|atom|center|spin|microwave|transmission|line|resonator|atom|spin|device|advantage|block|disadvantage|qubit|logic|gate|decoherence|state|spin|ensemble|decoherence|storage|information|fidelity|device|control|qubit|storage|ensemble|fidelity|transfer|storage|spin|ensemble|portion|ensemble|improvement|fidelity|device|condition|progress|realization|scheme
10.1109/TASC.2010.2081653,superconducting qubit|measurement|epitaxial|aln|tunnel|junction|density|temperature|circuit|quality|density|josephson|tunnel|junction|quality|epitaxial|aln|tunnel|junction|density|ten|voltage|characteristic|junction|temperature|range|junction|quality|gap|voltage|junction|gap|resistance|temperature|temperature|junction|leakage|voltage|noise|power|density|junction|size|base|temperature|junction|gap|voltage|density|behavior|frequency|junction|dimension
10.1038/NPHYS1994,superconducting qubit|quantum coherence|noise|decouple|flux|qubit|spin|information|science|resonance|image|identification|multipulse|control|sequence|noise|coherence|spin|environment|efficacy|distribution|noise|sequence|noise|spectrum|noise|spectroscopy|mean|decouple|energy|relaxation|decouple|coherence|limit|filter|property|noise|frequency|range|mhz|distribution|alpha|characterization|noise|utility|spin|resonance|control|device|material|engineering|coherence
10.1103/PhysRevLett.106.257002,superconducting qubit|quantum circuit|photon pair|generation|photon|resonator|array|scheme|generation|resonator|array|resonator|jayne|cumme|lattice|couple|kerr|nonlinearity|couple|photon|demand|nonlinearity|symmetry|resonator|scheme|parameter|spread|fabrication|error|find|element|quantum|information|process
10.1109/TASC.2010.2090330,superconducting qubit|loss|dependence|geometry|power|coplanar|resonator|loss|microwave|resonator|photon|number|temperature|implication|coherence|layer|resonator|quality|factor|aluminum|film|sapphire|substrate|resonator|geometry|frequency|ghz|element|resonator|coplanar|strip|waveguide|resonator|coplanar|strip|element|power|measurement|function|frequency|probe|power|resonator|loss|inverse|quality|factor|decade|photon|number|manner|loss|distribution|level|oxide|layer|surface|resonator
10.1103/PhysRevA.83.041801,superconducting qubit|feedback|control|superposition|feedback|control|superposition|wave|packet|feedback|protocol|state|estimator|measurement|resonator|measurement|resonator
10.1103/PhysRevB.84.085121,charge|kondo|superconductor|metal|proposal|charge|kondo|superconductor|heterostructure|gap|energy|charge|kondo|correlation|device|temperature|dependence|reflection|electron|cotunnele|kondo|temperature|architecture|charge|qubit|nanowire|temperature
10.1103/PhysRevB.84.184528,josephson|current|terminal|superconductor|exciton|condensate|superconductor|transport|property|bilayer|exciton|condensate|superconducte|lead|equilibrium|regime|josephson|current|bilayer|phase|bias|electrode|presence|exciton|condensate|bulk|distance|electrode|exciton|coherence|length|josephson|current|difference|phase|bias|layer|junction|limit|particle|andreev|superconductor|exciton|condensate|interface|mirror|way|qubit
10.1103/PhysRevA.84.012329,quantum circuit|cross|kerr|josephson|qubit|circuit|quantum|electrodynamic|scheme|nonlinearity|transmission|line|resonator|tlrs|interaction|coupler|transmon|qubit|quantum|interference|device|coupler|cross|phase|modulation|xpm|tlrs|type|level|structure|consequent|transparency|state|flexibility|couple|configuration|coefficient|gate|photon|scheme|fluctuation|state|calculation|absorption|dispersion|tlrs|decoherence|coupler|xpm|strength
10.1103/PhysRevB.84.060501,quantum communication|quantum network|quantum processor|ultralow|power|spectroscopy|earth|spin|ensemble|resonator|ghz|frequency|range|qubit|task|information|process|spin|ensemble|earth|ion|opportunity|microwave|domain|level|communication|ultralow|power|chip|electron|spin|resonance|spectroscopy|spin|crystal|coplanar|resonator
10.1038/NPHYS1911,quantum dot|quantum dot|transport|andreev|state|graphene|energy|electron|incident|interface|metal|superconductor|injection|cooper|pair|superconductor|generation|hole|metal|andreev|reflection|geometry|rise|andreev|state|transport|supercurrent|material|mean|state|transport|measurement|gate|tunable|graphene|sheet|graphene|contact|function|form|level|proximity|contact|density|state|graphene|sensitivity|level|gate|voltage|spectra|energy|gate|voltage
10.1103/PhysRevB.83.064508,superconducting qubit|quantum device|interplay|superconductor|antiferromagnetism|interplay|superconductor|antiferromagnetism|superconductor|region|self|field|theory|antiferromagnetism|layer|supercurrent|junction|phase|difference|junction|antiferromagnetism|layer|light|material|material|engineering|insight|josephson|junction|quantum|interference|device
10.1088/0031-8949/83/05/055003,josephson junction|entanglement|charge|qubit|glauber|lachs|state|entanglement|property|charge|qubit|field|glauber|lachs|state|field|photon|entanglement|property|charge|qubit|entanglement|qubit|photon|field|entanglement|degree|qubit|parallelism|glauber|lachs|state|telegraph|noise|mean|entanglement
10.1109/TASC.2010.2089403,superconducting qubit|testing|microwave|component|quantum|information|process|fabrication|testing|microwave|component|quadrature|hybrid|coupler|component|josephson|parametric|amplifier|information|process|coupler|loss|isolation|insertion|loss|ghz|band|ghz|isolation|insertion|loss|band|ghz|value|specification|difference|center|frequency|hybrid
10.1103/PhysRevLett.106.060401,quantum circuit|quantum entanglement|quantum entanglement|quantum entanglement|entanglement|photon|microwave|resonator|feature|quantum|mechanic|variety|spinlike|energy|level|degeneracy|linearity|quantum|control|photon|state|microwave|resonator|state|state|demonstration|superconducte|josephson|qubit|resonator|state|tomography|advance|control|resonator|circuit
10.1103/PhysRevA.84.053846,theory|wave|mix|circuit|qed|state|circuit|theory|wave|mix|generation|microwave|circuit|quantum|electrodynamic|state|circuit|hamiltonian|wave|mix|optic|calculation|medium|wave|mix|series|charge|qubit|transmission|line|resonator|multiqubit|ensemble|couple|mode|transmission|line|resonator|qubit|ground|state|decoherence|squeeze|obstacle|efficiency|decay|rate|transmission|line|resonator
10.1007/s11433-011-4280-6,superconducting qubit|quantum state|realization|superposition|entanglement|state|circuit|quantum|electrodynamic|scheme|superposition|entanglement|state|state|charge|qubit|level|atom|photon|cavity|chip|drive|field|virtue|parameter|novel|multiparty|state|state|state|state|cavity|state|amplitude|order|quantum|electrodynamic|cavity|boundary|quantum|behavior|decoherence|device|architecture|state|quantum|computation|communication
10.1007/s10773-011-0747-5,cluster state|qubit|state|generation|flux|qubit|coplanar|waveguide|resonator|scheme|multi|qubit|state|decoherence|flux|qubit|coplanar|waveguide|resonator|evolution|operator|greenberger|zeilinger|ghz|state|type|state|scheme
10.1088/0253-6102/56/2/22,superconducting qubit|entanglement|dynamic|circuit|qed|entanglement|dynamic|charge|qubit|temperature|resonator|feather|compete|creation|annihilation|entanglement|entanglement|death|revival|dependence|death|state
10.1103/PhysRevB.84.024524,josephson junction|josephson junction|superconducting qubit|voltage|characteristic|tunnel|interlayer|voltage|characteristic|superconductor|insulator|ferromagnet|superconductor|sif|tunnel|order|density|state|bilayer|length|layer|theory|layer|thickness|penetration|depth|condensate|layer|expression|self|property|dependence|parameter|layer|oscillation|fermi|energy|property|quantum|tunneling|mqt|escape|rate|sif|junction|account|correction|quasiparticle|tunneling|influence|quasiparticle|dissipation|quantum|dynamic|sif|junction|advantage|sif|junction
10.1088/0253-6102/55/5/24,w state|w state|w state|qubit|quantum|interference|device|passage|scheme|qubit|quantum|interference|device|squids|passage|state|advantage|passage|scheme|decoherence|field|interaction|couple|qubit|cavity|probability
10.1088/0256-307X/28/6/060307,josephson junction|control|entanglement|josephson|charge|qubit|charge|qubit|evolution|entanglement|josephson|charge|qubit|concurrence|influence|photon|number|phase|amplitude|qubit|evolution|entanglement|photon|number|phase|amplitude|qubit|role|evolution|entanglement
10.1209/0295-5075/93/64002,superconducting qubit|measurement|type|measurement|measurement|year|phase|qubit|measurement|measurement|event|measurement|event|fisher|information|estimation|sensitivity|quantum|tomography|way|type|measurement|copyright|epla
10.1063/1.3597156,noise|microresonator|vacuum|noise|limit|dissipation|quadrature|noise|microresonator|sensitivity|vacuum|noise|level|josephson|amplifier|excitation|power|frequency|noise|order|magnitude|vacuum|noise|dissipation|quadrature|noise|vacuum|noise|level|amplifier|dissipation|measurement|sensitivity|microresonator|readout|implication|detector|qubit|oscillator|american|institute|physics
10.1088/0953-4075/44/7/075503,josephson junction|superconducting qubit|quantum system|w state|w state|w state|generation|scheme|array|dynamic|reservoir|environment|generation|scheme|migliore|phy|rev|end|master|equation|resolution|generation|state|comparison|order|limit|reservoir
10.1063/1.3663539,josephson junction|josephson junction|superconducting qubit|superconducting qubit|aln|aln|trilayer|mgo|substrate|photolithography|transmon|qubit|josephson|energy|tunnel|barrier|phase|aln|phase|key|couple|phonon|bath|energy|relaxation|spin|echo|decay|qubit|waveguide|resonator|american|institute|physics
10.1103/PhysRevA.83.022309,superconducting qubit|superconducting qubit|rydberg|atom|resonator|information|storage|quantum|gate|rydberg|atom|scqs|state|rydberg|atom|resonator|resonator|couple|field|motion|resonator|atom|state|couple|manipulation|measurement|resonator|atom|resonator|scq|interface|scq|atom|resonator
10.1103/PhysRevB.83.092504,josephson junction|noise|investigation|josephson|investigation|noise|niobium|josephson|device|junction|interference|device|squid|switch|measurement|junction|ramp|switch|flight|datum|noise|measurement|area|temperature|range|behavior|noise|junction|area|temperature|measurement|information|noise|josephson|device|squid|qubit
10.1088/1367-2630/13/9/095008,superconducting qubit|gauge|field|homodyne|transmission|jayne|cumme|body|physics|particle|interaction|photon|circuit|quantum|electrodynamic|qed|architecture|microwave|field|way|photon|body|physic|magnitude|sign|photon|hop|amplitude|circuit|qed|array|finite|ring|jayne|cumme|lattice|gauge|field|degeneracy|excitation|spectrum|emerge|rise|correlation|excitation|homodyne|transmission|device|generalization|vacuum|rabi|split|site|jayne|cumme|fingerprint|interaction|response|regime
10.1038/NPHYS2057,superconducting qubit|energy|fluctuation|contact|heat|bath|energy|gibb|distribution|find|cornerstone|physics|energy|energy|distribution|set|progress|atom|ion|trap|energy|distribution|gibb|ensemble|existence|regime|order|transition|calculation
10.1103/PhysRevA.84.023840,quantum dot|superconducting qubit|superradiance|phase|photon|phase|diffusion|number|state|dicke|tavis|cumming|couple|regime|microwave|circuit|cavity|bec|atom|cavity|couple|regime|dicke|dicke|expansion|state|root|behavior|rabi|phase|berry|phase|term|ground|state|excitation|spectra|photon|excitation|spectrum|energy|quantum|phase|diffusion|mode|weight|energy|mode|weight|photon|number|state|measurement|quantum|information|process|comparison|diagonalization|scheme|phase
10.1038/NPHYS2385,quantum bit|superconducting qubit|quantum algorithm|quantum state|quantum system|quantum processor|quantum processor|quantum processor|trapped ion|factor|josephson|phase|qubit|mechanic|factor|version|shor|algorithm|sum|factorization|algorithm|state|number|qubit|control|hardware|quantum|element|state|experiment|capability|device|spectroscopy|interaction|qubit|entanglement|experiment|qubit|version|shor|algorithm|number|factor|improvement|coherence|circuit|resource|number
10.1103/PhysRevB.85.075413,quantum bit|photon|heat|conduction|circuit|heat|conduction|resistor|microwave|cavity|temperature|part|heat|resistor|photon|excitation|mode|cavity|manifestation|photon|heat|conduction|state|art|scheme|interference|temperature|control|component|environment|engineering|cavity
10.1038/srep00571,quantum bit|quantum device|quantum annealing|quantum annealing|quantum annealing|energy|conformation|lattice|protein|lattice|protein|fold|cornerstone|biophysic|representation|insight|energy|landscape|protein|energy|structure|description|protein|property|one|miyazawa|jernigan|account|interaction|acid|evidence|advantage|optimization|analogue|anneal|report|lattice|protein|experiment|way|optimization|biophysic|mechanic
10.1103/PhysRevB.86.035313,quantum bit|photon|heat|conduction|circuit|photon|heat|conduction|circuit|account|back|action|superconductor|insulator|metal|thermometer|addition|capacitor|resistor|interference|device|squid|microwave|cavity|profile|circuit|introduction|squids|situ|tune|power|transfer|experiment
10.1016/j.crhy.2012.01.001,josephson junction|quantum bit|mechanic|circuit|quantum|electrodynamic|oscillator|circuit|quantum|electrodynamic|couple|nano|microwave|resonator|rise|quantum|physics|electron|photon|phonon|couple|oscillator|microwave|resonator|dynamic|phonotonic|microwave|cavity|device|quantum|phonon|state|state|phonon|photon|academie|des|science|masson|right
10.1088/0953-4075/45/12/124018,quantum bit|quantum processor|quantum memory|process|quantum|memory|telecommunication|link|quantum|frequency|conversion|quantum|information|process|qip|qms|limitation|future|platform|version|component|qip|atom|diamond|telecom|fibre|frequency|converter|qfc|telecom|band|qubit|conversion|qfc|lithium|niobate|waveguide|concreteness|conversion|qubit|telecom|band|conversion|diamond|qubit|telecom|band|inverse|interface|fidelity|storage|state|demonstration|spin|photon|entanglement|entanglement|spin|flux|qubit|microwave|region|ghz|link|interface|internet
10.1038/NMAT3182,quantum computer|superconducting qubit|trapped ion|electron|spin|coherence|second|purity|silicon|silicon|semiconductor|material|spin|information|process|fabrication|technology|transition|device|scale|processor|availability|form|nucleus|source|spin|decoherence|coherence|lifetime|electron|spin|state|order|magnitude|vacuum|electron|spin|coherence|donor|material|concentration|donor|density|mechanism|spin|decoherence|temperature|coherence|lifetime|regime|electron|spin|interaction|donor|electron|spin|field|gradient|suppresse|interaction|electron|spin|coherence|lifetime|peer|state|vacuum|qubit|electron|spin|donor|silicon|component|quantum|memory
10.1137/100816559,josephson junction|quantum bit|manifold|equilibrium|bifurcation|parameter|circuit|memory|resistor|memristor|device|flux|charge|relation|existence|leon|chua|report|device|relation|lot|attention|circuit|element|memristor|device|role|electron|future|nanometer|scale|form|voltage|characteristic|equilibrium|point|manifold|equilibrium|dimension|number|memristor|circuit|hyperbolicity|manifold|equilibrium|graph|term|assumption|hyperbolicity|manifold|nature|circuit|bifurcation|parameter|ode|circuit
10.1038/nature11559,quantum computing|quantum dot|quantum dot|quantum dot|superconducting qubit|quantum algorithm|quantum processor|circuit|quantum|electrodynamic|spin|qubit|electron|spin|build|block|picosecond|quantum|bit|qubit|gate|neighbour|exchange|spin|architecture|range|qubit|interaction|circuit|quantum|electrodynamic|cqed|microwave|cavity|quantum|bus|qubit|entanglement|cqed|architecture|spin|qubit|indium|arsenide|architecture|charge|cavity|couple|rate|megahertz|couple|rate|gallium|arsenide|spin|orbit|interaction|indium|arsenide|spin|rotation|gate|electrode|charge|cavity|interaction|measurement|spin|dynamic|cqed|architecture|probe|spin|physics|spin|cavity|couple|rate|megahertz|possibility|range|spin|couple|microwave|cavity
10.1103/PhysRevLett.108.190506,quantum dot|couple|spin|qubit|transmission|line|resonator|mechanism|spin|qubit|transmission|line|resonator|resonator|gate|interdot|tunneling|spin|qubit|resonator|interaction|strength|ten|mhz|mechanism|symmetry|point|decoherence|charge|noise|transmission|line|shuttle|qubit|gate|generation|qubit|qubit|entanglement|phase|gate
10.1209/0295-5075/100/57006,spin|blockade|qubit|junction|experiment|zgirski|phy|rev|lett|quasiparticle|manipulation|break|junction|term|spin|blockade|analogy|spin|qubit|qubit|spin|state|quasiparticle|control|spin|state|manipulation|rabi|frequency|spin|blockade|quasiparticle|recombination|triplet|state|estimation|parameter
10.1103/PhysRevA.85.052125,quantum system|model|frequency|noise|fluctuator|dynamic|level|frequency|noise|telegraph|spin|fluctuator|environment|number|fluctuator|limit|erp|distribution|function|fluctuator|erp|ensemble|fluctuator|decoherence|flux|qubit|datum|agreement|prediction|experiment|complex|semiconductor|superconducte|spin|qubit|interaction|environment
10.1103/PhysRevA.85.014302,quantum state|quantum state|transfer|qubit|circuit|qed|report|scheme|charge|qubit|semiconductor|spin|qubit|circuit|qed|device|condition|resonator|state|transfer|qubit|flux|bias|charge|qubit|infidelity|advantage|proposal|route|quantum|information|transfer|state|qubit
10.1038/nature10786,quantum computer|quantum bit|superconducting qubit|quantum error correction|quantum state|quantum state|realization|qubit|circuit|computer|susceptibility|error|error|coherence|quantum|error|quantum|bit|qubit|code|qubit|state|qubit|state|phase|bit|error|qubit|code|phase|bit|flip|error|code|circuit|error|qubit|error|syndrome|error|encode|syndrome|input|qubit|gate|qubit|code|error|qubit|fidelity|error|probability|qubit|gate|toffoli|gate|nanosecond|interaction|state|qubit|cent|fidelity|action|gate|cent|fidelity|quantum|matrix|gate|pass|phase|flip|error|correction|order|insensitivity|error|concatenation|code|qubit|device|qubit|error|combination|advance|coherence|technology
10.1088/0953-4075/45/18/185505,quantum bit|quantum bit|encode|information|process|field|superposition|state|circuit|state|superconducte|device|transmission|line|architecture|phenomenon|computation|object|investigation|condition|transmission|line|radiation|mode|device|level|reason|atom|qubit|gate|encode|field|qubit|state|coplanar|transmission|line|charge|qubit|state|qubit|field|storage|information|efficiency|action|bath|encode|day|technology|investigation|entanglement|state|qubit|field|action|pulse
10.1103/PhysRevA.85.042301,quantum computer|superconducting qubit|cluster state|way|chip|resonator|qubit|architecture|way|computation|network|transmission|line|resonator|quantum|information|photon|state|resonator|coherence|resonator|charge|qubit|state|initialization|measurement|qubit|pair|qubit|mediator|charge|qubit|rabi|pulse|mediator|qubit|advantage|architecture|scalability|state|coherence|qubit|architecture|parameter|variation
10.1038/nature10713,quantum computing|superconducting qubit|superconducting qubit|quantum teleportation|quantum error correction|quantum error correction|toffoli|gate|circuit|toffoli|gate|quantum|bit|qubit|gate|state|target|qubit|state|control|qubit|set|gate|computation|element|toffoli|gate|magnetic|ion|trap|experiment|progress|qubit|qubit|tomography|qubit|state|step|architecture|toffoli|gate|qubit|gate|gate|qubit|limit|coherence|toffoli|gate|transmon|qubit|microwave|resonator|energy|level|transmon|qubit|number|gate|toffoli|gate|proposal|level|tomography|monte|carlo|certification|toffoli|gate|qubit|fidelity|cent|feature|toffoli|class|gate|qubit|resonator|characterization|phase|fidelity|potential|quantum|gate|possibility
10.1038/nature11505,quantum bit|superconducting qubit|quantum error correction|quantum state|quantum state|rabi|oscillation|quantum|feedback|act|measurement|quantum|world|superposition|state|outcome|timescale|form|walk|state|measurement|record|feedback|control|state|qubit|microwave|measurement|qubit|cavity|microwave|photon|occupation|photon|photon|quantum|noise|monitor|state|cavity|qubit|fidelity|feedback|control|decay|rabi|oscillation|ability|suppression|decoherence|entanglement|generation|state|adaptive
10.1103/PhysRevB.86.184501,superconducting qubit|superconducting qubit|superconducting qubit|superconducting qubit|superconducting qubit|superconducting qubit|superconducting qubit|quantum state|quantum system|quantum memory|energy|relaxation|information|process|advantage|advantage|qubit|coherence|memory|qubit|controllability|memory|qubit|information|couple|memory|qubit|energy|split|drawback|energy|leakage|memory|qubit|detune|energy|relaxation|memory|qubit|couple|dephase|energy|transport|memory|qubit|control|qubit|appearance|zeno|fluctuation|way|energy|relaxation|technology
10.1140/epjb/e2012-30765-x,superconducting qubit|superconducting qubit|superconducting qubit|qubit|phase|gate|state|scheme|couple|nitrogen|vacancy|ensemble|transmission|line|resonator|flux|loop|couple|transmission|line|resonator|qubit|phase|gate|protocol|technology
10.1143/PTP.128.587,quantum dot|superconducting qubit|superconducting qubit|superconducting qubit|proposal|qubit|phase|gate|cavity|way|qubit|quantum|phase|gate|cavity|proposal|adjustment|qnbit|level|space|qubit|cavity|couple|constant|interaction|gate|nanosecond|proposal|type|atom|cavity|resonator
10.1016/j.physc.2012.02.024,multiqubit|quantum|phase|gate|level|quantum|interference|device|resonator|scheme|qubit|quantum|phase|gate|qubit|target|qubit|level|quantum|interference|device|squid|resonator|level|squid|state|energy|level|gate|realization|scheme|passage|order|detune|adjustment|level|gate|gate|gate|scheme|qubit|quantum|phase|gate|scheme|qubit|quantum|transform|right
10.1103/PhysRevA.85.053833,superconducting qubit|superconducting qubit|superconducting qubit|excitation|spectrum|dipole|field|chain|chain|couple|coplanar|resonator|qubit|dipole|field|couple|strength|wave|form|cavity|field|couple|dependence|ladder|operator|qubit|chain|qubit|transition|amplitude|momentum|level|diagonalization|qubit|hamiltonian|operator|excitation|spectrum|probability|redistribution|eigenstate|variation|value|crossover|type|exciton|chain
10.1103/PhysRevB.85.024537,ghz state|generation|multiparticle|state|flux|qubit|circle|array|transmission|line|resonator|couple|step|generation|greenberger|zeilinger|ghz|state|circuit|qed|flux|qubit|coherence|flux|qubit|qubit|gate|proposal|microwave|field|transmission|line|resonator|tlr|resonator|manner|qubit|qubit|couple|entanglement|qubit|resonator|tlr|circle|array|potential|step|scheme|qubit|tlrs
10.1088/1367-2630/14/7/073041,superconducting qubit|qubit|gate|gate|circuit|couple|anharmonicity|qubit|gate|qubit|gate|gate|condition|couple|strength|anharmonicity|qubit|equation|assumption|decoherence|dependence|qubit|gate|fidelity|parameter|qubit|qubit|couple|parameter|regime|qubit|gate|fidelity
10.1103/PhysRevA.86.012318,superconducting qubit|superconducting qubit|mode|state|resonator|dissipation|scheme|mode|variable|state|resonator|gap|tunable|atom|microwave|field|sideband|qubit|resonator|couple|state|photon|field|resonator|mode|vacuum|state|ground|state|scheme|qubit|decay|role|target|state|source|noise|resource
10.3938/jkps.60.72,superconducting qubit|superconductor|ferromagnet|junction|phase|qubit|scheme|phase|qubit|junction|superconductor|proximity|ferromagnet|barrier|qubit|state|phase|state|junction|energy|junction|superposition|state|qubit|gate|voltage|ferromagnet|decoherence|source|scheme|qubit|measurement|qubit|couple|realization
10.1088/1751-8113/45/20/205304,information|transfer|flux|qubit|cavity|information|transfer|flux|qubit|cavity|qubit|cavity|qubit|pulse|interaction|information|transfer|proposal|proposal|adjustment|qubit|level|space|gate|uniformity|device|parameter|placement|qubit|cavity
10.1063/1.3700964,josephson junction|superconducting qubit|superconducting qubit|noise|josephson|junction|microwave|resonator|photon|energy|millikelvin|temperature|measurement|frequency|noise|josephson|junction|aluminum|resonator|power|temperature|regime|operate|condition|addition|noise|limit|fluctuation|root|shadow|junction|value|noise|qubit|architecture|temperature|activation|fluctuator|level|noise|spectra|american|institute|physics
10.1088/1674-1056/21/4/044209,superconducting qubit|scheme|charge|state|circuit|qed|scheme|type|charge|state|squid|charge|qubit|transmission|line|resonator|tlr|couple|tlr|control|parameter|charge|qubit|feasibility|scheme
10.1103/PhysRevB.86.184514,josephson junction|josephson junction|superconducting qubit|superconducting qubit|decoherence|quasiparticle|interaction|qubit|degree|freedom|quasiparticle|limitation|qubit|coherence|theory|rate|quasiparticle|broaden|change|occupation|andreev|state|junction|master|equation|qubit|dynamic|rate|quasiparticle|density|state|energy|gap|rate|factor|qubit|phase|flux|qubit|transmon|fluxonium|transmon|junction|loop|exception|measurement|fluctuation|qubit|frequency|broaden|fluctuation|occupation|number|state|phase|mechanism|qubit|area|junction|change|frequency|order|number|transmission|channel|junction
10.1103/PhysRevLett.109.060501,superconducting qubit|superconducting qubit|quantum gate|quantum gate|fault|threshold|quantum|tomography|set|microwave|gate|frequency|junction|transmon|qubit|gate|fidelity|clifford|group|generator|qubit|rotation|qubit|state|preparation|measurement|error|map|representation|pauli|basis|fidelity|gate|build|block|architecture|error|correction|scheme|limit|characterization
10.1103/PhysRevA.86.022305,superconducting qubit|order|sideband|circuit|qed|qubit|frequency|modulation|sideband|transition|interaction|microwave|resonator|transition|voltage|drive|qubit|resonator|disadvantage|order|sideband|transition|order|sideband|transition|oscillation|qubit|frequency|flux|bias|line|order|transition|qubit|resonator|qubit|qubit|interaction|detail|order|sideband|transition|fidelity|gate|transmon|resonator
10.1103/PhysRevB.86.140508,shift|cavity|resonance|flux|qubit|regime|enhancement|frequency|shift|coplanar|waveguide|resonator|flux|qubit|regime|magnitude|shift|mhz|qubit|resonator|detune|ghz|rabi|account|contribution|qubit|energy|level|shift|qubit|contrast|rabi|oscillation|energy|relaxation|qubit
10.1016/j.physb.2012.05.033,multi|gate|greenberger|zeilinger|state|generation|qubit|qubit|flux|qubit|resonator|scheme|qubit|gate|greenberger|zeilinger|ghz|state|flux|qubit|qubit|resonator|mode|vacuum|state|fidelity|gate|procedure|addition|gate|gate|number|qubit|strength|feasibility|condition|detune|frequency|resonator|pulse|right
10.1103/PhysRevLett.108.057002,superconducting qubit|characterization|transmon|processor|shoot|qubit|characterization|qubit|processor|tunable|transmon|type|qubit|shoot|readout|couple|root|iswap|qubit|gate|interaction|state|tomography|dynamic|bit|register|function|interaction|violation|entanglement|inequality|deviation|readout|error|measure|quantum|tomography|fidelity
10.1103/PhysRevA.86.012333,superconducting qubit|superconducting qubit|quantum error correction|quantum error correction|quantum|error|detection|correction|quantum|error|detection|protocol|experiment|qubit|energy|relaxation|qubit|code|quantum|error|detection|qubit|encode|qubit|energy|relaxation|relaxation|relaxation|scenario|qubit|algorithm|quantum|error|detection|correction|day|level|phase|qubit|technology
10.1103/PhysRevA.86.022326,superconducting qubit|qubit|bifurcation|regime|circuit|qed|bifurcation|measurement|multilevel|resonator|regime|resonator|frequency|qubit|transition|frequency|fidelity|bifurcation|measurement|qubit|state|pull|resonator|frequency|behavior|qubit|nonlinearitie|purcell|decay|rate|qubit|regime|simulation|improvement|qubit|fidelity|regime|fidelity|measurement|qubit|resonator|couple|realization|crowd|multiqubit|device
10.1103/PhysRevLett.109.240502,quantum error correction|feedback|control|state|qubit|fidelity|projective|measurement|feedback|control|transmon|qubit|measurement|drive|feedback|qubit|target|state|error|input|superposition|state|experiment|initialization|loop|qubit|control|measurement|protocol|teleportation
10.1088/1674-1056/21/4/040307,josephson junction|josephson junction|josephson junction|flux|loop|size|tunable|flux|qubit|loop|inductance|loop|inductance|qubit|loop|gradiometer|form|interference|magnetic|noise|squid|josephaon|junction|flux|qubit|energy|gap|flux|line|calculation|dependence|energy|gap|qubit|parameter|junction|capacitance|loop|inductance|ratio|junction|energy|junction|flux|qubit|range|value|parameter
10.1103/PhysRevA.86.045801,superconducting qubit|generation|state|ensemble|molecule|couple|charge|qubit|scheme|state|ecss|ensemble|molecule|transmission|line|resonator|tlrs|charge|qubit|ensemble|regime|control|condition|tlrs|couple|tlr|hybrid|potential|generation|feasibility|scheme
10.1007/s11433-012-4863-x,simulation|spin|boson|phase|qubit|transmission|line|circuit|qed|scheme|spin|boson|circuit|quantum|kosterlitz|thouless|phase|transition|spinboson|phase|qubit|transmission|line|reservoir|continuum|spectrum|bias|current|couple|capacitance|quantum|transition|tomography|measurement|state|phase|qubit|parameter|renormalization|group
10.1016/j.jmmm.2012.02.067,josephson junction|josephson junction|quantum bit|spectrum|andreev|state|insulator|insulator|candidate|logic|circuit|appearance|scale|transition|order|mechanism|phenomena|spectrum|andreev|state|barrier|bogoliubov|genne|equation|andreev|spectrum|parity|layer|number|state|state|right
10.1103/PhysRevB.85.174521,superconducting qubit|superconducting qubit|spectroscopy|frequency|noise|temperature|dependence|measurement|frequency|noise|spectrum|flux|qubit|noise|sensitivity|induction|ramsey|interference|experiment|evolution|presence|noise|period|shoot|qubit|state|measurement|procedure|transform|noise|spectroscopy|access|frequency|repetition|rate|regime|domain|measurement|ramsey|interferometry|qubit|quantization|axis|type|noise|flux|noise|charge|noise|noise|source|type|power|law|frequency|mhz|noise|range|evidence|temperature|dependence|noise|evidence|domain|correlation|noise|dephase
10.1103/PhysRevB.86.014516,superconducting qubit|wave|mix|toolbox|resonator|circuit|toolbox|bogoliubov|gate|microwave|photon|mode|resonator|circuit|gate|wave|mix|fwm|resonator|mode|fwm|geometry|circuit|parameter|microwave|drive|scheme|circuit|couple|qubit|couple|resonator|source|error|fidelity|gate|numerical|simulation|scheme|information|protocol|resonator
10.1103/PhysRevLett.108.170503,dynamic|echo|qubit|oscillator|dynamic|flux|qubit|microwave|resonator|qubit|field|resonant|drive|resonator|modification|qubit|rabi|frequency|noise|channel|frequency|noise|couple|parameter|reduction|coherence|evolution|noise|echo|pulse|sequence|echo|sequence
10.1007/s10948-012-1410-y,quantum state|quantum state|quantum state|quantum state|conservation|momentum|flux|qubit|oscillation|current|clockwise|counterclockwise|direction|flux|qubit|momentum|qubit|qubit|unison|current|entanglement|qubit|body|question|decoherence|oscillation|current|decoherence|quantum|qubit|momentum|flux|qubit|mixture|number|state|decoherence|implication|entanglement|qubit|state|rotation
10.1007/s11433-012-4913-4,superconducting qubit|superconducting qubit|transparency|amplification|resonator|circuit|qed|transparency|amplification|probe|field|cavity|hybrid|circuit|qed|resonator|resonator|transparency|probe|field|field|cavity|probe|field|parameter|regime|property|output|field|degree|order|coherence|nonclassicality|output|field|parameter|photon|transmission|atom|circuit|qed|resonator
10.1088/1674-1056/21/6/064205,quantum gate|qubit|quantum|gate|gate|squid|cavity|qubit|quantum|interference|device|squid|cavity|proposal|gate|gate|ground|state|state|cavity|mode|field|mode|act|qubit|state|target|qubit|level|gate|gate|gate|decay|rate
10.1063/1.3698001,josephson junction|superconducting qubit|superconducting qubit|cryogen|dilution|refrigerator|josephson|qubit|measurement|signal|measurement|cryogen|dilution|refrigerator|cryogen|refrigerator|advantage|manpower|gate|sample|space|experiment|concern|noise|coldhead|isolation|noise|impact|circuit|voltage|microwave|line|qubit|state|measurement|voltage|line|pass|khz|measurement|distribution|width|quantum|rabi|oscillation|interference|american|institute|physics
10.1103/PhysRevB.85.144503,superconducting qubit|superconducting qubit|fragility|flux|qubit|quasiparticle|tunneling|decoherence|quasiparticle|tunneling|deviation|equilibrium|bcs|theory|tunneling|quasiparticle|junction|quasiparticle|density|quasiparticle|dope|quasiparticle|cooper|pair|energy|quasiparticle|density|gap|energy|decay|rate|qubit|value|nonequilibrium|quasiparticle|density|aluminum|flux|qubit|order|measurement|subgap|density|state|niobium|decay|niobium|flux|qubit
10.1088/0031-8949/2012/T147/014019,superconducting qubit|superconducting qubit|entanglement|dynamic|impurity|entanglement|dynamic|impurity|telegraph|noise|rtn|dephase|parameter|ratio|qubit|couple|strength|switch|rate|physics|crossover|feature|dynamic|qubit|rtn|subsystem|threshold|value|crossover|parameter|decay|onset|revival|behavior|condition|rtn|qubit|rtn|subsystem|qubit|rtn|increase|entanglement|revival|amplitude|dynamic
10.1088/1367-2630/14/2/023031,superconducting qubit|pulse|observation|decoherence|quantum|interference|device|qubit|qubit|potential|flux|pulse|oscillation|decay|decoherence|mechanism|qubit|condition|oscillation|frequency|height|crossover|decoherence|regime|existence|point|qubit|noise|behavior|agreement|decoherence|frequency|noise|contribution|issue
10.1103/PhysRevA.86.042320,computation|decoherence|subspace|capx|type|noise|charge|qubit|encode|scheme|sigma|noise|scheme|qubit|charge|qubit|capacitance|qubit|inductance|qubit|decoherence|subspace|dfs|immune|sigma|noise|computation|dfs|qubit|flux|inductance|quantum|interference|device|loop|scheme|number|qubit|qubit|dfs
10.1103/PhysRevLett.109.240501,superconducting qubit|superconducting qubit|quantum network|observation|entanglement|microwave|photon|qubit|quantum|field|aspect|mechanic|channel|node|demand|generation|characterization|entanglement|type|state|microwave|field|photon|fock|state|noise|amplification|datum|acquisition|correlation|qubit|photon|state|entanglement|fidelity
10.1103/PhysRevA.85.023826,superconducting qubit|quantum state|quantum|kerr|circuit|quantum|electrodynamic|microwave|resonator|matter|interaction|regime|photon|resonator|exhibit|frequency|phase|shift|resonator|transmission|spectrum|qubit|resonator|detune|scheme|phase|shift|dispersion|regime|measurement|demolition|qubit|qubit|resonator|interaction|range|detune|procedure|qubit|transition|resonator|tomography|interaction|photon|state|fock|state|state|state|quantum|kerr|framework
10.1103/PhysRevB.85.224512,quantum computer|quantum computer|quantum superposition|state|qutrit|detector|circuit|area|temperature|science|element|base|level|qutrit|advantage|level|information|cell|qubit|qutrit|readout|circuit|state|qubit|radio|frequency|qutrit|detector|squtrid|size|type|contact|state|superposition|well|potential|energy|delta|energy|level|isolation|environment|reason|value|delta|size|contact|limit|dynamic|flux|squtrid
10.1016/j.physe.2012.03.026,superconducting qubit|superconducting qubit|entanglement|death|purity|loss|cavity|description|dynamic|resonator|cavity|reservoir|detune|junction|energy|resonator|frequency|value|death|purity|loss|dephase|resonator|cavity|purity|loss|entanglement|death|qubit|increase|entanglement|death|purity|loss|qubit|resonant|resonator|right
10.1103/PhysRevLett.109.010502,quantum computing|decouple|level|decouple|noise|lifetime|state|flux|qubit|level|qubit|transition|frequency|level|pulse|fluctuation|transition|frequency|coherence|state|couple|coherence|refocus|pulse|agreement|noise|qubit|transverse|couple|potential|qubit|gate|fidelity|prerequisite|fault
10.1103/PhysRevLett.109.240505,superconducting qubit|superconducting qubit|bell state|entanglement|waveguide|cavity|photon|excitation|interaction|level|photon|transition|hand|selection|assembly|component|style|microwave|cavity|drive|transition|photon|rabi|oscillation|ground|state|entanglement|basis|microwave|qubit|control|hardware|qubit|control|ramsey|echo|sequence|qubit|gate|fidelity|likelihood|estimator
10.1103/PhysRevB.86.220503,superconducting qubit|quantum state|quantum state|sensitivity|circuit|frequency|excitation|oscillator|motion|drive|oscillation|amplitude|drive|strength|threshold|autoresonance|oscillator|nonlinearity|threshold|nontrivial|function|qubit|oscillator|detune|threshold|qubit|fidelity|speed|oscillator
10.1088/0256-307X/29/8/084209,information|transfer|frequency|mode|circuit|qed|scheme|information|transfer|frequency|mode|microwave|photon|circuit|proposal|information|mode|microwave|photon|qubit|resonator|gate|qubit|frequency|conversion|quantum|interference|squid|couple|resonator|frequency|circuit|squid|josephson|junction|squid|one|decoherence|atom|decay|addition|resonator|photon|frequency|mode|role|ensemble|photon|blockade
10.1140/epjd/e2012-30105-6,superconducting qubit|superconducting qubit|quantum|correlation|field|scheme|correlation|flux|qubit|field|influence|state|field|dynamic|correlation|flux|qubit|correlation|qubit|regime|regime|field
10.1016/j.physleta.2011.11.045,superconducting qubit|transition|zeno|qubit|cavity|cavity|frequency|transition|zeno|qze|aze|transmission|line|cavity|frequency|cavity|mode|wave|approximation|rwa|state|state|presence|qubit|bath|cavity|bath|emergence|qze|aze|behavior|match|qubit|energy|level|frequency|cavity|mode|couple|strength|qubit|cavity|mode|crown|copyright|right
10.1088/1367-2630/14/4/043005,superconducting qubit|control|level|shift|linewidth|atom|boundary|condition|dynamic|microwave|field|boundary|condition|level|shift|linewidth|qubit|condition|field|property|output|microwave|scheme|characteristic|level|photon|engineering
10.1103/PhysRevB.86.180504,josephson junction|photon|shoot|noise|dispersive|limit|circuit|qed|photon|shoot|noise|dephase|transmon|qubit|dispersive|limit|couple|qubit|readout|cavity|arrival|departure|photon|qubit|rate|qubit|event|situ|cavity|mode|population|decay|rate|mechanism|prediction|fact|dephase|transmon|experiment|function|cryostat|temperature|increase|coherence|cavity|environment|filter|find|coherence|hahn|echo|microsecond|filter|thermalization|qubit|order|photon|shoot|noise|source
10.1088/0953-2048/25/4/045003,superconducting qubit|superconducting qubit|noise|state|fluctuator|noise|subject|noise|state|fluctuator|couple|qubit|flux|qubit|experiment|work|point|form|noise|spectrum|number|fluctuator|noise|spectrum|noise|number|fluctuator|switch|rate|fluctuator|surface|spin|size|moment
10.1007/s10773-011-1023-4,bell state|w state|multipartite|entanglement|transfer|circuit|qed|entanglement|transfer|circuit|quantum|electrodynamic|memory|gate|register|nitrogen|vacancy|center|diamond|charge|qubit|coherence|controllability|gate|addition|influence|decoherence|state|transfer|fidelity|state|transfer|decoherence|rate|couple|strength|qubit
10.1038/srep00645,quantum computer|autler|towne|control|phase|qubit|router|switch|repeater|component|information|device|evolution|autler|towne|split|phase|qubit|control|tone|transition|level|parameter|relaxation|dephase|agreement|experiment|qubit|switch|scale|reflection|transmission|photon|probe|microwave|tone|state|control|tone|autler|towne|doublet|absorption|probe|tone|photon|maximum|transmission
10.1103/PhysRevA.85.014303,quantum circuit|quantum circuit|mode|variable|state|spin|ensemble|scheme|mode|state|spin|ensemble|coplanar|waveguide|resonator|charge|qubit|charge|qubit|coupler|resonator|bus|spin|mode|state|podolsky|rosen|entanglement|follow|ground|state
10.1103/PhysRevB.85.094502,superconducting qubit|inverse|landau|stuckelberg|qubit|resonator|resonator|lahaye|nature|london|state|qubit|shift|frequency|couple|quantity|quantum|capacitance|resonant|drive|frequency|sign|landau|stuckelberg|qubit|state|device|parameter|qubit|hamiltonian|qubit|bias|displacement|tool|monitor|position
10.1103/PhysRevLett.109.033602,superconducting qubit|quantum memory|future|vacuum|correlation|circuit|qed|circuit|qed|experiment|extraction|future|vacuum|entanglement|pair|qubit|field|transmission|line|interval|lapse|qubit|fashion|future|quantum|correlation|qubit|qubit|experiment|technology|utility
10.1103/PhysRevB.86.100506,josephson junction|superconducting qubit|quantum error correction|quantum system|waveguide|cavity|coherence|atom|coherence|energy|relaxation|transmon|qubit|sapphire|substrate|copper|waveguide|cavity|eigenmode|qubit|transition|factor|increase|coherence|quality|factor|report|device|modification|qubit|cavity|photon|device|promise|coherence|property|test
10.1103/PhysRevLett.109.050506,superconducting qubit|state|preparation|fidelity|quantum|nondemolition|shoot|readout|flux|qubit|pointer|state|distribution|part|excitation|regime|measurement|herald|initialization|state|ground|state|procedure|fidelity|error|population|qubit|protocol|parameter|relaxation
10.1016/j.physleta.2012.10.035,entanglement|coherence|state|circuit|qed|scheme|superposition|entanglement|charge|qubit|state|state|entanglement|state|state|circuit|quantum|electrodynamic|resonator|namr|cooper|pair|box|cpb|transmission|line|resonator|cpb|role|medium|gate|voltage|component|scheme|tool|entanglement|coherence|state|right
10.1063/1.4764940,quantum circuit|readout|phase|qubit|frequency|readout|scheme|phase|qubit|phase|qubit|qubit|element|readout|resonator|readout|resonator|parallel|measurement|line|readout|resonator|control|electron|qubit|frequency|multiplexing|measurement|line|technology|mean|qubit|advantage|number|qubit|american|institute|physics
10.1063/1.4739454,superconducting qubit|quantum circuit|frequency|division|readout|manipulation|array|flux|qubit|ingredient|readout|scheme|complexity|number|qubit|measurement|readout|scheme|microwave|line|readout|qubit|circuit|readout|apparatus|readout|flux|qubit|division|multiplexing|manipulation|measurement|qubit|hundred|qubit|chip|american|institute|physics
10.1103/PhysRevLett.108.170401,superconducting qubit|quantum system|phase|oscillator|oscillator|state|trajectory|path|phase|observation|oscillator|probe|phase|linearity|oscillator|phase|variety|path|area|quadrature|plane|transition|regime|correction|phase|qubit|qubit|resonator|entanglement|parameter|mechanism|regime|controllability|tool|phase|potential|information|process
10.1103/PhysRevLett.109.240504,superconducting qubit|characterization|addressability|control|handle|error|talk|interaction|multiqubit|issue|information|process|architecture|protocol|information|amount|addressability|protocol|experiment|pair|qubit|figure|merit|addressability|difference|gate|fidelity|experiment|sample|cross|talk|qubit|qubit|interaction|prediction|cross|talk|shift|doi
10.1007/s11128-011-0274-6,logic|gate|phase|qubit|spectroscopy|logic|gate|spectroscopy|pair|flux|qubit|plantenberg|nature|fidelity|type|gate|phase|qubit|resonator|pair|phase|qubit|fidelity
10.1103/PhysRevLett.109.080505,superconducting qubit|quantum gate|measurement|error|benchmarke|protocol|error|quantum|gate|protocol|clifford|gate|gate|interest|estimate|bind|error|gate|test|noise|variation|clifford|gate|account|state|preparation|measurement|error|number|qubit|protocol|error|qubit|gate|value|estimate|error|quantum|tomography
10.1103/PhysRevA.85.052318,superconducting qubit|measurement|dephase|circuit|qed|backaction|homodyne|detection|photodetection|circuit|quantum|electrodynamic|measurement|scheme|rise|backaction|form|phase|rotation|measurement|signal|phy|rev|qubit|parity|measurement|experiment|qubit|homodyne|detection|measurement|efficiency|detector|amplifier|parameter|value|limit|technology
10.1103/PhysRevB.86.064514,superconducting qubit|superconducting qubit|quantum circuit|electron|spin|resonance|resonance|spin|temperature|signal|spin|microwave|photon|detector|sensitivity|electron|spin|resonance|spectrometer|hybrid|transmon|qubit|spin|ensemble|nitrogen|vacancy|center|diamond|setup|center|absorption|spectrum|excitation|level|ensemble|spin
10.1088/1367-2630/14/1/013051,superconducting qubit|spectroscopy|resonator|state|response|quantum|oscillator|structure|variety|experiment|tone|circuit|description|qubit|experiment|state|qubit|quantum|interference|device|squid|magnetometer|excitation|profile|structure|detune|tone|signal|resonant|frequency|degree|excitation|amplitude|region|detail|trough|excitation|response|function|detune|duffe|bifurcation|trough|interference|response|phase|function|picture|aspect|feature|emergence|feature|response|structure|transition|state|eigenstate|oscillator|fano|resonance|trough|response|trough
10.1364/OL.37.001008,quantum bit|ghz|clock|quantum|distribution|telecom|fiber|demonstration|distribution|qkd|telecom|fiber|loss|length|phase|shift|qkd|protocol|ghz|clock|rate|optimization|bit|faraday|michelson|interferometer|photon|detector|sspd|error|rate|fiber|length|fiber|loss|efficiency|sspd|rate|length|society|america
10.1109/TASC.2012.2193616,josephson junction|josephson junction|josephson junction|quantum state|quantum system|suppression|fidelity|measurement|tunneling|configuration|concept|capacitor|parallel|quantum|interference|device|squid|characteristic|phase|qubit|crosstalk|qubit|crosstalk|measurement|pulse|flux|junction|squid|fidelity|qubit|increase|parameter|fidelity|measurement|fidelity|pulse|shoot|measurement|couple|capacitance|couple|measurement|proportion|ratio|decoherence|structure|respect|one|qubit
10.1088/0256-307X/29/1/014208,superconducting qubit|spectrum|qubit|oscillator|couple|regime|measurement|resonator|phy|rev|lett|couple|regime|limit|validity|wave|approximation|jayne|cumme|state|jayne|cumme|wave|approximation|spectrum|flux|qubit|resonator|observation|bloch|siegert|shift|experiment|addition|bloch|siegert|shift|level|transition|couple|constant
10.1103/PhysRevB.85.140506,kondo|resonance|microwave|photon|renormalization|group|spin|boson|hamiltonian|anisotropic|kondo|optic|perspective|device|confinement|photon|excitation|transmission|line|particle|island|charge|qubit|propagation|microwave|light|regime|spin|boson|body|resonance|photon|qubit|frequency|manner|freedom|microwave|light|input|signal|amplitude|temperature|disappearance|transmission|peak
10.1126/science.1226487,josephson junction|superconducting qubit|superconducting qubit|superconducting qubit|quantum system|tunneling|solid|atom|group|atom|tunnel|site|tunneling|cause|temperature|anomaly|glass|source|decoherence|oxide|barrier|minute|deformation|oxide|barrier|energy|tunneling|change|microwave|spectroscopy|interaction|dependence|energy|split|tunneling|state|strain|hypothesis|level|tunneling|solid
10.1364/JOSAB.29.000300,step|multiqubit|phase|gate|interference|device|resonator|scheme|step|qubit|phase|gate|quantum|interference|device|squid|feature|scheme|resonant|raman|couple|qubit|mode|resonator|microwave|pulse|scheme|step|evolution|adjustment|parameter|gate|society|america
10.1007/s10948-012-1642-x,quantum computing|quantum entanglement|correlation|flux|qubit|correlation|dissipative|dynamic|flux|qubit|couple|quantum|register|reservoir|mechanism|decoherence|mean|bloch|redfield|formalism|master|equation|quantum|noise|flux|qubit|preparation|account|influence|field|temperature|entanglement|quantum|discord|dynamic|parameter|discord|decoherence|fact|realization|task|entanglement
10.1103/PhysRevA.86.062318,quantum computer|surface|code|decoherence|architecture|multiparameter|error|surface|code|fault|architecture|amplitude|phase|pauli|depolarization|channel|pauli|twirl|approximation|error|rate|function|qubit|state|preparation|gate|error|numerical|monte|carlo|simulation|error|rate|order|formula|behavior|threshold|fault|quantum|computation|device
10.1088/0953-4075/45/6/065501,superconducting qubit|quantum system|ghz state|generation|josephson|qubit|presence|bath|protocol|greenberger|zeilinger|ghz|state|pairwise|couple|dynamic|account|interaction|qubit|bath|structure|end|master|equation|protocol|decoherence|dissipation|presence|bath
10.1007/s10773-012-1159-x,quantum state|berry|phase|charge|qubit|environment|phase|equation|hamiltonian|level|reservoir|phase|phase|term|weisskopf|theory|frame|scheme|berry|phase|charge|qubit|circuit|gate|phase|error|parameter|circuit
10.1103/PhysRevA.85.052320,nonequilibrium|array|flux|qubit|nitrogen|vacancy|center|architecture|localization|delocalization|transition|concept|array|flux|qubit|diamond|crystal|nitrogen|vacancy|center|description|jayne|cumme|lattice|couple|regime|contrast|cavity|array|interaction|lattice|site|qubit|oscillator|degree|freedom|transition|phase|possibility|transition|nonequilibrium|scenario|decoherence|scheme|monitor|localization|delocalization|transition|jayne|cumme|lattice|technology|cavity|lattice|recourse|qubit|network|localization|delocalization|transition|dimension|couple|situ
10.1007/s11433-012-4719-4,quantum|phase|gate|circuit|qed|quantum|phase|gate|qubit|qubit|transmon|qubit|transmission|line|resonator|microwave|field|scheme|phase|gate|nanosecond|scale|decoherence|microsecond|scale|charge|noise|property|transmon|qubit
10.1007/s11434-012-5112-4,superconducting qubit|superconducting qubit|quantum|discord|entanglement|datum|bus|field|dynamic|quantum|discord|entanglement|datum|bus|field|presence|phase|decoherence|quantum|discord|entanglement|value|evolution|amount|quantum|discord|entanglement|field
10.1103/PhysRevB.85.224505,superconducting qubit|flux|qubit|flux|noise|density|type|flux|noise|source|dephase|measurement|quantum|interference|device|squid|range|temperature|phi|flux|noise|density|order|alpha|flux|quantum|qubit|energy|level|split|flux|calculation|dependence|ramsey|sequence|alpha|show|alpha|noise|alpha|cutoff|frequency|ratio|echo|ramsey|sequence|dependence|decay|function|alpha|frequency|alpha|choice|sensitivity|value|alpha|value|qubit|value|alpha|squid
10.1103/PhysRevA.85.022305,superconducting qubit|superconducting qubit|back|action|resonator|backaction|resonator|multilevel|transformation|jayne|cumme|quantum|optic|master|equation|response|theory|limit|validity|agreement|datum|bifurcation|amplification|regime|resonator|measurement|rate|qubit|drive|power|contrast|measurement|resonator|rate|drive|power|parameter|circuit|quantum|electrodynamic|measurement|dephase|response|theory|one
10.1088/1367-2630/14/5/053035,operate|condition|transmon|gate|operate|condition|qubit|gate|couple|charge|qubit|transmission|line|resonator|transmon|sensitivity|gate|flux|noise|order|procedure|estimate|noise|amplitude|control|bias|line|manipulation|qubit|optimization|presence|relaxation|emission|resonator
10.1088/0253-6102/57/2/07,w state|w state|step|generation|ghz|transmon|qubit|step|ghz|transmon|qubit|transmission|line|resonator|tlr|scheme|wang|phy|rev|scheme|gate|transmon|qubit|decoherence|parameter|variation|couple|tlr|property|transmon|tlr|experiment
10.1103/PhysRevLett.108.107001,conversion|atom|degree|freedom|inductance|phase|qubit|loop|junction|dynamic|atom|degree|freedom|addition|plasma|mode|mode|rise|phase|qubit|mode|mode|mode|oscillator|eigenstate|vertical|vertical|mode|couple|mode|energy|split|state|vertical|vertical|frequency|conversion|oscillation|state|vertical|vertical
10.1103/PhysRevB.85.165124,quantum computing|quantum coherence|quantum decoherence|topological quantum|topological quantum|majorana fermion|braid|braid|protection|majorana|qubit|stability|computation|proposal|fluctuation|superconductor|excitedmidgap|state|vortex|core|transition|gap|quasiparticle|interferometry|qubit|readout|scheme|qubit|occupation|midgap|state|gate|reduction|visibility|interferometry|measurement|qubit|temperature|decay|rate|change|fermion|parity|temperature|excitation|gap|conclusion|majorana|scheme|virtue|nonlocality|information|presence|gap
10.1103/PhysRevLett.108.263601,generation|microwave|state|atom|space|atom|transmon|qubit|space|property|incident|microwave|state|statistic|field|state|order|correlation|function|photon|field|field|field|phase|phase|measurement
10.1103/PhysRevA.86.022329,generation|greenberger|zeilinger|state|photon|cavity|qutrit|atom|interaction|greenberger|zeilinger|state|photon|cavity|resonator|interaction|qutrit|deployment|qutrit|qubit|coupler|resonant|interaction|qutrit|cavity|qutrit|pulse|gate|shorten|gate|qutrit|decoherence|cavity|decay|fidelity|protocol|protocol|measurement|state|qutrit|cavity|photon|protocol|qutrit|coupler|type|qutrit|atom|cavity|qed|task
10.1103/PhysRevB.86.024503,josephson junction|josephson junction|superconducting qubit|quantum circuit|photon|array|refraction|index|entanglement|disorder|architecture|crystal|microwave|regime|transmission|line|dimension|property|junction|line|junction|mirror|photon|frequency|josephson|plasma|frequency|calculation|arrangement|junction|band|engineering|crystal|detail|structure|phenomenon|refraction|creation|entanglement|medium
10.1016/j.optcom.2012.02.063,superconducting qubit|superconducting qubit|death|entanglement|locality|state|reservoir|description|resonator|reservoir|link|nonlocality|entanglement|change|parameter|pere|conjecture|state|transposition|violation|entanglement|inequality|noise|transposition|state|phenomenon|death|entanglement|nonlocality|right
10.1103/PhysRevA.86.024301,quantum dot|superconducting qubit|proposal|multiqubit|tunable|phase|gate|qubit|target|qubit|cavity|qed|way|multiqubit|phase|gate|qubit|target|qubit|atom|cavity|qed|proposal|pulse|atom|cavity|challenge|pulse|intracavity|atom|atom|cavity|order|detune|gate|order|detune|gate|gate|number|qubit|proposal|resonator|nitrogen|vacancy|center|cavity|cavity|qed
10.1103/PhysRevLett.108.046807,quantum dot|quantum dot|quantum device|dipole|couple|microwave|resonator|realization|state|semiconductor|dipole|microwave|field|coplanar|waveguide|resonator|dot|charge|stability|diagram|measurement|amplitude|phase|microwave|tone|resonator|agreement|transport|measurement|frequency|shift|broaden|resonator|dot|charge|qubit|strength|ten|mhz|resonator
10.1103/PhysRevB.85.054504,superconducting qubit|quantum|control|toffoli|gate|circuit|qed|realization|toffoli|gate|circuit|quantum|electrodynamic|setup|quantum|control|piecewise|control|field|qubit|strength|type|couple|qubit|gate|fidelity|pass|filter|field|cutoff|frequency|microwave|drive|range|control|field|amplitude|leakage|state|qubit|absence|decoherence|leakage|toffoli|gate|fidelity|fidelity
10.1088/0953-2048/25/2/025005,josephson junction|josephson junction|josephson junction|quantum circuit|epitaxial|fabrication|scheme|testing|micrometer|junction|temperature|junction|diameter|lithography|sapphire|tunnel|barrier|base|electrode|device|top|electrode|room|temperature|resistance|area|datum|type|electrode|temperature|datum|junction|top|subgap|resistance|microwave|loss|property|junction|qubit|subgap|resistance|qubit
10.1007/s11434-011-4821-4,josephson junction|character|fabrication|tunnel|junction|qubit|device|quantum|computation|tunnel|junction|angle|evaporation|shadow|mask|junction|barrier|oxygen|chamber|fabrication|exposure|condition|oxygen|pressure|formation|tunnel|barrier|density|junction|resistance|measurement|leakage|tunnel|junction|device|qubit
10.1103/PhysRevB.85.104522,quantum|tunneling|potential|phase|qubit|quantum|tunneling|phase|phenomenon|dynamic|nanocircuit|tunneling|rate|circuit|landscape|phase|bias|parameter|knowledge|quantum|tunneling|rate|order|experiment|derivation|expression|escape|rate|potential|escape|path|potential|noise|phase|qubit|potential|squid
10.1103/PhysRevA.86.032311,superconducting qubit|theory|josephson|photomultipli|work|condition|action|action|microwave|photon|detection|josephson|photomultipli|jpm|quality|microwave|cavity|action|operator|duration|measurement|interval|photon|annihilation|operator|interaction|variant|photon|subtraction|operator|operate|condition|jpm|process|store|information|jpm|cavity|dephase|measurement|action|possibility|jpm|measurement|state|state|tomography
10.1103/PhysRevLett.109.123602,quantum measurement|qubit|measurement|cavity|perturbation|theory|cavity|measurement|qubit|backaction|rate|measurement|rate|order|perturbation|theory|phase|space|cavity|noise|couple|strength|regime|describable|order|perturbation|theory|response|limit|measurement|efficiency|behavior|term|photon|number|fluctuation|cavity|experiment|microwave|circuit
10.1103/PhysRevA.85.022324,superconducting qubit|mode|squeeze|nitrogen|vacancy|center|ensemble|reservoir|scheme|mode|state|mode|excitation|nitrogen|vacancy|center|ensemble|nve|transmission|line|resonator|tlrs|josephson|junction|tlr|couple|transition|ground|sublevel|nve|reservoir|drive|field|tlr|decay|reservoir|state|idea|way|quantum|information|process|technology
10.1103/PhysRevA.85.013823,superconducting qubit|quantum memory|quantum memory|level|atom|half|cavity|setup|level|atom|cavity|mirror|shape|incident|photon|decay|rate|atom|light|motion|mirror|need|control|laser|level|expression|efficiency|dependence|ratio|incident|field|decay|rate|issue|atom|ion|half|cavity|quantum|setup|context|circuit|qed
10.1103/PhysRevA.85.053841,frequency|jahn|teller|circuit|qed|simulation|jahn|teller|mode|circuit|qed|architecture|jahn|teller|frequency|description|simulator|element|resonator|flux|qubit|couple|regime|circuit|qed|frequency|jahn|teller|hamiltonian|energy|eigenvalue|emission|spectrum|cavity|mode|hamiltonian|mode|couple|strength|resonator|flexibility|parameter|circuit|qed|simulator|isolation|frequency|frequency|response|jahn|teller
10.1119/1.4735707,quantum dot|superconducting qubit|damp|oscillator|level|analogy|friction|oscillator|level|atom|cavity|oscillator|crystal|insight|analogy|damp|oscillator|level|type|behavior|motion|fluid|motion|surface|regime|american|association|physics|teacher
10.1103/PhysRevLett.109.147206,quantum system|quantum system|quantum|magnetomechanic|oscillator|coherence|precision|quantum|sense|quantum|interface|form|noise|heating|magneto|meso|arrangement|superconducte|loop|field|decoherence|loss|current|sphere|field|oscillation|frequency|hundred|kilohertz|levitate|object|flux|qubit|motion|ground|state|generation|state|cluster
10.1103/PhysRevB.85.024521,josephson junction|josephson junction|evidence|phase|array|order|wire|temperature|quantum|fluctuation|slip|phase|order|parameter|length|wire|phase|slip|shift|energy|level|excitation|spectrum|circuit|wire|phase|probability|amplitude|shift|phase|location|wire|casher|amplitude|phase|slip|offset|charge|wire|fluctuation|offset|charge|phase|slip|amplitude|function|energy|level|shift|linewidth|array|wire|slip|linewidth|order|khz|flux|dephase|fluxonium|qubit
10.1103/PhysRevB.86.134528,quantum dot|quantum dot|parity|qubit|man|majorana|state|lead|majorana|state|dot|man|majorana|state|property|superconductor|condition|existence|break|spin|degeneracy|dot|spin|direction|field|configuration|field|dot|angle|control|angle|cross|andreev|reflection|tunnel|amplitude|requirement|formation|state|majorana|parity|qubit|dot|particle|basis|role|interaction|interaction|electron|dot|condition|degeneracy|transport|measurement|combination|dot|entanglement|parity|qubit|measurement
10.1038/srep00599,quantum state|quantum system|carbon|nanotube|mechanic|circuit|behaviour|resonator|field|experiment|ground|state|frequency|mass|quality|factor|carbon|nanotube|resonator|element|experiment|resonator|ground|state|photon|device|resonator|motion|nanotube|challenge|size|carbon|nem|device|circuit|carbon|nanotube|act|junction|element|quantum|interference|device|squid|modulation|flux|squid|displacement|nanotube|squid|resonator|qubit|detection|manipulation|phonon|level
10.1007/s11128-011-0285-3,gate|gate|charge|qubit|circuit|qed|scheme|charge|qubit|superconducte|transmission|line|resonator|qubit|point|charge|noise|decoherence|evolution|interaction|state|resonator|field|scheme|gate|gate|multiqubit|scenario
10.1103/PhysRevLett.109.147205,superconducting qubit|quantum circuit|quantum superposition|quantum|magnetomechanic|microsphere|ground|state|cool|center|mass|motion|microsphere|absence|loss|field|motion|micrometer|sphere|state|environment|technology|microtrap|object|quantum|regime
10.1103/PhysRevA.85.020302,superconducting qubit|quantum device|quantum memory|interface|microwave|photon|quantum|information|interface|qubit|lifetime|memory|qubit|interface|microwave|photon|distance|photon|ensemble|atom|purpose|excitation|frequency|domain|control|information|microwave|photon|resonator|ensemble|atom|photon|information|resonator
10.1088/1367-2630/14/5/055005,superconducting qubit|photon|condensation|circuit|quantum|electrodynamic|dissipation|photon|condensation|phenomena|array|microwave|resonator|couple|microwave|photon|mechanism|photon|momentum|state|number|couple|boson|temperature|bath|formation|photon|condensate|presence|loss|condition|setup|cavity|characteristic|equilibrium|condensate|competition|pump|dissipation
10.1007/s10773-011-0984-7,qubit|swap|gate|qubit|microwave|cavity|passage|evolution|scheme|swap|gate|microwave|cavity|scheme|quantum|interference|device|squid|qubit|mode|microwave|cavity|field|passage|manipulation|swap|gate|range|experiment|scheme|step|gate|scheme|gate|flux|state|squid|state|decoherence|emission|squid|level|gate|addition|procedure|cavity|field|transfer|quantum|information|squid|cavity|field|cavity|decay|scheme
10.1103/PhysRevB.86.024514,superconducting qubit|surface|impedance|superconductor|impurity|surface|resistance|radio|frequency|srf|cavity|theory|surface|impedance|wave|superconductor|impurity|response|function|surface|impedance|sample|distribution|impurity|impurity|framework|theory|expression|range|parameter|value|temperature|frequency|path|exchange|couple|strength|generality|hand|srf|cavity|condition|hand|expression|number|investigation|regime|feature|relevance|cavity|regime|superconductor|surface|resistance|saturation|temperature|theory|impurity|oxide|surface|layer|srf|cavity|mechanism|resistance
10.1103/PhysRevA.86.052306,adiabatic quantum|adiabatic quantum|feedback|computation|feedback|control|scheme|computation|flux|qubit|chip|hardware|ground|state|curvature|computation|speed|success|probability|scheme|speed|set|feedback|control|parameter
10.1088/0031-8949/2012/T151/014048,superconducting qubit|circuit|qed|architecture|qubit|gate|emission|transmission|line|resonator|circuit|electrodynamic|architecture|condition|entanglement|generate|gate|protection|emission|dependence|couple|energy|qubit|comment|possibility|trade|optimization|gate|respect|frequency|noise|relaxation
10.1364/JOSAB.29.001203,robust|toffoli|gate|shift|toffoli|gate|shift|quantum|interference|device|squids|scheme|decoherence|excitation|squid|coplanar|waveguide|cavity|fidelity|toffoli|gate|parameter|qubit|cavity|array|society|america
10.1016/j.physleta.2012.08.022,quantum superposition|phase|photon|variant|site|jayne|hubbard|circuit|phase|microwave|photon|feature|photon|way|level|architecture|candidate|quantum|computation|qubit|resonator|way|right
10.1007/s00339-012-6981-8,fabrication|characterization|resonator|device|suspension|beam|reactive|ion|plasma|anisotropic|isotropic|layer|beam|beam|measurement|scheme|temperature|suspension|fabrication|nanoelectronic|device|degree|freedom|flux|qubit|loop
10.1103/PhysRevB.85.140503,quantum processor|quantum processor|quantum|speed|computation|qubit|processor|transmon|qubit|interaction|shoot|readout|qubit|processor|search|algorithm|object|answer|run|success|probability|algorithm|proof|concept|speed
10.1007/s11128-011-0336-9,synthesis|fredkin|gate|quantum|zeno|dynamic|scheme|fredkin|gate|qubit|scheme|zeno|dynamic|couple|couple|squid|cavity|decoherence|gate|virtue|master|equation|evolution|hamiltonian|numerical|simulation|fidelity|fredkin|gate|parameter|array|cavity
10.1063/1.4747723,recombination|resonance|spectroscopy|bismuth|donor|spin|silicon|field|field|resonance|bismuth|donor|silicon|change|photoconductivity|recombination|spectra|resonance|frequency|signal|intensity|distribution|electron|paramagnetic|resonance|recombination|rate|combination|spin|state|pair|donor|recombination|center|tunability|excitation|energy|couple|flux|qubit|field|american|institute|physics
10.1103/PhysRevLett.108.040502,superconducting qubit|quantum teleportation|quantum communication|quantum state|quantum state|protocol|circuit|tomography|witness|teleportation|entanglement|qubit|computation|teleportation|protocol|shoot|measurement|step|microwave|resonator|tomography|witness|protocol|state|qubit|projection|density|matrix|basis|state|qubit|state|procedure|set|input|state|output|state|fidelity
10.1103/PhysRevLett.108.257001,josephson|finite|length|nanowire|junction|majorana|mode|junction|nanowire|majorana|state|josephson|setup|property|challenge|length|wire|equilibrium|supercurrent|anticrosse|state|fermionic|parity|anomaly|regime|josephson|transient|decay|quasiparticle|poison|consequence|zeno|parity|majorana|qubit|josephson|transient
10.1103/PhysRevA.86.022327,quantum state|quantum state|transfer|entanglement|generation|nitrogen|vacancy|center|ensemble|flux|qubit|dynamic|flux|qubit|fqs|nitrogen|vacancy|center|spin|ensemble|series|oscillation|situation|population|value|strength|nve|strength|excitation|fidelity|transfer|nve|parameter|idea|nve|reach|technology
10.1103/PhysRevA.86.032106,superconducting qubit|microwave|radiation|entanglement|detector|progress|circuit|realization|source|radiation|microwave|frequency|field|detection|scheme|characterization|microwave|photon|field|entanglement|correlation|qubit|state|tomography|radiation|field|mode|level|quantum|detection|efficiency|photon|field|statistic|quasiprobability|distribution|moment|channel|channel|detection|likelihood|density|matrix|field|quadrature|histogram|investigation|presentation|datum|quantum|field|photon|level
10.1140/epjd/e2011-10641-3,cluster state|cluster state|cluster state|scheme|phase|gate|step|preparation|interference|device|squid|cavity|scheme|phase|gate|step|channel|raman|interaction|scheme|photon|number|cavity|field|cavity|field|state|gate|phase|gate|generation|flux|state|squid|state|influence|decoherence|emission|squid|level|gate|phase|gate|number|qubit|feasibility|detail
10.1103/PhysRevB.86.214515,josephson junction|josephson junction|josephson junction|superconducting qubit|majorana fermion|phase|relation|josephson|metal|surface|insulator|property|device|josephson|couple|supercurrent|metal|surface|state|line|junction|kind|andreev|state|energy|phase|bias|josephson|experiment|algorithm|state|spectrum|phase|relation|junction|length|width|state|spectrum|dependence|phase|relation|length|width|junction|potential|metal|temperature|understand|phase|relation|doi
10.1063/1.3683552,superconducting qubit|microwave|loss|coplanar|waveguide|contribution|source|microwave|loss|coherence|loss|substrate|material|gap|region|titanium|nitride|coplanar|waveguide|substrate|dependence|etch|rate|plate|reactive|ion|coplanar|gap|depth|tin|film|process|step|measurement|depth|loss|reduction|isolation|process|step|loss|trench|depth|power|loss|photon|limit|loss|factor|trench|agreement|prediction|finite|element
10.1007/s11128-011-0235-0,quantum processor|adiabatic quantum|adiabatic quantum|adiabatic quantum|adiabatic quantum|adiabatic quantum|quantum optimization|quantum optimization|quantum optimization|quantum optimization|optimization|processor|optimization|optimization|second|gap|optimization|ise|spin|glass|instance|class|variable|parameter|gap|matrix|element|quantum|monte|carlo|simulation|scale|internet|computer|platform|median|solver|size|processor|architecture|order|magnitude|solver|scale|computation|optimization|solver|spin|glass|qubit|constraint
10.1038/NPHYS2217,superconducting qubit|quantum circuit|probe|wave|gigahertz|echo|chamber|way|resonator|guitar|string|drum|surface|wave|sound|instrument|surface|air|contrast|oscillation|resonator|wave|limit|probe|surface|wave|sensitivity|detection|sensitivity|phonon|level|frequency|mhz|probe|electron|transistor|pulse|cavity|self|cavity|couple|experiment|hybrid|feature|surface|wave|prospect|quantum|investigation|phonon|phonon|interaction|couple|estimate
10.1103/PhysRevA.86.052325,quantum system|quantum memory|quantum memory|scheme|quantum|information|storage|retrieval|nitrogen|vacancy|center|scheme|quantum|information|storage|retrieval|hybrid|nitrogen|vacancy|center|asmemory|transmission|line|resonator|tlrs|datum|bus|josephson|junction|cbjj|phase|qubit|head|read|mode|tlrs|couple|center|cbjjs|gate|decoherence|quantum|information|center|cbjjs|couple|condition|gamma|coherence|center|quantum|information|memory|fidelity|scheme|way|information|interface|feasibility|technology
10.1038/ncomms2764,quantum computing|quantum dot|quantum dot|quantum dot|quantum bit|superconducting qubit|trapped ion|microcavity|couple|qubit|energy|coherence|transfer|harvesting|photosynthesis|gate|pair|oscillator|spring|exchange|excitation|level|mechanism|couple|exciton|semiconductor|field|couple|photon|mode|state|microresonator|exciton|photon|couple|regime|spectroscopy|sample|response|probe|couple|description|cavity|couple|exciton|mechanism|instance|crystal|cavity|network|range|couple
10.1038/nature12801,quantum bit|quantum bit|superconducting qubit|quantum gate|quantum cryptography|quantum system|trapped ion|bell state|production|state|state|resource|quantum|physic|quantum|introduction|entanglement|fidelity|state|preparation|minimization|decoherence|environment|control|parameter|dissipation|ion|qubit|state|entanglement|sequence|gate|ion|qubit|fashion|pump|state|state|entanglement|presence|noise|decoherence|demonstration|state|qubit|step|state|engineering|computation|phase|couple|environment|range|dynamic|state|state
10.1038/nature11821,quantum bit|quantum system|quantum system|trapped ion|circuit|cavity|quantum|electrodynamic|resonator|hybrid|degree|freedom|role|phenomenon|cavity|quantum|electron|phonon|state|couple|constituent|character|state|form|dynamic|importance|field|information|control|degree|freedom|cavity|qubit|circuit|cavity|quantum|phonon|microwave|cavity|transmon|tunnel|junction|capacitor|mode|resonator|atom|cavity|shift|split|qubit|line|sideband|transition|state|domain|conversion|qubit|excitation|phonon|rabi|oscillation|potential|interface|storage|information|phonon|state|photon|investigation|limit
10.1109/JPHOT.2013.2252005,josephson junction|quantum bit|quantum communication|breakthrough|photon|breakthrough|microwave|quantum|photon|circuit|breakthrough|microwave|quantum|photon|circuit|technology|qubit|control|measurement|microwave|field|microwave|state|photon|state|state|state|protocol|possibility|information|process|quantum|metrology|circuit
10.1103/PhysRevLett.110.060503,quantum computing|quantum computing|quantum computing|quantum bit|quantum system|optic|circuit|qed|quantum|information|process|photon|element|gate|nonlinearity|circuit|qed|optic|microwave|regime|photon|phase|gate|hybrid|resonator|flux|qubit|couple|self|kerr|nonlinearity|tolerance|qubit|gate|doi
10.1103/PhysRevA.87.062336,trapped ion|topological quantum|quantum simulation|anyon|architecture|lattice|boson|gauge|field|lattice|qubit|pair|dimension|couple|motion|qubit|state|mimic|behavior|lattice|boson|field|parameter|body|circuit|regime|hop|phase|element|value|phase|oscillate|voltage|signal|realization|junction|flux|qubit|transmon|qubit|quantum|hall|limit|excitation|circuit|computation
10.1063/1.4807152,quantum bit|quantum circuit|bandpass|filter|microwave|measurement|stopband|hairpin|bandpass|filter|nonuniform|transmission|line|measurement|temperature|millikelvin|range|ghz|matrix|filter|filter|stopband|ghz|ghz|ghz|amplitude|suppression|frequency|passband|ghz|delta|mhz|insertion|loss|passband|filter|omega|input|output|impedance|version|connector|termination|form|factor|stopband|frequency|range|passband|conjunction|dimension|filter|part|readout|amplifier|aip
10.1038/NPHYS2748,quantum bit|quantum circuit|quantum state|quantum system|quantum device|couple|microwave|photon|variety|quantum|quantum|phenomenon|opportunity|fundamental|physic|opportunity|quantum|sense|quantum|mode|bus|quantum|connection|degree|interface|photon|signal|crystal|signal|transfer|microwave|field|electro|couple|phonon|mode|tomography|state|interaction|microwave|mode|transparency|chip|merge|photon|microwave|nanomechanic|microwave|transfer|network
10.1038/nphys2545,quantum dot|quantum bit|quantum state|quantum device|room|temperature|entanglement|defect|spin|diamond|entanglement|phenomenon|physics|property|element|technology|number|demonstration|entanglement|state|spin|entanglement|state|spin|qubit|condition|photon|emission|defect|pair|ground|state|spin|correlation|entanglement|fidelity|tomography|lifetime|electron|spin|entanglement|millisecond|entanglement|swap|spin|experiment|step|room|temperature|information|process|metrology
10.1038/srep01180,quantum dot|quantum dot|superconducting qubit|trapped ion|photoluminescence|microcavity|couple|regime|jayne|cumme|interaction|level|mode|variety|cavity|quantum|electrodynamic|resonator|interest|couple|qsc|regime|state|photon|number|regime|semiconductor|nanostructure|microcavity|regime|photoluminescence|property|excitation|change|qsc|regime|peak|cavity|resonance|doublet|variation|domain|regime|microcavity|decay
10.1103/PhysRevA.87.032325,trapped ion|generation|state|entanglement|class|state|qubit|entanglement|class|quantum|optic|circuit|qubit|level|quantum|bus|state|sequence|gate|qubit|coherence|doi
10.1002/anie.201302971,quantum bit|quantum gate|photon|box|quantum|boundary|nobel|lecture|microwave|photon|cavity|think|experiment|father|physic|interaction|photon|rydberg|atom|cavity|aspect|measurement|theory|experiment|photon|box|ecole|normale|superieure|ens|domain|optic|cavity|quantum|electrodynamic|count|photon|record|field|quantum|jump|preparation|reconstruction|state|radiation|decoherence|illustration|transition|quantum|world|experiment|demonstration|step|information|process|entanglement|atom|realization|atom|photon|lecture|introduction|connection|ens|photon|box|ion|trap|experiment|wineland|lecture|contribution|field|particle|control|account|day|cavity|quantum|electrodynamic|experiment|ens|year|discussion|control|particle
10.1038/nature12513,quantum computing|quantum bit|superconducting qubit|superconducting qubit|superconducting qubit|quantum superposition|quantum error correction|quantum system|quantum system|quantum system|quantum system|bell state|bell state|entanglement|parity|measurement|evolution|measurement|feature|quantum|mechanic|state|coherence|entanglement|measurement|property|entanglement|state|interest|parity|state|qubit|state|number|qubit|parity|meter|qubit|excitation|parity|fidelity|coherence|parity|state|proposal|parity|meter|entanglement|measurement|challenge|parity|measurement|cavity|circuit|quantum|architecture|phase|postselection|entanglement|parity|measurement|cent|fidelity|parity|meter|feedback|control|loop|entanglement|generation|cent|fidelity|target|demand|realization|parity|meter|feedback|measurement|protocol|ingredient
10.1038/nature12422,quantum bit|quantum teleportation|quantum teleportation|quantum communication|quantum state|quantum system|bell state|feed|forward|state|macroscopic|circuit|question|information|state|art|qubit|circuit|realization|logic|creation|demonstration|error|variant|noise|quantum|shoot|readout|qubit|state|fidelity|feedback|control|qubit|feed|forward|chip|circuit|set|amplifier|qubit|qubit|shoot|readout|electron|device|quantum|bus|technology|network|topology|planar|architecture|teleportation|order|unit|probability|input|state|qubit|state|resource|qubit|measurement|efficiency|fidelity|rate|transmission|loss|superconducte|waveguide|range|scheme|distance|test|realization|element|microwave|frequency|feed|forward|error|correction|scheme
10.1103/RevModPhys.85.1083,quantum bit|quantum gate|nobel|lecture|photon|box|quantum|boundary|microwave|photon|cavity|think|experiment|father|physic|interaction|photon|rydberg|atom|cavity|aspect|measurement|theory|experiment|photon|box|ecole|normale|superieure|ens|domain|optic|cavity|quantum|electrodynamic|count|photon|record|field|quantum|jump|preparation|reconstruction|state|radiation|decoherence|illustration|transition|quantum|world|experiment|demonstration|step|information|process|entanglement|atom|realization|atom|photon|lecture|introduction|connection|ens|photon|box|ion|trap|experiment|wineland|lecture|contribution|field|particle|control|account|day|cavity|quantum|electrodynamic|experiment|ens|year|discussion|control|particle
10.1038/nature12802,quantum computer|quantum bit|quantum bit|superconducting qubit|quantum error correction|quantum error correction|quantum system|quantum system|trapped ion|bell state|bell state|entanglement|code|state|register|decoherence|challenge|scale|step|state|qubit|cavity|mode|presence|decoherence|measurement|feedback|step|state|stabilization|register|feedback|scheme|drive|couple|qubit|register|reservoir|feedback|qubit|qubit|state|state|multipartite|measurement|scheme|dissipation|need|feedback|loop|error|feedback|loop|hamiltonian|state|presence|drive|dissipation|build|block|information|process|scheme|variety|tool
10.1103/PhysRevLett.111.060501,quantum dot|spin|qubit|superconductor|superconductor|spin|qubit|electron|tunnel|superconductor|singlet|component|electron|state|leak|superconductor|reflection|gate|singlet|triplet|split|superconductor|geometry|dot|separation|coherence|length|dot|singlet|triplet|qubit|tunnel|superconductor|finite|energy|reflection|qubit|couple|distance|coherence|length
10.1088/1367-2630/15/4/043028,quantum bit|superconducting qubit|quantum state|quantum state|quantum system|measurement|strength|dependence|josephson|bifurcation|readout|measurement|strength|qubit|transmission|line|type|josephson|bifurcation|amplifier|jba|interferometer|device|probe|pulse|sequence|average|ramsey|fringe|visibility|alpha|value|indicator|projection|change|value|magnitude|threshold|state|qubit|jba|qubit|jba|qubit|jba|qubit|jba|state|decoherence|term|mechanism|measurement
10.1038/srep01987,quantum bit|quantum bit|environment|setup|environment|experiment|circuit|quantum|electrodynamic|concept|qubit|quality|factor|cavity|cavity|resistor|temperature|resistor|environment|manner|order|environment|qubit|quantum|interference|device|squid|cavity|resistor|control|couple|strength|environment|qubit|scheme|environment|initialization|tune|flux|squid|resistor|qubit|couple|qubit
10.1126/science.1243289,quantum bit|information|photon|state|contrast|oscillator|excitation|coherence|ability|multiphoton|state|multiphoton|control|transmon|qubit|waveguide|cavity|resonator|resonant|couple|interaction|decoherence|rate|order|nonlinearitie|manipulation|hundred|photon|tool|set|qubit|photon|logic|qubit|state|superposition|state|state|state|photon|protocol|superposition|state|control|interface|quantum|computation|metrology|quantum|information|process
10.1103/PhysRevLett.110.157001,quantum computing|earth|spin|ensemble|resonator|state|qubit|quantum|architecture|route|scale|candidate|qubit|conversion|spin|resonator|chip|cavity|qed|experiment|anisotropic|crystal|couple|earth|spin|element|resonator|electron|spin|resonance|relaxation|dynamic|erbium|spin|microwave|absorption|aid|cavity|doi
10.1007/s11082-013-9752-7,superconducting qubit|superconducting qubit|superconducting qubit|superconducting qubit|quantum entanglement|information|entropy|entanglement|cavity|field|decay|cavity|field|presence|decay|quantum|environment|entanglement|dynamic|qubit|cavity|motivation|experiment|cooper|box|decay|resonator|superposition|state|decoherence|dynamic|entanglement|negativity|wehrl|entropy|wehrl|phase|distribution|cavity|field|reservoir|master|equation
10.1088/0953-2048/26/11/114002,superconducting qubit|superconducting qubit|quantum|degeneracy|point|frequency|noise|decoherence|origin|noise|qubit|noise|quantum|degeneracy|point|qubit|frequency|noise|quantum|logic|gate|qubit|fidelity|scheme|flux|qubit|qubit|resonator|scheme|parameter|spread|error|fabrication
10.1209/0295-5075/101/50005,decoherence|environment|letter|evolution|qubit|reservoir|symmetry|state|range|order|temperature|reservoir|superconductor|wave|pair|density|matrix|qubit|convolutionless|nakajima|zwanzig|approximation|kind|couple|qubit|bath|bath|decay|qubit|coherence|hand|couple|qubit|sector|bath|decoherence|qubit|reduction|decoherence|rate|behavior|phase|qubit|probe|phase|transition|environment|validity|decay|qubit|coherence|qubit|bath|symmetry|finite|temperature|copyright|epla
10.1103/PhysRevA.88.033811,superconducting qubit|superconducting qubit|superconducting qubit|quasienergie|dynamic|field|dynamic|phenomenon|multiorder|rabi|oscillation|presence|field|field|field|component|qubit|resonance|frequency|quantum|excitation|qubit|floquet|state|quasienergie|field|regime|dependence|quasienergie|amplitude|field|zero|difference|quasienergie|rule|population|qubit|state|oscillation|regime|dynamic|population
10.1088/1367-2630/15/4/045001,josephson junction|quantum circuit|flux|qubit|gap|josephson|junction|flux|qubit|tune|transition|frequency|qubit|gap|qubit|quantum|interference|device|squid|current|squid|turn|qubit|gap|situ|control|flux|loop|measurement|controllability|qubit|gap|ghz|qubit|resonance|architecture|symmetry|point|property|datum|calculation|qubit|fit|josephson|couple|energy|qubit|junction|value|junction|chip|bias|flux|qubit|symmetry|point|number|flux|quanta|gradiometer|loop|way|inductance|information|qubit
10.1103/PhysRevA.87.022309,quantum computer|quantum computer|quantum computer|superconducting qubit|fidelity|œéz|gate|resonator|build|block|science|architecture|memory|resonator|bus|entangle|gate|resonator|architecture|gate|qubit|bus|gate|aid|qubit|state|phy|rev|lett|phase|transmon|qubit|mhz|anharmonicity|frequency|qubit|bias|control|qubit|bus|gate|fidelity|parameter|pulse|profile|rotation|fidelity|measure|state|fidelity|noise|decoherence|multiqubit|device|memory|resonator|qubit|bus|gate|function|qubit|anharmonicity|error|mechanism|fidelity|estimator|shape|sensitivity|precision|requirement|qubit|qubit|gate|bus|resonator|optimization|parameter|resonator|frequency|couple|range|hardware|resonator|gate|transmon|qubit|step|error|doi
10.1007/s10948-013-2191-7,fabrication|flux|qubit|degree|freedom|fabrication|characterization|flux|qubit|resonator|vibration|anisotropic|isotropic|parameter|plasma|ion|gas|arm|qubit|beam|detection|scheme|transmission|regime|beam|length|flux|qubit|base|temperature|measurement
10.1103/PhysRevA.87.033827,superconducting qubit|rotation|wave|approximation|qubit|oscillator|wave|approximation|counter|interaction|qubit|oscillator|expression|eigenvalue|eigenstate|flux|qubit|oscillator|spectra|agreement|experiment|energy|level|variety|bias|diagonalization|range|strength|dynamic|qubit|support|validity|approximation|experiment|future|qubit|couple|strength|doi
10.1134/S0021364012240149,superconducting qubit|superconducting qubit|information|process|quantum|interference|device|transmission|line|resonator|scheme|information|process|fidelity|qubit|state|quantum|logic|gate|detune|condition|state|quantum|interference|device|state|emission|feasibility|challenge|scheme
10.1103/PhysRevLett.110.150502,superconducting qubit|superconducting qubit|excitation|nonequilibrium|probe|defect|nonequilibrium|source|decoherence|nonequilibrium|energy|gap|qubit|quasiparticle|gap|qubit|quasiparticle|energy|distribution|quasiparticle|increase|qubit|state|probability|quasiparticle|qubit|increase|agreement|distribution|doi
10.1103/PhysRevA.87.032327,quantum|information|qubit|flux|qubit|majorana|semiconductor|nanowire|flux|qubit|flux|flux|information|couple|majorana|qubit|readout|flux|qubit|phase|gate|qubit|addition|scheme|information|qubit|flux|qubit|landau|zener|transition|demonstration|entanglement|qubit|quantum|information|process|doi
10.1103/PhysRevLett.111.107008,superconducting qubit|superconducting qubit|quantum state|quantum memory|quantum memory|storage|retrieval|flux|qubit|processor|ensemble|nitrogen|vacancy|center|diamond|memory|information|flux|qubit|memory|coherence|property|memory|state|processor|memory|state|coherence|step|electron|spin|ensemble
10.1103/PhysRevA.87.030301,superconducting qubit|quantum gate|verification|qubit|benchmarke|protocol|protocol|gate|clifford|group|qubit|gate|qubit|unitarie|error|clifford|gate|experiment|qubit|gate|qubit|clifford|gate|qubit|gate|error|value|qubit|gate|error|quantum|tomography|state|preparation|measurement|error|doi
10.1103/PhysRevB.87.220505,josephson junction|order|sideband|transition|flux|transmon|qubit|order|sideband|transition|resonator|frequency|transmon|qubit|qubit|asymmetry|portion|energy|band|resonator|frequency|sideband|transition|flux|signal|mhz|qubit|qubit|frequency|detune|qubit|resonator|frequency|rate|mhz|quanta|qubit|resonator
10.1103/PhysRevLett.110.173603,bell state|cavity|entanglement|generation|landau|zener|interferometry|control|entanglement|generation|landau|beam|splitter|transmon|qubit|cavity|passage|cavity|qubit|qubit|cross|test|landau|transition|formula|sweep|landau|stuckelberg|interference|pattern|visibility|level|velocity|regime|qubit|state|tomography|passage|fidelity|qubit|relaxation|doi
10.1007/s10909-013-0873-y,coupler|quantum|point|contact|interaction|flux|qubit|kind|inductance|coupler|quinc|loop|quantum|point|contact|quantum|temperature|regime|tunable|ise|type|interaction|flux|qubit|coupler|control|flux|interaction|energy|qubit|device|register|temperature|quantum|phenomena|measure|qubit|function|interaction|strength
10.7566/JPSJ.82.074710,observation|order|sideband|transition|order|sideband|rabi|oscillation|flux|qubit|plasma|mode|measurement|domain|measurement|flux|qubit|interference|device|squid|readout|qubit|shunt|capacitor|resonator|plasma|mode|order|sideband|measurement|scheme|energy|resonator|mhz|energy|rabi|oscillation|carrier|transition|order|sideband|transition|qubit|arm|squid|qubit|couple|bias|current|phenomenon|ratio|rabi|period|carrier|transition|transition|couple|constant|excitation|resonator
10.1103/PhysRevA.88.024303,superconducting qubit|braid|interface|computation|qubit|interface|computation|qubit|interface|qubit|gate|qubit|qubit|interface|qubit|microwave|cavity|nontrivial|qubit|gate|gate|interface|flux|build|block|computation|qubit
10.1063/1.4802893,superconducting qubit|quantum measurement|quantum state|quantum processor|characterization|tunable|resonator|frequency|superconducte|coplanar|waveguide|resonator|tune|range|gigahertz|resonator|quantum|interference|device|strip|resonator|resonator|microwave|photon|state|resonator|resonator|energy|quanta|qubit|level|state|resonator|communication|bus|memory|element|prototype|aip
10.1088/0256-307X/30/5/050304,josephson junction|superconducting qubit|quantum network|quantum system|quantum system|ghz state|preparation|qubit|nitrogen|vacancy|center|scheme|qubit|ghz|state|nitrogen|vacancy|center|transmission|line|resonator|current|kind|interaction|hamiltonian|proposal|adjustment|qubit|level|space|gate|gate|number|qubit|proposal|step|information|process|quantum|computation
10.1103/PhysRevA.88.013837,dissipation|generation|state|mode|excitation|state|spin|device|nitrogen|vacancy|center|ensemble|nve|diamond|flux|qubit|flux|qubit|microwave|field|sideband|qubit|nve|couple|feature|scheme|qubit|decay|resource|state|nve|mode|vacuum|state|repumpe
10.1088/0953-8984/25/3/035701,josephson junction|josephson junction|superconducting qubit|quantum system|josephson|couple|version|theory|superconductor|type|charge|qubit|flux|qubit|phase|qubit|josephson|qubit|structure|energy|level|quantization|kirchhoff|equation|level|probability|sink|qubit|spectra|datum|contrast|theory|parameter|density|cooper|temperature|flux|qubit|question
10.1103/PhysRevLett.110.210501,superconducting qubit|superconducting qubit|catch|disperse|release|readout|shoot|readout|catch|dispersion|release|microwave|field|coupler|microwave|resonator|transmission|line|qubit|resonator|interaction|qubit|frequency|tune|fidelity|qubit|readout|regime|jayne|cumme|nonlinearity|quadrature|resonator|field|quantum|limit|decrease|measurement|error
10.1103/PhysRevLett.111.050502,quantum computing|quantum dot|quantum dot|quantum dot|exchange|qubit|microwave|qubit|spin|qubit|gate|frequency|noise|operate|point|response|frequency|field|advance|preparation|measurement|spin|charge|conversion|qubit|dipole|term|frequency|couple|couple|microwave|resonator|qubit|gate
10.1038/ncomms2936,josephson junction|quantum circuit|charge|parity|fluctuation|decoherence|transmon|qubit|tunnelling|quasiparticle|decoherence|mechanism|qubit|degree|freedom|limit|quasiparticle|qubit|relaxation|dephase|interest|understand|mechanism|mark|transmon|type|charge|qubit|fidelity|qubit|readout|feedback|control|circuit|quantum|electrodynamic|state|art|transmon|charge|parity|detector|tunnelling|quasiparticle|junction|contribution|tunnelling|relaxation|dephase|reliance|theory|timescale|demonstrate|quasiparticle|tunnelling|transmon|qubit|coherence|room|order|magnitude|increase
10.1364/JOSAB.30.001178,superconducting qubit|quantum|transform|cavity|scheme|bit|quantum|transform|dqft|qubit|mode|cavity|qubit|qubit|gate|qubit|gate|gate|algorithm|bit|dqft|procedure|algorithm|fidelity|measure|success|algorithm|estimate|protocol|limit|society|america
10.1016/j.optcom.2013.05.026,w state|w state|w state|generation|state|molecule|device|scheme|state|mode|molecule|device|excitation|microwave|photon|transmission|line|resonator|interaction|charge|qubit|molecule|entanglement|mode|molecule|couple|strength|charge|qubit|molecule|state|fidelity|right
10.1103/PhysRevLett.110.120501,superconducting qubit|reset|protocol|qubit|reset|start|information|algorithm|demonstration|qubit|ground|state|qubit|cavity|transition|protocol|drive|reset|population|transmon|qubit|cavity|population|ground|state|fidelity|fidelity|parameter|optimization|doi
10.1088/1674-1056/22/9/090312,manipulation|flux|qubit|measurement|junction|flux|qubit|flux|qubit|flux|qubit|quantum|interference|device|squid|readout|measurement|procedure|detail|measurement|manipulation|qubit|state|flux|qubit|energy|level|rabi|oscillation|rabi|oscillation|decay|rabi|energy|relaxation|value|trabi|inductance|qubit|coil|measurement|flux|qubit
10.1103/PhysRevB.88.241405,quantum dot|quantum dot|quantum gate|circuit|qed|hole|spin|qubit|nanowire|setup|information|process|hole|spin|core|shell|nanowire|qds|qubit|gate|dipole|spin|resonance|spin|flip|distance|qubit|qubit|couple|cavity|field|transmission|line|resonator|gate|root|iswap|gate|absence|dresselhaus|spin|orbit|interaction|soi|presence|rashba|type|soi|control|transverse|qubit|field|switch|control|factor|qubit|gate|qubit|noise|phonon|noise|gate|fidelity
10.1063/1.4821822,shoot|readout|flux|qubit|flux|josephson|parametric|amplifier|shoot|readout|flux|qubit|flux|josephson|parametric|amplifier|jpa|readout|power|gain|jpa|time|datum|acquisition|rabi|oscillation|contrast|jpa|energy|relaxation|qubit|observation|quantum|jump|qubit|monitor|nondestructiveness|readout|scheme|aip
10.1103/PhysRevLett.110.040502,superconducting qubit|quantum gate|fidelity|qubit|distortion|imperfection|gate|fidelity|pulse|qubit|evolution|distortion|qubit|state|axis|rotation|axis|rotation|function|period|shape|microwave|pulse|sample|response|input|signal|error|gate|qubit|gate|fidelity|doi
10.1103/PhysRevLett.111.137002,charge|qubit|microwave|field|device|evidence|photon|quasiparticle|tunneling|charge|qubit|field|probe|change|resonance|frequency|state|drive|strength|qubit|energy|level|split|landau|stuckelberg|interference|structure|level|drive|change|landau|stuckelberg|pattern|contrast|photon|quasiparticle|qubit|recovery|qubit|parity|quasiparticle|poison|response|interference|pattern|poison|potential|charge|sense
10.1038/ncomms2991,quantum computer|quantum system|quantum simulator|transmon|qubit|couple|circuit|quantum|electrodynamic|class|model|computer|circuit|microwave|photon|lattice|resonator|particle|qubit|resonator|photon|photon|interaction|insight|physics|boson|tool|behaviour|gate|transmon|qubit|probe|photon|number|resonator|lattice|couple|strength|qubit|resonator|chip|couple|regime|scan|area
10.1103/PhysRevLett.111.243602,nonequilibrium|dynamic|couple|line|space|dynamic|qubit|couple|photon|couple|couple|regime|matrix|product|state|ground|state|excitation|qubit|field|qubit|emission|state|condition|ground|state|qubit|field|resonance|qubit|photon|emission|prediction|renormalization|leggett|rev|mod|phy|initio|calculation|physics|flux|qubit|transmission|line
10.1103/PhysRevA.88.062311,superconducting qubit|w state|w state|w state|generation|stabilization|qubit|circuit|qed|feedback|control|circuit|cavity|quantum|electrodynamic|qed|platform|feedback|control|scheme|ability|microwave|circuit|quantum|feedback|control|scheme|generation|stabilization|qubit|circuit|qed|control|scheme|zeno|measurement|qubit|regime|state|qubit|information|process|target|adaptive|quantum|feedback|control|dynamic|quantum|feedback|control|scheme|trajectory|maser|equation|type|transformation|presence|decoherence|state|fidelity|qubit|decoherence|control|scheme|measurement|inefficiency|qubit|decay|rate|difference|comparison|type|transformation|elimination|cavity|mode
10.1063/1.4826633,superconducting qubit|superconducting qubit|superconducting qubit|control|interference|scheme|interference|pattern|datum|bus|field|quantum|interference|phase|difference|correlation|datum|bus|discord|field|aip
10.1088/0953-2048/26/8/084005,influence|dissipation|quantum|quantum|metamaterial|structure|atom|transmission|medium|decoherence|transmission|medium|atom|state|quantum|flux|qubit|transmission|line|section|resonance|qubit|pulse|output|power|transmission|line|evidence|entanglement|qubit|transmission|line|pulse|signature|behaviour|level|decoherence|line|experiment|transmission|line|section|qubit|level|decoherence|qubit|correlation|qubit|field
10.1063/1.4792698,quantum bit|radiation|planar|geometry|transmon|qubit|circuit|coplanar|capacitor|plate|microstrip|resonator|microstrip|geometry|ground|plane|back|access|circuit|state|preparation|measurement|device|silicon|substrate|loss|titanium|nitride|capacitor|plate|aluminium|aluminium|oxide|aluminium|junction|relaxation|coherence|spin|echo|calculation|proximity|back|plane|advantage|radiation|loss|qubit|american|institute|physics
10.1103/PhysRevLett.111.080502,quantum computer|superconducting qubit|josephson|qubit|circuit|planar|energy|relaxation|geometry|loss|couple|material|defect|level|coherence|structure|qubit|energy|lifetime|function|frequency|presence|population|level|defect|defect|physics|geometry|xmon|qubit|fabrication|connectivity|control|coherence|route|chip
10.1093/ptep/ptt056,entanglement|cavity|field|charge|charge|qubit|field|restriction|degeneracy|point|kind|transformation|hamiltonian|jayne|cumme|coherence|angle|qubit|state|restriction|degeneracy|point|qubit|inversion|variation|collapse|revival|phenomenon|degree|entanglement|definition|purity|addition|discussion|variance
10.1007/s11128-012-0518-0,quantum state|computation|state|generation|range|resonant|raman|scheme|qubit|quantum|phase|gate|gate|qubit|state|range|resonant|raman|couple|quantum|interference|device|squids|scheme|squid|mode|cavity|cavity|fiber|level|squid|state|qubit|level|squid|couple|qubit|excitation|photon|scheme|fiber|loss|cavity|decay|decay|level|step|computation|distance|entanglement|distribution
10.1103/PhysRevA.88.054301,superconducting qubit|validity|wave|approximation|quantum|computation|validity|wave|approximation|rwa|qubit|gate|phy|adoption|decline|fidelity|gate|energy|separation|state|validity|rwa|realization|nature|london|quantum|computation
10.1088/1367-2630/15/12/125007,observation|autler|towne|jayne|cumme|spectrum|transmon|device|planar|resonator|limit|peak|number|photon|population|ghz|photon|resonator|temperature|photon|peak|photon|peak|qubit|spectrum|absence|drive|resonator|tone|spectroscopy|coupler|probe|tone|autler|towne|split|photon|peak|level|qubit|resonator|simulation|state|master|equation
10.1088/1367-2630/15/12/125027,superconducting qubit|quantum state|quantum state|quantum device|tomography|qubit|resonator|hybrid|integration|resonator|circuit|quantum|information|process|qip|chip|analogue|cavity|quantum|electrodynamic|qed|circuit|qed|prototype|circuit|qubit|process|element|resonator|peripheral|resonator|coherence|energy|level|qubit|resonator|hybrid|process|element|goal|measurement|hybrid|tomography|qst|qubit|resonator|hybrid|qst|state|ground|state|qubit|state|resonator|qst|efficiency|decoherence|dynamic|dissipation|qubit|state|qst|step|qubit|resonator|element|qip|circuit|qed
10.1103/PhysRevA.87.052303,quantum system|hybrid|quantum|interference|device|bose|condensate|architecture|information|hybrid|transition|bose|condensate|bec|quantum|interference|device|squid|quantum|field|flux|qubit|presence|condensate|enhancement|rabi|frequency|particle|dipole|transition|matrix|element|enhancement|store|qubit|state|bec|squid|fidelity|transfer|state|protocol|transfer|fidelity|tomography|qubit
10.1103/PhysRevLett.110.203602,superconducting qubit|suppression|linewidth|circuit|qed|observation|explanation|suppression|linewidth|cavity|qubit|cavity|couple|dissipation|qubit|coherence|body|circuit|qed
10.1038/nature12539,quantum bit|quantum bit|quantum state|quantum state|quantum state|quantum system|quantum system|quantum system|quantum system|trajectory|length|superposition|state|environment|interaction|fluctuation|environment|fluctuation|environment|source|noise|evolution|state|mixture|decoherence|environment|state|evolution|quantum|measurement|outcome|measurement|microwave|cavity|qubit|quantum|setup|environment|fluctuation|mode|cavity|quantum|phase|amplitude|cavity|field|trajectory|equator|meridian|bloch|sphere|tomography|trajectory|state|surface|bloch|sphere|decoherence|monitor|foundation|feedback|bayesian|experiment|mean|quantum|harness|action|distance|measurement
10.1103/PhysRevB.88.235401,majorana fermion|majorana fermion|majorana fermion|majorana fermion|detection|manipulation|circuit|qed|progress|measurement|manipulation|circuit|device|circuit|quantum|electrodynamic|circuit|charge|parity|detector|resonance|frequency|resonator|parity|charge|gate|charge|spot|device|noise|fidelity|shoot|quantum|nondemolition|readout|state|pair|qubit|interaction|realization|phase|gate|qubit|loop|completeness|charge|spot|device|charge|detector|sensitivity|root|mhz
10.1088/1674-1056/22/9/097401,josephson junction|quantum circuit|fabrication|rhenium|rhenium|superconductor|tendency|qubit|alox|josephson|tunnel|junction|film|trilayer|technology|film|transition|temperature|transition|width|junction|fabrication|characteristic|quality|leakage|current|gap|mev
10.1063/1.4800585,josephson junction|superconducting qubit|josephson|vortex|flux|qubit|experiment|readout|josephson|vortex|microwave|radiation|fluxon|flux|qubit|dipole|junction|variation|fluxon|oscillation|frequency|flux|qubit|scatter|fluxon|dipole|acceleration|fluxon|dipole|polarity|perturbation|theory|simulation|gordon|equation|american|institute|physics
10.1103/PhysRevA.88.062329,quantum gate|leakage|quantum|error|detection|circuit|majority|quantum|error|detection|correction|protocol|population|qubit|subspace|qubit|energy|level|leakage|event|leakage|protocol|measurement|error|correction|article|leakage|qubit|stabilizer|measurement|circuit|ancilla|measurement|operator|datum|qubit|outcome|end|measurement|cycle|signature|leakage|event|readout|statistic|simulation|leakage|feature|quantum|error|detection|scheme|hardware|software|protocol
10.1126/science.1226897,superconducting qubit|quantum system|quantum system|back|action|strength|measurement|state|strength|nature|back|action|quantity|measurement|apparatus|quantum|physics|predict|state|evolution|measurement|record|property|cavity|microwave|signal|back|action|qubit|state|measurement|signal|quadrature|gate|action|measurement|monitor|qubit|state|prerequisite|measurement|feedback|control
10.1103/PhysRevA.87.042321,quantum computer|quantum computer|adiabatic quantum|adiabatic quantum|adiabatic quantum|quantum|computation|datum|bus|flux|qubit|datum|transfer|protocol|qubit|gate|bus|protocol|qubit|information|spin|chain|twist|twist|couple|chain|rotation|region|chain|gate|control|qubit|ise|type|couple|bus|protocol|potential|flux|qubit|doi
10.1093/ptep/pts092,quantum dot|superconducting qubit|target|qubit|phase|gate|cavity|qed|pulse|way|multiqubit|phase|gate|qubit|target|qubit|atom|cavity|qed|proposal|need|pulse|gate|gate|gate|gate|scale|root|gate|atom|cavity|addition|step|target|qubit|phase|gate|proposal|resonator|center|cavity|cavity|qed
10.1038/ncomms2383,josephson junction|quantum bit|superconducting qubit|quantum simulation|average|circuit|candidate|quantum|technology|interest|circuit|matter|transmon|analogue|simulation|average|phenomenon|resonance|spectroscopy|flux|bias|transmon|pseudo|telegraph|noise|jump|energy|level|separation|value|jump|threshold|displacement|level|line|line|sinusoidal|modulation|pattern|sideband|coherence|transition|frequency|rabi|couple|rate|step|atom
10.1103/PhysRevA.87.062325,computation|decoherence|subspace|relaxation|transmon|qubit|transmon|dephase|extent|relaxation|phy|rev|space|transmon|subspace|immune|relaxation|qubit|subspace|computation|decoherence|subspace|scheme|transmon|transmission|line|resonator|help|drive|field|qubit|rotation|operator|phase|gate|qubit|regime|relaxation
10.1103/PhysRevLett.110.016603,reversal|symmetry|conductance|fluctuation|level|presence|reversal|symmetry|quantum|interference|correction|conductivity|self|interference|electron|wave|function|path|localization|conductance|fluctuation|reversal|symmetry|level|flux|qubit|event|landau|transition|qubit|cross|interference|qubit|trajectory|rise|pattern|qubit|transition|rate|interference|pattern|light|potential|event|protocol|reversal|symmetry|drive|fluctuation|transition|rate|peak|drive|conductance|fluctuation|transport|doi
10.1103/PhysRevA.87.033837,quantum|nondemolition|measurement|diamond|atom|nondemolition|qnd|scheme|atom|resonator|circuit|qed|architecture|measurement|fidelity|limitation|device|transmon|inductance|rise|diamond|atom|qubit|ancilla|qubit|cross|kerr|term|ancilla|transmission|line|resonator|qubit|state|ancilla|resonator|contrast|microwave|signal|amplitude|state|art|josephson|parametric|amplifier|qnd|measurement|ten|nanosecond|fidelity|doi
10.1103/PhysRevX.3.021008,superconducting qubit|superconducting qubit|control|stroboscopic|measurement|feedback|state|trajectory|fluctuation|error|temperature|blood|glucose|level|controller|heater|power|insulin|amount|quantum|domain|change|paradigm|feedback|measurement|state|trajectory|superposition|measurement|eigenstate|stabilization|trajectory|measurement|feedback|protocol|benefit|coherence|transmon|qubit|efficiency|phase|josephson|amplifier|electron|delay|interval|state|qubit|error|rabi|oscillation|measurement|qubit|measurement|pointer|state|fidelity|trajectory|ramsey|oscillation|pointer|state|fidelity|reset|protocol|transmon|qubit|state
10.1007/s11128-013-0624-7,qubit|algorithm|interference|device|cavity|qed|scheme|qubit|algorithm|level|quantum|interference|device|squid|resonator|scheme|resonant|resonant|interaction|cavity|field|squid|microwave|pulse|adjustment|level|space|gate|gate|passage|order|detune|state|fidelity|presence|resonant|interaction|level|decay|cavity|dissipation
10.1088/0031-8949/2013/T153/014043,superconducting qubit|spin|echo|entanglement|protection|telegraph|noise|spin|echo|procedure|entanglement|qubit|telegraph|noise|feature|impurity|device|expression|entanglement|dynamic|feature|nature|noise|qubit|dynamic|entanglement|dynamic|value|ratio|sic|qubit|impurity|couple|strength|rate|telegraph|separation|pulse|delta|echo|procedure|disappearance|entanglement|structure|entanglement|revival|period|plateau|behavior|concurrence
10.1103/PhysRevA.88.062334,superconducting qubit|quantum|error|correction|code|state|qubit|quantum|error|code|qecc|gate|measurement|error|qubit|stabilizer|formalism|qecc|generator|multiple|pauli|matrix|encode|measurement|order|state|stabilizer|hamiltonian|stab|ground|state|code|space|hand|hamiltonian|state|qubit|body|interaction|dynamic|addition|state|qubit|substrate|qubit|qubit|gate|neighborhood|purpose|stabilizer|hamiltonian|stab|body|hamiltonian|interaction|interaction|control|nmr|generation|stab|qubit|code|qubit|code|code|datum|control|state|state|addition|arrangement|qubit
10.1103/PhysRevLett.110.243604,superconducting qubit|superconducting qubit|quantum error correction|toolbox|protocol|stabilizer|operator|measurement|couple|qubit|field|resonator|qubit|rotation|parity|subset|qubit|state|resonator|cavity|readout|measurement|stabilizer|operator|constraint
10.1007/s11128-011-0342-y,superconducting qubit|quantum state|quantum state|quantum state|quantum state|transfer|cooper|pair|box|qubit|scheme|cooper|pair|box|qubit|array|circuit|qed|device|transmission|line|resonator|role|datum|bus|transition|resonator|transfer|pair|qubit|gate|pulse|scheme|route|transfer
10.1016/j.aop.2013.02.006,superconducting qubit|quantum gate|proposal|realization|cavity|family|logic|gate|qubit|cavity|hamiltonian|charge|qubit|mode|cavity|qubit|gate|field|flux|number|logic|gate|simulation|calculation|fidelity|success|gate|gate|inc|right
10.1103/PhysRevB.88.060503,superconducting qubit|autler|towne|split|transmon|autler|towne|alox|transmon|qubit|atom|microwave|cavity|temperature|microwave|spectroscopy|transmon|level|qubit|mode|cavity|mode|coherence|transmon|autler|towne|split|drive|amplitude|transmon|level|anharmonicity|mhz|level|density|matrix|simulation|parameter|fit|datum|separation|fidelity|state|experiment
10.1088/0953-4075/46/10/104002,quantum coherence|quantum coherence|qubit|array|observation|population|localization|presence|qubit|array|proposal|fact|localization|relevance|situation|scheme|number|qubit|proof|principle|chain|flux|qubit|drive|support|qubit|chain|robustness|scheme|type|noise|disorder|localization|interaction|parameter|regime|chain|number|qubit
10.1007/s11434-013-5698-1,quantum bit|quantum communication|photon|detection|demonstration|distribution|photon|detection|snspd|gifford|cryocooler|factor|factor|temperature|fluctuation|field|background|radiation|bias|circuit|stability|snspd|noise|disturbance|field|channel|snspd|efficiency|count|rate|distribution|qkd|experiment|qkd|fiber|rate|kbps|error|rate
10.1103/PhysRevLett.110.047001,superconducting qubit|quantum|heating|resonator|quantum|fluctuation|resonator|atom|situ|probe|qubit|excitation|spectrum|access|frequency|amount|excitation|intracavity|field|fluctuation|temperature|quantity|agreement|prediction|phenomenon|heating|doi
10.1038/srep02139,josephson junction|superconducting qubit|oxypnictide|superconductor|candidate|field|magnet|superconductor|material|superconductor|transition|temperature|potential|field|order|material|knowledge|understand|electro|property|success|epitaxial|film|opportunity|transport|property|density|field|orientation|field|magnet|property|crossover|coherence|length|interlayer|distance|temperature|electron|radiation|source
10.1088/0953-2048/26/8/085010,josephson junction|josephson junction|superconducting qubit|loss|qubit|state|lifetime|phase|transmon|qubit|lifetime|phase|qubit|removal|dielectric|sinx|improvement|relaxation|removal|transmon|qubit|measurement|coplanar|waveguide|resonator|measurement|lifetime|loss|constituent|qubit|loss|contribution|dielectric|tunnel|junction|barrier|alox|dielectric|sinx|substrate|loss|part|field|material|find|tool|frequency|characterization|material|discussion|change|material|choice|qubit|lifetime|factor
10.1063/1.4820260,quantum state|decoherence|pair|cooper|pair|box|decoherence|alox|cooper|pair|box|element|inductor|capacitor|resonator|qubit|energy|relaxation|ghz|correlation|couple|microwave|drive|line|ramsey|fringe|decay|range|spin|echo|envelope|decay|time|echo|charge|noise|frequency|cutoff|mhz|cooper|pair|box|qubit|parameter|ghz|couple|lifetime|device|device|dependence|couple|device|reduction|couple|qubit|aip
10.1088/1367-2630/15/5/055008,superconducting qubit|quantum simulation|quantum|physics|circuit|qed|scheme|quantum|physics|circuit|quantum|electrodynamic|microwave|drive|resonator|field|mode|dynamic|equation|klein|paradox|regime|setup|transformation|position|operator|constant|motion
10.1116/1.4798399,superconducting qubit|quantum circuit|fabrication|dimension|aluminum|air|bridge|ground|ground|plane|coplanar|circuit|resonance|decoherence|author|mode|aluminum|air|bridge|top|aluminum|coplanar|waveguide|transmission|line|simulation|air|bridge|input|reflection|bridge|level|fabrication|lithography|air|bridge|height|length|length|air|bridge|height|vacuum|society
10.1103/PhysRevLett.111.153601,superconducting qubit|impedance|state|engineering|setup|matter|interaction|interference|incident|field|impedance|lambda|type|level|photon|transition|state|lambda|state|resonator|input|microwave|photon|frequency|mode|waveguide|setup|detection|microwave|photon|swap|photon|matter|qubit
10.1103/PhysRevB.87.174522,josephson junction|spectroscopy|cooper|pair|box|level|charge|current|quadruple|transition|spectrum|alox|cooper|pair|box|cpb|charge|qubit|ghz|frequency|range|qubit|element|resonator|temperature|match|spectrum|spectra|hamiltonian|excitation|energy|level|tls|cpb|tls|charge|tunnel|site|potential|change|current|spectrum|parameter|fluctuator|asymmetry|tunneling|rate|change|current|change|nonuniform|tunnel|barrier|conduction|channel|tls
10.1088/1367-2630/15/7/075001,quantum error correction|parity|measurement|circuit|quantum|electrodynamic|concept|parity|measurement|qubit|microwave|structure|resonator|josephson|junction|qubit|quantum|eraser|condition|parity|measurement|requirement|phase|shift|microwave|structure|condition|day|device|scheme|cavity|qubit|microwave|cavity|magnitude|couple|range|experiment|calculation|measurement|signal|photon|sensitivity|comparison|extension|proposal|cavity|optic|scheme|qubit|parity|surface|code|cavity|structure|cavity|symmetry|resonant|mode|resonant|structure
10.1103/PhysRevA.87.022324,quantum system|quantum device|identification|noise|information|process|knowledge|noise|precision|manipulation|tomography|gate|noise|control|pulse|noise|identification|response|measurement|noise|noise|spectrum|response|relationship|frequency|domain|illustration|charge|qubit|type|qubit|identification|fermi|rule|order|perturbation|approximation|limit|measurement|noise|correlation|approximation|precision|point|response|datum|regime|datum|oscillation|charge|qubit|doi
10.1103/PhysRevA.88.063823,superconducting qubit|feedback|control|rabi|oscillation|circuit|qed|feedback|stabilization|rabi|oscillation|microwave|readout|cavity|signal|homodyne|detection|phase|quadrature|amplitude|measurement|output|rabi|reference|signal|signal|noise|ratio|noise|current|rabi|oscillation|feedback|control|input|rabi|drive|simulation|effectiveness|control|law
10.1088/1674-1056/22/10/100301,superconducting qubit|superconducting qubit|phase|decoherence|relaxation|rate|cavity|parameter|indicator|limit|state|phase|consideration|transmission|line|cavity|quantum|computation|collapse|phase|phase|limit|interaction|decay|bind
10.1016/j.physb.2012.12.041,quantum dot|quantum dot|bell state|collapse|revival|entanglement|qubit|lattice|flux|gate|voltage|entanglement|qubit|sqd|lattice|presence|flux|gate|voltage|ground|state|gate|voltage|presence|gate|voltage|integer|flux|quantum|entanglement|temperature|entanglement|mott|phase|finite|temperature|collapse|entanglement|region|flux|right
10.1007/s11128-013-0604-y,preparation|qubit|decoherence|state|interference|device|amplitude|zeno|dynamic|preparation|qubit|decoherence|state|quantum|interference|device|respective|amplitude|decoherence|way|form|target|state|decoherence|preparation|gate|laser|pulse|decoherence|cavity|decay|emission|qubit|account|virtue|master|equation|numerical|simulation|fidelity|technology
10.1088/1367-2630/15/12/123011,quantum|information|process|interaction|qubit|resonator|resonator|information|process|interaction|qubit|exchange|microwave|photon|interaction|couple|qubit|transition|dipole|moment|vacuum|fluctuation|resonator|manner|cavity|quantum|electrodynamic|qed|circuit|qed|cqed|stride|control|information|idea|role|photon|exchange|fluctuation|cqed|limitation|qubit|resonator|photon|resonator|quantum|fluctuation|interaction|term|force|qubit|resonator|resonator|dynamic|qubit|entanglement|nature|type|interaction|manipulation|ion|qubit|analogy|qubit|gate|noise|resonator|quality|factor|gate|number|qubit|interaction|subset|resonator|proposal|variety|qubit|modality|state|qubit|ion|electron|spin|solid
10.1103/PhysRevB.87.184501,resonance|cavity|theory|resonance|cavity|nonlinearity|quantum|interference|device|squid|cavity|connection|cavity|transmission|line|consideration|detail|dynamic|cavity|field|threshold|resonance|regime|multistability|radiation|phase|amplification|signal|resonance|amplification|signal|amplifier|device|qubit|response|cavity|quantum|fluctuation|signal|noise|power|spectrum|field|cavity|output|field|quantum|property|noise|order|coherence|mode|entanglement
10.1103/PhysRevA.88.044303,cluster state|cluster state|flux|qubit|type|exchange|interaction|scheme|flux|qubit|cluster|interaction|scheme|neighbor|qubit|interference|device|squid|flux|qubit|point|interaction|bias|current|squid|qubit|resonance|frequency|frequency|microwave|pulse|squid|qubit|resonance|frequency|generation|step|technology|bias|frequency|pulse|scheme
10.1103/PhysRevLett.111.090502,quantum network|waveguide|qed|quantum|computation|scheme|quantum|computation|qubit|photon|waveguide|matter|qubit|photon|photon|interaction|couple|level|photon|photon|phase|gate|computation|gate|fidelity|progress|circuit|crystal|waveguide|build|block|chip
10.1103/PhysRevB.88.094512,tradeoff|leakage|error|fluxonium|qubit|tradeoff|anharmonicity|leakage|error|fluxonium|circuit|regime|current|circuit|rate|environment|impedance|circuit|contrast|decrease|qubit|gate|reduction|error|rate|transition|insulate|phase|bind|josephson|energy|tradeoff
10.1103/PhysRevA.88.022303,quantum walk|quantum walk|quantum walk|quantum walk|quantum walk|nitrogen|vacancy|center|diamond|flux|qubit|quantum|electrodynamic|scheme|walker|phase|degree|freedom|quasimagnon|field|ensemble|nitrogen|vacancy|center|diamond|coin|flux|qubit|scheme|proposal|cavity|quantum|electrodynamic|requirement|pulse|duration|quasiparticle|number|improvement|coin|flip|cavity|quantum|electrodynamic|realization|numerical|scheme|discrete|condition
10.1103/PhysRevA.87.052306,superconducting qubit|gate|accuracy|quantum|phase|gate|qubit|circuit|gate|noise|variable|quantum|error|code|gate|josephson|couple|oscillator|qubit|pair|qubit|qubit|gate|error|oscillator|impedance|root|omega|gate|scheme|fault|quantum|computation|gate|argument|simulation
10.1103/PhysRevA.87.060303,superconducting qubit|quantum gate|noise|berry|phase|noise|phase|berry|phase|fluctuation|path|control|field|contribution|level|variety|noise|power|path|microwave|fluctuation|path|lead|dephase|comparison|phase|path|berry|phase|noise|dephase|observation|potential|phase
10.1063/1.4801503,josephson junction|josephson junction|josephson junction|superconducting qubit|reduction|modal|length|array|cavity|architecture|couple|cavity|cavity|modal|length|cavity|transmission|line|end|array|role|reflector|phase|wave|bandgap|phase|contribution|array|context|fabry|perot|resonance|modal|length|order|wavelength|aip
10.1088/1367-2630/15/11/115003,superconducting qubit|quantum entanglement|quantum state|entanglement|generation|quantum|information|transfer|qubit|cavity|generation|control|qubit|cavity|task|cavity|quantum|electrodynamic|qed|question|context|entanglement|information|transfer|qubit|cavity|scale|quantum|information|process|cavity|qubit|qubit|cavity|act|coupler|cavity|information|transfer|qubit|gate|proposal|photon|cavity|decay|gate|addition|task|coupler|qubit|gate|step|need|pulse|engineering|complexity|gate|procedure|fidelity|proposal|phase|qubit|transmission|line|resonator|circuit|qed|proposal|type|flux|charge|qubit
10.1063/1.4791768,quantum system|cool|atom|environment|microwave|cool|flux|qubit|environment|noise|decoherence|observation|microwave|amplitude|cool|flux|detune|decoherence|degree|freedom|physic|couple|cool|perturbation|degree|freedom|efficiency|decoherence|decoherence|frequency|microwave|landau|transition|feature|dynamic|cool|qubit|american|institute|physics
10.1016/j.physc.2013.08.007,quantum gate|quantum entanglement|correlation|qubit|cavity|environment|evolution|quantum|discord|concurrence|correlation|cavity|environment|qubit|state|photon|number|quantum|discord|concurrence|correlation|show|oscillation|decay|mode|death|period|process|concurrence|correlation|quantum|discord|correlation|quantum|discord|information|evolve|period|photon|number|oscillation|transition|discord|loss|quantum|correlation|mode|photon|number|state|transition|environment|loss|quantum|discord|angle|clue|circuit|right
10.1103/PhysRevB.87.144516,quantum circuit|quantum circuit|quantum circuit|quantum memory|hybrid|flux|qubit|spin|ensemble|transmission|line|resonator|hybrid|couple|spin|ensemble|transmission|line|resonator|flux|qubit|datum|bus|couple|information|spin|ensemble|resonator|contrast|couple|datum|bus|spin|couple|spin|ensemble|resonator|order|magnitude|hybrid|information|spin|ensemble|possibility|ultrastrong|couple|regime
10.1103/PhysRevB.88.035121,quantum error correction|majorana fermion|majorana fermion|braid|braid|braid|flux|computation|hold|promise|computation|statistic|gate|information|qubit|pair|majorana|network|nanowire|couple|charge|qubit|transmission|line|resonator|transmon|majorana|variation|flux|gate|flux|control|tunnel|couple|circuit|step|statistic|access|majorana|memory|ramm|circuit|parity|measurement|majorana|selection|qubit|multiqubit|measurement|creation|state|protocol|need|ancilla|qubit
10.1038/ncomms2920,quantum computer|quantum processor|quantum annealing|quantum annealing|quantum annealing|quantum annealing|qubit|effort|noise|scheme|computation|noise|environment|state|energy|basis|coherence|basis|eigenstate|environment|qubit|instance|gap|anticrosse|energy|level|order|magnitude|qubit|decoherence|probability|computation|advantage|environment|factor
10.1063/1.4822436,superconducting qubit|quantum circuit|epitaxial|capacitor|microwave|loss|microwave|loss|plate|capacitor|film|heterostructure|substrate|superconductor|insulator|superconductor|trilayer|situ|deposition|base|counterelectrode|layer|layer|laser|deposition|layer|interface|power|temperature|quality|factor|resonator|loss|candidate|dielectric|fidelity|circuit|article|content|common|attribution|license
10.1103/PhysRevB.87.024510,superconducting qubit|quantum gate|circuit|qed|fluxonium|qubit|theory|regime|circuit|qed|protocol|readout|regime|qubit|photon|delta|couple|strength|qubit|cooper|pair|box|transmon|selection|rule|contribution|level|shift|chi|contrast|absence|selection|transition|chi|shift|detune|theory|qudit|mode|expression|hamiltonian|order|perturbation|theory|fluxonium|absence|selection|rule|shift|experiment|prediction|photon|vacuum|rabi|prediction|theory|agreement|datum|range|flux|order|resonance|phase|modulation|fluxonium|spectroscopy
10.1103/PhysRevB.87.174521,josephson junction|superconducting qubit|frequency|admittance|link|response|superconductor|andreev|state|finite|phase|bias|frequency|admittance|wire|junction|electron|transition|level|photon|absorption|subgap|photon|energy|admittance|frequency|nonequilibrium|occupation|andreev|level|care|limit|channel|contact|link|fluctuation|admittance|fluctuation|occupation|factor|andreev|level|view|qubit|property|link|tunnel|link|frequency|dissipation|andreev|level|temperature|fluctuation|inductance|link|tunnel|junction|fluctuation|applicability|junction
10.1063/1.4818631,superconducting qubit|superconducting qubit|frequency|landau|stuckelberg|interference|landau|stuckelberg|lzs|interference|order|perturbation|expansion|population|evolution|microwave|landau|transition|term|wave|approximation|frequency|drive|qubit|population|equilibrium|function|contribution|term|order|population|approximation|perturbation|frequency|region|frequency|decoherence|rate|noncoherence|approximation|evolution|step|coherence|approximation|description|interference|parameter|space|frequency|decoherence|rate|simulation|understand|dynamic|cool|frequency|microwave|cool|aip
10.1103/PhysRevA.88.052330,qubit|gate|frequency|transmon|transmon|qubit|cavity|coherence|order|magnitude|cavity|counterpart|advantage|coherence|number|qubit|qubit|cavity|field|challenge|crowd|leakage|transition|qubit|transition|qubit|pulse|qubit|quadrature|control|envelope|removal|gate|motzoi|phy|rev|lett|improvement|pulse|shape|hand|order|expansion|shape|fidelity|gate|gate|phase|factor|qubit|numerical|yield|gate|leakage|state|anharmonicity|quantum|speed|limit
10.1038/ncomms3337,superconducting qubit|quantum system|frame|relaxation|noise|spectrum|analyser|evolution|gate|gate|information|processor|period|evolution|noise|principle|period|gate|error|rate|progress|noise|evolution|evolution|noise|characterization|protocol|noise|spectroscopy|mhz|flux|qubit|evolution|spin|sequence|relaxation|frame|flux|noise|feature|fluctuator|signature|defect|domain|spin|echo|experiment|evolution|noise|spectroscopy|complement|evolution|mean|noise|control
10.1088/0953-4075/46/22/224019,quasiparticle|circuit|qed|realization|level|shift|cavity|charge|qubit|addition|strength|quasiparticle|creation|quasiparticle|tunnelling|inclusion|charge|state|dynamic|master|equation|microwave|charge|state|quasiparticle|tunnelling|behaviour|frequency|shift|function|gate|voltage|charge|detection|drive|charge|sensitivity|nonequilibrium|quasiparticle|transition|state|drive|quasiparticle|tunnelling|relaxation|channel|state|regime|charge|sensitivity|quasiparticle|dynamic|range|temperature|agreement|theory|experiment|range|drive|strength|temperature
10.1016/S0034-4877(14)60009-4,quantum entanglement|measure|nonlocality|quantum|discord|charge|qubit|phase|decoherence|dipole|dipole|interaction|phase|decoherence|dipole|dipole|interaction|correlation|charge|qubit|mode|cavity|qubit|state|measurement|nonlocality|min|quantum|discord|gqd|evolution|nonzero|value|phase|decoherence|correlation|photon|number|state|correlation|dipole|dipole|interaction|phase|decoherence|state|charge|qubit|appearance|correlation|photon|number|correlation|dipole|dipole|interaction|increase|photon|number|photon|number|death|birth|min|value|gqd|respect|state|qubit|entanglement|entanglement|death|min|gqd|nonzero|value|state|correlation|correlation|state|photon|number|dipole|dipole|interaction
10.1038/nature12010,quantum computing|quantum gate|quantum state|quantum system|anyon|realization|gate|aspect|quantum|mechanic|concept|phase|path|space|space|phase|shape|form|number|energy|level|matrix|state|transformation|holonomie|order|path|creation|gauge|field|description|gate|purpose|noise|computation|contrast|one|quadrupole|resonance|experiment|number|spin|characterization|quantum|level|tone|microwave|drive|quantum|tomography|fidelity|gate|cent|path|space|transformation|order|evidence|character|quantum|gate|combination|quantum|bit|gate|way
10.1088/1674-1056/22/6/060309,josephson junction|josephson junction|josephson junction|josephson junction|quantum computing|quantum circuit|quantum circuit|quantum circuit|quantum circuit|fabrication|alox|shadow|evaporation|oxidation|candidate|quantum|phenomenon|rise|field|fabrication|build|block|alox|electron|beam|lithography|evaporation|aluminum|density|range|junction|size|oxidation|alox|flux|qubit|flux|qubit|charge|flux|qubit
10.1364/JOSAB.30.002277,superconducting qubit|superconducting qubit|superconducting qubit|superconducting qubit|superconducting qubit|quantum measurement|enhancement|discord|transfer|information|dynamic|correlation|datum|bus|discord|entanglement|sequence|measurement|measurement|quantum|correlation|value|measurement|datum|bus|information|information|datum|bus|witness|trace|distance|society|america
10.1557/mrs.2013.229,quantum bit|superconducting qubit|superconducting qubit|superconducting qubit|superconducting qubit|quantum coherence|material|circuit|josephson|tunnel|junction|inductor|capacitor|interconnect|dilution|refrigerator|temperature|circuit|atom|state|charge|flux|junction|phase|parameter|circuit|element|potential|scalability|compatibility|microwave|control|operability|nanosecond|place|modality|information|science|technology|decade|order|magnitude|improvement|fabrication|material|interface|article|role|material|prospectus|future|device|transition|curiosity|threshold|reality
10.1109/TVLSI.2012.2227518,quantum dot|quantum gate|quantum gate|quantum gate|quantum gate|quantum gate|quantum system|quantum system|quantum system|neutral atom|library|machine|description|quantum|logic|circuit|cascade|gate|quantum|gate|machine|description|pmd|hamiltonian|quantum|gate|pmds|quantum|cost|quantum|gate|pmd|logic|circuit|set|quantum|gate|pmd|quantum|logic|pmds|knowledge|logic|respect|set|gate|pmds|superconducte|ion|trap|photon|aim|library|pmds|cell|library|logic|gate|cell|technology|library|term|number|gate|delay|qubit|quantum|identity|rule|redundancy|identity|gate|library|set|gate|pmds|mapping|circuit|structure|quantum|cost|term|number|quantum|gate|number|execution|cycle|library|foundation|logic|synthesis|cell|library|foundation|technology|logic|synthesis|technology|mapping|synthesis
10.1038/ncomms3380,superconducting qubit|quantum system|manipulation|coherence|atom|atom|chip|coherence|information|process|information|microelectronic|rate|challenge|coherence|character|information|alternative|task|quantum|platform|atom|quantum|information|circuit|coherence|superposition|state|atom|atom|chip|atom|trap|coplanar|microwave|resonator|structure|coherence|ground|state|second|ensemble|atom|temperature|bose|condensate|atom|interface|path|dynamic|couple|regime
10.1103/PhysRevLett.111.110504,superconducting qubit|quantum simulation|circuit|gauge|field|circuit|lattice|simulation|lattice|gauge|theory|proposal|quantum|link|role|matter|field|lattice|site|gauge|field|microwave|resonator|link|neighbor|site|protocol|physics|string|break|presence|decoherence|phenomenon|matter|energy|physics|state|art|technology|circuit|array
10.1063/1.4807015,superconducting qubit|superconducting qubit|photon|lifetime|aluminum|cavity|microwave|cavity|circuit|quantum|electrodynamic|architecture|cavity|sensitivity|dielectric|conductor|loss|surface|interface|planar|resonator|quality|factor|lifetime|structure|principle|quality|factor|lifetime|aluminum|cavity|resonator|photon|energy|millikelvin|temperature|improvement|memory|access|aip
10.1142/S0217979213500562,superconducting qubit|superconducting qubit|quantum entanglement|quantum state|correlation|circuit|qed|state|evolution|behavior|entanglement|quantum|discord|circuit|qed|cavity|field|quantum|correlation|behavior|cavity|field|state|photon|number|quantum|discord|death|death|survival|quantum|correlation|benefit|quantum|correlation|cavity|field|state|amplitude|parameter|quantum|correlation|phase|qubit|quantum|correlation
10.1103/PhysRevB.87.064506,suppression|phase|mode|superconductor|phase|wire|wire|block|qubit|quantum|information|length|device|source|decoherence|phase|slip|event|decoherence|phase|slip|superconductor|reason|multiple|superconductor|fact|analogy|particle|physics|concept|symmetry|mode|fermion|spectrum|background|phase|slip|understand|phase|superconductor|setup|prediction|tunneling|rate|flux|quantum|wire|doi
10.1038/nature12315,superconducting qubit|pair|contact|josephson|flow|supercurrent|link|tunnel|junction|nanowire|molecule|basis|variety|circuit|device|experiment|josephson|circuit|way|law|quantum|supercurrent|andreev|pair|state|link|state|doublet|energy|josephson|circuit|property|ground|state|doublet|state|existence|measurement|contact|spectra|configuration|phase|difference|superconductor|agreement|theory|andreev|doublet|information|type
10.1063/1.4789310,superconducting qubit|superconducting qubit|quantum state|microstrip|filter|measurement|control|filter|observation|phenomena|circuit|temperature|measurement|coherence|filter|noise|room|temperature|electron|transmission|line|filter|ghz|frequency|base|temperature|dilution|refrigerator|bias|line|setup|control|measurement|american|institute|physics
10.1103/PhysRevA.88.043806,superconducting qubit|input|output|theory|waveguide|qed|ensemble|atom|waveguide|quantum|electrodynamic|atom|transmission|line|microwave|photon|loss|distance|line|photon|atom|atom|distance|atom|subradiance|exchange|type|interaction|atom|atom|transition|frequency|level|atom|atom|atom|separation|possibility|characteristic|waveguide|quantum|electrodynamic|master|equation|ensemble|atom|state|input|output|theory|scatter|quantity|information|transmon|qubit|transmission|line|van
10.1088/0953-2048/26/3/035004,superconducting qubit|superconducting qubit|property|film|plasma|chemical|vapor|layer|view|fabrication|decoherence|influence|deposition|plasma|chemical|vapor|deposition|degree|property|film|surface|protection|plasma|nitridation|deposition|layer|suppression|increase|resistivity|hydrogen|diffusion|decomposition|surface|oxide|oxygen|diffusion|sample|heating|layer|film|diffusion
10.1103/PhysRevA.87.022320,superconducting qubit|quantum network|quantum network|entanglement|microwave|photon|qubit|cavity|qutrit|state|microwave|resonator|cavity|level|device|qutrit|greenberger|zeilinger|ghz|state|resonator|scheme|principle|state|resonator|ghz|state|qubit|cavity|addition|resonator|coupler|qutrit|circuit|block|information|process|doi
10.1016/j.ssc.2013.09.003,josephson junction|flux|phase|shift|periodicity|crossover|nanoloop|impurity|layer|flux|phase|shift|nanoloop|impurity|flux|relation|alternation|state|impurity|character|width|impurity|layer|evolution|flux|periodicity|impurity|loop|crossover|oscillation|loop|sample|electron|element|quantum|qubit|ltd|right
10.1038/ncomms3067,quantum device|quantum annealing|quantum annealing|quantum annealing|quantum annealing|quantum annealing|quantum annealing|signature|optimization|aid|evolution|evidence|condition|thermalization|algorithm|anneal|device|decoherence|timescale|order|magnitude|evolution|thermalization|environment|signature|inconsistent|thermalization|experiment|group|flux|qubit|spin|spin|couple|chip|qubit|technology|robustness|noise|imperfection
10.3938/jkps.62.1558,braid|qubit|quantum|wire|josephson|junction|phase|semiconductor|superconductor|heterostructure|presence|zeeman|field|feature|setup|addition|variation|phase|order|parameter|orientation|field|junction|contribution|majorana|josephson|josephson|orientation|field|junction|spin|current|phase|difference|material|candidate|type|fingerprint|existence|majorana|state|pathway|qubit|network|wire
10.1088/0953-2048/26/8/084003,generation|photon|state|quantum|metamaterial|photon|state|quantum|metamaterial|quantum|metamaterial|array|squid|transmission|line|resonant|cavity|set|level|qubit|cavity|photon|order|phase|transition|incoherent|temperature|phase|temperature|phase|state|photon|equilibrium|state|partition|function|field|cavity|action|turn|momentum|photon|field|order|parameter|phase|transition|action|state|order|parameter|temperature|state|value|phase|transition|aspect|peierl|metal|insulator|metal|superconductor|phase|transition|temperature|phase|transition|energy|split|level|number|squid|array|strength|interaction|eta|squid|photon|cavity
10.1103/PhysRevLett.110.107001,quantum state|catch|release|microwave|photon|state|resonator|couple|measurement|transmission|line|resonator|couple|photon|emission|rate|resonator|decay|rate|catch|release|photon|resonator|control|state|control|release|waveform|photon|resonator|functionality|fidelity|transfer|resonator|qubit|doi
10.1103/PhysRevLett.111.073602,superconducting qubit|quantum simulation|circuit|qed|source|light|dissipation|framework|circuit|qed|cavity|array|body|state|cavity|state|photon|transmission|line|way|correlation|body|source|light|directionality|entanglement|phenomenon|break|reflection|symmetry
10.1007/s11128-012-0476-6,superconducting qubit|superconducting qubit|quantum|discord|field|dynamic|correlation|datum|bus|datum|bus|qubit|field|field|dynamic|quantum|discord|partite|entanglement|quantum|discord|entanglement|evolution|quantum|discord|qubit|field
10.1103/PhysRevLett.111.130405,quantum dot|nitrogen vacancy|superconducting qubit|quantum coherence|quantum system|classification|landau|majorana|stuckelberg|resonance|floquet|determinant|experiment|landau|majorana|stuckelberg|zener|lmsz|interferometry|tool|variety|state|spin|center|diamond|letter|general|principle|formalism|interference|resonance|hallmark|lmsz|interferometry|scheme|approximation|feature|resonance|structure|observability
10.1126/science.1244324,superconducting qubit|quantum communication|quantum simulation|photon|interaction|atom|photon|interaction|atom|importance|optic|quantum|information|process|exchange|photon|atom|rise|nontrivial|interaction|strength|distance|dimension|transmission|line|photon|interaction|possibility|qubit|quarter|transition|frequency|exchange|interaction|separation|creation|state|separation|photon|wavelength|lambda|atom|photon|interaction
10.1103/PhysRevE.88.032146,quantum annealing|fluctuation|theorem|quantum|fluctuation|theorem|moment|generate|function|equality|observable|quantum|dynamic|trace|map|feedback|control|jarzynski|equality|crook|fluctuation|theorem|role|equilibrium|state|class|measurement|measurement|unitality|microreversibility|condition|physicality|fluctuation|theorem|theory|bath|couple|magnitude|pair|flux|qubit
10.1088/0031-8949/2013/T153/014042,josephson junction|body|physics|transmission|line|resonator|transmission|line|resonator|contrast|josephson|parametric|amplifier|josephson|bifurcation|amplifier|josephson|parametric|converter|regime|microwave|photon|derivation|frequency|point|fluctuation|transmission|line|resonator|derivation|eigenmode|kerr|nonlinearitie|nonlinearitie|value|transmon|qubit|device|regime|investigation|body|dynamic|particle|influence|drive|dissipation|profile|device|couple|resonator|network|transmission|line|resonator
10.1103/PhysRevA.88.023849,superconducting qubit|superconducting qubit|bell state|bell state|dissipation|engineering|dissipation|engineering|scheme|state|pair|qubit|cavity|mode|role|reservoir|couple|wave|microwave|drive|frequency|qubit|tune|parameter|ratio|coherence|simulation|fidelity|violation|entanglement|inequality|clauser|holt|correlation
10.1103/PhysRevLett.110.077002,josephson junction|josephson junction|josephson junction|superconducting qubit|oxygen|origin|level|defect|device|material|defect|variety|origin|defect|defect|delocalization|position|oxygen|oxide|barrier|parameter|phase|qubit|defect|nonzero|response|field|coherence|level|defect|presence|charge|noise|junction|field|substrate|phonon|doi
10.1088/0953-4075/46/22/224024,superconducting qubit|photon pair|quantum phase transition|hubbard|circuit|qed|family|lattice|site|repulsion|term|neighbour|pair|term|hubbard|neighbour|term|mobility|boson|interaction|mode|squeeze|hop|counter|term|pair|field|theory|phase|space|cross|insulator|range|correlation|mode|squeeze|microwave|resonator
10.1103/PhysRevLett.111.065901,superconducting qubit|bulk|surface|tunneling|hydrogen|defect|alumina|initio|calculation|hydrogen|defect|alumina|level|tls|defect|bulk|vacancy|hydrogen|interstitial|defect|surface|rotor|formation|energy|defect|environment|likelihood|defect|occurrence|growth|energy|surface|dipole|moment|couple|defect|field|energy|hydrogen|defect|deuterium|defect|estimate|energy|frequency|photon|absorption|cation|vacancy|defect|density|ghz|frequency|tlss|alumina
10.1016/j.ijleo.2013.03.141,josephson junction|measurement|nonlocality|quantum|discord|charge|qubit|quantum|discord|measurement|nonlocality|quantum|correlation|charge|qubit|field|state|difference|measure|measurement|nonlocality|quantum|discord|state|charge|qubit|state|value|correlation|entanglement|qubit|number|photon|entanglement|interval|death|quantum|discord|measurement|nonlocality|evidence|support|fact|correlation|entanglement|gmbh|right
10.1088/1674-1056/22/11/110305,quantum system|search|quantum|interference|device|qudit|cavity|qed|search|database|number|block|qudit|level|search|qubit|iteration|step|carrier|information|idea|scheme|search|database|block|interference|device|squid|cavity|qed|modulation|amplitude|microwave|pulse|scheme|identity|cavity|squid|couple|strength|parameter|variation|fabrication|numerical|simulation|influence|cavity|decay|scheme|state|art|technology
10.1007/s11434-013-5882-3,demonstration|coplanar|waveguide|resonator|absorption|type|coplanar|waveguide|cpw|resonator|resonator|niobium|film|resistance|substrate|resonator|quarter|wavelength|transmission|line|end|ground|end|feedline|vector|network|analyzer|transmission|microwave|resonator|temperature|quality|factor|temperature|base|temperature|resonance|frequency|resonator|quality|factor|principle|type|device|series|cpw|resonator|feedline|candidate|datum|bus|state|qubit|detector|photon
10.1103/PhysRevA.88.032317,superconducting qubit|superconducting qubit|state|entanglement|dissipation|scheme|preparation|state|circuit|quantum|electrodynamic|qed|setup|resonator|photon|loss|setup|photon|microwave|drive|decay|mechanism|state|qubit|state|state|evolution|state|preparation|protocol|view|scheme|imperfection|scheme|deviation|parameter|fidelity|target|state|state|art|transmon|route|demonstration|state|circuit|qed
10.1088/1367-2630/15/9/095007,quantum computing|quantum circuit|quantum circuit|quantum simulation|molecule|magnet|couple|molecule|magnet|variety|resonator|constriction|flux|qubit|couple|regime|crystal|circuit|hint|couple|molecule|constriction|couple|strength|coherence|molecule|storage|manipulation|information|context|detail|family|molecule|gate|couple|strength|energy|gap|simplicity|advantage|possibility|ensemble|chip|deposition|droplet
10.1038/NNANO.2013.73,josephson junction|quantum dot|gigahertz|charge|pump|graphene|electron|pump|metrology|ampere|term|charge|pump|tunnel|barrier|error|rate|megahertz|pump|speed|current|order|picoampere|barrier|pump|semiconductor|structure|gigahertz|treatment|error|rate|prediction|barrier|electron|pump|graphene|frequency|gigahertz|record|accuracy|quantum|proximity|generation|graphene|closure|triangle|charge|quantum|metrology|photon|generation|electron|hole|recombination|bilayer|graphene|fermion|emission|electron|read|spin|qubit|information
10.1088/0953-2048/26/7/075022,superconducting qubit|flux|noise|squid|qubit|numerical|calculation|squids|flux|presence|flux|noise|density|frequency|noise|reversal|spin|surface|superconductor|flux|noise|spin|surface|film|loop|geometry|reciprocity|field|current|loop|loop|surface|loop|distribution|field|loop|number|scenario|parameter|loop|simulation|alpha|limit|loop|radius|linewidth|contribution|edge|spin|linewidth|loop
10.1109/TASC.2012.2231719,josephson junction|josephson junction|quantum device|quantum device|quantum device|size|importance|fabrication|sub|nonflat|surface|step|height|fabrication|fabrication|film|thickness|surface|step|definition|combination|match|electron|beam|lithography|photolithography|dimension|alternative|chemical|polish|procedure|transport|measurement|density|quality|parameter|gap|fabrication|quality|ljjs|josephson|vortex|behavior|squid|qubit|mixer
10.1038/nature13729,quantum computer|quantum computing|quantum computing|quantum dot|quantum bit|quantum bit|quantum gate|quantum gate|quantum gate|quantum state|trapped ion|realization|state|spin|realization|set|logic|gate|requirement|quantum|berry|extension|transformation|hilbert|interest|structure|innoise|resilience|side|phase|holonomie|ensemble|molecule|purpose|proposal|computation|platform|experiment|bit|gate|realization|set|state|spin|diamond|nitrogen|vacancy|centre|diamond|defect|potential|room|temperature|interest|experiment|quantum|computation|state|spin|advance|control
10.1038/nature13436,quantum computer|quantum bit|quantum bit|quantum bit|quantum superposition|quantum error correction|quantum error correction|quantum state|quantum state|quantum state|trapped ion|quantum memory|photon|demolition|parity|measurement|nature|information|information|space|observable|occurrence|error|information|observable|bit|parity|symmetry|property|encode|scheme|measurement|observable|error|syndrome|way|state|error|quantum|measurement|quantum|jump|state|energy|cavity|quantum|nitrogen|vacancy|monitor|error|syndrome|quantum|jump|error|syndrome|photon|number|parity|microwave|cavity|property|ancilla|role|manipulation|measurement|quantity|error|syndrome|scheme|hardware|state|state|light|nature|measurement|region|state|space|parity|collapse|state|state|measurement|cavity|lifetime|shoot|fidelity|cent|probability|measurement|parity|combination|encode|information|state|demolition|parity|track|step|lifetime
10.1103/PhysRevA.90.062307,josephson junction|quantum bit|fidelity|qubit|measurement|microwave|photon|counter|fidelity|quantum|nondemolition|goal|computation|circuit|requirement|fault|tolerance|qubit|readout|demand|simplicity|size|fidelity|measurement|scheme|state|ring|cavity|photodetection|josephson|photomultipli|jpm|current|scheme|map|state|information|output|jpm|need|room|temperature|heterodyne|detection|possibility|interface|control|circuit|numeric|measurement|contrast|excess|measurement|perspective|scheme|readout|qubit|channel|jpm
10.1038/nature13171,quantum computer|quantum computing|quantum computing|quantum computing|quantum bit|superconducting qubit|quantum circuit|quantum circuit|quantum circuit|quantum entanglement|quantum error correction|quantum state|quantum processor|quantum simulation|surface|code|threshold|fault|tolerance|database|cost|error|protection|state|qubit|mean|superconductor|phenomenon|regard|construction|microfabrication|surface|code|choice|error|correction|neighbour|couple|gate|gate|fidelity|requirement|step|fidelity|threshold|cent|set|logic|gate|processor|qubit|gate|fidelity|cent|qubit|gate|fidelity|cent|josephson|fault|tolerance|threshold|surface|code|error|correction|step|surface|code|qubit|array|neighbour|couple|demonstration|qubit|greenberger|zeilinger|circuit|set|gate|josephson|fidelity|technology|path|scale|fault
10.1038/nature13017,josephson junction|josephson junction|josephson junction|quantum bit|suppression|dissipation|quasiparticle|loss|propagation|signal|superconductor|build|block|quantum|memory|amplifier|detector|speed|process|unit|band|microwave|frequency|transport|wire|transport|radio|frequency|signal|presence|quasiparticle|excitation|mechanism|dissipation|josephson|prediction|quasiparticle|dissipation|transport|junction|phase|difference|junction|interference|channel|electron|hole|quasiparticle|observation|suppression|quasiparticle|dissipation|phase|bias|junction|increase|order|magnitude|energy|relaxation|atom|suppression|dissipation|presence|quasiparticle|excitation|gap|tool|decoherence|information|experiment
10.1103/PhysRevA.90.022325,quantum dot|trapped ion|signal|process|qubit|measurement|level|qubit|terminology|field|qubit|field|qubit|state|field|measurement|measurement|qubit|transition|qubit|state|observer|advantage|detection|theory|signal|process|protocol|qubit|state|measurement|presence|noise|qubit|dynamic|quantum|nondemolition|measurement|noise|markov|qubit|protocol|interest|ito|calculus|multihypothesis|testing|qubit|readout|experiment|qubit|microwave|circuit|nitrogen|vacancy|center|diamond|semiconductor|phosphorus|donor|silicon
10.1063/1.4893242,circuit|electrodynamic|couple|atom|spin|qubit|advance|silicon|nanofabrication|manipulation|spin|qubit|noise|source|semiconductor|equivalent|atom|vacuum|possibility|electron|spin|qubit|resonator|vacuum|field|resonator|vacuum|field|qubit|location|substrate|couple|rate|spin|dephase|avenue|circuit|electrodynamic|spin|pathway|read|spin|qubit|resonator|article|content|common|attribution|license
10.1103/PhysRevA.90.032319,superconducting qubit|trapped ion|decouple|spin|bath|spin|electron|spin|step|information|process|electron|nucleus|spin|spin|resonance|detection|diamond|defect|spin|decouple|control|electron|spin|sequence|carre|purcell|meiboom|gill|cpmg|sequence|spin|structure|spin|cluster|type|sequence|repetition|unit|pulse|cpmg|sequence|group|pulse|nitrogen|vacancy|center|diamond|sequence|resolution|spin|noise|spectroscopy|information|spin|principle|decouple|spin|qubit|solid|resolution|noise|spectroscopy
10.1103/PhysRevA.89.033857,superconducting qubit|quantum state|quantum state|reversal|symmetrization|emission|transfer|ability|emission|cavity|domain|profile|photon|exponential|experiment|qubit|cavity|couple|strength|ten|nanosecond|state|emission|frequency|symmetrization|wave|packet|photon|qubit|atom|cavity
10.1038/ncomms5225,josephson junction|quantum computer|bottom|superconducte|device|group|semiconductor|circuit|device|sensor|separately|semiconductor|device|spin|qubit|silicon|device|variation|quantum|property|state|crystal|superconducte|device|semiconductor|fabrication|device|precision|hole|region|silicon|germanium|crystal|property|semiconductor|wire|josephson|tunnel|junction|link|interference|device|squids|qubit|pursuit|bottom|superconductor|technology|physics
10.1007/s11433-014-5591-1,josephson junction|quantum simulation|phase|transition|circuit|quantum|electrodynamic|lattice|phase|qubit|quantum|architecture|localization|delocalization|phase|transition|light|dimension|lattice|coplanar|waveguide|resonator|phase|qubit|competition|site|repulsion|hop|mott|insulator|superfluid|transition|field|quantum|master|equation|phase|boundary|phase|resonator|phase|qubit|tunability|site|repulsion|photon|strength|matter|physics|body|resonator|lattice|feasibility|technology|circuit|qed
10.1038/srep05535,superconducting qubit|superconducting qubit|quantum coherence|majorana fermion|braid|braid|qubit|majorana|mode|circuit|particle|antiparticle|circuit|qubit|array|majorana|mode|majorana|qubit|majorana|mode|end|chain|majorana|fermion|representation|majorana|qubit|spin|representation|advantage|majorana|mode|state|majorana
10.1088/0256-307X/31/3/030303,charge|squid|phase|slip|flux|phase|slip|flux|qubit|charge|qubit|loop|phase|slip|junction|phase|slip|flux|qubit|phase|slip|junction|charge|quantum|interference|device|squid|phase|slip|junction|series|island|charge|squid|act|phase|slip|junction|apply|gate|voltage|energy|level|split|qubit|addition|inductance|loop|inductance|energy|flux|noise|phase|slip|flux|qubit|phase|slip|flux|qubit|transmon|qubit
10.1103/PhysRevLett.112.160502,josephson junction|superconducting qubit|superconducting qubit|quantum circuit|quantum state|fluxon|readout|experiment|link|flux|quantum|logic|couple|josephson|vortex|fluxon|flux|qubit|state|flux|qubit|shift|fluxon|oscillation|energy|spectrum|flux|qubit|scheme|opportunity|fluxon|logic|circuit
10.1109/TASC.2014.2330522,superconducting qubit|superconducting qubit|copper|waveguide|cavity|surface|loss|improvement|coherence|microwave|waveguide|cavity|transmon|qubit|measurement|direction|aluminum|cavity|qubit|copper|cavity|coherence|copper|path|cavity|wall|qubit|chip|cavity|loss|qubit|measurement|quality|factor|copper|cavity|electropolishe|layer|tin|cavity|cooldown|tin|plat|addition|coherence|measurement|transmon|qubit|cavity
10.1088/1367-2630/16/4/045020,josephson junction|measurement|flux|qubit|heat|current|flux|qubit|loop|temperature|gradient|heat|current|temperature|gradient|phase|difference|junction|state|qubit|impact|heat|current|coherence|property|qubit|state|temperature|gradient|order|microsecond|delft|qubit
10.1103/PhysRevA.89.013841,superconducting qubit|superconducting qubit|entanglement|cavity|electromechanic|charge|qubit|transmission|line|resonator|oscillator|turn|transmission|line|resonator|nonlinearitie|couple|role|entanglement|squeeze|microwave|field|squeeze|microwave|field|entanglement|presence|decoherence|mode|couple|oscillator|bistability|behavior|photon|number
10.1103/PhysRevA.90.042303,quantum computer|quantum computer|quantum computing|superconducting qubit|superconducting qubit|magnon|qubit|magnon|bose|condensate|progress|creation|state|cooper|pair|electron|limitation|decoherence|coulomb|interaction|environment|condensate|bec|magnon|magnon|bec|qubit|blockade|pair|magnon|condensate|energy|level|sample|qubit|gate|quantum|transition|state|microwave|field|qubit|gate|interaction|bec|qubit|exchange|photon|microwave|cavity|condition|magnon|bec|qubit|architecture|advantage|multiqubit|qubit
10.1103/PhysRevLett.113.050402,superconducting qubit|superconducting qubit|transition|measurement|property|number|manifold|space|level|hamiltonian|level|parameter|hamiltonian|path|response|qubit|degeneracy|manifold|transition|measurement|side|transition
10.1103/PhysRevLett.113.220502,superconducting qubit|quantum simulation|qubit|architecture|coherence|couple|architecture|coherence|qubit|qubit|qubit|couple|ability|couple|architecture|frequency|couple|couple|nanosecond|resolution|architecture|platform|logic|gate|advantage|couple|gate|speed|qubit|gate|coherence|control|qubit|architecture|path|scale|quantum|computation|simulation
10.1088/1674-1056/23/4/040307,superconducting qubit|quantum entanglement|preparation|state|property|circuit|qed|generation|state|circuit|quantum|electrodynamic|circuit|qed|bias|flux|counter|bias|flux|qubit|flux|qubit|turn|circuit|cavity|decoherence|quantum|correlation|dynamic|state|photon|number|field|number|state|interaction|qubit|entanglement|qubit
10.1103/PhysRevA.89.022309,superconducting qubit|superconducting qubit|superconducting qubit|superconducting qubit|superconducting qubit|quantum walk|quantum walk|quantum walk|localization|lattice|lattice|multitude|phenomenon|localization|challenge|emerge|fact|chip|lattice|site|barrier|gate|scheme|pair|qubit|site|lattice|excitation|walker|lattice|disorder|qubit|parameter|circuit|signature|transition|regime|strength|disorder|qubit|experiment|signature|regime|technology|proposal|possibility|transport
10.1038/srep06237,superconducting qubit|quantum state|quantum state|quantum state|quantum state|quantum system|high|fidelity|transfer|couple|subsystem|advantage|circuit|subsystem|attention|fabrication|circuit|scheme|fidelity|transfer|nitrogen|vacancy|center|diamond|transmission|line|resonator|couple|strength|resonator|strength|resonator|couple|strength|dynamic|decoherence|numerical|regime|fidelity|transfer|advance|couple|regime|contrast|wisdom|fidelity|quantum|information|transfer|route|fidelity|transfer|resonator
10.1007/s10773-014-2110-0,qubit|state|transmon|qubit|scheme|type|qubit|state|transmon|qubit|stqs|transmission|line|resonator|tlr|couple|stqs|tlr|control|parameter|stqs|feasibility|scheme
10.1007/s11128-014-0829-4,quantum algorithm|quantum algorithm|circuit|qed|qubit|jozsa|protocol|phase|gate|qubit|jozsa|algorithm|qubit|gate|qubit|phase|gate|target|qubit|phase|gate|protocol|qubit|algorithm|transmon|qutrit|cavity|calculation|circuit|qed|realization|algorithm|step|computation|circuit|qed
10.1103/PhysRevA.90.043810,quantum system|generation|state|cavity|chain|dissipation|gap|tunable|qubit|scheme|mode|state|resonator|nitrogen|vacancy|center|ensemble|nve|mode|generation|array|resonator|nve|addition|resonator|gap|tunable|qubit|state|resonator|nve|array|mode|state|dissipation|qubit|mode|realization|pair|resonator|chain|gap|qubit|state|resonator|chain|mode|state|dissipation|qubit|scheme|feature|gap|qubit|resource
10.1103/PhysRevA.90.012318,quantum gate|quantum gate|quantum gate|control|fidelity|flux|qubit|control|theory|qubit|gate|qubit|cnot|gate|flux|qubit|qubit|transition|frequency|qubit|qubit|couple|scheme|advantage|couple|scheme|coupler|subcircuit|control|line|control|line|manipulation|qubit|flux|field|qubit|qubit|coherence|point|gate|gate|qubit|gate|cnotgate|qubit|decoherence|cnot|gate|run|sequence|qubit|qubit|gate|series|sequence|scheme|fidelity|error|control|scheme|account|qubit|qubit|interaction|field|qubit|interaction|qubit|couple|leakage|energy|level|state|qubit|decoherence|quantum|gate|gate
10.1103/PhysRevA.89.012110,superconducting qubit|superconducting qubit|quantum system|correction|berry|phase|state|qubit|frequency|noise|dynamic|influence|noise|presence|fluctuation|dynamic|fluctuation|correlation|function|noise|correlation|frequency|noise|contribution|computation|phase|phase|state|qubit|berry|measurement|berry|phase|frequency|fluctuation|setup
10.1088/0031-8949/89/02/025001,superconducting qubit|superconducting qubit|quantum teleportation|quantum state|note|entanglement|state|measurement|scheme|qubit|waveguide|microwave|resonator|scheme|entanglement|state|measurement|observation|teleportation|scheme|fidelity|success|probability|feasibility|protocol|transmon|qubit|parameter
10.1103/PhysRevLett.113.193601,superconducting qubit|lase|drive|circuit|quantum|electrodynamic|pair|microwave|cavity|mode|atom|laser|light|state|scheme|dress|qubit|field|couple|modulation|qubit|energy|basis|decay|qubit|pump|mechanism|energy|dissipation|advantage|qubit|decay|cavity|way|basis|cavity|mode|field|theory|calculation|generation|entanglement|circuit|qed|body|phase|transition
10.1103/PhysRevLett.113.247001,superconducting qubit|quantum|jump|fluxonium|qubit|quasiparticle|excitation|energy|relaxation|nonequilibrium|quasiparticle|excitation|gap|emerge|limit|qubit|coherence|fluctuation|number|quasiparticle|excitation|quantum|state|fluxonium|qubit|condition|relaxation|quasiparticle|loss|resolution|scale|quasiparticle|quantum|nondemolition|projective|measurement|interval|quantum|amplifier|josephson|parametric|converter|quantum|jump|statistic|switch|poisson|distribution|one|fluctuation|quasiparticle|population|scale|second|hour|dynamic|quasiparticle|quasiparticle|vortex|field
10.1103/PhysRevLett.112.123601,resonant|interaction|phase|qubit|resonator|flux|radio|frequency|quantum|interference|device|squid|flux|squid|resonant|interaction|phase|qubit|element|resonator|squid|susceptibility|qubit|resonator|resonant|couple|strength|couple|regime|susceptibility|couple|rate|mhz|nonlinearity|susceptibility|couple|subharmonic|qubit|resonator|detune
10.1103/PhysRevA.89.062119,zeno|circuit|quantum|electrodynamic|zeno|charge|qubit|transmission|line|resonator|state|dynamic|behavior|qubit|projection|measurement|measurement|survival|probability|state|form|zeno|qubit|order|magnitude|qubit|measurement|detune|field|impact|measurement|dynamic|parameter|qubit|zeno|couple|zeno|level
10.1103/PhysRevA.90.062342,superconducting qubit|superconducting qubit|generation|mode|state|resonator|circuit|qed|gap|tunable|generation|mode|state|circuit|qed|setup|transmission|line|resonator|gap|tunable|couple|sideband|atom|microwave|field|resonator|type|interaction|qubit|couple|sideband|resonator|resonator|mode|vacuum|dissipation|qubit|generation|mode|state|state|engineering|energy|relaxation|qubit|resource|scheme|preparation|state|resonator|state|resonator|evolution|state|projection|measurement|state|resonator|photon|principle|resonator|qubit|lifetime|scheme|feature|qubit|generation|mode|state|couple|condition|resonator|state|scheme
10.1038/ncomms5015,quantum computing|quantum computing|superconducting qubit|bell state|strand|fault|fabric|error|threshold|neighbour|interaction|lattice|surface|code|error|code|attention|heart|code|ability|weight|parity|measurement|code|qubit|fidelity|parity|detection|code|qubit|measurement|syndrome|qubit|fidelity|gate|entanglement|lattice|code|qubit|bus|resonator|fidelity|measurement|syndrome|qubit|code|qubit|parity|syndrome|qubit|state|parity|measurement|tomography|protocol|lattice|network|qubit|path|fault
10.1038/ncomms4135,quantum state|quantum state|impact|dissipation|circuit|quantum|error|detection|challenge|quantum|information|process|impact|error|quantum|error|detection|rejection|protocol|idea|uncollapse|protocol|impact|energy|relaxation|environment|qubit|circuit|information|target|qubit|qubit|error|energy|relaxation|protocol|storage|factor|cost|probability|success|demonstration|algorithm|improvement|lifetime|qubit
10.1140/epjd/e2014-40679-4,superconducting qubit|superconducting qubit|dynamic|cavity|field|transformation|dynamic|cavity|hamiltonian|transformation|wave|approximation|rwa|value|parameter|cumme|type|hamiltonian|existence|super|revival|qubit|inversion
10.1063/1.4904425,charge|flux|qubit|tank|circuit|frequency|field|charge|flux|qubit|tank|circuit|frequency|field|structure|multiphoton|resonance|line|quantum|interference|excitation|level|landau|stuckelberg|tunneling|multiphoton|resonant|excitation|frequency|oscillation|occupation|quantum|level|parameter|circuit|mechanism|structure|resonance|line|impedance|tank|circuit|oscillation|current|qubit|source|decoherence|aip|publish
10.1103/PhysRevB.89.155404,quantum dot|quantum state|quantum system|excitation|spectrum|resource|qubit|gate|qubit|addition|state|qubit|involvement|state|qubit|gate|multistate|resonator|self|ina|gaas|center|diamond|transmon|qubit|fidelity|gate|gate|simulation
10.1103/PhysRevB.89.184504,superconducting qubit|amplification|attenuation|probe|signal|state|qubit|field|quality|quantum|oscillator|realization|transmission|line|resonator|signal|frequency|resonator|harmonic|term|qubit|state|calculation|possibility|number|photon|resonator|transmission|mode|signal|parameter|range|resonance|qubit|experiment|quality|resonator|energy|level|resonance|condition|drive|amplitude|interaction|qubit|photon|harmonic|creation|quantum|amplifier|attenuator
10.1103/PhysRevLett.112.180402,superconducting qubit|quantum state|quantum system|interference|past|resonance|fluorescence|fluorescence|domain|probe|qubit|dynamic|preparation|shoot|measurement|qubit|fluorescence|record|knowledge|interference|quantum|feature|value|average|boundary|jump|operator|relaxation|theory|quantum|mechanic|past|future
10.1103/PhysRevA.90.032302,superconducting qubit|measurement|purity|measurement|qubit|outcome|projection|measurement|circuit|qed|setup|ancilla|qubit|measurement|purity|outcome|measurement|qubit|rotation|projection|outcome|measurement|sequence|outcome|measurement|gate|fidelity|measure|outcome|measurement
10.1103/PhysRevB.89.104516,superconducting qubit|quantum system|microwave|drive|suppression|qubit|relaxation|rate|purcell|relaxation|rate|resonator|transmission|line|microwave|drive|regime|qubit|measurement|qubit|frequency|resonator|frequency|purcell|rate|strength|microwave|drive|suppression|regime|presence|microwave|drive|loss|photon|transmission|line|excitation|qubit|excitation|rate|relaxation|rate|level|cavity
10.1103/PhysRevA.89.053802,microwave|photon|transmission|line|resonator|qubit|microwave|photon|transport|transmission|line|quantum|interference|device|charge|qubit|resonance|spectra|regime|dispersion|relation|microwave|photon|degree|qubit|entanglement|unity|resonance|correspondence|entanglement|resonance
10.1103/PhysRevX.4.031039,superconducting qubit|quantum simulator|quantum simulator|anyon|self|stabilization|quantum|hall|state|progress|quantum|optic|creation|state|photon|possibility|state|excitation|form|information|process|qubit|array|proposal|hamiltonian|question|body|ground|state|photon|loss|mechanism|goal|quantum|hall|state|light|construction|photon|drive|field|qubit|lattice|shadow|lattice|qubit|loss|rate|qubit|couple|hole|state|photon|loss|body|gap|photon|ground|state|quantum|hall|state|population|quasihole|excitation|state|configuration|physics|circuit|qed|architecture|device|parameter|scheme|reach|technology|qubit|device|future|proof|principle|scheme
10.1103/PhysRevB.90.195112,quantum simulation|phase|transition|light|circuit|qed|lattice|nitrogen|vacancy|center|diamond|architecture|mott|insulator|phase|transition|lattice|transmission|line|resonator|tlr|nitrogen|vacancy|center|qubit|localization|delocalization|transition|interplay|site|repulsion|tunneling|phase|boundary|photon|hop|amplitude|field|quantum|jump|phase|diagram|feature|architecture|tunability|site|repulsion|photon|hop|rate|property|tlrs|microwave|perspective|matter|body|physics|spin|circuit|qed|challenge|technology
10.1103/PhysRevB.90.134515,qubit|measurement|interferometry|amplifier|interferometer|quality|qubit|measurement|transmon|qubit|homodyne|detection|microwave|signal|model|assessment|circuit|qed|experiment|account|dependence|qubit|phase|shift|microwave|pulse|signal|noise|ratio|mode|interferometer|measurement|reduction|measurement|error|probability|range|parameter
10.1103/PhysRevLett.112.027001,superconducting qubit|quantum state|quantum system|demonstration|landau|zener|interferometry|quantum|manipulation|landau|zener|interferometry|letter|dynamic|phase|qubit|landau|zener|interferometry|phase|state|qubit|interference|phase|evolution|landau|transition|phase|spin|echo|pulse|controllability|qubit|state|function|phase|manipulation
10.1103/PhysRevLett.112.190504,superconducting qubit|superconducting qubit|state|measurement|state|measurement|progress|experiment|number|qubit|feedback|measurement|bandpass|filter|measurement|damp|qubit|measurement|qubit|circuit|accuracy|accuracy|speed|multiqubit|experiment|surface|code|error|correction
10.1103/PhysRevLett.113.123601,quantum circuit|flux|qubit|coherence|measurement|flux|qubit|copper|cavity|qubit|sapphire|substrate|chip|resonator|middle|cavity|flux|point|qubit|energy|relaxation|range|improvement|way|couple|flux|qubit|spin
10.1007/s11128-014-0734-x,quantum dot|quantum network|multipartite|state|qubit|cavity|cavity|scale|quantum|information|process|qip|number|qubit|cavity|increase|cavity|decay|rate|decrease|qubit|cavity|couple|strength|qip|number|cavity|host|qubit|way|state|qubit|cavity|coupler|qubit|cavity|photon|decoherence|cavity|decay|preparation|proposal|coupler|qubit|step|pulse|engineering|complexity|gate|fidelity|generation|state|phase|qubit|transmission|line|resonator|circuit|qed|proposal|task|type|qubit|flux|qubit|charge|qubit|nitrogen|vacancy|center|atom
10.1063/1.4896830,superconducting qubit|broadband|sample|holder|microwave|spectroscopy|sample|holder|microwave|experiment|circuit|millikelvin|temperature|dilution|cryostat|band|response|range|ghz|testing|sample|substrate|size|mode|holder|structure|consideration|setup|characterization|amplifier|bolometer|qubit|sample|holder|flux|qubit|temperature|aip|publish
10.1007/s11128-013-0664-z,protocol|bit|quantum|transform|transmon|qubit|resonator|qubit|gate|transmon|qubit|stripline|resonator|protocol|quantum|transform|feasibility|algorithm|fidelity|success|algorithm|protocol|scheme|scheme|estimate|protocol|limit
10.1088/1367-2630/16/1/015017,flux|qubit|resonator|flux|qubit|resonator|device|couple|capacitance|magnitude|shift|level|qubit|theory|calculation|couple|role|enhancement|shift|coherence|property|device|regime|qubit|energy|relaxation|couple|hallmark|regime|accordance|theory
10.1103/PhysRevA.89.022324,superconducting qubit|superconducting qubit|probe|resonator|addition|role|information|process|qubit|tool|range|quantum|sense|spectrometer|noise|resonator|probe|fluctuation|intraresonator|field|boissoneault|phy|rev|master|equation|qubit|account|resonator|field|sideband|qubit|excitation|spectrum|information|factor|datum|ong|phy|rev|lett|detail|derivation
10.1103/PhysRevB.89.115417,quantum dot|quantum dot|quantum dot|quantum circuit|spin|orbit|qubit|insulator|resonator|spin|orbit|qubit|nanowire|surface|insulator|order|exchange|field|insulator|zeeman|interaction|electron|spin|spin|orbit|qubit|absence|field|integration|spin|orbit|qubit|quality|resonator|rashba|spin|orbit|couple|gate|voltage|spin|photon|couple|switch|device
10.1088/1674-1056/23/11/110303,josephson junction|superconducting qubit|superconducting qubit|preparation|mode|state|circuit|qed|structure|calculation|error|speed|gate|gate|current|squid|coupler|transmission|line|resonator|tlrs|detune|condition|generation|state|circuit|quantum|electrodynamic|circuit|qed|couple|tlrs|qubit|bias|current|capacitor|investigation|state|state|influence|tlr|decay|state
10.1103/PhysRevLett.112.167701,superconducting qubit|quantum measurement|quantum measurement|josephson|directional|amplifier|circuit|microwave|quantum|amplifier|circulator|amplification|place|direction|input|output|port|directionality|multipump|amplification|wave|interference|device|noise|quantum|jump|version|device|qubit|preamplifer|chip
10.1103/PhysRevLett.113.063603,superconducting qubit|superconducting qubit|superconducting qubit|telecom|photon|earth|crystal|scheme|photon|pulse|photon|earth|crystal|broaden|excitation|spin|state|series|pulse|microwave|cavity|broaden|spin|transition|earth|crystal|transfer|protocol|pulse|transfer|efficiency|order
10.1103/PhysRevA.90.062333,quantum processor|readout|transmon|qubit|josephson|bifurcation|amplifier|qubit|challenge|readout|transmon|qubit|circuit|resonator|josephson|bifurcation|amplifier|measurement|rabi|oscillation|transmon|josephson|bifurcation|fidelity|readout|scalability|need|quantum|amplifier|readout|resonator
10.1142/S0219749914500099,superconducting qubit|quantum circuit|control|entanglement|resonator|circuit|podolsky|rosen|epr|entanglement|microwave|photon|frequency|resonator|scheme|sideband|couple|resonator|gap|tunable|superconducte|field|choice|parameter|interaction|conversion|resonator|state|entanglement|generation|scheme|information|process|state
10.1103/PhysRevA.90.023817,analog|color|transparency|photon|transmission|device|level|probe|field|field|analog|transparency|eit|transmission|probe|field|cavity|resonator|level|qubit|qubit|defect|resonator|atom|level|resonator|cavity|field|radiation|pressure|qubit|jayne|cumme|interaction|level|phonon|set|level|transparency|window|analog|color|eit|eit|window|transition|frequency|qubit|absorption|dispersion|qubit|phonon|couple|strength|transition|frequency|qubit
10.1103/PhysRevB.90.144504,quantum gate|quantum gate|quantum|tomography|sense|quantum|tomography|qpt|xmon|phase|qubit|datum|qubit|gate|estimate|matrix|chi|fidelity|qpt|set|state|measurement|configuration|amount|datum|qpt|equation|qubit|toffoli|gate|noise|set|datum|calculation|basis|matrix|chi|estimate|matrix|fidelity|qubit|qubit|gate|quantum|matrix|fidelity|deviation|variation|state|fidelity|state
10.1063/1.4873719,josephson junction|superconducting qubit|amplification|flux|qubit|amplification|microwave|signal|kerr|medium|flux|qubit|antinode|coplanar|waveguide|resonator|element|qubit|resonator|couple|device|kerr|gain|arrangement|unit|cell|quantum|kerr|nonlinearity|basis|band|wave|amplifier|aip|publish
10.1038/ncomms5772,quantum state|quantum memory|majorana fermion|majorana fermion|majorana fermion|majorana fermion|microwave|transition|signature|parity|mix|majorana|transmon|qubit|state|interest|property|fault|device|signature|device|apparatus|charge|qubit|architecture|couple|photon|charge|transmon|regime|device|signature|smallness|majorana|contribution|josephson|current|gate|bias|photon|qubit|couple|interference|point|control|parameter|device|coherence|level|circuit|architecture
10.1088/0953-2048/27/8/084001,superconducting qubit|manipulation|level|circuit|level|tlss|layer|circuit|source|decoherence|evolution|tls|bath|experiment|resonator|bias|microwave|field|tlss|pass|resonance|field|landau|cross|tls|ground|floquet|state|tlss|film|distribution|tunneling|parameter|inversion|regime|condition|population|range|frequency|discussion|tls|environment|gate|resonator|qubit
10.1103/PhysRevB.89.020503,flux|qubit|noise|spectroscopy|rabi|oscillation|drive|condition|frequency|flux|noise|spectrum|flux|qubit|decay|rabi|oscillation|drive|condition|anharmonicity|qubit|couple|microwave|line|amplitude|drive|decoherence|frequency|ghz|qubit|level|split|ghz|regime|wave|approximation|dynamic|density|flux|noise|frequency|range|frequency|mhz|density|extrapolation|spectrum|induction|decay|measurement|origin|flux|noise|surface|electron|spin
10.1063/1.4871088,superconducting qubit|fidelity|qubit|inductance|undulatory|galvanometer|microwave|amplifier|fidelity|measurement|microwave|amplifier|inductance|undulatory|galvanometer|slug|preamplifier|gain|signal|noise|ratio|improvement|state|art|hemt|amplifier|separation|fidelity|hemt|range|input|saturation|power|photon|readout|cavity|aip|publish
10.1088/1367-2630/16/11/113006,superconducting qubit|superconducting qubit|quantum simulator|quantum simulation|spin|particle|array|resonator|spin|particle|array|jayne|cumme|hubbard|setup|number|phenomenon|interaction|field|spin|orbit|couple|setup|qubit|resonator|mode|simulation|level|complexity|simulation|particle|spin|value|control|spin|orbit|couple|proposal|state|art|circuit|future
10.1063/1.4893297,superconducting qubit|quantum circuit|quantum circuit|characterization|reduction|microfabrication|decoherence|loss|fabrication|issue|interface|surface|coplanar|waveguide|resonator|microwave|loss|contamination|qubit|lift|process|quality|factor|substrate|clean|roughness|role|surface|treatment|crystal|substrate|resonator|quality|resist|residue|way|source|loss|device|surface|aip|publish
10.1007/s10773-013-1929-0,purity|correlation|cavity|field|charge|qubit|cavity|mode|microwave|cavity|field|reservoir|charge|qubit|transformation|qubit|state|jayne|cumme|master|equation|cavity|evolution|population|inversion|cavity|purity|qubit|field|state|couple|environment|purity|entanglement|correlation|parameter|value|correlation|measure|state|negativity|indicator|degree|entanglement|qubit|field|sensitivity|aspect|parameter
10.1007/s11434-014-0525-x,phase|qubit|level|spectrum|phase|qubit|energy|level|cross|couple|level|spectrum|parameter|couple|mechanism
10.1103/PhysRevA.89.013820,quantum coherence|quantum state|quantum system|modulation|circuit|quantum|electrodynamic|dissipation|engineering|environment|state|state|rate|microwave|resonator|vacuum|state|strength|mechanism|squeeze|realization|circuit|qed|microwave|resonator|rate|phy|rev|lett|circuit|playground|qubit|microwave|resonator|qubit|state|squeeze
10.1103/PhysRevA.90.023818,quantum dot|quantum bit|superconducting qubit|quantum system|drive|motion|level|quantum|emitter|oscillator|degree|freedom|progress|nanotechnology|realization|device|atom|wire|membrane|perspective|information|technology|exploration|quantum|boundary|quantum|emitter|light|source|power|interference|phonon|field|oscillator|mechanism|background|shoot|measurement|state
10.1103/PhysRevX.4.021049,superconducting qubit|superconducting qubit|quantum circuit|quantum memory|multimode|storage|retrieval|microwave|field|spin|ensemble|microwave|frequency|state|element|information|process|spin|candidate|storage|medium|coherence|coherence|refocus|resonance|challenge|context|scheme|ensemble|nitrogen|vacancy|center|diamond|resonator|setup|technology|reset|nitrogen|vacancy|spin|ground|state|pump|refocus|hahn|echo|sequence|storage|microwave|pulse|level|retrieval|order|magnitude|improvement|experiment
10.1103/PhysRevA.90.040502,quantum simulation|coherence|rydberg|qubit|atom|chip|atom|chip|rydberg|atom|tool|information|process|gate|dipole|blockade|stray|field|vicinity|chip|microwave|spectroscopy|coherence|lifetime|range|qubit|rydberg|level|superposition|chip|surface|step|rydberg|atom|quantum|information|architecture|ensemble|circuit
10.1364/OL.39.005078,quantum bit|distribution|channel|loss|ultralow|count|photon|detector|distribution|qkd|experiment|channel|loss|photon|detector|sspd|snspd|count|rate|dcr|dcr|sspd|blackbody|radiation|room|temperature|bandpass|filter|phase|shift|qkd|dps|qkd|scheme|ghz|clock|rate|error|rate|qber|length|dispersion|fiber|dsf|loss|key|society|america
10.1038/ncomms4524,nitrogen vacancy|nitrogen vacancy|quantum system|quantum system|quantum memory|observation|state|superconductor|diamond|quantum|hybrid|hybridization|avenue|property|circuit|electron|spin|ensemble|couple|transfer|storage|information|centre|diamond|resonance|mhz|ghz|spectrum|flux|qubit|diamond|hybrid|field|width|flux|qubit|ensemble|resonance|evidence|state|ensemble|superposition|clockwise|supercurrent|flux|qubit|state
10.1103/PhysRevLett.112.240504,superconducting qubit|quantum|control|benchmarke|control|subset|measurement|error|qubit|gate|gate|bleedthrough|gate|mechanism|error|gate|control|crosstalk|parameter|control|error|loop|optimization
10.1103/PhysRevA.89.052308,quantum gate|robustness|spin|photon|qubit|resonator|scheme|quantum|information|process|qubit|resonator|spin|ensemble|scheme|rail|encode|qubit|gate|resonator|frequency|quantum|gate|fidelity|dynamic|master|equation|value|fidelity|presence|decoherence|source|cavity|photon|loss|dephase|element|qubit|gate|scalability|element|quantum|architecture|array|spin|photon|qubit|setup|order|realization|proof|principle|experiment
10.1088/1367-2630/16/4/045014,quantum gate|quantum system|qubit|paradigm|computation|hardware|paradigm|computation|quantum|information|oscillator|proposal|dissipative|information|basis|state|scheme|scheme|photon|qubit|basis|component|state|scheme|protection|qubit|photon|error|error|channel|photon|loss|bit|type|error|scheme|photon|choice|component|state|qubit|qubit|photon|loss|photon|number|parity|measurement|hamiltonian|set|qubit|scheme|gate|fault|respect|decoherence|channel|scheme|circuit|josephson|parametric|amplification|hamiltonian|gate|manner
10.1038/srep06814,gate|qubit|decoherence|subspace|computation|decoherence|subspace|importance|information|control|error|dephase|scheme|body|interaction|scheme|scheme|qubit|decoherence|subspace|hamiltonian|scheme|charge|qubit
10.1088/1367-2630/16/11/113008,high|fidelity|readout|transmon|qubit|inductance|undulatory|galvanometer|microwave|amplifier|fidelity|quantum|shoot|readout|transmon|qubit|inductance|undulatory|galvanometer|slug|amplifier|slug|signal|noise|ratio|mhz|window|electron|mobility|transistor|amplifier|cavity|drive|pulse|search|algorithm|readout|preparation|fidelity|measurement|meas|post|selection|preparation|error|heating|preparation|fidelity
10.1103/PhysRevB.89.094522,josephson junction|superconducting qubit|parity|switch|decoherence|quasiparticle|junction|transmon|transmon|information|process|quality|factor|order|architecture|quality|factor|investigation|decoherence|mechanism|decoherence|originate|couple|qubit|degree|freedom|quasiparticle|transmon|tunneling|quasiparticle|change|parity|theory|parity|rate|junction|transmon|measurement|parity|switch|role|coherence
10.1142/S0217984914500821,preparation|state|cavity|field|charge|qubit|liu|wei|nori|phy|rev|superposition|state|cavity|field|charge|qubit|nonlinearity|creation|state|contribution|superposition
10.1103/PhysRevLett.112.210501,quantum computer|quantum communication|microwave|state|photon|absorption|efficiency|efficiency|quantum|receiver|qubit|qubit|resonator|pulse|coupler|shape|absorption|fidelity|microwave|photon|level|fidelity|gate|measurement|computation|fault|threshold|qubit|interconnect|hybrid
10.1038/ncomms6146,superconducting qubit|issue|existence|mode|oscillation|meta|atom|atom|material|field|level|quantum|level|resonator|ground|state|experiment|meta|atom|flux|qubit|microwave|resonator|shift|resonator|frequency|qubit|resonant|couple|qubit|prototype|limit|spin|ensemble|zeeman|shift|qubit|quantum|sense|atom|mode|photon|field
10.1103/PhysRevA.89.060101,superconducting qubit|quantum system|quantum system|quantum simulation|zeno|physics|quench|circuit|equilibrium|physics|quantum|quench|interest|quantum|quenche|scheme|zeno|array|transmission|line|resonator|scheme|observation|decay|circuit|quench|measurement|duration|role|quench|control
10.1103/PhysRevA.89.023815,slow|microwave|field|slow|release|microwave|pulse|circuit|coplanar|waveguide|resonator|transmon|type|qubit|quantum|analogy|transparency|resonator|resonance|frequency|transmon|couple|resonator|modulation|couple|delay|microwave|pulse|photon|level|microwave|field|resonator|signal|output|port|scheme|quantum|information|process|communication
10.1103/PhysRevLett.112.170501,superconducting qubit|superconducting qubit|quantum network|observation|measurement|entanglement|quantum|trajectory|creation|distribution|information|distance|entanglement|meter|cable|measurement|state|measurement|scheme|trajectory|qubit|state|validity|bayesian|formalism|dynamic|projection|manifold|agreement|theory
10.1016/j.physleta.2014.05.054,generation|multipartite|state|charge|qubit|multipartite|state|mec|superconducte|cavity|squid|charge|qubit|measurement|charge|state|mec|field|cavity|mode|property|mec|concurrence|entanglement|entanglement|klyshko|argument|right
10.1063/1.4885836,quantum state|decoherence|suppression|uncollapse|decouple|protocol|uncollapse|decouple|qubit|decoherence|error|protocol|kind|decoherence|energy|relaxation|frequency|noise|dephase|derivation|simulation|detail|test|phase|qubit|fidelity|protocol|protocol|error|energy|relaxation|frequency|noise|probability|success|aip|publish
10.1142/S0219749914610073,superconducting qubit|quantum system|statistic|ramsey|interferometry|equilibrium|mechanic|interest|advance|control|manipulation|level|scheme|detection|function|distribution|mazzola|phy|rev|lett|statistic|function|state|qubit|direction|protocol|field|microwave|resonator|class|situation|scheme|task|interaction|one|environment|protocol
10.1103/PhysRevB.89.180502,photon|transistor|scheme|photon|transistor|modification|circuit|proposal|level|anharmonic|ladder|atom|transmon|qubit|cavity|lambda|type|atom|state|configuration|range|photon|transistor|efficiency|gain|transistor|function|parameter|level|anharmonicity|decay|decoherence|rate|state|art|value|parameter|error|probability|gain|order|hundred
10.1007/s11434-014-0443-y,generation|state|microwave|photon|resonator|scheme|generation|state|photon|circuit|qed|charge|qutrit|kind|manipulation|gate|qutrit|resonator|qubit|gate|qutrit|fidelity|gate|one|transmon|qutrit|sci|rep|scheme|qutrit|state|difficulty|experiment|level|anharmonicity|charge|qutrit|transition|charge|qutrit|resonator|scheme
10.1007/s10773-013-1762-5,quantum system|decoherence|dynamic|charge|qubit|boson|bath|spin|bath|virtue|charge|qubit|matrix|operator|decoherence|regime|boson|bath|spin|bath|bath|bit|difference|decay|temperature|decoherence|regime|couple|strength|parameter|decoherence
10.1088/1367-2630/16/5/055012,superconducting qubit|quantum gate|quantum system|control|theory|gate|evolution|evolution|state|dimension|space|reduction|resource|basis|liouville|space|task|reduction|observation|target|map|gate|evolution|state|unitarie|gate|optimization|set|state|phasegate|atom|qubit|carrier|root|iswap|gate
10.1109/JLT.2013.2291391,quantum bit|distance|quantum|distribution|link|field|environment|tokyo|area|term|field|trial|ghz|clock|phase|shift|quantum|distribution|test|bed|fiber|network|tokyo|area|photon|transmitter|photon|receiver|loop|link|loss|photon|detector|photon|count|rate|maintenance|gate|day|generation|rate|error|rate|generation|rate|key|error|correction|privacy|amplification|fluctuation|bit|error|comparison|datum|way|field|environment|distribution
10.1038/srep05571,superconducting qubit|quantum device|quantum device|quantum|interface|internet|vision|information|network|process|quantum|engineering|chip|quantum|interconnection|device|goal|microwave|quantum|information|fidelity|node|field|supercurrent|flux|qubit|oscillator|part|cavity|fidelity|microwave|quantum|information|exchange|transfer|node|fibre|parameter|fidelity|transfer|loss
10.1063/1.4865244,entanglement|electron|microscopy|flux|qubit|resolution|electron|microscopy|radiation|damage|probe|electron|acquisition|datum|number|electron|importance|quantum|way|resolution|context|scheme|date|demand|control|electron|beam|electron|optic|scheme|flux|qubit|radio|frequency|interference|device|transmission|electron|microscope|scheme|prospect|quantum|electron|microscope|radiation|speciman|aip|publish
10.1103/PhysRevA.90.062344,superconducting qubit|quantum error correction|quantum error correction|dissipation|circuit|qec|step|coherence|information|process|challenge|direction|error|syndrome|measurement|feedback|control|proposal|qec|aqec|perspective|difficulty|scheme|quantum|reservoir|engineering|qubit|bit|code|transmon|qubit|resonator|mode|wave|drive|frequency|amplitude|interaction|hamiltonian|entropy|bit|error|protocol|limitation|error|correction|rate
10.1103/PhysRevB.89.144508,quantum simulator|transmon|simulator|electron|phonon|couple|platform|polaron|transition|analog|momentum|electron|phonon|couple|schrieffer|heeger|breathe|mode|type|couple|vertex|function|electron|phonon|quasimomenta|realm|validity|gerlach|lowen|theorem|nonanalyticitie|particle|property|circuit|simulator|array|transmon|qubit|resonator|microwave|drive|field|qubit|polaron|bloch|state|quasimomentum|order|magnitude|qubit|decoherence|parameter|couple|strength|transition|particle|ground|state|quasimomentum|polaron|ground|state|nonzero|quasimomenta|diagonalization|hamiltonian|nonanalyticity|particle|property|ground|state|energy|quasiparticle|number|phonon|setup|ideal|nonequilibrium|dynamic|polaron|formation|presence|momentum|electron|phonon|interaction
10.1038/NPHYS2900,quantum communication|quantum device|quantum simulator|quantum annealing|quantum annealing|quantum annealing|evidence|qubit|quantum|technology|point|number|generator|capability|computer|annealer|optimization|configuration|temperature|ground|state|hamiltonian|test|qubit|device|flux|qubit|correlation|device|anneal|spin|dynamic|contrast|device|evidence|form|gap|level|cross|power|device|algorithm
10.1103/PhysRevA.90.062305,state|entanglement|qubit|quantum|bath|engineering|scheme|dimer|qubit|nonequilibrium|state|photon|interaction|qubit|tunnel|cavity|cavity|microwave|tone|mechanism|balance|dynamic|qubit|subsystem|dimer|field|isotropic|nonequilibrium|bath|choice|frequency|amplitude|singlet|state|fidelity|protocol|circuit|architecture|way|scale
10.1038/nature13891,quantum circuit|quantum circuit|quantum system|quantum system|quantum system|topological order|observation|transition|topology|construct|physics|role|understand|phenomenon|discovery|phase|matter|conception|phase|nature|challenge|tool|topology|level|control|state|art|property|essence|curvature|deflection|trajectory|space|property|curvature|surface|analogue|bonnet|theorem|concept|haldane|momentum|space|matter|parameter|space|qubit|hamiltonian|addition|phase|diagram|spin|texture|state|evolution|phase|transition|power|topology|qubit|control|term|qubit|hamiltonian|parameter|space|hamiltonian|emergence|interaction|phase|platform|phenomenon
10.1063/1.4903777,filter|voltage|microwave|cavity|stop|band|filter|element|frequency|voltage|bias|loss|coplanar|waveguide|cpw|cavity|transmission|measurement|filter|agreement|simulation|insertion|loss|range|ghz|transmission|measurement|cpw|mode|quality|factor|voltage|cavity|photon|regime|number|qubit|circuit|qed|aip|publish
10.1016/j.ssc.2013.11.003,wehrl|information|purity|charge|qubit|cavity|field|charge|qubit|gate|change|mode|microwave|cavity|field|reservoir|layne|cumme|transformation|condition|mean|influence|term|detune|dynamic|wehrl|entropy|purity|loss|state|sensitivity|aspect|decay|parameter|relation|correlation|decoherence|author|ltd|access|article|license
10.1103/PhysRevA.89.042321,quantum system|spin|ensemble|flux|qubit|hybrid|spin|ensemble|flux|qubit|spin|ensemble|nitrogen|vacancy|center|diamond|crystal|neighbor|spin|ensemble|flux|qubit|couple|strength|flux|qubit|spin|ensemble|couple|regime|structure|advance|excitation|frequency|spin|ensemble|field|structure|array|couple|strength|couple|regime|array|lattice|ultrastrong|couple|regime|quasiparticle|excitation|ground|state|energy|gap|quasiparticle|excitation|ground|state|condition|field|instability
10.1038/srep07590,quantum computing|superconducting qubit|superconducting qubit|hydrogen|bond|level|level|tls|glassy|solid|year|relevance|source|decoherence|resonant|absorption|tlss|dielectric|limitation|nature|principle|calculation|hydrogen|impurity|source|resonant|absorption|hydrogen|impurity|form|hydrogen|bond|center|dot|center|dot|center|dot|distance|bond|length|surface|interface|atom|well|position|rise|resonant|absorption|range|ghz|observation|qubit|tls|couple|mhz|measurement
10.1088/1367-2630/16/8/083030,quantum bit|field|order|field|spin|order|bose|condensation|bec|gas|lattice|repulsion|region|component|gas|bosonic|range|order|pseudo|spin|bec|atom|fermion|temperature|superconducte|material|raman|state|atom|role|field|pseudo|spin|order|bec|mean|monte|carlo|simulation|field|symmetry|order|field|order|rfio|phase|diagram|bosonic|field|robustness|rfio|excitation|vortex|domain|wall|rfio|state|possibility|rfio
10.1103/PhysRevX.4.041041,quantum computing|superconducting qubit|quantum|technology|cell|qubit|link|quantum|control|ion|trap|nitrogen|vacancy|center|cluster|cell|communication|scale|computer|cell|noise|interlink|loss|entanglement|purification|link|today|cell|surface|code|protocol|network|noise|threshold|interlink|entanglement|rate|mhz|photon|loss|kilohertz|computer|clock|speed|rate|fidelity|stabilizer|measurement|link|clock|speed|simulation|gate|fidelity|ion|trap|device
10.1103/PhysRevX.4.021018,topological quantum|topological quantum|majorana fermion|braid|majorana|doublet|reversal|superconductor|majorana|understand|physics|quantum|matter|state|computation|superconductor|statistic|majorana|reversal|superconductor|pair|kramer|theorem|gate|superconductor|pair|majorana|protection|reversal|symmetry|statistic|superconductor|advantage|computation|phenomenon|josephson|periodicity|josephson|current|fermion|parity|state|measurement|qubit|state|superconductor
10.1038/srep04083,superconducting qubit|superconducting qubit|quantum|phase|circuit|qed|array|circuit|qed|chip|platform|body|physics|report|dicke|neighbor|spin|spin|interaction|circuit|qed|array|competition|spin|photon|interaction|neighbor|spin|spin|interaction|quantum|phase|phase|phase|phase|phase|phase|phase|phase|body|quantum|optic|phase|order|time|symmetry|photon|signature|phase|experiment|quantum|phase|photon|number|magnetization
10.1038/NPHOTON.2014.218,quantum state|bell state|generation|photon|polarization|entanglement|state|light|importance|quantum|technology|optic|experiment|state|selection|procedure|measurement|state|usefulness|state|production|polarization|photon|triplet|downconversion|triplet|efficiency|photon|detector|tomography|photon|state|ability|task|photon|state|realism|svetlichny|inequality|breakthrough|state|production|constraint|selection|resource|quantum|information|process
10.1038/ncomms5480,superconducting qubit|superconducting qubit|josephson|parametric|phase|oscillator|readout|phase|oscillator|pplo|class|conversion|device|element|ferrite|ring|logic|element|computer|year|transistor|effort|pplo|photon|atom|resonator|interest|physics|realization|computer|device|capability|pplo|josephson|junction|circuit|phase|detector|pplo|demodulation|phase|shift|key|microwave|signal|order|femtowatt|pplo|readout|fidelity|shoot|readout|rabi|oscillation|contrast
10.1103/PhysRevA.90.043817,quantum circuit|quantum circuit|quantum phase transition|vacuum|symmetry|ultrastrong|couple|regime|cavity|couple|rate|fraction|cavity|atom|transition|frequency|flux|qubit|chip|coplanar|resonator|regime|situation|resonator|field|dagger|nonzero|expectation|value|ground|state|parity|symmetry|atom|potential|interaction|resonator|mechanism|higg|mechanism|gauge|symmetry|force|gauge|boson|nonzero|vacuum|expectation|value|higg|field|way|experiment|symmetry|mechanism|nonzero|vacuum|expectation|value|mechanism|probe|ground|state|coherence|vacuum|degeneracy
10.1063/1.4892828,quantum dot|quantum dot|charge|noise|semiconductor|circuit|quantum|electrodynamic|architecture|charge|noise|gaas|gaala|semiconductor|dipole|voltage|oscillation|transmission|line|resonator|phase|quadrature|component|microwave|tone|resonator|event|environment|dot|sensitivity|root|frequency|type|noise|spectrum|noise|level|quantum|point|contact|charge|detector|heterostructure|slope|noise|dot|charge|qubit|rate|one|jayne|cumme|rate|emphasize|charge|noise|source|aip|publish
10.1088/1367-2630/16/1/015031,coexistence|couple|flux|qubit|field|contrast|atom|energy|flux|qubit|sfq|circuit|inversion|symmetry|energy|sfq|circuit|couple|field|sfqs|inversion|symmetry|energy|couple|phenomenon|sfqs|couple|coexistence|level|sfq|circuit|sfqs|transverse|couple|field|couple|field|condition|zeno|couple|sfqs|couple|coexistence|disappearance|photon|sfq|mode|field
10.1088/1674-1056/23/5/054206,quantum circuit|quantum system|absorption|transparency|circuit|quantum|electrodynamic|transparency|eit|energy|spectrum|josephson|charge|qubit|quantum|interference|device|density|matrix|formalism|state|approximation|expression|order|matrix|element|absorption|dispersion|probe|field|type|scheme|phenomenon|conversion|eit|eit|amplification|population|inversion|feature|device|quantum|information|process
10.1103/PhysRevLett.113.093602,superconducting qubit|superconducting qubit|atom|physics|multipartite|quantum|correlation|circuit|quantum|electrodynamic|scenario|interference|device|cavity|atom|generation|state|configuration|parameter|proposal|way|multipartite|entanglement|generation|cavity|network|physic
10.1016/j.aop.2014.04.008,josephson junction|superconducting qubit|quantum|information|network|architecture|information|process|network|current|cbjjs|coupler|transmission|line|resonator|tlrs|state|phase|gate|information|transfer|numerical|simulation|scheme|decoherence|inc|right
10.1016/j.aop.2014.09.011,superconducting qubit|quantum circuit|quantum simulator|w state|quantum phase transition|lattice|gauge|theory|lattice|gauge|theory|circuit|investigation|phase|link|valence|bond|liquid|phase|dimer|string|dynamic|art|technology|phenomenon|circuit|lattice|couple|excitation|gauge|hamiltonian|ring|exchange|body|ise|interaction|decoherence|disorder|circuit|instance|property|dynamic|flux|string|confinement|gauge|field|theory|realization|circuit|question|capability|author|inc
10.1016/j.apsusc.2014.05.219,property|magnesium|diboride|film|coplanar|waveguide|resonator|property|coplanar|waveguide|resonator|film|vapor|deposition|temperature|dependence|quality|factor|frequency|resonator|response|resonance|frequency|field|well|potential|phase|slip|flux|qubit|property|superconductor|loop|diameter|link|right
10.1038/ncomms6836,superconducting qubit|superconducting qubit|superconducting qubit|measurement|control|quasiparticle|dynamic|circuit|interest|year|candidate|fault|quantum|information|process|effort|circuit|field|integrity|superconductor|vortex|lifetime|electron|excitation|quasiparticle|injection|range|recombination|mechanism|dynamic|quasiparticle|change|quasiparticle|rate|vortex|role|quasiparticle|characterization|tool|way
10.1088/1054-660X/24/11/115203,quantum circuit|quantum circuit|bistability|josephson|energy|configuration|bistability|multistability|type|molecule|josephson|charge|qubit|quantum|interference|device|ratio|josephson|energy|couple|strength|impact|bistability|influence|parameter|behavior|medium|pump|field|threshold|switch|tune|parameter|controllability|molecule|logic|gate|device|computer|quantum|information|process|possibility|state|quantum|information|science
10.1103/PhysRevB.89.224510,parity|measurement|probe|statistic|superconducte|wire|signature|statistic|wire|couple|pair|majorana|particle|experiment|wire|segment|phase|total|majorana|particle|pulse|couple|majorana|rotation|qubit|pair|majorana|segment|way|length|pulse|field|spin|resonance|correlation|majorana|majorana|qubit|wire|requirement|rotation|wire|fermionic|bath
10.1038/ncomms5119,superconducting qubit|superconducting qubit|evidence|level|noise|resonator|variety|device|semiconductor|transistor|frequency|noise|spectra|proportional|ubiquity|impact|noise|cause|bath|level|defect|state|tlss|material|phenomenon|tunnelling|stm|tls|prediction|stm|noise|temperature|measurement|microresonator|scale|increase|noise|temperature|microwave|power|stm|tunnelling|interaction|tlss|observation|tls|lifetime
10.1364/OE.22.024497,bell state|bell state|bell state|bell state|analyzer|bin|qubit|recovery|wsi|photon|detector|efficiency|measurement|bin|qubit|photon|detector|projection|qubit|increase|efficiency|factor|society|america
10.1142/S0217979214500817,quantum|clone|type|exchange|interaction|flux|qubit|kind|quantum|clone|quantum|clone|uqc|clone|phase|covariant|clone|epcc|state|quantum|clone|type|exchange|interaction|flux|qubit|quantum|interference|device|squids|scheme|technology
10.1103/PhysRevLett.112.200501,quantum simulator|quantum simulator|quantum simulator|quantum simulation|quantum simulation|digital|spin|circuit|spin|circuit|quantum|electrodynamic|architecture|feasibility|ise|transmon|qubit|waveguide|microwave|resonator|evolution|spin|dynamic|version|step|toolbox|circuit
10.1088/1674-1056/23/2/020311,superconducting qubit|superconducting qubit|ghz state|ghz state|resonant|interaction|scheme|preparation|quantum|phase|gate|cavity|scheme|quantum|phase|gate|microwave|cavity|scheme|resonant|interaction|qubit|cavity|mode|interaction|view|decoherence|phase|gate|interaction|qubit|cavity|mode|cavity|decay|fidelity|success|probability|unity
10.1103/PhysRevA.90.012324,quantum computing|superconducting qubit|quantum network|quantum state|microwave|photon|fiber|state|transfer|mechanism|fidelity|transfer|microwave|cavity|fiber|conversion|microwave|frequency|frequency|transducer|transfer|state|oscillator|fiber|mode|fiber|loss|scheme|component|architecture|interconnect
10.1007/s10909-014-1175-8,superconducting qubit|quantum system|quantum system|quantum simulator|quantum simulation|progress|circuit|mean|idea|simulator|momentum|platform|scalability|integration|electron|state|art|field|prospect|field|body
10.1109/TASC.2014.2318294,quantum algorithm|quantum annealing|quantum annealing|consideration|processor|processor|array|tunable|flux|qubit|circuit|type|processor|scale|qubit|interqubit|coupler|attention|number|consideration|scale|dozen|device|consideration|balance|construction|processor|requirement|tradeoff|play|floor|plan|layout|desire|set|interqubit|coupler|need|control|circuit|processor|fabric|context|ultralow|power|analog|flux|converter|dac|processor|power|dissipation|flux|storage|density|unit|area|stage|stage|stage|flux|dac|xyz|scheme|wire|estimate|chip|energy|reprogramme|processor|chip|architecture|facility|facility|report
10.1088/0953-2048/27/1/014001,quantum computer|superconducting qubit|superconducting qubit|gate|resonator|candidate|challenge|gate|decoherence|gate|architecture|qubit|resonator|gate|factor|target|fidelity|error|condition|pulse|shape|pulse|spectrum|symmetry
10.1103/PhysRevA.90.022307,qubit|gate|œéz|control|phase|gate|xmon|transmon|qubit|fidelity|interaction|state|concept|protocol|gate|sigma|control|hamiltonian|theory|mapping|state|error|power|density|window|function|basis|optimization|state|change|control|signal|error|control|wave|form
10.7566/JPSJ.83.104003,quantum entanglement|correlation|charge|qubit|field|quantum|correlation|charge|qubit|presence|flux|collapse|revival|entanglement|presence|flux|decay|decay|entanglement|temperature|state|temperature|value|site|coulomb|energy|behavior|quantum|discord|finite|quantum|discord|state|evidence|oscillation|decay|discord|flux|temperature|quantum|discord|correlation|correlation
10.1007/s10909-014-1170-0,josephson junction|josephson junction|superconducting qubit|concept|reflection|amplifier|noise|amplification|microwave|frequency|limit|noise|phase|amplifier|quantum|limit|noise|temperature|goal|quantum|limit|amplifier|resistance|measurement|band|microwave|amplification|challenge|improvement|flux|amplifier|operate|frequency|flux|gate|pump|contrast|amplifier|signal|line
10.1103/PhysRevB.89.014503,evidence|temperature|spin|diffusion|mechanism|flux|noise|squids|flux|noise|interference|device|squids|fluctuation|electron|spin|impurity|frequency|temperature|dependence|experiment|calculation|measurement|flux|noise|flux|qubit|observation|measurement|term|spin|diffusion|constant|temperature|measurement|flux|noise|device|temperature|range|spin|diffusion|spin|diffusion|constant|temperature|dependence|spin|spin|glass|phase|transition
10.1103/PhysRevLett.112.180405,superconducting qubit|quantum phase transition|magnetism|circuit|qed|spin|photon|wave|body|spectroscopy|magnetism|exchange|microwave|photon|qubit|cavity|spin|boson|lattice|qubit|cavity|body|ansatz|phenomenon|way|regime|photon|couple|regime|photon|foot|qubit|ansatz|energy|excitation|spin|photon|quasiparticle|transmission|experiment|circuit|qed|experiment|matrix|product|state
10.1007/s10773-014-2103-z,superconducting qubit|quantum entanglement|multiphoton|state|circuit|qed|circuit|qed|multiphoton|state|accordance|quantum|control|quantum|correlation|dynamic|couple|duration|information|resource|field|state|measure|discord|gmqd|demand|increase|field|parameter|gmqd|collapse|revival|field|state|state|collapse|revival|period|gmqd|photon|number
10.1103/PhysRevA.90.023837,quantum dot|superconducting qubit|refraction|quantum|state|quantum|state|comprise|array|qubit|level|quantum|object|propagation|information|quantum|one|mode|gate|bohm|quantum|zeno|behavior|quantum|birefringence|material|beam|splitter|emergence|correlation|circuit|measurement|statistic|quantum|state|metamaterial|variety|technology|state|art|laboratory
10.1038/ncomms6186,superconducting qubit|observation|dicke|superradiance|atom|cavity|decay|rate|individual|level|decay|ground|state|emission|probability|photon|excitation|dicke|situation|emitter|proximity|emission|dynamic|level|presence|ground|state|realization|dicke|spin|gedankenexperiment|microwave|cavity|emitter|superradiance|measurement|power|density|matrix|field|photon|number|basis
10.1103/PhysRevLett.112.017001,superconducting qubit|superconducting qubit|identification|source|noise|device|substrate|density|calculation|noise|source|lifetime|phase|fidelity|progress|area|origin|noise|principle|density|theory|calculation|origin|noise|source|alpha|substrate|existence|point|defect|complex|substrate|noise|defect|surface|aluminum|ion|molecule|bath|moment|origin|noise|source|defect
10.1103/PhysRevLett.113.210404,superconducting qubit|quantum system|quantum system|estimation|couple|characterization|transition|frequency|strength|estimate|error|number|measurement|shoot|power|law|algorithm|precision|measurement|shoot|measurement|set|datum|estimate|overhead|algorithm|presence|relaxation|noise|candidate|technology|quantum|computation|characterization|level|resonator
10.1103/PhysRevA.89.032314,superconducting qubit|quantum circuit|stochastic|master|equation|qubit|nondemolition|parity|measurement|parity|measurement|state|circuit|quantum|electrodynamic|parity|homodyne|measurement|microwave|radiation|measurement|sense|parity|need|gate|ancilla|qubit|qubit|resonant|cavity|mode|state|radiation|condition|pointer|state|parity|dynamic|condition|limit|measurement|signal|degree|postselection|postmeasurement|state|fidelity|order|type|measurement|benchmark|error|correction|architecture
10.1038/ncomms4243,quantum computer|quantum computing|quantum computing|quantum superposition|quantum error correction|adiabatic quantum|quantum annealing|quantum annealing|quantum annealing|quantum annealing|quantum optimization|error|hundred|qubit|information|process|speedup|decoherence|decay|alternative|power|aspect|protection|decoherence|paradigm|ground|state|quantum|dynamic|optimization|error|correction|chain|flux|qubit|processor|improvement|processor|absence|error|correction|way|scale|noise|optimization|device|threshold|theorem|circuit
10.1103/PhysRevB.90.054304,entanglement|nonlocality|state|qubit|decouple|entanglement|nonlocality|noise|frequency|component|noise|quantifier|entanglement|nonlocality|relation|qubit|environment|dephase|class|state|efficiency|pulse|decouple|correlation|qubit|telegraph|noise|efficiency|entanglement|memory|element|pulse|echo|sequence|carr|purcell|decouple|carr|purcell|sequence|sequence|entanglement|telegraph|noise|flux|noise|figure|nanocircuit|entanglement|feature|order|magnitude|entanglement|disappearance|time|reach
10.1007/s10909-014-1099-3,quality|factor|resonance|frequency|micro|resonator|sonnet|simulation|microwave|resonator|micro|resonator|number|microwave|inductance|detector|day|nature|memory|element|information|circuit|readout|qubit|resonator|task|device|resonance|frequency|quality|factor|microwave|circuit|simulation|software|sonnet|simulation|frequency|way|transmission|datum|resonance|curve|circuit|microwave|resonator|manner|simulation|run|port|sonnet|input|impedance|port|value|simulation|frequency|sweep|type|resonance|circuit|simulation
