,gate,noise,quantum dot,electron,silicon,field,hole,state,couple,charge,control,fidelity,interaction,photon,valley,donor,device,center,entanglement,coherence,exchange,relaxation,measurement,readout,semiconductor,orbit,frequency,dot,defect,decoherence,temperature,phase,diamond,resonance,information,error,resonator,energy,transition,dynamic,cavity,scheme,scale,triplet,pulse,array,property,material,ion,singlet,order,split,vacancy,structure,technology,level,quantum computing,platform,molecule,environment,interface,parameter,protocol,microwave,bath,sequence,phonon,metal,architecture,density,manipulation,regime,experiment,mode,process,factor,range,circuit,transfer,rate,nitrogen,surface,pair,atom,crystal,potential,distance,number,quantum computer,function,polarization,shoot,mechanism,rabi,computation,transport,source,fluctuation,ground,candidate,complex,excitation,correlation,simulation,nanowire,signal,strength,magnitude,spectroscopy,band,challenge,rotation,network,quantum gate,calculation,oscillation,theory,tunneling,qds,presence,realization,voltage,initialization,degree,heterostructure,symmetry,dipole,power,strain,quantum processor,wave,way,point,memory,chip,blockade,tunnel,condition,room,chain,value,quantum state,lattice,detection,ensemble,type,dependence,quantum system,mhz,fabrication,evolution,step
gate,1.0,0.4013633399524028,0.5306242324892492,0.47309269663010345,0.41722842181076003,0.36542360843958294,0.21852128682357483,0.4387613348409436,0.3880387398411941,0.38764244693617683,0.45197036599998097,0.5234123367941382,0.37845104393476503,0.19312094060688442,0.17049434882530992,0.1538554437923503,0.3935282075377535,0.14528749691776877,0.21034544584861342,0.3218816095753122,0.3414406378060867,0.1763867812859852,0.26891329138734504,0.22663088064973233,0.39343034912615293,0.27677607442597546,0.3231973417884659,0.36063016315002616,0.10581440058234236,0.1957890020745122,0.17066028010431553,0.26722148613923663,0.15765491576150778,0.23664020383869105,0.273981857302916,0.3254216965347264,0.1806556053201229,0.20623549957619866,0.1479727585647541,0.14878804164171028,0.18655645962924894,0.2631607518263972,0.30582884615241634,0.27236381123015146,0.24776464963019318,0.26964211905832974,0.14154427790870125,0.18702947228114244,0.08306134942771509,0.2892878835493917,0.28566362446687105,0.17131207221604822,0.15352182815632046,0.15399493198400366,0.2457838460856521,0.19582600973046588,0.35312621662971116,0.28446961098304535,0.10550087574332592,0.1923975573055041,0.14144718898138053,0.22754244599986323,0.2313192480965199,0.20722981733510795,0.06178229934782847,0.22936585546278224,0.10434782608695652,0.15807274807077232,0.25193489483128667,0.1128066693274418,0.18448739699459016,0.2285735703476438,0.17095921484405752,0.1763542813839295,0.20572330734234212,0.1921972927257397,0.2213460703067409,0.20324573826041709,0.13195456900605412,0.16995663158526764,0.15792933705841852,0.12740441145412124,0.1758347929055432,0.13650472655798704,0.0978945010372561,0.22851495632138288,0.16228876113217422,0.2109835692563847,0.24848830496729013,0.16565323355980674,0.10224747162910902,0.1595023316093526,0.1662470235988126,0.19130434782608696,0.2992850891418952,0.19459743752898476,0.15850010286651442,0.1494595739697117,0.12961734558166113,0.14826004031906326,0.03768673314407158,0.09443568758679045,0.08413676790447147,0.23872123090952033,0.14627149017224547,0.16054533598096113,0.16025517852997226,0.21546489452564394,0.12343219696001854,0.13149142853741314,0.26666916540558444,0.24558364322277693,0.10858505795958062,0.33297783754959615,0.12151626148280731,0.1644850630555232,0.10735921807199342,0.16835582942151733,0.13355611265883557,0.1746138399402772,0.2312614410451193,0.3021140807012948,0.16217787759994703,0.15130425172026318,0.1334876749845192,0.11002392084403617,0.1894090187861062,0.15582341433446226,0.06553310156079492,0.24895036570565673,0.10403619279733714,0.16039082701733395,0.11901463785202523,0.10862472602349306,0.16567442507180566,0.12152099886654365,0.17831863073943366,0.1651680278030668,0.10965785298142991,0.09532087499751989,0.14119464144738417,0.11375393879832252,0.08750094682111575,0.11002392084403617,0.06687338550904234,0.17337614754501093,0.13781180958706,0.16003952081077932,0.17338428937260214,0.19565677473311474,0.1517165212272521,0.1720529574477361
noise,0.4013633399524028,1.0,0.34182224728504795,0.2965863598057804,0.3065618297877527,0.325857602667772,0.13397282541141672,0.2947504504734448,0.23705232796538026,0.4347240995563079,0.2645183482688576,0.34593038630312917,0.251587006806895,0.11470016712879895,0.12462962881553577,0.0775791113542719,0.2394847410096739,0.1342879324529184,0.10262132103581366,0.28403126388700284,0.1974267110060985,0.15963620746952265,0.22235710506894296,0.15612765115376206,0.30136500949159467,0.19819149595051527,0.2759925270727452,0.19286263058855996,0.13259870882635919,0.273498013416606,0.14342112903322354,0.17908759985284473,0.13103560459023977,0.12994442454726302,0.15472901518449333,0.2929173779361566,0.11678545896676293,0.16798530752762428,0.13810553926175198,0.16832297828195616,0.09265616458263766,0.17217085760743076,0.17002556552790282,0.21128466605230967,0.24731875949906545,0.13726999711947668,0.11609291150868818,0.13319466108225864,0.04154320960517859,0.22090695852824582,0.28994643734309433,0.12403473458920847,0.1374645119876445,0.10675210253672476,0.15309310892394862,0.20254787341673333,0.21825766384248982,0.1837178521885544,0.01790287185098582,0.20798445427732543,0.11417523209619028,0.19041830775826937,0.16947543795713077,0.15573367649013964,0.14193843787544003,0.271746488194703,0.13575524733684213,0.09944509639504355,0.13782687566212998,0.11740807926774036,0.10667371126281625,0.1410457344418612,0.21942686286812776,0.09926764012174849,0.08886187695385904,0.13323467750529827,0.21339067181955843,0.09197225155900665,0.08030200930495264,0.15708939273119701,0.13272217656353258,0.08030200930495264,0.10741723110591493,0.08030200930495264,0.052003143396115226,0.10036563193274914,0.10209743103470048,0.11165574787346375,0.12974458192748894,0.16268128799957746,0.07845573930760598,0.14886628953921086,0.1665800190566166,0.11214563910434784,0.15477912876452124,0.09392932715684625,0.2902322787717204,0.28644594961577313,0.09347999742059902,0.0687266093198987,0.029235267310234306,0.07936277220714445,0.1478142177728636,0.167101995568805,0.06043472012462243,0.2564102564102564,0.1673498569103552,0.23117322780452165,0.08089377861617925,0.10040991414621311,0.1551503078860473,0.13838941528433948,0.09581644410252332,0.14676457368257229,0.1154752909313282,0.1086310236566852,0.09529531248281094,0.07412493166611012,0.08158924398306318,0.19165538534512078,0.08749413445662785,0.1367119058318232,0.05032342373975981,0.1054774530250278,0.10872991400366039,0.11039892086155287,0.16239958858823003,0.19230769230769232,0.07278923790929544,0.09656090991705352,0.10439078454267837,0.14178351139171333,0.1242835507562029,0.049154588494053374,0.061339561508214804,0.02249606353329238,0.062248345253482724,0.10650652571608281,0.07443314476960543,0.08087693101032827,0.1742537588393307,0.055593698749582594,0.10003126465607107,0.12988108336653278,0.11348016237540047,0.13880630800576443,0.1629465354850278,0.1086310236566852,0.17118419700436516,0.07412493166611012,0.11671244523098157,0.09342836717341034
quantum dot,0.5306242324892492,0.34182224728504795,1.0,0.5742392437486782,0.39705533172305885,0.4142558665556609,0.32535009743651067,0.479080383758501,0.43172365805824087,0.453871022768859,0.3845200098497444,0.361367755513114,0.3753171794630728,0.24336199808858852,0.310094110298956,0.09397076876470428,0.4087566577022073,0.033040631920307,0.17884073360395836,0.2993630556338964,0.32255667127361565,0.20947947993280797,0.32781131925691526,0.25308143301363917,0.49121083672459054,0.35464486429597764,0.2912521978887731,0.49642654910945155,0.04745455991642284,0.22884560199885337,0.1421382422685609,0.19720631143919937,0.03126343639517204,0.21443807133494183,0.25770475902919987,0.19591099449976207,0.20061743076533498,0.3019297303613952,0.17074211803581413,0.1837307725928783,0.1724313854501196,0.2403050540008071,0.26037677915519425,0.3024590792277029,0.19472351268699192,0.2692850423384597,0.15472842886653826,0.2055675596205938,0.025487187147859396,0.33380215681865555,0.2620099681265368,0.2700371966512391,0.01586965757066727,0.16873676399025778,0.21353706957069232,0.22048444778904472,0.2929135248856865,0.23347650458983818,0.06407097870320747,0.14886737336353062,0.20430573722913506,0.22412822820447756,0.15698175318848015,0.20855350195957523,0.11544788997057785,0.14993156621752493,0.10139316544380557,0.16483563265106074,0.2082637354210509,0.12422749130378474,0.24897714514623778,0.29277002188455997,0.1933014336780666,0.15882213268922354,0.18778311011726498,0.20662269779640227,0.2524835106781605,0.20983390487468925,0.15474611514754322,0.23541836322999915,0.018268748721144815,0.10611162181545822,0.17085594320855324,0.09284766908852593,0.06617222226472869,0.25143267648537193,0.19615529701200035,0.18763578103017822,0.16344458978330806,0.20548427206516462,0.16414725111243358,0.22279229404683767,0.18846293242329445,0.18166275475348498,0.21118394825989226,0.23530865768215053,0.21848227224210265,0.21784132759090538,0.16136980632742495,0.15108939729686513,0.005231373504786204,0.11797932095978601,0.12984521310333422,0.17397129031025996,0.1359501861918426,0.16517585103707014,0.17168849627977562,0.22287124708010467,0.15715902787873062,0.19963778637183213,0.23219691390844413,0.18460042687443012,0.0949593761878809,0.1428659707355914,0.13775471271853348,0.16846691561539237,0.1604912128701912,0.2299085139334928,0.24657136919720613,0.19132950623658038,0.2062940468840638,0.2624244641845273,0.19360532574635353,0.20662269779640227,0.18677938321891735,0.14409411744849224,0.22279229404683767,0.11929367019343955,0.07525522628678857,0.21166356064498015,0.14943791786962418,0.17034688842879622,0.1423319127780487,0.06533983413252852,0.1951312378765647,0.2468946945087944,0.2623794527627235,0.16851577351370076,0.038746485921189164,0.10419954408939958,0.17045643758295942,0.12821820969367867,0.06264875764829854,0.12085313076325155,0.09205476243458112,0.155507922106516,0.18574557362722746,0.10367194807101068,0.16847482690308205,0.19011665575269596,0.12285049366636404,0.21315602018816843
electron,0.47309269663010345,0.2965863598057804,0.5742392437486782,1.0,0.4334356319573763,0.4354780877122957,0.159264747324258,0.5041789122126241,0.41030663512647164,0.38297084310253526,0.4030213095014391,0.33402777181186266,0.39138893620455095,0.20453058013504,0.26075756076191825,0.29398429835072426,0.3515625928401541,0.1927645048904345,0.20198059402174692,0.4051821763367687,0.285718950551559,0.29520238928806647,0.3468700703047571,0.2781847182003199,0.37542589451545194,0.274874685708464,0.31093357409581873,0.3629552182306925,0.15447859516333115,0.30259991532419295,0.3182605798731428,0.1956463952178074,0.16574249997722762,0.3988909699564361,0.33476965888547355,0.19819740309893122,0.1282813977990441,0.2857903713627112,0.24238591428877126,0.23531719832435222,0.15215132945944657,0.21490765348647436,0.28165697950165475,0.21098433233112035,0.2305027242760516,0.22338127394297647,0.2558408596267325,0.22998838235801394,0.14618226891198446,0.23529914352720094,0.3257260747659209,0.24771684715343115,0.18007345746572057,0.2487341690815455,0.2717786532523045,0.2584432806109095,0.2750288849347837,0.24710494787267592,0.20261080021468836,0.21895874720921596,0.22457093458425523,0.2197261558052356,0.14268794092301035,0.23076019681122448,0.17609708401566268,0.15829345590332589,0.16110299469961994,0.22648221104358707,0.22088919442973373,0.18010965084270594,0.24083252492980148,0.234742071485688,0.2921532737340716,0.16326723356241976,0.24507917378276278,0.17739371879672478,0.2435283936974245,0.18368303247678808,0.20972210276842637,0.2320310998671009,0.15971987904919208,0.1686001218334408,0.23439288652287477,0.20149770658142924,0.20002367284141567,0.2581500632108645,0.22179097522495522,0.1939078837481322,0.2038413098534009,0.21978535130747603,0.25311208644745736,0.21172030373345635,0.23252279660680789,0.17682036003616822,0.18675893144315478,0.25012215979228897,0.2331882835139489,0.17877423548354854,0.1866942377845535,0.20915479424640082,0.1556997888323046,0.19507682662870654,0.16549551173554367,0.22248595461286988,0.09770760409773685,0.17496461513722297,0.15225757719946606,0.2575409401601731,0.23079654558624885,0.17082557441891313,0.2128328114803571,0.17588161767036212,0.11776030079682893,0.1836834610974622,0.19767625177188017,0.18882965179413486,0.21644201983461792,0.23028309323591914,0.16898159235484364,0.21824371942354048,0.2055759167575661,0.22339239490850463,0.20519522061542245,0.2106550410711107,0.15924385877445024,0.13834289277321493,0.1801874925391118,0.1493600373122635,0.09153022960396395,0.1566884344674736,0.21257273055451179,0.16517896630349432,0.15306515947434576,0.15426625335139543,0.18148850216015694,0.18470470851088908,0.19799066970875978,0.16792915331996217,0.175682805225634,0.107682623063487,0.19334007027804562,0.15626352755294512,0.17896792376948223,0.1815750467648446,0.12087344460380704,0.1366001736383103,0.20490026045746548,0.14463547796997564,0.16619250733697202,0.18916111230093358,0.11883176892065872,0.16715454864723928
silicon,0.41722842181076003,0.3065618297877527,0.39705533172305885,0.4334356319573763,1.0,0.3056930187561694,0.16998346066513662,0.3468073588899539,0.28791635517399605,0.33049769046735455,0.3676454181379256,0.39176730945577953,0.24847643201913613,0.1641882486534233,0.3027425107632567,0.3750886420057293,0.4139313638363966,0.1337945514463376,0.11786670352193529,0.30422290302797245,0.1915700150791539,0.18984979532587354,0.24487508622275,0.2844416545993582,0.3397542047153345,0.24071720210605874,0.24818573738102215,0.23649728372363338,0.18621435285095533,0.14386761984886365,0.20099402855611606,0.12130599975560866,0.13925778432983163,0.2630440671893494,0.2087096440713471,0.2580778244594612,0.13297872340425532,0.24143515551815153,0.15248970490979494,0.10733091245227654,0.1237910125667445,0.10194275681577189,0.3637898022742158,0.12247761160787989,0.13066775441249023,0.2222984693413718,0.16409811543513136,0.22370321462736648,0.11893455779985083,0.1252097903573989,0.24431092279482888,0.24009639021806364,0.18984979532587354,0.17422762873359626,0.2610341152588468,0.1960378817061381,0.26627237580789825,0.262984031778569,0.05979674002989887,0.15861647521313374,0.23164806503085814,0.16189329132138927,0.15437968108225003,0.18304767136356417,0.09991015582691473,0.11345633708846728,0.14516968284652734,0.20501309508913995,0.19065024975199077,0.14415018883687106,0.11829624918114269,0.1798752318864984,0.17297460150541596,0.13297872340425532,0.1580386891470705,0.22250618336725211,0.19041623007854647,0.1623236890890616,0.07877609890611015,0.16545579440084857,0.11160014619628728,0.1462984693970617,0.14133774916157915,0.21382083988801326,0.1315862376666436,0.18700715830927783,0.12237271535944262,0.1636207380878583,0.23164806503085814,0.1787005612120667,0.08246240571253921,0.20340938999763442,0.18600652734635278,0.15592299268701085,0.1718345148142282,0.16043010139335348,0.1868895203566774,0.16308201826336055,0.14025268244765068,0.15204045971969868,0.0,0.11122101332503227,0.05508323176191217,0.1798935855656326,0.11796769909885452,0.15766036960512994,0.0965475074456518,0.2019866607256804,0.07368829309332041,0.15752488056922134,0.25268187336436676,0.10887224266065042,0.09399572616904152,0.1283440811146828,0.14526170682078107,0.12644235542589347,0.1736140661687042,0.1688059262273789,0.0908377689773195,0.147018092378659,0.12658351658630645,0.1584984657665369,0.10887224266065042,0.16687963752543908,0.15847194992097008,0.08873409830255645,0.16026194363449983,0.1401425507601155,0.13997859770655052,0.2638796982801255,0.12865434281401517,0.13376702516418834,0.09623121135825453,0.057569427238221026,0.21729492158789113,0.14344583551558307,0.17641142477381452,0.12255110553085002,0.08013097181724992,0.08104024077747662,0.11111266640693233,0.08440296311368944,0.11390142225037865,0.11239652451657149,0.08958915004324533,0.137437342854232,0.12644235542589347,0.09895488685504705,0.16243357824696886,0.2700894819638062,0.075046918991139,0.19148936170212766
field,0.36542360843958294,0.325857602667772,0.4142558665556609,0.4354780877122957,0.3056930187561694,1.0,0.29768036620126376,0.4488151226843225,0.37969333163204916,0.2554329705813731,0.36621403801282276,0.20807794925058648,0.4119041027551545,0.1491849147593496,0.2251384464280008,0.16299774747724838,0.27255035996919935,0.19103630661005236,0.14217941045926177,0.2983822282732816,0.1660718060477602,0.26578694530024155,0.22913701678341938,0.12542412026272454,0.2988292037082887,0.40412074263159015,0.3355756090527795,0.2532590104612363,0.1634821400680945,0.2542686011390617,0.23716200290669076,0.18813618039408678,0.19552294386575214,0.3560214424900207,0.2821993989803971,0.1311582028811588,0.17278301060131313,0.2747313201133853,0.27306954275046585,0.2522250173535799,0.10779250129341324,0.1600196754320949,0.16500082500618757,0.23317013845539342,0.16137385152862996,0.14272210360444837,0.26728096526154627,0.22106120475590021,0.12607752999968044,0.21229970559886385,0.3244796395414081,0.2705570309769645,0.20186350275967713,0.2362331763675283,0.17869810194237845,0.2369167813718837,0.2188219323378872,0.2332634988764268,0.14035917143874166,0.20183792030139455,0.16143984530916344,0.23436712976471769,0.13992883734858033,0.2668065801804577,0.1664308806422094,0.15892860844739637,0.17912921982332494,0.19458237767058986,0.12780908947188974,0.1665391165845836,0.24984207102130593,0.23542918063948057,0.20490100010541296,0.14620100897034188,0.1958410262417504,0.24429337002600016,0.21807251886752935,0.10467084526513712,0.11247913178443121,0.20485059312171072,0.1975231382747387,0.12653902325748512,0.13583145623104032,0.14528554522155698,0.17097371455902424,0.17998791246028437,0.11007853258013349,0.14364665243357486,0.12600183048520072,0.2504871374132585,0.1831550982182985,0.0821431436359057,0.19977215171950152,0.23286798577032244,0.11743297181172047,0.1870717344477942,0.22020306797116027,0.20827489955426182,0.20442947067417294,0.17877869945167482,0.1386323994938481,0.15748168326172146,0.13253925659888408,0.20362036885475412,0.16375936198093421,0.12158865771185522,0.23277934073681286,0.26488101407899395,0.17097371455902424,0.16929406599040936,0.14981856949785127,0.1861326044879417,0.08388138834107149,0.12471448963186281,0.1710532305641039,0.22894387277287315,0.21690544133263417,0.12185239276646714,0.11692758356145504,0.23725030186324358,0.16010007239172608,0.17916158964917545,0.12408840299196112,0.18953795950293115,0.14849068250200034,0.24635623878369325,0.23102759147598478,0.1118615650949068,0.15340599270984207,0.13278744620826644,0.21431310356552427,0.2113041563587071,0.15558769627428393,0.0852439687239137,0.0982492881204881,0.13654448714717665,0.12069542029345996,0.14460362755508943,0.11294682249937034,0.04295367795875577,0.16305731179404642,0.09373260982035934,0.1280728856028483,0.07390687163510798,0.1377582397915608,0.15110295603009627,0.25183826005016047,0.1373663236637239,0.16234964253489187,0.08435934883832341,0.1354313627073705,0.11075834012904687
hole,0.21852128682357483,0.13397282541141672,0.32535009743651067,0.159264747324258,0.16998346066513662,0.29768036620126376,1.0,0.22611896260029213,0.224124766472152,0.1707825127659933,0.22390306392529388,0.13026778945578593,0.237207891141676,0.10396046656698751,0.0354384955969167,0.026726124191242435,0.26584256413818125,0.012529400275814702,0.06660748630287956,0.14910355955507248,0.05766388083288671,0.11915566233622105,0.10404202164530078,0.07540616835222373,0.27616994997617184,0.3513434918140958,0.17431306503775654,0.12734616114283653,0.032991443953692905,0.08050764858994133,0.10430746963578579,0.11653680563525487,0.006520506636966263,0.1454896813755518,0.11549283573690149,0.01433700965465308,0.06101970382851058,0.1560378995210988,0.06872316025663866,0.10051171363449486,0.03688555567816588,0.07710706574055379,0.10625064049817194,0.08602205792791848,0.05907317606885129,0.060717674071891624,0.12549900398011132,0.136701348520264,0.026578871697687526,0.08061258480669069,0.18395855352366713,0.09258200997725516,0.006619759018678947,0.09296222517045284,0.13478207889481744,0.06299407883487121,0.16291189140203846,0.14552644042288462,0.035634832254989916,0.014441280189584203,0.10846522890932808,0.10107167180363233,0.08185285125167474,0.07499531293940735,0.057788559639706465,0.05916079783099616,0.07049073768502413,0.11720180773462385,0.08382549209085563,0.07620499280986875,0.17309433580902026,0.11931660907841138,0.06929348671835833,0.017434201093860166,0.08212073334045127,0.19889806323953876,0.11052017177219065,0.05148744788909767,0.03688555567816588,0.08061258480669069,0.0,0.07377111135633176,0.0890870806374748,0.027664166758624407,0.06038073644245599,0.11577760012267906,0.07219664266678343,0.09421279329352288,0.0929701962079955,0.12142857142857143,0.10811249552346708,0.04040610178208843,0.11230588859277421,0.18503818642318837,0.05776512075833681,0.09640225504243012,0.05976143046671968,0.07126966450997983,0.07387977412160084,0.10259783520851541,0.0,0.09113532707206115,0.020060271357125986,0.06047431568147635,0.18043874177926347,0.038277950117547636,0.08327552317491303,0.1690308509457033,0.09488401440957371,0.22484391257226521,0.0772048646977956,0.0939060283031685,0.03300891361017461,0.061346889572455536,0.08208863791288981,0.09910312089651148,0.06694619270045785,0.09221388919541469,0.08119979429411502,0.11293848786315641,0.08451542547285165,0.11132127761689666,0.08451542547285165,0.06629935441317959,0.12985309660494151,0.13572417850765922,0.21213203435596426,0.04784743764693455,0.1811044831561107,0.10811249552346708,0.11917080461366747,0.13606721028332178,0.06493741194318971,0.0,0.08139569275564797,0.10074907413892013,0.10325202569555011,0.09205101496312953,0.0,0.02414726442081476,0.0780398972571708,0.00922138891954147,0.06533217188282377,0.038778336716474064,0.022587697572631283,0.11712187015042266,0.10811249552346708,0.02702812388086677,0.12777531299998798,0.08299250027587322,0.020498001542269693,0.09588810601623092
state,0.4387613348409436,0.2947504504734448,0.479080383758501,0.5041789122126241,0.3468073588899539,0.4488151226843225,0.22611896260029213,1.0,0.40370073150954217,0.3402485314895979,0.4040346690192162,0.36620994620293973,0.399138099741906,0.3191629197971449,0.2084545004249042,0.17530966481234236,0.31176470588235294,0.2867592039575547,0.34193030247419043,0.3727459556456458,0.24120001497533197,0.22655073067617898,0.34335059353208586,0.28152613723111475,0.33728055078026736,0.25050359513404186,0.25760491865965424,0.30318051864251533,0.25757131369214875,0.287824837800531,0.3029596704613276,0.24340280614773463,0.2984684424562079,0.23512667404088472,0.41425855958638885,0.20853108120981767,0.18645556929567414,0.33137532346483023,0.342100498639924,0.27680072270417455,0.1814627428602745,0.2776307745064286,0.27776980699547577,0.25759721796506885,0.1958507883764793,0.19480930197663146,0.2582115462452814,0.247210189076959,0.18192392764355278,0.2508034168906511,0.26849262348798253,0.24423639393424632,0.30017971814593714,0.2812204959107025,0.2657317699383158,0.28026338893087366,0.27628100909310294,0.3064868379879933,0.19817614283134352,0.22240343739524604,0.21874580710620428,0.24591451257161756,0.2610287115346267,0.21495236345020252,0.14008861347311433,0.16269784336399215,0.21862678196541863,0.2139224311453109,0.22819954109118432,0.21515956731454522,0.23991708003010073,0.210176096251821,0.22097690281088114,0.19018468068158761,0.27834279994369904,0.17371954883970278,0.24196089525927034,0.16519463133513965,0.23274569192948252,0.24766837417951798,0.25101949520030276,0.13806947826325233,0.19436506316151,0.20118695404073914,0.18450310115418653,0.24473056230953713,0.2161963424888691,0.2666234105632163,0.22206013751690434,0.23834160922733494,0.20812378052829614,0.20742519153669262,0.20933296653684152,0.13946880918483603,0.22240343739524604,0.17620801793440033,0.20771968447949618,0.14863210712350766,0.3546808361031485,0.2664786304463168,0.14936320896298771,0.22612472430247976,0.17592354376923064,0.19726230836288416,0.16540792339471236,0.184219031545903,0.185248207225732,0.20186584269236063,0.21033353531577265,0.23868519007930852,0.22819119021626277,0.16470645871416487,0.15533067034090317,0.12746962999509812,0.20367810390081792,0.16187405152200812,0.20047361581888432,0.1814627428602745,0.13894669485837496,0.21902461346870275,0.20706998246326272,0.1785840837876715,0.20086153501727425,0.17726484575479876,0.12961712858040536,0.16589086726447982,0.13828346102446173,0.1473752252367224,0.1084652289093281,0.15801990743815078,0.13333333333333333,0.21019754169815524,0.18652115417823467,0.16592595585242373,0.12622423141979608,0.15324341899399666,0.18993296005225963,0.18973395782858696,0.1771756844375916,0.15495032701332584,0.2040187908273743,0.23669053416557545,0.1996330125752444,0.17833268230931582,0.16426846010152707,0.16958233968972278,0.17729062785743746,0.21968621277986816,0.14576356652280673,0.1617385316798099,0.17976232760292427,0.1715391237520202
couple,0.3880387398411941,0.23705232796538026,0.43172365805824087,0.41030663512647164,0.28791635517399605,0.37969333163204916,0.224124766472152,0.40370073150954217,1.0,0.29546842014263947,0.3092569465362521,0.25098520291937765,0.42002797949301274,0.25247802947621406,0.21459074748537452,0.1520265539702624,0.29015990077248344,0.19312181983410703,0.2089974223810192,0.2898407913176399,0.31037523417302226,0.23321967402988653,0.19363812399094701,0.1547180827243398,0.28934086078211235,0.4037820875301268,0.25297539470208424,0.3078381394275383,0.13166864327677227,0.22159000978262935,0.1903905500937934,0.18113336514069048,0.17947103843914503,0.2847624309231325,0.2885404695924285,0.1262762250403187,0.26392332557616305,0.24541724765593953,0.24074180221487193,0.22477762669849502,0.2335055464847162,0.1733213410567804,0.17546715781493213,0.1854682055279681,0.13007485268546987,0.19218788228572692,0.21712405933672374,0.17786745524921538,0.1414348108426332,0.18557139112389737,0.2501862197651135,0.17412945707452207,0.16762664070898095,0.14621148776883755,0.14839018505159637,0.22193343428706105,0.2145915354625646,0.2341667244380696,0.13241022442571243,0.17886741987115515,0.16206496066434442,0.23993941047567055,0.10240570829587702,0.23531629798670883,0.14315199795486105,0.12096294735180121,0.2716271178888358,0.17204659136416972,0.21813723309398889,0.13423829728860856,0.1943820035078325,0.2511356501838254,0.19765946491191375,0.20634005454136384,0.2051655828705009,0.1870450413292143,0.22546348175039868,0.1275430825906386,0.15228622596829317,0.21784467653674908,0.1468231376594156,0.1167527732423581,0.15693063635639992,0.15228622596829317,0.20417936615685134,0.20244749698857006,0.2561211931841362,0.12367196232510626,0.11088655203349881,0.20839671268463256,0.10414944761263273,0.08897130790417405,0.24287354526081878,0.17461743292853732,0.17886741987115515,0.13990574093942643,0.12747814089845524,0.13731430681184992,0.13556492380600452,0.12909314165140687,0.10811249552346708,0.10033669282927878,0.11042815941398955,0.14564381625088382,0.16318213857325373,0.11062441971717744,0.2796341672894353,0.1628347368197324,0.15669579263200217,0.1604458336906596,0.16613589166006912,0.1809274853552582,0.06662629932014578,0.18332476398959324,0.1717155701542724,0.13886593015017698,0.16123041457331141,0.19289588622650466,0.10429770312912398,0.1865117742382477,0.16917894734517652,0.12766738848309936,0.09821777776428303,0.22354163475930489,0.11913629512624452,0.20279433208435863,0.21686756301642426,0.07901744265512675,0.0996947368284076,0.13886593015017698,0.16652655174768613,0.1664500757152958,0.199161126033635,0.09232988966097884,0.11761799222424119,0.12940792666314374,0.2273534779333932,0.1428040814792187,0.07228918767214142,0.11298736840552862,0.14797178180801124,0.12182898077463453,0.17468314528284792,0.08005039424382578,0.06217059141274923,0.1339064326448135,0.18846090520381162,0.13886593015017698,0.19342948582466574,0.11167656571008165,0.12976345249437332,0.12476375390873162
charge,0.38764244693617683,0.4347240995563079,0.453871022768859,0.38297084310253526,0.33049769046735455,0.2554329705813731,0.1707825127659933,0.3402485314895979,0.29546842014263947,1.0,0.22247987126205973,0.2701477336195845,0.24576648882905897,0.11697167808041992,0.1694637091472647,0.12171612389003691,0.34129223864140645,0.07703288865196432,0.10465362369445672,0.21008031464614602,0.2319746980521765,0.1763640963419925,0.2233761563293962,0.23414645289542352,0.32559063140584876,0.21474873987196233,0.22372322931097996,0.3063701371612547,0.12959031905837254,0.16891995328345302,0.18001406414816382,0.13112201362143716,0.0445435403187374,0.14356098389730051,0.17903465306514932,0.1371165899248297,0.12505318017683686,0.2398369011024675,0.15791215191723837,0.12015950111840487,0.08819171036881969,0.14485392283102855,0.16532795690182991,0.1909838216810128,0.11097531990717002,0.1399884787886074,0.14696938456699069,0.1528114895920832,0.07867957924694433,0.20025046972870356,0.24024691306023618,0.15811388300841897,0.07235450106338152,0.15876322406928006,0.12009611535381536,0.21516574145596762,0.1669350130386045,0.16823820483841195,0.06085806194501846,0.11345063344340772,0.12702146976599116,0.138090192640673,0.0914991421995628,0.1383251902862112,0.026318067798390757,0.1096965511460289,0.10834726777719228,0.18147857431243208,0.15617376188860607,0.16137955395155962,0.12297578015850455,0.18219605456444596,0.15922264867741603,0.10718844015157444,0.11651360004056784,0.11888908858518256,0.21317548400847722,0.1524146992577428,0.15118578920369088,0.1802254227558332,0.04685212856658182,0.08819171036881969,0.11563031769553507,0.10079052613579392,0.06481812160876685,0.11631052629980886,0.10959932487023819,0.10891622972743417,0.11114378604524226,0.16590301240125063,0.06154574548966636,0.17941704542901207,0.20275875100994065,0.09630868246861536,0.11345063344340772,0.1975658322294524,0.16329931618554522,0.18257418583505536,0.12336987390024974,0.13016280532365732,0.0521749194749951,0.1556432015911726,0.06851887098275317,0.14975535605335347,0.13206763594884358,0.1699673171197595,0.10808722355782913,0.202072594216369,0.07660323462854264,0.1308424285173721,0.1294550914010537,0.09622504486493763,0.052615221960198015,0.05986843400892497,0.15140848160485196,0.0861640436855329,0.13719886811400706,0.18898223650461363,0.1294300457858868,0.14401645996461912,0.12071869264873994,0.22180348768356728,0.08981004187394179,0.1302118589266285,0.14045204148136883,0.11258525035052873,0.17251638983558854,0.13074409009212268,0.06598288790738581,0.067700320038633,0.1064581294844754,0.10844353369380767,0.17110554764160904,0.04296689244236597,0.1181581679656757,0.1452966314513558,0.23276405323333743,0.08003267306650412,0.05520524474738833,0.08247860988423225,0.14808721943977307,0.06299407883487121,0.05100613704506707,0.10596258856520352,0.06172133998483677,0.135400640077266,0.16001893827313254,0.03692744729379982,0.13093073414159542,0.12598815766974242,0.0560112033611204,0.131008093518591
control,0.45197036599998097,0.2645183482688576,0.3845200098497444,0.4030213095014391,0.3676454181379256,0.36621403801282276,0.22390306392529388,0.4040346690192162,0.3092569465362521,0.22247987126205973,1.0,0.38182722139538916,0.27714584776696777,0.17426681170070704,0.14138349073002968,0.14216678476125472,0.3134751742390471,0.21065786705495473,0.13286679871186582,0.32929497319822604,0.18988474881032386,0.16977747742535762,0.22307040805403672,0.23441792713488788,0.28941095469255423,0.19672994353107418,0.3161045021262765,0.22720396224725176,0.1645260835650096,0.1802590918870873,0.1971186614432617,0.15237165263767713,0.21925965968417804,0.25797231289624883,0.3113953987844479,0.21653586261717103,0.10929998917614005,0.168334570994162,0.18515658566773222,0.1503735206610152,0.09985626616486108,0.19409492630367423,0.3397862560354927,0.2001935333630449,0.2903854205367107,0.2335846405429572,0.1566766217567395,0.21956706176794122,0.07574115574823019,0.18795247899781903,0.24669277979422433,0.1407086253458297,0.23768846839550067,0.13624054065803434,0.2571700697237818,0.17592242073730016,0.2752315586988033,0.2552019146850677,0.08123816272071699,0.17695772933034856,0.19870115794492024,0.15841179895019508,0.21204913934528782,0.17524408216864215,0.13723219536684694,0.20712371186940787,0.1255473238888836,0.17367329383943705,0.2258458698566762,0.11726612473327419,0.2407121798104244,0.14400576034562304,0.21182495558164716,0.1540136211118337,0.26641984368896443,0.13697543652927785,0.18896796610625763,0.17117626347487297,0.09460067320881577,0.14618526144274813,0.21281630044186797,0.11562304503299704,0.14216678476125472,0.13664541685717832,0.15731702564691252,0.186312606606748,0.13715799574240833,0.17347671958986752,0.21194790180791495,0.09770315516740097,0.1026951714995135,0.1266586998640163,0.1325860625509947,0.19585382526665843,0.20988009757785528,0.10988605230047564,0.13198302376247076,0.12185724408107547,0.14035558123096417,0.1587154267092694,0.04974801157673675,0.16101777945560783,0.08574789147336341,0.17664047143418712,0.09549276959229569,0.14725763718060114,0.12340026732980952,0.22077139831041534,0.12782008333811642,0.10441561081753113,0.22400896053763583,0.2194333898358068,0.10660664610975129,0.21477728404183877,0.09824890686167492,0.15404275724927025,0.09538745786032689,0.12087863798904236,0.06941791588794088,0.1716469471743538,0.17077853621367667,0.16918906760679736,0.19267322034363524,0.15114530927368588,0.08634247292797852,0.13260680472701858,0.1784736225356593,0.17998155655406808,0.11698016949434996,0.21052510157400267,0.10449172474634902,0.1723321672528655,0.10574316725424836,0.11949085873885437,0.20875616998065818,0.14036105307678723,0.18242554710584458,0.12400369521842496,0.1266586998640163,0.0894554237309735,0.07907142123964106,0.09460067320881577,0.16489828261134676,0.08287925295438661,0.1416087314188419,0.13350372294936755,0.13863848152434322,0.18998606727409997,0.13957862836449786,0.17343456754949557,0.10514276982856502,0.16891816509039825
fidelity,0.5234123367941382,0.34593038630312917,0.361367755513114,0.33402777181186266,0.39176730945577953,0.20807794925058648,0.13026778945578593,0.36620994620293973,0.25098520291937765,0.2701477336195845,0.38182722139538916,1.0,0.22145392461354632,0.22703938521088096,0.08078865345335648,0.15086730182827146,0.2537596094612762,0.12649373897812494,0.22559706004894914,0.27921124710890854,0.2503915429180672,0.1250394992435298,0.26138553756899846,0.32147983186609186,0.2872281323269014,0.12445885443572609,0.24427633538741125,0.2019542962683536,0.0913266025895431,0.16480441082434807,0.1430305630861087,0.19199489958669377,0.1486470975026408,0.11933130595708737,0.2517143630038639,0.39220661657476263,0.12491131605836449,0.10889310129609417,0.10580125838511321,0.11865928866805628,0.15015624378259315,0.24692893888382933,0.2883549180407972,0.18676505551179173,0.2260503793395122,0.22245629575056217,0.06617241025372944,0.1133222521922894,0.05770618103811177,0.2004778979334346,0.21849414637922704,0.09547859244962514,0.14228632672539598,0.06487491201346024,0.22138049600026646,0.13540064007726602,0.28801519100791967,0.24425890692005897,0.05222329678670935,0.14109252354065754,0.10597144202125482,0.16869428555026708,0.276263195278595,0.19050473590514913,0.0501865861339894,0.21468793419964033,0.06887004431501818,0.09669492928747273,0.2035046471561311,0.0943070316089388,0.09470418927126593,0.16000261230887305,0.12309149097933274,0.14194467733905056,0.20572473847593548,0.12415213616266502,0.19055142088725474,0.1565003071620969,0.15616249353389688,0.12887864867149365,0.13401525544428144,0.07207499701564472,0.13926212476455826,0.13814374427998571,0.033709993123162106,0.12864137325230665,0.09927391326682884,0.16521201201079772,0.2169891431863789,0.13492021050777828,0.09389050536260404,0.2697601949335053,0.09927391326682884,0.08608755539377273,0.2586696264912055,0.07420700573549702,0.12164046002523796,0.1044465935734187,0.09624154860313719,0.11455879881910548,0.0,0.05935998799503724,0.09146225219516073,0.1674044277318925,0.03357908003395431,0.1682904582015223,0.12475336067735492,0.18349396085439343,0.06741998624632421,0.05966465075873496,0.23314666365007214,0.18961042621620655,0.15766660097226326,0.2511621732586053,0.048120774301568595,0.07628603560711578,0.05450582834731072,0.0900937462695559,0.07051811804639267,0.14221838919798743,0.19016646852182592,0.10271950201137449,0.214076287663459,0.12955005512625914,0.035240991351488234,0.03788676152120412,0.1250108220423561,0.11219363880101486,0.03932013446879859,0.19364916731037082,0.07164977208318385,0.1674044277318925,0.06042323647727911,0.12290197355980541,0.11928641587313162,0.0802044171976313,0.10760330515353056,0.14716573653773893,0.07237468644557458,0.06291221515007775,0.11860432389223005,0.16216874328520062,0.03647433262080387,0.13260366532421444,0.058848988633649964,0.1114949751180923,0.06454972243679027,0.1349676014587433,0.15257923607235446,0.12613124477737825,0.14018704083157008,0.13626689024548852
interaction,0.37845104393476503,0.251587006806895,0.3753171794630728,0.39138893620455095,0.24847643201913613,0.4119041027551545,0.237207891141676,0.399138099741906,0.42002797949301274,0.24576648882905897,0.27714584776696777,0.22145392461354632,1.0,0.16923696201492036,0.10788073200748666,0.16764845763947175,0.20802536554345102,0.18377315679903225,0.24331724894637358,0.299158908646939,0.3865394049606244,0.19785264366255237,0.14533535476263507,0.12520856721733628,0.2884539638796793,0.37528020786475,0.20465386800468224,0.2543560264571631,0.11869176783061007,0.3055527926847217,0.1580050874483686,0.16694475628978173,0.16962314726213093,0.21771943896921195,0.32453500377668065,0.11506215342799923,0.1543931228080069,0.24367168880021248,0.20401794405301132,0.2746816856110383,0.1837404423961386,0.18137984419302344,0.17642443255516607,0.20235068361475728,0.14713254694249794,0.12602372493918404,0.21830859654635545,0.17195944711439823,0.10297706237078272,0.19875229835835728,0.24855647385348728,0.187890124168433,0.16487720305212697,0.21316327608903393,0.1491997392588763,0.19176455496701433,0.1964402631903447,0.21375858562033928,0.15778678366067928,0.22380492711827904,0.15008471456872172,0.23775206471680693,0.12767584435658924,0.19094041896577102,0.2398882913743705,0.13097847552299663,0.16581617904358265,0.1427127940737078,0.16871330596302514,0.18558463655932764,0.18011364851142683,0.18258107373749063,0.18479129842275926,0.1495683377202567,0.23075935693101848,0.16971762839586954,0.23389013486249396,0.10449095865789604,0.13270143061943343,0.1460220967530788,0.16027764066487388,0.12759752944176292,0.1972334795758491,0.1531170353301155,0.15277639634236087,0.2073214459043099,0.22199869163236646,0.14039139522697905,0.12006777165497737,0.20558017232278586,0.13463696961322394,0.061501479738321145,0.17759895330589318,0.1170467146189995,0.15186762911597507,0.12126638586319544,0.1529814028828627,0.11340925075611323,0.1317610251753291,0.16630294352433977,0.13285838091748142,0.13619351808260427,0.1443397914853932,0.1589902492090155,0.09273656907171912,0.05826225420791253,0.28115973325964866,0.22219562811936927,0.13845360918526453,0.17053951033781967,0.16704225895132122,0.15072919802249612,0.09134970584071835,0.13581835216677887,0.20900024682983234,0.12466386075298512,0.19453202358288837,0.13780533179710394,0.06741431187975722,0.18752930374324372,0.16584936835704117,0.11296022131711031,0.11954384670749692,0.1972394059735781,0.10780762721356076,0.2092665000447985,0.15095817753951554,0.08474509702969095,0.15369923148106748,0.12965041518310452,0.14713989270146535,0.15062234135590943,0.13863299888918085,0.104437802882533,0.07320836487579406,0.08674261445463044,0.10286722013965985,0.15747830480519537,0.0782746105760451,0.10023862922678313,0.20157162071356466,0.10718192473108085,0.14464152934961452,0.08048711540184558,0.13752148941171205,0.15956974176382097,0.15956974176382097,0.13463696961322394,0.13554998106688476,0.06635071530971672,0.12479871810715583,0.09649570175500433
photon,0.19312094060688442,0.11470016712879895,0.24336199808858852,0.20453058013504,0.1641882486534233,0.1491849147593496,0.10396046656698751,0.3191629197971449,0.25247802947621406,0.11697167808041992,0.17426681170070704,0.22703938521088096,0.16923696201492036,1.0,0.045510737217905564,0.05339002222823215,0.18051017595084423,0.21990316450779673,0.2965334715830798,0.15956783724559945,0.09873728867800118,0.056674737094120076,0.16118343932826948,0.11151033572643386,0.18686507779881253,0.09498978328416434,0.16280428619079487,0.10902678152408052,0.1977182228248025,0.0935427302840036,0.09400244268521019,0.12911723084113394,0.22329997108823813,0.11994692280959558,0.26240863482689447,0.055235517300592785,0.23881927076861573,0.10496441247047507,0.16581333919996238,0.08605260295791374,0.48948046376528487,0.20904696244900267,0.1364489349081503,0.09819647520105385,0.11379421222936166,0.0714768095373474,0.15349335302899528,0.15959478899602317,0.10619172017511298,0.06901606293378929,0.11117308183238206,0.11229013778435762,0.20402905353883227,0.10801384102040407,0.24082018532357938,0.05932527348830257,0.15940137637144772,0.191679595492076,0.061017168260836745,0.04945532039687705,0.3051178864532983,0.0919402588773467,0.14652654091550119,0.2439860817006817,0.008245897913067936,0.0434144763175453,0.15087573484912842,0.040136697553929894,0.16310631250216234,0.05219402000069195,0.08891631202987758,0.2043046410420648,0.14561658038037903,0.1641882486534233,0.20010526932128403,0.09223802579815638,0.14471492105848432,0.13958895312762915,0.1500020776054905,0.15685468848588474,0.1043880400013839,0.05526392332833861,0.11440719048906889,0.07894846189762658,0.1403140954260054,0.1399375279512561,0.21290385286239574,0.08065981368425473,0.046430982721154083,0.04892257250211177,0.14655329297581873,0.060538594846334066,0.05494292977094084,0.037718933712282104,0.12982021604180227,0.04501871479331251,0.1470977966527871,0.030508584130418372,0.10541966767219,0.15685468848588474,0.03736523194714872,0.1404451013548773,0.051523504193754184,0.05177478413524588,0.044137637134429204,0.09831442896754196,0.06416633191777156,0.07838724890667902,0.0664645715175815,0.12833266383554312,0.1502240007662241,0.05627802485607724,0.22608333570335962,0.09003742958662501,0.02811191137925067,0.038566656046268084,0.0788090179349669,0.01578969237952532,0.1042781991171481,0.07735337905069796,0.1381369701012805,0.031769052438901976,0.09647661403898955,0.08514279304445205,0.05558654091619103,0.06639975963330519,0.138373931077335,0.06554295264502798,0.1343781409828783,0.0462799872555217,0.03139307407840769,0.14238065637192618,0.10324942042643143,0.14359741459669886,0.11324058996812499,0.0287519393238114,0.03535948299156321,0.1217957549904034,0.09513207761566782,0.020673560151212047,0.04454231286891507,0.1342123852259652,0.07191490310230217,0.15769942912909982,0.07735337905069796,0.06941998088328255,0.06170664967402894,0.10027330572029702,0.10027801460314358,0.07105361570786393,0.01754926191550154,0.15672514644190408
valley,0.17049434882530992,0.12462962881553577,0.310094110298956,0.26075756076191825,0.3027425107632567,0.2251384464280008,0.0354384955969167,0.2084545004249042,0.21459074748537452,0.1694637091472647,0.14138349073002968,0.08078865345335648,0.10788073200748666,0.045510737217905564,1.0,0.06629935441317959,0.17055368216583072,0.0,0.03304656754092802,0.05201443247546153,0.07947026838323164,0.16421601058527244,0.10446762723585361,0.05951898958700063,0.11602387022306429,0.3211069234712102,0.07862136275414387,0.1785560998938973,0.03069063745883284,0.07132674875181882,0.06809341743129796,0.07652441518328652,0.0,0.12698878010474682,0.09366426725726447,0.05334861561953442,0.0,0.2350143076430501,0.15498288986479666,0.046751038964104104,0.022875450543583874,0.03984981014200933,0.08053692774186988,0.08002292342930162,0.018317814287603876,0.07531100588381141,0.11118739749916517,0.1695571548169783,0.01098901098901099,0.10907738793870476,0.0939533838423878,0.421057451293024,0.0,0.1235415527768502,0.036342737789348774,0.11720180773462385,0.07216690432670639,0.09025166706782377,0.0,0.02686830533165206,0.22102106088450266,0.10185823364154034,0.046148166728961076,0.04651011867937011,0.011946314428672725,0.03144854510165755,0.06557474954819613,0.15506234790122142,0.03780826423017844,0.06616446240281226,0.11164249200502917,0.11317191247566251,0.10938835388564892,0.08649786021807333,0.06268198993325559,0.12335134242111895,0.08063729513245525,0.021287439778666435,0.022875450543583874,0.10907738793870476,0.0,0.022875450543583874,0.05524946201098299,0.04575090108716775,0.04279604925109129,0.05913123959890826,0.019899758692014234,0.08090071484586969,0.01921922268560893,0.1063154867907501,0.03352426172007556,0.03758820082744411,0.15919806953611387,0.06557474954819613,0.02686830533165206,0.19566373283982005,0.04632808229131882,0.0883991392175728,0.15272763624472385,0.05453869396935238,0.0,0.09043156884067047,0.06220426083921555,0.09376144618769909,0.03197238778028809,0.04747795383448982,0.08263245931822254,0.04367853486341326,0.07489308618940975,0.23756832053988977,0.09576084901786827,0.08153326507837141,0.02729501225810746,0.04348082951996001,0.09163658174683431,0.06704852344015112,0.17645263142138498,0.16012815380508713,0.10071594933968879,0.14942181724814022,0.047649310760087195,0.10355778842507526,0.03494282789073061,0.2878197989826109,0.21475059163974353,0.04809860702438819,0.08770580193070292,0.02373897691724491,0.0599019906698239,0.06704852344015112,0.045480981910888195,0.028128433856309726,0.05753210468059737,0.0,0.03785959930369332,0.12496384670929445,0.15368205123534828,0.0622773993251947,0.0,0.04492649300236792,0.05377587746479043,0.0,0.023152738856064555,0.012024651756097047,0.014008295367013144,0.02234950781338371,0.15644655469368596,0.02234950781338371,0.06603573764586061,0.10293952744612744,0.06356160452261517,0.10812232527259168
donor,0.1538554437923503,0.0775791113542719,0.09397076876470428,0.29398429835072426,0.3750886420057293,0.16299774747724838,0.026726124191242435,0.17530966481234236,0.1520265539702624,0.12171612389003691,0.14216678476125472,0.15086730182827146,0.16764845763947175,0.05339002222823215,0.06629935441317959,1.0,0.14291548761875736,0.04688072309384954,0.03322965241861512,0.20339901276170194,0.12785688039610243,0.11558806107754965,0.11740479964534359,0.15389675281277312,0.11666666666666667,0.06918984060216637,0.0856450199628936,0.11048943872867223,0.041147559989891176,0.12192725349171499,0.06162360225133207,0.04274909800354809,0.03253000243161777,0.1881781623272861,0.11634393668004339,0.14305114154288537,0.04348853820356281,0.07645528515426074,0.13246529829345224,0.07051507420834027,0.03450327796711771,0.07212705552515175,0.13987993302813898,0.026822089039291005,0.11051579279910752,0.10412633627862855,0.044721359549995794,0.054248898080449,0.13259870882635919,0.06398099132915955,0.1484589938661346,0.0769800358919501,0.041281450384839165,0.09109906574999144,0.08770580193070292,0.054997194092287024,0.13787677565830092,0.09773257860139561,0.1,0.1350858067395748,0.07730280475365979,0.07878657654117757,0.037123069759313634,0.07482847110217516,0.10811249552346708,0.052704627669472995,0.0439586982263858,0.03898035641364574,0.08553989227683016,0.06653102732642345,0.060448238684264646,0.07878385971583353,0.07071067811865475,0.010872134550890703,0.08666523419529533,0.07235359517703827,0.040542021284209986,0.03210806495339678,0.08050764858994133,0.08226127456606228,0.0380177299008134,0.06900655593423542,0.14444444444444443,0.2760262237369417,0.07530800950958866,0.09343531843023135,0.05002501876563868,0.06327138353044139,0.12561705772469717,0.09799578870122228,0.06741998624632421,0.12598815766974242,0.15007505629691606,0.0439586982263858,0.09906292494235484,0.043721722385596865,0.07453559924999299,0.05555555555555555,0.0511912597361626,0.10968169942141635,0.013608276348795433,0.056832861622539456,0.07505866250408016,0.13199326582148888,0.0,0.04774099160262886,0.07270397783247151,0.12297746456210364,0.08606629658238704,0.062317695284975584,0.1137989084784262,0.05856069741052554,0.0,0.08744344477119373,0.12285902336679023,0.06741998624632421,0.12524485821702988,0.10350983390135314,0.0,0.0563436169819011,0.07666127661014253,0.04628067563337489,0.10540925533894598,0.062017367294604234,0.0,0.03627381250550058,0.10079052613579392,0.05967623950328607,0.07529232524210427,0.06741998624632421,0.11433239009500588,0.04714045207910317,0.04628067563337489,0.03922322702763681,0.06344891563557342,0.027923593886113034,0.07726674092862558,0.03131121455425747,0.01259881576697424,0.03011693009684171,0.06488856845230502,0.023002185311411807,0.0814835345064508,0.0967301666813349,0.02817180849095055,0.022473328748774737,0.07865665062071157,0.033709993123162106,0.10624254305194611,0.14951420452417674,0.038348249442368525,0.06523280730534423
device,0.3935282075377535,0.2394847410096739,0.4087566577022073,0.3515625928401541,0.4139313638363966,0.27255035996919935,0.26584256413818125,0.31176470588235294,0.29015990077248344,0.34129223864140645,0.3134751742390471,0.2537596094612762,0.20802536554345102,0.18051017595084423,0.17055368216583072,0.14291548761875736,1.0,0.06833981028894996,0.07693431805669285,0.2003260349860289,0.14389773620687418,0.15716956940659915,0.28294632244773743,0.19794806524062755,0.3744385775611443,0.19381067623528503,0.2304886114323222,0.2273853889818865,0.13760659224649044,0.09225155057709326,0.21841278568142225,0.10117345556743186,0.10041928905068677,0.2005492219760487,0.19382739943950306,0.13799850962414406,0.1622163452872365,0.1966795984593417,0.14833263808215452,0.0685283342617131,0.14201432049934526,0.1401897970279986,0.2954460674406424,0.15639831090736325,0.11371981260569765,0.18993906942721567,0.19557607215607947,0.271133755761826,0.13644294573266458,0.15048205013439067,0.2048413549886763,0.1584236068762679,0.0764608716032104,0.20452399702596544,0.2331420245685224,0.1980707604463386,0.2576133733435689,0.25141498428702574,0.10289915108550529,0.12046852858909161,0.17897384217780352,0.17024850870342756,0.10504814000783759,0.16843282210650196,0.04944304004933447,0.11388849035479448,0.1074286773450764,0.23063512107853829,0.23471952797950385,0.15158969515342957,0.15105890224117452,0.1621358456799762,0.16169041669088866,0.12865434281401517,0.14998082909587665,0.20208192416047058,0.19607175995147771,0.18722058217982493,0.07100716024967263,0.1598871782677901,0.05867988199487596,0.15384884720762404,0.08003267306650412,0.13609705714520587,0.1273071397963887,0.22724980785885593,0.12868829910051732,0.1441626580370879,0.1491448684815029,0.13750477455423168,0.08671824188679006,0.1361227819459545,0.1647210228486622,0.1752783682998615,0.14826895826349737,0.21932274572685997,0.14380593540888195,0.097182531580755,0.11061828056682353,0.12696922980089212,0.021004201260420147,0.134505223938544,0.06436227211069413,0.19887921252979304,0.14059673488550548,0.16579712839131272,0.08015547428036479,0.12654276706088277,0.1273071397963887,0.15496725027537195,0.22068490106441202,0.1084652289093281,0.06354436513946038,0.1068495427900087,0.12115335490652102,0.1560928353962221,0.10202675090782506,0.14793158385348465,0.0955258527151328,0.12078563242759342,0.11339546658702482,0.23215930892397293,0.06025846050518227,0.12231274357081114,0.18748191812522919,0.05598816770176194,0.1490868564169978,0.11667205331240524,0.15495032701332584,0.1965613482767241,0.12941176470588237,0.13581995002034647,0.11310325306552528,0.06054055145966812,0.15016330979251602,0.16521556110290264,0.1855159144696489,0.11813623789327111,0.09074852129730301,0.06198013080533033,0.1001546791334383,0.06508989689553324,0.08384586528160264,0.0995345203586879,0.057977103565244846,0.13296797089307807,0.1560928353962221,0.10406189026414807,0.14348601079588788,0.2899459043528299,0.032883352610291024,0.1622163452872365
center,0.14528749691776877,0.1342879324529184,0.033040631920307,0.1927645048904345,0.1337945514463376,0.19103630661005236,0.012529400275814702,0.2867592039575547,0.19312181983410703,0.07703288865196432,0.21065786705495473,0.12649373897812494,0.18377315679903225,0.21990316450779673,0.0,0.04688072309384954,0.06833981028894996,1.0,0.1343628490179943,0.20841862823015556,0.02809698283824899,0.1045064291978232,0.12166785257190209,0.08417256229267932,0.07422781156526177,0.05406116263629584,0.1297186304156927,0.038848685863753035,0.3255233679911786,0.10087125544480041,0.18778233715736445,0.1322711693170675,0.6748257910357243,0.1937673541796645,0.2766103138709493,0.03772316787148735,0.09174483527748864,0.13685429109080416,0.2027404869238783,0.13223190671613808,0.13749078271755805,0.180339654274632,0.10871930568966823,0.08802072503347048,0.12305018164316502,0.046596307588620156,0.17820842224272612,0.14714388078109686,0.1554080837772632,0.03213723361898911,0.11863406219709825,0.08119979429411502,0.6618740515862136,0.13394750691446733,0.20558557070186492,0.13259870882635919,0.04082376594132391,0.19145269739114637,0.05469417694282446,0.14565716689234745,0.08833527748583463,0.09972643531516187,0.11747405388015286,0.11181790906071062,0.0844731994270118,0.13342487699899822,0.20865757536062537,0.13020419477784775,0.04678534003859093,0.14035602011577278,0.07287061215260403,0.0800246267513914,0.13259870882635919,0.13761725291623295,0.19391251311281474,0.0799540231365673,0.14254794551175023,0.030104986043190587,0.11322770341445958,0.09641170085696733,0.5948421804906561,0.12940308961652522,0.12501526158359877,0.06470154480826261,0.1740029156422807,0.10751682985805454,0.10553440736324404,0.04449312316583062,0.06795021345064202,0.056382301241166166,0.11062441971717744,0.026578871697687526,0.05628501726039683,0.09273670016027795,0.0633292029966728,0.06917757616165486,0.11138026390170383,0.08594799233872416,0.1655919458036294,0.16068616809494557,0.105264362823256,0.13588264806622438,0.043985054658106114,0.05966941897186163,0.022607892210167617,0.0923229535613814,0.05112622578878209,0.10501031986032268,0.0983494740586804,0.08034121195380042,0.09233610779006698,0.06588882814765344,0.10615268543152748,0.10760956291812979,0.136793346533433,0.07901744265512674,0.1174313903400205,0.016175386202065652,0.02373897691724491,0.08584645893961879,0.121295342726362,0.008136268271116942,0.08236103518456679,0.05087983290508828,0.00949072497576786,0.08502712798142947,0.04429811949614587,0.125894936674611,0.10589275952301445,0.047410465593076045,0.0884397544915823,0.15248851515031303,0.10577148752452024,0.202269456964282,0.05354155880129408,0.009818087045699813,0.018111603429195534,0.19816547119878458,0.17719247798458349,0.06353565571380868,0.06084046019137625,0.1536661689196237,0.12278593986123386,0.1275406919721442,0.10895896711567,0.11852616398269011,0.08691918692063942,0.15013314104474082,0.04669431789004382,0.04852615860619696,0.06292277821345421,0.0764540293979072
entanglement,0.21034544584861342,0.10262132103581366,0.17884073360395836,0.20198059402174692,0.11786670352193529,0.14217941045926177,0.06660748630287956,0.34193030247419043,0.2089974223810192,0.10465362369445672,0.13286679871186582,0.22559706004894914,0.24331724894637358,0.2965334715830798,0.03304656754092802,0.03322965241861512,0.07693431805669285,0.1343628490179943,1.0,0.1303497995726729,0.16131553841538998,0.024691828457241192,0.16169947573880963,0.08949387307563465,0.1246111965698067,0.09771406004964835,0.09851380077988758,0.11875090757664088,0.06152936023521891,0.18768442352560452,0.0614319265078426,0.14702564862425693,0.20673372889855324,0.05527289265750319,0.20711081661917186,0.08021598263251078,0.08941611991319229,0.0623597535304901,0.0640846773767852,0.1991712695283599,0.18917776913478015,0.19773245126901304,0.11559243866701807,0.06684665219375899,0.0826290310833457,0.07077440377150897,0.08916451401205645,0.052148726504214996,0.041308209426160016,0.09567297464698797,0.05549895860162588,0.04316658473017156,0.14197801362913687,0.049535841117809135,0.10382668678464387,0.05874228140418678,0.16276727362706217,0.14092349409045432,0.03322965241861512,0.14813219535326147,0.10114434748483474,0.13548411615480027,0.1873509807936254,0.0909135368849297,0.044906758104423676,0.06304883249912806,0.04929971387076877,0.029144333132531612,0.1350168921935302,0.08527382664854538,0.08393387621895895,0.11126331166854848,0.12335879094879225,0.10567359626104543,0.15904657113824378,0.0540964084268288,0.1454973057672186,0.07201843908090926,0.11178686357964282,0.11617432635705682,0.1421230444142423,0.05159393703675823,0.19107050140703694,0.10318787407351646,0.03217447260438934,0.10161239416557417,0.21693197514910184,0.13515981960609363,0.11559353998266826,0.11323272671489525,0.10081542190649244,0.028259163145533728,0.052362890553231484,0.04929971387076877,0.10773250571146288,0.04903394528305916,0.10448966485787865,0.04984447862792268,0.053583634688967506,0.09567297464698797,0.010174461594455996,0.059488891486675466,0.20576929444637967,0.09163795899053138,0.036055713064713335,0.008923593133549014,0.1009512735001343,0.05910828046793255,0.04021809075548668,0.03882741288466704,0.13744291441408932,0.07881104062391008,0.13338420617720018,0.04903394528305916,0.04592882973340072,0.07561156642986933,0.046820734939919645,0.04299494753063186,0.05047946573825776,0.11233672849896924,0.10030496079406735,0.025951906659302734,0.0700542583323645,0.10046475850696777,0.020181439491500322,0.06328172452642944,0.07535776838808994,0.08923593133549014,0.011258720089130009,0.11761799222424119,0.07693431805669285,0.0986870327590338,0.0692050844248073,0.15640490410377617,0.05692640614851976,0.020877554680067304,0.048141505210826455,0.10924838152647917,0.04709860524255621,0.15762208124782012,0.08085842158543538,0.2063757481470329,0.05221934092587069,0.1084829563310219,0.02106313659355673,0.09241413674761807,0.03360514063549748,0.10081542190649244,0.03971703124896662,0.034395958024505485,0.133801394982387,0.10567359626104543
coherence,0.3218816095753122,0.28403126388700284,0.2993630556338964,0.4051821763367687,0.30422290302797245,0.2983822282732816,0.14910355955507248,0.3727459556456458,0.2898407913176399,0.21008031464614602,0.32929497319822604,0.27921124710890854,0.299158908646939,0.15956783724559945,0.05201443247546153,0.20339901276170194,0.2003260349860289,0.20841862823015556,0.1303497995726729,1.0,0.15882213268922354,0.2245492415261151,0.21330424184602842,0.1609840161737986,0.25570161604328245,0.1487732500142703,0.2515387674291119,0.1625311485177255,0.17755027175789578,0.30760191001433485,0.23277762598518512,0.16545579440084857,0.19566143837192163,0.2425401200577865,0.30715220048844044,0.12158164045778973,0.10235536924305615,0.15995241792813641,0.1915465631913393,0.23767897022002415,0.09023056297141274,0.10898139116223785,0.2040802558652181,0.14496272516121084,0.19749234195996995,0.18318627539016857,0.21831072916392613,0.21077520989680015,0.1444845346540598,0.14341596030219741,0.24353210832893143,0.12078768833575482,0.23318575081558107,0.16026779720367593,0.22171668525393087,0.16437122424051265,0.15181714313683342,0.24097864778152053,0.1917762120324618,0.23080108572315963,0.1465637499474252,0.1277430347591597,0.13591432331510733,0.1614411083267515,0.23874829844392303,0.18193488931859053,0.17243657655820296,0.14781112350262057,0.11433450906844013,0.12924770590345405,0.13549715344171634,0.09614735572654176,0.21779187211867926,0.10804177864544814,0.2307616111778369,0.1675896041725171,0.16963626043691424,0.10635790761512624,0.12632278815997786,0.12429383226190444,0.17398729640849586,0.09023056297141274,0.13947360875088133,0.21053798026662973,0.1631790620197996,0.1554926033927807,0.13605481295394664,0.12291529981229207,0.11624021547554411,0.11182766966630438,0.12341842778618879,0.15155869846188827,0.14652056779655792,0.13220137536128893,0.1413067871774447,0.08003659652524446,0.20953931593858982,0.16271921020936156,0.13387180747324287,0.23424606849358914,0.10676224188257434,0.1189002645920257,0.12431584251356995,0.143002965089246,0.0672601467023169,0.1435762432835399,0.08691673850433326,0.20214987702065612,0.19694024726527537,0.08148444234781244,0.1556671473667819,0.10413781543488347,0.050242829020796416,0.12577179453966986,0.12851693517431317,0.14692669974546285,0.09280062187542742,0.0842151921066519,0.03531260356281062,0.13752283283450578,0.12529951054999347,0.07866949406081726,0.11638932313310504,0.12974679032711,0.04235341014416199,0.08853669183266276,0.12520066394677726,0.12484890720307817,0.10238760004942324,0.14104963175564433,0.07773846133786196,0.15286523854367676,0.10287549223337643,0.1641181506119883,0.06637086926267732,0.07302383266106684,0.09429587294517978,0.09280062187542742,0.17132722434822154,0.07088372311113916,0.14706644564172555,0.15038427161902124,0.18873690051061143,0.06324049416618768,0.1915496600194902,0.09403308783709623,0.16455790371491838,0.13517256376582582,0.11808118359353369,0.15038427161902124,0.08022853108509165,0.09666895984066413
exchange,0.3414406378060867,0.1974267110060985,0.32255667127361565,0.285718950551559,0.1915700150791539,0.1660718060477602,0.05766388083288671,0.24120001497533197,0.31037523417302226,0.2319746980521765,0.18988474881032386,0.2503915429180672,0.3865394049606244,0.09873728867800118,0.07947026838323164,0.12785688039610243,0.14389773620687418,0.02809698283824899,0.16131553841538998,0.15882213268922354,1.0,0.04156517503240214,0.09776908757842917,0.08608581939007431,0.19178532059415365,0.10505096644714687,0.14214338317104439,0.27315559771559944,0.0369913968015396,0.09800587292677737,0.029546255784845828,0.12297974198582044,0.029244266930983184,0.10633604493705262,0.1553945193963131,0.19290311045270103,0.10164939575628573,0.14496376358808843,0.05043619793543149,0.09579327247251677,0.1158013889632752,0.15562024275828995,0.10589572815983041,0.21219342149797113,0.13909420056455368,0.17019803510362014,0.09649012813540153,0.07803106732678859,0.04768216102993899,0.23664757372703923,0.13589031145630553,0.1314886764350883,0.023751528589944077,0.08934271123648291,0.07884696253709626,0.09040846714944138,0.14613094054326953,0.15061880828219448,0.09589266029707683,0.07772242425980772,0.06949473371488082,0.15298985200971388,0.11346957862396372,0.1278136144116185,0.02591798701775267,0.1364576478442026,0.00790371846773349,0.07709480781404968,0.11620417761930046,0.08886201817946505,0.08694813626560212,0.13220889319090215,0.10736005473996164,0.09383021146734068,0.11899210711866634,0.08177139209938224,0.1107989448307628,0.09236783296117665,0.09098680561400195,0.10517669943423966,0.027342159439835402,0.0579006944816376,0.13584793542085885,0.13234444452945737,0.030949223029508647,0.10385177812476096,0.15110651212172097,0.07800764512385157,0.08339368045785699,0.14736325101737716,0.04040676148970224,0.0996710517402531,0.05756438557017941,0.06322974774186792,0.17487545458456735,0.07074999459548673,0.046904923399153524,0.09589266029707683,0.0662696920808001,0.08545606829031972,0.04893501829289196,0.06539825151937141,0.05398181119392522,0.08814825547070534,0.01156088678177274,0.025751310131230238,0.1792742875337673,0.14530212501928982,0.05416114030164013,0.08216738178631001,0.1007305852883064,0.16846623190642296,0.03947838348409224,0.12577776816975417,0.1325393841616002,0.12122028446910674,0.09758175897405974,0.10752986118018412,0.012139284012153828,0.12831980892490874,0.11716060673492143,0.10817569197899146,0.05896318116724804,0.11150644377188486,0.019412901636615076,0.0695678476053965,0.07248803762927498,0.03433508017497365,0.021659944102254382,0.12122028446910674,0.07400455004924958,0.07458698539828913,0.06656965660245628,0.018806097925581494,0.054758567819339354,0.07028877719835742,0.11113970010196403,0.0750628915185075,0.018122009407318746,0.11912969256239911,0.15555843629401253,0.10752986118018412,0.06697433909341906,0.017391961901349125,0.04052204492365539,0.09697622757528539,0.056569466085583144,0.04040676148970224,0.09551137584354213,0.07444375004781978,0.09193289141911526,0.06255347431156046
relaxation,0.1763867812859852,0.15963620746952265,0.20947947993280797,0.29520238928806647,0.18984979532587354,0.26578694530024155,0.11915566233622105,0.22655073067617898,0.23321967402988653,0.1763640963419925,0.16977747742535762,0.1250394992435298,0.19785264366255237,0.056674737094120076,0.16421601058527244,0.11558806107754965,0.15716956940659915,0.1045064291978232,0.024691828457241192,0.2245492415261151,0.04156517503240214,1.0,0.1423381762956678,0.1397677856438237,0.14035693130845314,0.22278804381235442,0.13707057874789255,0.11288881600242863,0.05350687511966639,0.1971882561455828,0.18824946423663366,0.10800237981568196,0.07251582679557442,0.1797799043432999,0.16055229560205353,0.07307881270095316,0.05655100286302616,0.14977532742852437,0.13896066847885163,0.21541137576129893,0.05982250501558313,0.05955018928132182,0.07658739588495828,0.05979175584623441,0.0410602699545977,0.07737275132714308,0.18830858371138184,0.1900352967938442,0.18063761164379966,0.04754210614429543,0.20558675959215303,0.12155266811034784,0.07975460122699386,0.14153913154777067,0.08146401099445898,0.1342758101199446,0.07549062236510824,0.09337084290165384,0.1568695114623888,0.107069530149422,0.10052191481998413,0.07610672512113735,0.06206601357728217,0.05560250070920067,0.07140864991893044,0.04699562699927744,0.32664218756663926,0.1665486446997828,0.056499373103207205,0.16949811930962164,0.09625079440653632,0.08456011189561807,0.07589502311127304,0.12118072042077034,0.11123290594627766,0.1612905128711447,0.1506270096130687,0.039764024709805265,0.05127643287049982,0.2716691779674025,0.056499373103207205,0.10255286574099964,0.041281450384839165,0.09400679359591635,0.15188825135538134,0.14516892920502428,0.074343791886277,0.07388043243406071,0.057441094182848075,0.14563469841093682,0.050097506709135084,0.13106454177400326,0.19329385890432021,0.1306568750266557,0.0803021476120665,0.04061016255151639,0.0830773163432567,0.04953774046180699,0.06846928214552028,0.1222511300853311,0.21234882749824002,0.10135337575532942,0.055773548138062304,0.07706263885144646,0.047778439528494435,0.07981810373476132,0.10033002899416554,0.16317926041415778,0.1918588438173238,0.06174155630410187,0.03902774395182373,0.034811575555020326,0.030591547499484666,0.056854227572122946,0.10650777222636487,0.10854459786979269,0.15510868201327604,0.14528322646641617,0.05016881992204536,0.11862325767597731,0.049843846817415466,0.051584402203272,0.06962315111004065,0.12288800980658646,0.08022897935303533,0.09883074902017552,0.13106454177400326,0.05321206915650755,0.08951547999862369,0.04174792225761257,0.1359304384057074,0.07005694441040587,0.077376603304908,0.12629695263702434,0.028288043238043112,0.07262176670128632,0.11482859275355801,0.06979890690597422,0.07489402387085901,0.0,0.14464948783178175,0.03418428858033321,0.3200375931830923,0.0539076812837321,0.05233379015116646,0.09184542896674766,0.20039002683654034,0.050097506709135084,0.04934077053477808,0.06836857716066642,0.018996856280406867,0.06462971755774419
measurement,0.26891329138734504,0.22235710506894296,0.32781131925691526,0.3468700703047571,0.24487508622275,0.22913701678341938,0.10404202164530078,0.34335059353208586,0.19363812399094701,0.2233761563293962,0.22307040805403672,0.26138553756899846,0.14533535476263507,0.16118343932826948,0.10446762723585361,0.11740479964534359,0.28294632244773743,0.12166785257190209,0.16169947573880963,0.21330424184602842,0.09776908757842917,0.1423381762956678,1.0,0.2947972317534897,0.20391359938401782,0.09405832958662802,0.1905183740721785,0.19970037878596697,0.06864993051879689,0.1675235703441389,0.23227858274750587,0.1759273802399858,0.14472676110113522,0.16818933976492303,0.2557274291272096,0.16905383313274092,0.11487967007980865,0.15074891482357042,0.15166871420812947,0.1525043608311765,0.07035687600822249,0.21393000007424876,0.1801479197391358,0.14916514688183022,0.13316534103626196,0.15792973900100168,0.1284991342049001,0.1594664643886131,0.11675793632242462,0.1575757485415649,0.1801357158357421,0.1016755390190898,0.1193804059253988,0.12435400084345175,0.14632695620632938,0.144188688900596,0.1937106575031746,0.18246683539198535,0.08032959975734034,0.16026666518086113,0.13434454397555734,0.17964322653597095,0.1909679009098692,0.12484262355420682,0.0868463349416736,0.12310418016971533,0.07945165427353376,0.11380985482714508,0.1479990682128813,0.1215706631748668,0.15367752220092626,0.12170530612137224,0.16166610573703186,0.09674077480404938,0.14020934754027,0.1092170487263204,0.18037242515709204,0.16070574503216387,0.08314903528244476,0.12199412790314701,0.1215706631748668,0.1087333538308893,0.1359423995893452,0.09594119455666704,0.09572775448236508,0.1369907183380933,0.10571719149781852,0.145774664048287,0.12897076221653506,0.11890516759462946,0.12498047332644496,0.2662490593602372,0.10571719149781852,0.061116657133487504,0.13522499874635158,0.2249125840690133,0.16580533445793566,0.12358399962667746,0.10818179267250445,0.14740957121630263,0.06054354789153331,0.08849776760424088,0.11826963391576019,0.13632385132419986,0.1251547431856598,0.21240081678227385,0.11552205046250733,0.09770173029342485,0.18547252430958236,0.09819374289313122,0.12657351836622713,0.09118828160719654,0.11447713681058837,0.0547084663951654,0.08540667842566141,0.09998437866115596,0.09286956306682016,0.1279215927422227,0.10325566478996126,0.09400278879076847,0.15987555866196795,0.1286898975044411,0.17586311452816478,0.0747274543916929,0.06004523861191403,0.08069153096048315,0.06305898774321407,0.0796503062933527,0.05024660415090421,0.12498047332644496,0.10173350919469211,0.12583740122233833,0.10295191800355288,0.0508973143805758,0.10585715534396721,0.12423273899028789,0.1002637952618174,0.09867391075849642,0.1331245296801186,0.04187217012575351,0.15035979036347433,0.14710983165355612,0.09063054988223015,0.22862600438803557,0.09400278879076847,0.07498828399586698,0.13747852065908944,0.14997656799173395,0.08862667920586555,0.09594119455666704,0.08530614080584929,0.1451111622060741
readout,0.22663088064973233,0.15612765115376206,0.25308143301363917,0.2781847182003199,0.2844416545993582,0.12542412026272454,0.07540616835222373,0.28152613723111475,0.1547180827243398,0.23414645289542352,0.23441792713488788,0.32147983186609186,0.12520856721733628,0.11151033572643386,0.05951898958700063,0.15389675281277312,0.19794806524062755,0.08417256229267932,0.08949387307563465,0.1609840161737986,0.08608581939007431,0.1397677856438237,0.2947972317534897,1.0,0.18382112141525678,0.08281849174905268,0.16222142113076254,0.14347096177878432,0.09498713802919553,0.06622661785325219,0.1633299115423794,0.08552631578947369,0.07509392614826384,0.09825717044936438,0.161997203440837,0.17887273762808487,0.1422208272996791,0.12301048307916046,0.13190927761477322,0.04220238145283726,0.05309942440535915,0.16650179452901162,0.2039406392529356,0.11007553084805223,0.07086675685963292,0.1092593525152622,0.08029550685469661,0.07752391454091312,0.05951898958700063,0.11253104922628396,0.129814528874145,0.07404360971988654,0.10800237981568196,0.06372659274182271,0.1968405559163083,0.11486707293408518,0.16751674785874504,0.16652232900499675,0.051298917604257706,0.062367801024943145,0.0817894731149928,0.1454999795390668,0.12854519753400953,0.13675082230675908,0.0,0.06488856845230502,0.01691275228729346,0.08998425413316952,0.14627012952620635,0.07313506476310318,0.1395418147013968,0.07409465668197894,0.09068453126375146,0.09202524119391002,0.11518748380176122,0.07953559537197222,0.13102499399023126,0.2388308018790861,0.04424952033779929,0.1476970021094977,0.08044857123941349,0.08849904067559858,0.051298917604257706,0.12389865694583801,0.033113308926626096,0.11111348444340044,0.0692881915268685,0.09737260471306501,0.141272726289533,0.05484084971070817,0.06917144638660747,0.4944237931350443,0.12317900715887733,0.06765100914917384,0.11780584638044816,0.05046473326893667,0.035846208417275274,0.04274909800354809,0.1260506983326509,0.05626552461314198,0.04188539082916955,0.06997114285413196,0.028878211074619464,0.05078333750770081,0.06184633699941168,0.28470336386862494,0.06393660631422403,0.10814761408717503,0.04966996338993914,0.05594453052494602,0.10777404608287847,0.08111071056538127,0.08447772061910234,0.025232366634468335,0.031512674583162724,0.06052501558828153,0.11243619908556622,0.16814817728363732,0.025976216673306556,0.036129582063505,0.1179792153678273,0.07122445697957626,0.2613567340440063,0.04772135722318333,0.04154064923972639,0.04652018297279918,0.09694584179118516,0.11020775375559676,0.023174488732966077,0.11240360037823713,0.06158384251930635,0.14509525002200233,0.062321399857129235,0.0704238182012342,0.15623331337290142,0.19338076916709301,0.11891100529341271,0.08834272785294489,0.07755667343294813,0.023174488732966077,0.1081831831110235,0.07079923254047886,0.05374307729250139,0.17677669529663687,0.05419437309525749,0.0778178771849334,0.0518785847899556,0.0518785847899556,0.14306584587982538,0.06194932847291901,0.039344473768231684,0.08365931017628184
semiconductor,0.39343034912615293,0.30136500949159467,0.49121083672459054,0.37542589451545194,0.3397542047153345,0.2988292037082887,0.27616994997617184,0.33728055078026736,0.28934086078211235,0.32559063140584876,0.28941095469255423,0.2872281323269014,0.2884539638796793,0.18686507779881253,0.11602387022306429,0.11666666666666667,0.3744385775611443,0.07422781156526177,0.1246111965698067,0.25570161604328245,0.19178532059415365,0.14035693130845314,0.20391359938401782,0.18382112141525678,1.0,0.24985220217448972,0.2239946675952602,0.2589596220203255,0.14915990496335552,0.13627163625544617,0.1643296060035522,0.14107202341170869,0.04879500364742666,0.1680162163636483,0.25761871693438176,0.2056360159678977,0.11959348005979774,0.18766297265136728,0.16363360377426456,0.14103014841668055,0.11501092655705904,0.14024705241001728,0.24294935736466242,0.2101063641411129,0.18879781269847534,0.16565553498872726,0.19006577808748212,0.21312067103033536,0.0883991392175728,0.21479332803360704,0.23281069492643836,0.14433756729740643,0.06605032061574266,0.1946207313749817,0.26311740579210874,0.16106321127026915,0.232213516898191,0.24084099726772493,0.044444444444444446,0.12608008629026982,0.17876273599283826,0.17726979721764954,0.14385189531734033,0.14030338331657843,0.10811249552346708,0.10540925533894599,0.10440190828766628,0.28748012855063737,0.1948408657416687,0.1378142708904486,0.15975605937984227,0.17069836271763933,0.1649915822768611,0.07610494185623493,0.2048450990070617,0.15504341823651058,0.19460170216420794,0.2033510780381796,0.12651201921276495,0.1553824075136732,0.05702659485122011,0.10350983390135314,0.11666666666666667,0.09775928757350018,0.08606629658238704,0.2548235957188128,0.1250625469140967,0.1807753815155468,0.18842558658704575,0.16035674514745463,0.15731330124142315,0.17008401285415226,0.1600800600500438,0.13737093195745564,0.18011440898609973,0.1311651671567906,0.1583881484062351,0.12777777777777777,0.11262077141955772,0.13710212427677046,0.0408248290463863,0.10229915092057101,0.09382332813010019,0.12727922061357855,0.16878498775964423,0.19096396641051544,0.10386282547495931,0.1976423537605237,0.10758287072798381,0.21811193349741453,0.24072846024282468,0.1288335343031562,0.07547713887932334,0.10930430596399217,0.13309727531402277,0.10674831155667999,0.12002632245798697,0.06900655593423542,0.09283444198266944,0.1314684396244359,0.15811388300841897,0.19669287144184325,0.12297746456210364,0.14470719035407653,0.1619552660357832,0.09068453126375146,0.11338934190276817,0.11338485505624354,0.10540925533894598,0.20225995873897262,0.13148224860925678,0.1414213562373095,0.11570168908343721,0.07190924955066748,0.15862228908893355,0.06980898471528259,0.12877790154770932,0.09393364366277242,0.08189230248533257,0.09035079029052513,0.12977713690461004,0.08625819491779428,0.05820252464746485,0.09068453126375146,0.1267731382092775,0.1460766368670358,0.13483997249264842,0.08989331499509895,0.126163019874186,0.21852076045841218,0.07030512397767563,0.15220988371246985
orbit,0.27677607442597546,0.19819149595051527,0.35464486429597764,0.274874685708464,0.24071720210605874,0.40412074263159015,0.3513434918140958,0.25050359513404186,0.4037820875301268,0.21474873987196233,0.19672994353107418,0.12445885443572609,0.37528020786475,0.09498978328416434,0.3211069234712102,0.06918984060216637,0.19381067623528503,0.05406116263629584,0.09771406004964835,0.1487732500142703,0.10505096644714687,0.22278804381235442,0.09405832958662802,0.08281849174905268,0.24985220217448972,1.0,0.1732146774037498,0.20545256632247838,0.028469931168686492,0.11413583905028761,0.07106212028501613,0.12422773762357903,0.039388049453055074,0.16275021320291896,0.1609963686784148,0.03711632130491317,0.060179300526514684,0.20678813336337146,0.11321782962299415,0.13552574290347214,0.031830350703961514,0.06099450469308599,0.1018765291543015,0.13609317811801497,0.044604992178788404,0.03929718877966846,0.13924186824493712,0.16622521563130357,0.03058161175916288,0.1201569389157566,0.228782205434653,0.22636504754880568,0.04570011155125219,0.12033247873019257,0.09102525683205769,0.18482628736514198,0.14058464192372516,0.14007210322643468,0.015375520133814751,0.006231043623950822,0.16714277309394093,0.14718322815681037,0.044949437387925235,0.08413226230602884,0.016622858516380252,0.03646624787447364,0.15207476616811838,0.1281096207265997,0.1117937285554735,0.07233711847707108,0.2150950628183646,0.17564470908566313,0.11415741278435239,0.1053137759214007,0.10357338277701471,0.2503066858646476,0.13464460753651805,0.05183621091062231,0.0397879383799519,0.15810123541546922,0.026304406718934942,0.06366070140792303,0.06918984060216637,0.06366070140792303,0.10421098348069739,0.1704349717047369,0.04845712304320891,0.06253909915928249,0.06685710923757637,0.17258978545253828,0.07774630169639037,0.0523026032815805,0.22844072291798487,0.18248971940174205,0.0560793926155574,0.1663804451491389,0.0773565934694095,0.061502080535259004,0.1487604342575059,0.08853669183266276,0.03766217885773547,0.07864513273256968,0.03462197929646073,0.07827936876641306,0.244686229315071,0.03303191599175254,0.18684256081667958,0.17625353139328925,0.07443641677192671,0.20840131783398874,0.054510426957619595,0.1620722127754384,0.037980008786676046,0.06806472756101138,0.13459277385202914,0.10884482237494651,0.17331343552554454,0.1511941658438172,0.10510691307008664,0.20791498015612014,0.09282317640775109,0.10406995852609766,0.04862166383263152,0.1859421094994525,0.15874683642404494,0.17568455137019184,0.18305911148553175,0.041289894989690684,0.1146082076054886,0.07774630169639037,0.14239151723408697,0.12394233388015402,0.09606457710101322,0.036184651012597,0.06146028502887878,0.11592174060118732,0.12474171473634474,0.0722139314689769,0.008717100546930083,0.020837855928270654,0.09727531034255116,0.015915175351980757,0.08054046806003506,0.033463724070512735,0.019492029389636262,0.06997167152675132,0.17881649390169782,0.02332389050891711,0.13782946160499282,0.05570311373193265,0.08844364220965313,0.0827465382239577
frequency,0.3231973417884659,0.2759925270727452,0.2912521978887731,0.31093357409581873,0.24818573738102215,0.3355756090527795,0.17431306503775654,0.25760491865965424,0.25297539470208424,0.22372322931097996,0.3161045021262765,0.24427633538741125,0.20465386800468224,0.16280428619079487,0.07862136275414387,0.0856450199628936,0.2304886114323222,0.1297186304156927,0.09851380077988758,0.2515387674291119,0.14214338317104439,0.13707057874789255,0.1905183740721785,0.16222142113076254,0.2239946675952602,0.1732146774037498,1.0,0.15149691210609675,0.07929188092706832,0.1403353498469529,0.1705120731461781,0.16729084054109888,0.15912532964840728,0.3307429199016067,0.16424635350863648,0.11662597783099601,0.21273063204087614,0.14836060651405208,0.17094491890824498,0.16259559449156763,0.12274756325774572,0.14255361023806978,0.18333795263951427,0.11662597783099601,0.19658341274873353,0.15154197358509133,0.1016465997955662,0.14704292441876154,0.052414241836095915,0.0975498715714635,0.22006338738466497,0.10269797953221864,0.12238444531061834,0.08838834764831845,0.1646766207543649,0.1350957736406123,0.17640977514801304,0.18212319909644353,0.03952847075210474,0.11747417793605462,0.09166984970282113,0.14481554922068757,0.09905072696163268,0.3050288001117891,0.05698028822981897,0.10625,0.08470898071068662,0.09822815974821765,0.11834413955010048,0.08453152825007178,0.1484857855940761,0.17647164468919743,0.18633899812498247,0.16115956972793646,0.12612967190188917,0.17773024746897928,0.18269230769230768,0.22210697362297918,0.040915854419248575,0.12464705811909224,0.11834413955010048,0.08183170883849715,0.05929270612815711,0.0886510179083719,0.07016767492347646,0.10576426402833117,0.13050922441596863,0.10718661571406801,0.14323414016065802,0.15318420866954363,0.10660035817780521,0.13446321855011928,0.13644146188942174,0.39096452635701523,0.0854357657716761,0.05184758473652126,0.15467960838455727,0.11858541225631422,0.05463482975759611,0.08129155964288624,0.024206145913796356,0.08761412822779371,0.08159123900082742,0.1509345884812358,0.1143739277494535,0.20522521243870795,0.11084954379348298,0.16145833333333334,0.0956831930774679,0.16011600770169765,0.1505199322349037,0.11805555555555555,0.09764168323561791,0.10369516947304253,0.10926965951519221,0.2798259402167387,0.07426106572325057,0.1091089451179962,0.05004004806408973,0.14476650603589652,0.10795454545454546,0.13720532498711294,0.04861111111111111,0.09805806756909202,0.04801382997483599,0.06452317515109549,0.14193339735845925,0.21230194390211168,0.10714285714285714,0.10660035817780521,0.1355815361366601,0.11739356881873896,0.08918346124162341,0.062017367294604234,0.20315112708223554,0.09106159954822177,0.04581354163361446,0.06188422143604215,0.08217196689173956,0.03571428571428571,0.10901019990904763,0.040915854419248575,0.062117733417101174,0.12904635030219097,0.10022296571715915,0.09327531340557955,0.16656305965282064,0.06662522386112826,0.3070961343199971,0.09547032697824667,0.09853009767101027,0.11603489020411425
dot,0.36063016315002616,0.19286263058855996,0.49642654910945155,0.3629552182306925,0.23649728372363338,0.2532590104612363,0.12734616114283653,0.30318051864251533,0.3078381394275383,0.3063701371612547,0.22720396224725176,0.2019542962683536,0.2543560264571631,0.10902678152408052,0.1785560998938973,0.11048943872867223,0.2273853889818865,0.038848685863753035,0.11875090757664088,0.1625311485177255,0.27315559771559944,0.11288881600242863,0.19970037878596697,0.14347096177878432,0.2589596220203255,0.20545256632247838,0.15149691210609675,1.0,0.03196666974612267,0.12481109553731944,0.06808757225188623,0.1594121797542048,0.005054374280407205,0.10859950204350774,0.18593515666504218,0.12224674949362155,0.08784184824020669,0.1814292945360327,0.10654159040349254,0.11199808271085894,0.10721946984992434,0.18428955102415898,0.16014491500823191,0.19448346510348882,0.1087526861360273,0.20591085468602696,0.06948615819181192,0.08188136928440504,0.006867542303611435,0.2385863039676223,0.17195348535499352,0.18539290527852156,0.0,0.06691259677730037,0.10901885432142895,0.1464896838272619,0.1668716406650057,0.11714354975478986,0.041433539523252086,0.07835916357604392,0.10809884754064132,0.13220847268733457,0.0807523593500907,0.07557245511261472,0.037329027968574895,0.07861461384965021,0.08196140071591504,0.10296225130357178,0.11223364940311434,0.059070341791112806,0.13954113568397533,0.20673863047092134,0.11719174706180953,0.09459891348945336,0.09793220199061821,0.10920795915448359,0.14110315306347473,0.11973157004355395,0.11436743450658596,0.16473816226335825,0.0,0.07147964656661622,0.1519229782519243,0.0643316819099546,0.05349046951599404,0.14253628758308065,0.14301723786024872,0.10111721285054769,0.0840768814204988,0.13841974037264843,0.09078708160581105,0.1252832474465037,0.11814467475411851,0.06147105053693628,0.16791249337723696,0.17662570696760763,0.12160077683567086,0.13120620849029827,0.11453589451026125,0.07952876798920742,0.008457585839117283,0.042386159128626096,0.09329838178275733,0.1464896838272619,0.03996205406440479,0.07417793484175383,0.08391638744411052,0.14740240096809415,0.09360832165298957,0.09037149417058056,0.11425029578656179,0.13830348732808834,0.07676063223197965,0.1426592248584523,0.1018096840091211,0.09078708160581105,0.10378675566038824,0.21443893969984867,0.1363744739266468,0.08754433054134662,0.11315739872298135,0.20853597707823449,0.10918696368006973,0.1284799519464513,0.10904367363975198,0.1052066710873986,0.1252832474465037,0.044506760905052296,0.06551217820804184,0.08380345994382558,0.07816372746252348,0.11719174706180953,0.07909985337450273,0.056880499454767766,0.11041435245514877,0.1909005996003983,0.23210400589718386,0.05838005005896839,0.023490608896219442,0.06551217820804184,0.06049266897545614,0.0929235405366011,0.028938439264005463,0.060118097764227774,0.06128103137894264,0.11173794659176745,0.08380345994382558,0.07681983828184011,0.0660300690989043,0.12151539916324758,0.1032787410796639,0.09459891348945336
defect,0.10581440058234236,0.13259870882635919,0.04745455991642284,0.15447859516333115,0.18621435285095533,0.1634821400680945,0.032991443953692905,0.25757131369214875,0.13166864327677227,0.12959031905837254,0.1645260835650096,0.0913266025895431,0.11869176783061007,0.1977182228248025,0.03069063745883284,0.041147559989891176,0.13760659224649044,0.3255233679911786,0.06152936023521891,0.17755027175789578,0.0369913968015396,0.05350687511966639,0.06864993051879689,0.09498713802919553,0.14915990496335552,0.028469931168686492,0.07929188092706832,0.03196666974612267,1.0,0.07968190728895957,0.20919202181046503,0.05540916385036406,0.2785816033957858,0.15555279019719945,0.21542711013009835,0.041387381917441096,0.04026256277858494,0.14156767945931312,0.16592340121742524,0.08704569738537928,0.11712737024998898,0.0890355703234618,0.08179178119091965,0.06621981106790575,0.04263239263154681,0.04381920683746824,0.2484236013632475,0.23677368110027786,0.11253233734905374,0.025386380475389672,0.0999609603732926,0.11581320482871722,0.3821919651404742,0.1686826922836866,0.15563293906372044,0.15275252316519466,0.0671837316822557,0.18742862746295796,0.03086066999241838,0.10838980106369024,0.09840667431338064,0.05835375692327263,0.12029249451950898,0.0779374154043487,0.055607067440108786,0.04879500364742666,0.15261692391683992,0.08119979429411502,0.04399697311237122,0.1407903139595879,0.039974424549814924,0.056730862893117545,0.07273929674533079,0.09059076625181611,0.13859017269277252,0.05741692517632146,0.11260385457098458,0.0,0.07453559924999299,0.05923488777590923,0.2375836548068046,0.07453559924999299,0.03086066999241838,0.11712737024998898,0.19920476822239894,0.1258244303001555,0.037051334291781896,0.09205101496312953,0.026838183903649265,0.049487165930539354,0.09362816758985389,0.034992710611188256,0.055577001437672836,0.06104676956673598,0.066701416039194,0.020239224690630542,0.1552647508520297,0.05143444998736397,0.1516604710285333,0.16924253650259782,0.10079052613579392,0.15785101685321729,0.02316360613610725,0.04364357804719848,0.01488233659121359,0.11049892402196598,0.019231658288777185,0.08945750668694888,0.05976143046671969,0.1346216080214403,0.04862645390838646,0.07590333900710813,0.08893595740629327,0.030358837035945815,0.1516604710285333,0.031209389196617962,0.12561705772469717,0.021295885499998,0.0,0.13041013273932525,0.06210273191490665,0.03213568479932417,0.08674667315098074,0.0956948752938691,0.02499024009332315,0.07836039099693788,0.05832118435198043,0.09944903161976938,0.12547286652195427,0.0,0.07409585736349485,0.13965944975103511,0.22494979359526918,0.060522753266880246,0.023496912561674712,0.012926112238824687,0.04769006786376002,0.07730280475365979,0.18662778992633738,0.013941429613550474,0.010012523486435177,0.053239713749995,0.1293241612227127,0.08955473256792901,0.13041013273932528,0.07282190812544191,0.062418778393235924,0.07282190812544191,0.061475926130276456,0.085183541999992,0.011834526708278772,0.08052512555716988
decoherence,0.1957890020745122,0.273498013416606,0.22884560199885337,0.30259991532419295,0.14386761984886365,0.2542686011390617,0.08050764858994133,0.287824837800531,0.22159000978262935,0.16891995328345302,0.1802590918870873,0.16480441082434807,0.3055527926847217,0.0935427302840036,0.07132674875181882,0.12192725349171499,0.09225155057709326,0.10087125544480041,0.18768442352560452,0.30760191001433485,0.09800587292677737,0.1971882561455828,0.1675235703441389,0.06622661785325219,0.13627163625544617,0.11413583905028761,0.1403353498469529,0.12481109553731944,0.07968190728895957,1.0,0.13701264338582017,0.09382104195877393,0.11548914453059721,0.13882112167876096,0.22172288896848516,0.12119508818627765,0.04912552872888028,0.09870334871066368,0.1458631464018354,0.29839108844191553,0.0445435403187374,0.1293272615092085,0.08078767603922848,0.08656792013305546,0.14267527500128435,0.05499266813300748,0.08660254037844387,0.08504253190158576,0.10699012312772822,0.1179987209007981,0.20908334939572668,0.07453559924999299,0.10658824656517989,0.08553337321327789,0.09907424048765213,0.16735967034880075,0.08899907599222925,0.09012301173931252,0.12909944487358058,0.2383398696918449,0.08108546209455464,0.10679868459703684,0.11981419244826491,0.10867853340033277,0.3256694736394648,0.1632993161855452,0.16315750172876017,0.06290427967469976,0.07362101738323103,0.12270169563871838,0.11705751086586395,0.10170952554312156,0.17243117551088563,0.07719725943109758,0.16782650436677218,0.07339207049399828,0.10991300127873234,0.04145133361448391,0.0890870806374748,0.11209878485575821,0.11656661085678247,0.059391387091649865,0.14344382763731175,0.08166315725101857,0.1597222222222222,0.054829307913314085,0.07104022367677845,0.12835900770256756,0.06237343238042665,0.1667658435077356,0.07253235664820744,0.0569275042553311,0.18082966026816333,0.08512565307587487,0.08138434574843484,0.04233337566673017,0.2646188733785785,0.16496040178290852,0.07269639535749654,0.09439897672063849,0.10540925533894598,0.07337090886046865,0.14535047493345277,0.17040257344605167,0.051881067197057526,0.038520846960085356,0.14079064767409769,0.1474229937786172,0.08333333333333333,0.053634532447275306,0.0847579379526013,0.045360921162651446,0.05314940034527339,0.1270001270001905,0.13217526428635734,0.11605177063713189,0.10779361112725909,0.08166315725101857,0.010895340841010225,0.11517055318010709,0.0865981222196073,0.03734255957901841,0.08316168879819433,0.08006407690254358,0.06098264357375362,0.15609763526361567,0.0569275042553311,0.09245003270420485,0.07776157913597391,0.0507726496537452,0.095941612600177,0.10345870530653138,0.12696470256866257,0.075955452531275,0.01638243957276635,0.03604920469572501,0.01662515560179388,0.1010565104318054,0.06506000486323554,0.05832118435198043,0.12565617248750865,0.1113588507968435,0.13525044520011484,0.07804881763180783,0.10001653302482984,0.10879853497231115,0.11605177063713189,0.1523179489612356,0.051434449987363975,0.0445435403187374,0.11551721334727867,0.04912552872888028
temperature,0.17066028010431553,0.14342112903322354,0.1421382422685609,0.3182605798731428,0.20099402855611606,0.23716200290669076,0.10430746963578579,0.3029596704613276,0.1903905500937934,0.18001406414816382,0.1971186614432617,0.1430305630861087,0.1580050874483686,0.09400244268521019,0.06809341743129796,0.06162360225133207,0.21841278568142225,0.18778233715736445,0.0614319265078426,0.23277762598518512,0.029546255784845828,0.18824946423663366,0.23227858274750587,0.1633299115423794,0.1643296060035522,0.07106212028501613,0.1705120731461781,0.06808757225188623,0.20919202181046503,0.13701264338582017,1.0,0.13171767059869308,0.2004615931080879,0.22364131296169185,0.19801565892517106,0.055095791550236084,0.06029820856683482,0.1927411397328411,0.14885450263431327,0.14001821520711094,0.04252432555625623,0.059263053083222605,0.1497141456545669,0.06060537070525969,0.07945444800933303,0.09916625347480468,0.22965760608731267,0.2626652692622075,0.19747091055076407,0.039427391613140544,0.14138711436988516,0.0770865405878555,0.2289520510986085,0.21434709901482515,0.20718198571028373,0.19366429792470893,0.1565138028422183,0.15916960098356409,0.1574825390867375,0.1165426363404782,0.10718273909366804,0.13108804169897675,0.08578714819486491,0.14409999813361685,0.11103802370895091,0.025982792098465237,0.1963947667867123,0.15613714865122832,0.08785460497148624,0.17570920994297248,0.11707262969199943,0.07012698672710278,0.15493143833976714,0.10719681522992856,0.1262329290434591,0.08280422745481167,0.1698874867976573,0.13190764158320387,0.09213603870522183,0.12391465935558456,0.1991371046020355,0.14174775185418742,0.06162360225133207,0.05669910074167497,0.13259288069595498,0.11515641798342269,0.12330887436116565,0.11697031717714208,0.11909193232629782,0.14273653739633846,0.13156430984740247,0.06211075293294655,0.1787978678236902,0.0880390333871469,0.07214544154410556,0.1414502265767421,0.09186304243492507,0.07531773608496142,0.09463769486177744,0.19713695806570272,0.15933229171843208,0.17511228297161835,0.09250770327336817,0.1452482234435317,0.04952923310331557,0.14709859388022928,0.05120321156614731,0.10826163374360516,0.12596323666115725,0.07680481734922096,0.10249328829345791,0.02165232674872103,0.07611010666965776,0.06062152567574662,0.08201933554687377,0.09001768568506485,0.09004379214589185,0.09213603870522183,0.05200720661785805,0.12152338248029255,0.09448288035805541,0.12120923275404544,0.11547907599317882,0.09554333937093654,0.06653511264465184,0.07451076646594544,0.03881922058309159,0.13974366418621784,0.09279568606594726,0.08309324832467525,0.13386590090151687,0.11619857875482535,0.07842950354673528,0.12891074887278872,0.12511842369295684,0.0774338599379501,0.039678790918686195,0.15436078653581461,0.5279413999300456,0.09279568606594726,0.1066311288790181,0.09213603870522183,0.19367905836053118,0.07451076646594544,0.12152338248029255,0.08309324832467525,0.2146575581720777,0.11771543512662327,0.08183810269003938,0.10631081389064057,0.0315087636089518,0.08039761142244643
phase,0.26722148613923663,0.17908759985284473,0.19720631143919937,0.1956463952178074,0.12130599975560866,0.18813618039408678,0.11653680563525487,0.24340280614773463,0.18113336514069048,0.13112201362143716,0.15237165263767713,0.19199489958669377,0.16694475628978173,0.12911723084113394,0.07652441518328652,0.04274909800354809,0.10117345556743186,0.1322711693170675,0.14702564862425693,0.16545579440084857,0.12297974198582044,0.10800237981568196,0.1759273802399858,0.08552631578947369,0.14107202341170869,0.12422773762357903,0.16729084054109888,0.1594121797542048,0.05540916385036406,0.09382104195877393,0.13171767059869308,1.0,0.11264088922239575,0.12928575059126893,0.15773411913976235,0.12383497220405876,0.12548896526442274,0.12835876495216744,0.13190927761477322,0.1446938792668706,0.07964913660803873,0.16033506139830747,0.10763533738349379,0.08255664813603918,0.14882018940522915,0.0582716546748065,0.0917662935482247,0.07156053649930441,0.06802170238514357,0.09143147749635572,0.129814528874145,0.0962566926358525,0.1143554609813103,0.07009925201600498,0.14060039708307737,0.0967301666813349,0.11726172350112153,0.11280544868080426,0.07694837640638656,0.062367801024943145,0.03717703323408763,0.19399997271875574,0.12854519753400953,0.16554046910818207,0.01848684666616339,0.08922178162191939,0.06765100914917384,0.05998950275544634,0.08044857123941349,0.05850805181048254,0.09967272478671199,0.11450992396305837,0.12695834376925205,0.11712303424679456,0.10306248550683898,0.06362847629757777,0.13102499399023126,0.0823554489238228,0.08849904067559858,0.07736509634307022,0.1316431165735857,0.09734894474315844,0.13679711361135388,0.04424952033779929,0.05794829062159566,0.07843304784240031,0.11548031921144751,0.07650704656026537,0.09666028640862784,0.10282659320757782,0.04323215399162966,0.009694584179118516,0.06158950357943867,0.11838926601105422,0.15938438039707692,0.08410788878156111,0.08603090020146065,0.09404801560780579,0.11029436104106953,0.04219914345985649,0.05235673853646194,0.052478357140598966,0.05775642214923893,0.1305857250198021,0.07421560439929402,0.12857571271486287,0.09590490947133604,0.08111071056538127,0.07450494508490871,0.07192868210350202,0.05388702304143923,0.15320911995683129,0.10559715077387792,0.15980498868496612,0.07090351781211612,0.12105003117656306,0.040155785387702224,0.1061988488107183,0.012988108336653278,0.12284057901591701,0.1179792153678273,0.08903057122447033,0.03604920469572501,0.11134983352076111,0.0,0.09304036594559836,0.038778336716474064,0.05510387687779838,0.011587244366483038,0.1037571695799112,0.08797691788472335,0.0870571500132014,0.08903057122447033,0.18108981823174508,0.04882291042903169,0.042973504259354006,0.11891100529341271,0.12046735616310666,0.08725125761206665,0.08111071056538127,0.06657426652986062,0.07079923254047886,0.08957179548750233,0.07443229275647868,0.0975498715714635,0.11240360037823713,0.0518785847899556,0.08646430798325933,0.10218988991416098,0.06194932847291901,0.14754177663086882,0.09202524119391002
diamond,0.15765491576150778,0.13103560459023977,0.03126343639517204,0.16574249997722762,0.13925778432983163,0.19552294386575214,0.006520506636966263,0.2984684424562079,0.17947103843914503,0.0445435403187374,0.21925965968417804,0.1486470975026408,0.16962314726213093,0.22329997108823813,0.0,0.03253000243161777,0.10041928905068677,0.6748257910357243,0.20673372889855324,0.19566143837192163,0.029244266930983184,0.07251582679557442,0.14472676110113522,0.07509392614826384,0.04879500364742666,0.039388049453055074,0.15912532964840728,0.005054374280407205,0.2785816033957858,0.11548914453059721,0.2004615931080879,0.11264088922239575,1.0,0.15248934515941345,0.27168513470152317,0.06543919662519036,0.0795758767599038,0.07630846195841996,0.1825029095544413,0.12042741561180836,0.1767766952966369,0.15250906395521008,0.15087818809316483,0.05889527696267132,0.10785237025461401,0.04849897460394816,0.13093073414159545,0.10777377517367857,0.08087693101032827,0.0,0.09384346758861495,0.07747247335011402,0.7312012535220421,0.07273929674533079,0.16583469084797875,0.10926038022920609,0.09029278587585611,0.1992702853326139,0.03253000243161777,0.13183024865146248,0.10608723674750081,0.10379856482176553,0.17661348162016485,0.10269156151018119,0.09671474291233285,0.13115784746777814,0.21717769007962806,0.03566337437590941,0.0765218548535542,0.10434798389121028,0.08848716081237631,0.06407097870320745,0.1322625655406179,0.1591517535198076,0.22489689044715863,0.04539206495016018,0.12462962881553577,0.06266852586051232,0.08417937871268423,0.1070383784664793,0.7095662904602299,0.08417937871268423,0.0569275042553311,0.06734350297014739,0.157485197087178,0.08703882797784893,0.10252078087154091,0.07938841860374447,0.0636523420485005,0.045643546458763846,0.057570773308979785,0.055328333517248814,0.05858330335516623,0.07239256335987602,0.05932361189315812,0.04800153607373193,0.09547032697824667,0.07319250547113999,0.09741723051615436,0.14048787173725408,0.029880715233359844,0.12479218605744782,0.08240597348979506,0.05520524474738833,0.011765520133375292,0.07862136275414387,0.06841782379641614,0.07715167498104596,0.0866168583979479,0.0912237650618882,0.1537703488876979,0.06857926664981863,0.18079726583031924,0.11200358417204118,0.06744269804964532,0.0657951694959769,0.05347407899331232,0.008417937871268424,0.0,0.09622504486493763,0.1543033499620919,0.03387398604503847,0.06857926664981863,0.06808809742524027,0.0,0.06194932847291901,0.027664166758624407,0.10482848367219183,0.12123834639878651,0.08224396186997113,0.0836827408755723,0.17941704542901207,0.08468496511259617,0.16268128799957746,0.0650157914671245,0.010218988991416097,0.00942557726359264,0.1986180076894458,0.18442777839082938,0.04408667141774055,0.03957797417883147,0.1431049438115632,0.09371974928126209,0.15044836914851759,0.13402774106187743,0.074019565682974,0.0657951694959769,0.22205869704892203,0.038880789567986955,0.05050762722761054,0.05613608914238398,0.09549105211188455
resonance,0.23664020383869105,0.12994442454726302,0.21443807133494183,0.3988909699564361,0.2630440671893494,0.3560214424900207,0.1454896813755518,0.23512667404088472,0.2847624309231325,0.14356098389730051,0.25797231289624883,0.11933130595708737,0.21771943896921195,0.11994692280959558,0.12698878010474682,0.1881781623272861,0.2005492219760487,0.1937673541796645,0.05527289265750319,0.2425401200577865,0.10633604493705262,0.1797799043432999,0.16818933976492303,0.09825717044936438,0.1680162163636483,0.16275021320291896,0.3307429199016067,0.10859950204350774,0.15555279019719945,0.13882112167876096,0.22364131296169185,0.12928575059126893,0.15248934515941345,1.0,0.26473127571236377,0.0703021162794687,0.0920654235162723,0.15555008490775854,0.22151582603600836,0.0995204781067326,0.08347838711296822,0.10664293170772358,0.16921509906663668,0.07570997137788936,0.16154547458445428,0.1087865502092303,0.2118923641468466,0.17343961719574952,0.17377412014333773,0.05528491242336398,0.2122466659521029,0.12222530175967619,0.18976767680681658,0.17031537543718167,0.145886370236009,0.1378142708904486,0.12289925496785001,0.16889819731271333,0.16129556770910236,0.0980493384937581,0.09935915448290938,0.1381986908028415,0.06174904943556012,0.2489334524991085,0.08719033170952704,0.08926073982886737,0.1595327216890052,0.12378237474570462,0.05173952057462543,0.0689860274328339,0.17758988634117256,0.13766444660777954,0.2518674605928888,0.0920654235162723,0.19061888386598827,0.13129103486109328,0.10789759759533417,0.06473610705873582,0.05565225807531215,0.16585473727009195,0.14946972610447345,0.12521758066945235,0.10080972981818899,0.11826104841003832,0.17569548212468183,0.12844348917856466,0.09682576561754629,0.04920457689457823,0.10520381062896288,0.14010117465793878,0.1563215837502731,0.06096399424789501,0.14523864842631945,0.2725350662187172,0.10894370943750901,0.05289090025053461,0.09580239868341468,0.08064778385455118,0.12385384951332691,0.13268378981607357,0.1152351196091188,0.13750333019910538,0.06809979138795856,0.1653771250685383,0.058337722331712236,0.14438269394140335,0.15077352058969484,0.15408103899030676,0.2342606428329091,0.12564460049141238,0.09001136893585585,0.11334697121126014,0.06640433435235939,0.11900452556370288,0.11766115703766057,0.17671135554378697,0.1262590031797617,0.09739145163179626,0.040837592788779256,0.1363196353181994,0.11012688680184934,0.08397976331526777,0.06375767130633384,0.11878712677908439,0.048979999835100665,0.12432961009727539,0.28957897267750127,0.1516018286384735,0.13662358137071534,0.07476249657621757,0.15214078908527834,0.11975584918756221,0.1049747041440847,0.04744899503104265,0.07675521650975066,0.10978382825326366,0.07010315349252075,0.11994605302077362,0.16765098418171126,0.04554119379023845,0.1112037839174208,0.0765218548535542,0.1056128541200535,0.1316431165735857,0.08519977207387462,0.09515226836973145,0.12913522135892125,0.0679659059783796,0.14458880781356395,0.10434798389121028,0.054122273313999616,0.07891322015680483
information,0.273981857302916,0.15472901518449333,0.25770475902919987,0.33476965888547355,0.2087096440713471,0.2821993989803971,0.11549283573690149,0.41425855958638885,0.2885404695924285,0.17903465306514932,0.3113953987844479,0.2517143630038639,0.32453500377668065,0.26240863482689447,0.09366426725726447,0.11634393668004339,0.19382739943950306,0.2766103138709493,0.20711081661917186,0.30715220048844044,0.1553945193963131,0.16055229560205353,0.2557274291272096,0.161997203440837,0.25761871693438176,0.1609963686784148,0.16424635350863648,0.18593515666504218,0.21542711013009835,0.22172288896848516,0.19801565892517106,0.15773411913976235,0.27168513470152317,0.26473127571236377,1.0,0.1381974432760379,0.15720986176802768,0.20793760959370847,0.21368934081494262,0.18752003036991316,0.16630452632106868,0.17582285979104478,0.19822687936147296,0.12036551511138784,0.18827554942218952,0.15103752155502126,0.21927177314291404,0.2163953267394475,0.13774156949597716,0.11393572046825728,0.14468358362797676,0.14873623557035132,0.2387700806389514,0.2229882438741499,0.2660338547999155,0.18020518964353624,0.19176986242385166,0.2889058817508322,0.12742431160195228,0.17961616623636192,0.1638140513192597,0.17677942339520872,0.1989845307109243,0.16789832171567853,0.1377616031764694,0.11562943287008008,0.1698687515278079,0.1457719752328304,0.11847675965087215,0.14691118196708147,0.18514885733742617,0.14403752606867418,0.19195770201159296,0.15178883205188878,0.6521196507467699,0.09792253458438724,0.1819344223480281,0.12807698317223024,0.17777380399838377,0.1048208628307967,0.22747537852967453,0.08601958257986311,0.18836637367245118,0.1261620544504659,0.16092790328357795,0.19905963905569354,0.18956921948239122,0.13520648275942798,0.11081538765714626,0.11549283573690149,0.19609766527029351,0.11307567783880672,0.13469391910590955,0.09315383148299143,0.15267374130090763,0.11990213637534747,0.14865882924943327,0.07756262445336226,0.15825391981781864,0.24610115621143572,0.09499442651092728,0.15869181249500158,0.11227654642710147,0.12222612862778981,0.07213632218614266,0.11902231937268719,0.14500571988562874,0.12263727728644856,0.1716564301691498,0.11393306562442258,0.19205003475823226,0.10511766624552733,0.15053669942686004,0.11445203926737714,0.1072042682636836,0.1008502278532938,0.11969429879991864,0.06308102722523296,0.09257763805507589,0.09832857309700378,0.16245457510672406,0.07499805850734315,0.14599675867434353,0.18553743394936528,0.06056522105357167,0.13263605599463138,0.0628198210215593,0.11902231937268719,0.1201344757091741,0.1064530182895879,0.11971692318322247,0.19744220778335275,0.10384346562555204,0.14342066016741079,0.06960073958944135,0.06961587512068246,0.07063191782486189,0.13010249869556373,0.175895498860366,0.07508404731823382,0.12402571748806687,0.18924308167569887,0.1799287166642595,0.12660714435851178,0.10535204260393263,0.1064530182895879,0.1232613895984702,0.168083713088823,0.046352533880859,0.09748886025717819,0.057363252491744135,0.16263089148416657
error,0.3254216965347264,0.2929173779361566,0.19591099449976207,0.19819740309893122,0.2580778244594612,0.1311582028811588,0.01433700965465308,0.20853108120981767,0.1262762250403187,0.1371165899248297,0.21653586261717103,0.39220661657476263,0.11506215342799923,0.055235517300592785,0.05334861561953442,0.14305114154288537,0.13799850962414406,0.03772316787148735,0.08021598263251078,0.12158164045778973,0.19290311045270103,0.07307881270095316,0.16905383313274092,0.17887273762808487,0.2056360159678977,0.03711632130491317,0.11662597783099601,0.12224674949362155,0.041387381917441096,0.12119508818627765,0.055095791550236084,0.12383497220405876,0.06543919662519036,0.0703021162794687,0.1381974432760379,1.0,0.043742004145671386,0.07270629833758786,0.04388995090253388,0.08195900262456034,0.05552699962688633,0.18056250850750058,0.20734029575870241,0.19424460431654678,0.20008784934262108,0.15995619033548503,0.023990405756162687,0.031180045169940555,0.02667430780976721,0.22064192308964867,0.17918911584724587,0.04645722098118832,0.05979175584623441,0.07330401758827489,0.09409811314590939,0.0948304052263602,0.21021024238999375,0.1572835155171684,0.026822089039291005,0.1014519390167733,0.023326005511007896,0.12045357255203772,0.22403661356162735,0.06021167743729669,0.02899802981190384,0.1950834538263933,0.017685961768191653,0.04704905657295469,0.17590082654130496,0.06883075821181499,0.04864044120772984,0.0704382566719033,0.08218635119617884,0.03499360331653711,0.10777424912550744,0.0582202371645401,0.09134342319630456,0.06889643016474778,0.11105399925377266,0.17651353847171894,0.04588717214120999,0.09254499937814388,0.05364417807858201,0.0740359995025151,0.0,0.07518391291050519,0.06440522436115988,0.15273636144233665,0.19438337925839913,0.10035906758257156,0.05425034622380048,0.17234254472861732,0.06440522436115988,0.06190086618867078,0.21739701217879992,0.04397654740416157,0.11995202878081344,0.11622905250359436,0.04943003496036573,0.08090203846620451,0.0,0.054877538692708484,0.06039690386563594,0.17448794561650274,0.012934759914813772,0.13445387839692433,0.07521708472456592,0.10602361620999637,0.01731358402661109,0.025072361574855307,0.15496416467818724,0.17906210737688275,0.0993823137549234,0.12313433273165239,0.03295335664024382,0.036166897482533655,0.02519496554107915,0.04627249968907194,0.0,0.1360128160335834,0.10795131832290537,0.08379074717799256,0.11309185729066279,0.09980612085349731,0.0,0.019458788576341684,0.060826780492453165,0.08643463611230849,0.0,0.17179276304203486,0.04599950320804801,0.08345075659919697,0.0,0.021040977754871997,0.07147696351420016,0.033703610467964655,0.031086831074451385,0.05878825292918469,0.02027559349748439,0.10905286238742483,0.10442681763959126,0.10179949931595826,0.04683339895217495,0.07783515430536674,0.022668802672263903,0.1356258655595012,0.036166897482533655,0.09041724370633414,0.0854894084850002,0.06478149956470071,0.11314381771485651,0.1137292107787456
resonator,0.1806556053201229,0.11678545896676293,0.20061743076533498,0.1282813977990441,0.13297872340425532,0.17278301060131313,0.06101970382851058,0.18645556929567414,0.26392332557616305,0.12505318017683686,0.10929998917614005,0.12491131605836449,0.1543931228080069,0.23881927076861573,0.0,0.04348853820356281,0.1622163452872365,0.09174483527748864,0.08941611991319229,0.10235536924305615,0.10164939575628573,0.05655100286302616,0.11487967007980865,0.1422208272996791,0.11959348005979774,0.060179300526514684,0.21273063204087614,0.08784184824020669,0.04026256277858494,0.04912552872888028,0.06029820856683482,0.12548896526442274,0.0795758767599038,0.0920654235162723,0.15720986176802768,0.043742004145671386,1.0,0.06800990296285958,0.11436727868234621,0.038332468732955906,0.1575521978122203,0.13330975891293248,0.09364885999138228,0.12247761160787989,0.04505784634913456,0.05557461733534295,0.06563924617405255,0.07583159817876829,0.0324366975817775,0.10732267744919906,0.0990449687006063,0.06590881300103707,0.040393573473590114,0.02431083191631576,0.11442591353812462,0.08456536073598113,0.1065089503231593,0.0887998029382181,0.04348853820356281,0.06168418480510757,0.07564018449987205,0.12334726957820136,0.036324630842882365,0.29287627418170264,0.011754135979637028,0.030942637387763802,0.08602647872386805,0.04767746397421859,0.158100207111407,0.02790003654907182,0.07604758875930602,0.19700620635187918,0.05381432046835163,0.1702127659574468,0.12334726957820136,0.08091133940627349,0.12694415338569764,0.23039491354576488,0.06752237049095156,0.09837912099509914,0.06510008528116758,0.06752237049095156,0.07610494185623493,0.022507456830317185,0.06316139407998893,0.07480286332371114,0.12726762397382033,0.0707549137677225,0.07564018449987205,0.07845390492237075,0.021989974856677124,0.06163920909019224,0.04894908614377705,0.09677978856435156,0.08812026400729651,0.05347670046445116,0.06381593378032888,0.04348853820356281,0.04007219498504305,0.0804920080868993,0.0,0.04448840533001291,0.036722154507941446,0.06457718456202195,0.11010318582559755,0.1401425507601155,0.1524434328089239,0.034380708208626445,0.021053798026662976,0.05081447760297463,0.0685238978615232,0.034380708208626445,0.06713980440645823,0.0641720405573414,0.020036097492521526,0.06596992457003137,0.010212592127570835,0.06752237049095156,0.0,0.045943153868330935,0.0750124542733668,0.05660659491662032,0.034380708208626445,0.06068350455470512,0.013205995826747507,0.047324852428030105,0.12327841818038449,0.11678545896676293,0.014734589232268476,0.12094486171172418,0.033562002473221345,0.13837968120433278,0.06792791389994438,0.012793206052938004,0.1490022319459825,0.02732301628868249,0.02520163211054493,0.07148814489299585,0.012327841818038449,0.014734589232268476,0.021164317410844253,0.10128355573642733,0.011390142225037866,0.047324852428030105,0.04134883848149785,0.0879598994267085,0.021989974856677124,0.09895488685504705,0.18192560763660512,0.03376118524547578,0.012507819831856498,0.07446808510638298
energy,0.20623549957619866,0.16798530752762428,0.3019297303613952,0.2857903713627112,0.24143515551815153,0.2747313201133853,0.1560378995210988,0.33137532346483023,0.24541724765593953,0.2398369011024675,0.168334570994162,0.10889310129609417,0.24367168880021248,0.10496441247047507,0.2350143076430501,0.07645528515426074,0.1966795984593417,0.13685429109080416,0.0623597535304901,0.15995241792813641,0.14496376358808843,0.14977532742852437,0.15074891482357042,0.12301048307916046,0.18766297265136728,0.20678813336337146,0.14836060651405208,0.1814292945360327,0.14156767945931312,0.09870334871066368,0.1927411397328411,0.12835876495216744,0.07630846195841996,0.15555008490775854,0.20793760959370847,0.07270629833758786,0.06800990296285958,1.0,0.2144683514979551,0.11272613858569798,0.05036101551853349,0.0952503612297644,0.1381593897175512,0.12863422013573236,0.023044135779558987,0.10066399471358692,0.23778872610128002,0.18421874291421345,0.1658924524539177,0.14293884554775518,0.14352253145386323,0.3130032180229999,0.09812866279799873,0.20204270845206798,0.17373527704037056,0.35386069477175314,0.15887768338364647,0.1397393236207338,0.15986105077709065,0.09013548108713498,0.1511132722329171,0.19713764211655818,0.09288834166635833,0.09361688883994083,0.06011470308353028,0.046156633137705086,0.11686678309317924,0.19507118825585468,0.09512693608857885,0.21403560619930243,0.0810278297359177,0.11499299242061263,0.17693034738587657,0.13601980592571916,0.12813946737576282,0.13578090752936633,0.1825976695557564,0.060254949152376246,0.06474987709525734,0.10291596879438374,0.06539976856089796,0.10072203103706698,0.11120768749710654,0.12230532340215276,0.09421683286017897,0.16471661752259797,0.13142981219900263,0.11308281825797516,0.08462343245043358,0.1783290280241129,0.11246431142310666,0.03940552031195503,0.0813613123136683,0.06874516652539955,0.07323507838329717,0.16409896784637873,0.12821941113304314,0.17376201171422898,0.2753921806412203,0.11435107643820415,0.1957890020745122,0.14220565008492753,0.093904878191676,0.11795356492391772,0.11061003744790293,0.05226209567526088,0.13643844603620717,0.0879173964527716,0.15478479684172258,0.23389447891921228,0.09308956529287689,0.07326449704397633,0.017168805150683523,0.0478621989551938,0.24336983405503185,0.05623215571155333,0.1762786680173014,0.13669418497887662,0.07390976450199421,0.11161033466795489,0.0899155190994255,0.1664657423420626,0.1098967455659645,0.14224666503076472,0.11819502590318148,0.10589057864280904,0.11821656093586509,0.08959216401473294,0.12245637363064615,0.07731921410338584,0.1358877225719088,0.10615820843152594,0.11580225554230442,0.049071649206571845,0.03969004039892508,0.10480449271555034,0.10472298987040903,0.11099027245533793,0.06304883249912806,0.11303665258213491,0.11500671555359551,0.05036101551853349,0.1383511446879979,0.0680725148418058,0.04405671105314009,0.11246431142310666,0.13355136981493917,0.09137725303127417,0.06645930483723024,0.08633316946034313,0.07196546486331015,0.06800990296285958
transition,0.1479727585647541,0.13810553926175198,0.17074211803581413,0.24238591428877126,0.15248970490979494,0.27306954275046585,0.06872316025663866,0.342100498639924,0.24074180221487193,0.15791215191723837,0.18515658566773222,0.10580125838511321,0.20401794405301132,0.16581333919996238,0.15498288986479666,0.13246529829345224,0.14833263808215452,0.2027404869238783,0.0640846773767852,0.1915465631913393,0.05043619793543149,0.13896066847885163,0.15166871420812947,0.13190927761477322,0.16363360377426456,0.11321782962299415,0.17094491890824498,0.10654159040349254,0.16592340121742524,0.1458631464018354,0.14885450263431327,0.13190927761477322,0.1825029095544413,0.22151582603600836,0.21368934081494262,0.04388995090253388,0.11436727868234621,0.2144683514979551,1.0,0.1483538877401196,0.12098347962395682,0.1236442955021692,0.07228123432767522,0.11285987374937284,0.08396188101640802,0.04646882087204436,0.19340209819104717,0.16848074908425686,0.17823032334451616,0.07691833604748011,0.1609008946921908,0.1619552660357832,0.16791080774527906,0.156812512046795,0.14351616441832768,0.19835388147218588,0.08142414560388658,0.16645082370971323,0.1168811455530461,0.14525865132504587,0.16263432673328185,0.13812997980503378,0.07810176455845598,0.13775008940288253,0.06739366573536747,0.0517454889668201,0.19267286271452358,0.24602771043141888,0.07998400479840057,0.1133106734644008,0.13928654214330738,0.12277797032902805,0.13223592098145726,0.06862036720940773,0.14918037818943647,0.0869839312029283,0.11941266684650792,0.0975735127443603,0.0645245224661103,0.15383667209496021,0.10664533973120074,0.07259008777437409,0.08571284007223381,0.08872121839090166,0.15843755557440742,0.1370067393951812,0.05613102239654859,0.08874278145316948,0.04065858168332046,0.09371340034996181,0.1733627549641017,0.07951845705060934,0.10524566699352861,0.1233106321372951,0.0315779676793578,0.08431904246668355,0.13067709337232916,0.09350491644243689,0.25129830937118075,0.1410169494203802,0.18132280586605826,0.1514533313502037,0.10527530948587628,0.07272975653980149,0.05636509349001167,0.10044039219036509,0.12382398142327132,0.09856283612727637,0.12825897356023458,0.17481032671520658,0.05525008664806263,0.09034926645000334,0.09623841223943637,0.08431904246668355,0.143599033926389,0.13396212883589678,0.1390682437788353,0.04032782654131894,0.03551104121142175,0.0724405714719133,0.08736251384008589,0.09736809092996047,0.1067764058045494,0.13772455773796982,0.03785903404522136,0.11023284373970225,0.09718922528407808,0.09207035950783465,0.09504273483701652,0.03152050090256395,0.04810788262123931,0.08595334863794722,0.1541661439724374,0.11002693697465735,0.02669753499690384,0.06853857446870544,0.10837230231465829,0.08051319376669412,0.08835384116734371,0.06336182322467768,0.09859525278203457,0.05645895715784652,0.09795999967020133,0.08479449518438635,0.09878259746169994,0.05516087657948691,0.10244162793333282,0.08668137748205085,0.0931331260378521,0.0645245224661103,0.03585749859822395,0.060995881963917975
dynamic,0.14878804164171028,0.16832297828195616,0.1837307725928783,0.23531719832435222,0.10733091245227654,0.2522250173535799,0.10051171363449486,0.27680072270417455,0.22477762669849502,0.12015950111840487,0.1503735206610152,0.11865928866805628,0.2746816856110383,0.08605260295791374,0.046751038964104104,0.07051507420834027,0.0685283342617131,0.13223190671613808,0.1991712695283599,0.23767897022002415,0.09579327247251677,0.21541137576129893,0.1525043608311765,0.04220238145283726,0.14103014841668055,0.13552574290347214,0.16259559449156763,0.11199808271085894,0.08704569738537928,0.29839108844191553,0.14001821520711094,0.1446938792668706,0.12042741561180836,0.0995204781067326,0.18752003036991316,0.08195900262456034,0.038332468732955906,0.11272613858569798,0.1483538877401196,1.0,0.04055002010470495,0.14127901868847653,0.07267948105700862,0.08195900262456034,0.13637801328239593,0.08009974177887366,0.11037354955780371,0.08197210872564747,0.07012655844615616,0.07089695409498209,0.18557967354785207,0.08142379415222338,0.1397262977911128,0.08175818485763238,0.07215344653586428,0.09972337429718005,0.061404575160958555,0.08368395753931973,0.07051507420834027,0.22226366602380798,0.03406883133573224,0.18333616261693317,0.13743114099326814,0.10553070385333053,0.2625893110947447,0.1189270633995466,0.0929925260260689,0.08933283856821292,0.08042469135565482,0.14074320987239594,0.11569675527871905,0.11110899428562943,0.13296449906290672,0.07666493746591181,0.10555718453702212,0.08746318513969824,0.09148235646118971,0.03773504304791638,0.11354005629317387,0.07089695409498209,0.14074320987239594,0.07299003618846892,0.10969011543519598,0.0892100442303509,0.05310349879051039,0.05989634920716061,0.09171546567384828,0.15934236803262258,0.03406883133573224,0.11935765994096265,0.12677667555426217,0.0444203214372698,0.11288057313704404,0.11624065753258613,0.038102342746938515,0.061660809970736294,0.20366547835070922,0.10185510718982484,0.07219510958227852,0.10312284231997394,0.07676708932663294,0.1041969098244283,0.1764255718817993,0.13961272401605207,0.04534051785571473,0.09257763805507589,0.12450621237952904,0.11149412193707495,0.14413806814567107,0.0439433690751279,0.07407266285708627,0.07432941462471664,0.009676865543833981,0.053953208724394255,0.08663413149873424,0.15847084444282772,0.11775533961849224,0.07299003618846892,0.035706695811806154,0.139057601642577,0.04730053657936513,0.024476139575246667,0.033035295388762945,0.09475178390133976,0.05710143801472371,0.05968318021504521,0.02665219286236188,0.11782608479736932,0.021236975607061895,0.03961771111070693,0.11287019760752746,0.09307514934403471,0.10606327149273555,0.07375543372118366,0.017896419977924724,0.02953551442564226,0.045403916420155295,0.08095679598771341,0.0444203214372698,0.08494790242824758,0.11439055549218138,0.0892100442303509,0.09029141758183222,0.06820934881719452,0.12912491581096436,0.055464795554989704,0.12677667555426217,0.1663943866649691,0.06555238206466919,0.01622000804188198,0.18027531034590397,0.05366545622613827
cavity,0.18655645962924894,0.09265616458263766,0.1724313854501196,0.15215132945944657,0.1237910125667445,0.10779250129341324,0.03688555567816588,0.1814627428602745,0.2335055464847162,0.08819171036881969,0.09985626616486108,0.15015624378259315,0.1837404423961386,0.48948046376528487,0.022875450543583874,0.03450327796711771,0.14201432049934526,0.13749078271755805,0.18917776913478015,0.09023056297141274,0.1158013889632752,0.05982250501558313,0.07035687600822249,0.05309942440535915,0.11501092655705904,0.031830350703961514,0.12274756325774572,0.10721946984992434,0.11712737024998898,0.0445435403187374,0.04252432555625623,0.07964913660803873,0.1767766952966369,0.08347838711296822,0.16630452632106868,0.05552699962688633,0.1575521978122203,0.05036101551853349,0.12098347962395682,0.04055002010470495,1.0,0.18249878868716324,0.10668698993381627,0.027763499813443164,0.047664463983799914,0.03919309008348103,0.07715167498104596,0.06417479348158527,0.06862635163075162,0.037843781630429826,0.09080479788690579,0.049801192055599734,0.13673715432133285,0.051434449987363975,0.15887222732556064,0.03253000243161777,0.12018191281890404,0.115614662603216,0.023002185311411807,0.06525264395087049,0.1700340102034012,0.05708629816003476,0.076852055693898,0.17427335883476297,0.0,0.01091089451179962,0.12512933267815476,0.030261376633440123,0.0885422004151433,0.01967604453669851,0.06256987145837582,0.1721590893695281,0.08945750668694888,0.20256711147285467,0.1549485235772372,0.10699012312772822,0.1175019408963036,0.11078334900733194,0.09523809523809523,0.12299229029889693,0.0885422004151433,0.07142857142857142,0.08050764858994133,0.05952380952380952,0.15590239111558088,0.08792249355666623,0.10356162766686668,0.03742405942825599,0.05001000300100035,0.00922138891954147,0.034893157889942655,0.013041013273932527,0.05178081383343334,0.045501575519329006,0.06525264395087049,0.01131407055503551,0.0675077156084152,0.05750546327852952,0.010597597584982434,0.02838283622282237,0.0,0.047062080533501166,0.025897698962183534,0.07807200583588265,0.0,0.061770776388425104,0.043003295253753064,0.06364688465216445,0.01113588507968435,0.021501647626876532,0.11779306114757185,0.06061608062110899,0.11363819794542722,0.12445477610539062,0.031792792754947306,0.023262105259961773,0.021606790785072147,0.0,0.08735706972682653,0.08748177652797065,0.11902794012872311,0.02395252523826518,0.024246432248443597,0.07489308618940975,0.02793993781135563,0.012515654358043972,0.09128709291752769,0.03706246583305506,0.06234796863885496,0.046524210519923545,0.011834526708278772,0.08783100656536798,0.07185757571479554,0.09473309334313418,0.06567586718659173,0.0,0.013329779199368197,0.07562376774775252,0.03912303982179758,0.01558699215971374,0.022388683141982252,0.08333333333333333,0.0,0.07509392614826384,0.08748177652797064,0.046524210519923545,0.023262105259961773,0.09304842103984709,0.041239304942116126,0.08333333333333333,0.026462806201248155,0.10128355573642733
scheme,0.2631607518263972,0.17217085760743076,0.2403050540008071,0.21490765348647436,0.10194275681577189,0.1600196754320949,0.07710706574055379,0.2776307745064286,0.1733213410567804,0.14485392283102855,0.19409492630367423,0.24692893888382933,0.18137984419302344,0.20904696244900267,0.03984981014200933,0.07212705552515175,0.1401897970279986,0.180339654274632,0.19773245126901304,0.10898139116223785,0.15562024275828995,0.05955018928132182,0.21393000007424876,0.16650179452901162,0.14024705241001728,0.06099450469308599,0.14255361023806978,0.18428955102415898,0.0890355703234618,0.1293272615092085,0.059263053083222605,0.16033506139830747,0.15250906395521008,0.10664293170772358,0.17582285979104478,0.18056250850750058,0.13330975891293248,0.0952503612297644,0.1236442955021692,0.14127901868847653,0.18249878868716324,1.0,0.14868188184131706,0.1483192034168755,0.1394956276634794,0.07510326038399265,0.06988843297416114,0.0558973326289549,0.04781977217041119,0.1384428154245763,0.1216807965203506,0.06940429153883575,0.12505539749077582,0.0896005550950784,0.12124759054323062,0.11900357016065803,0.1517866998697472,0.08056186426741851,0.06411293824457934,0.07145117087801169,0.0696952961339648,0.16479666964384185,0.12718494140521958,0.08095735935073202,0.0779783596758383,0.09123431055236465,0.02377958600840939,0.04920192080015156,0.13025007848606904,0.10968427661984761,0.1121130891765664,0.12627661831577092,0.08500255011475574,0.11762625786435219,0.1534313820821976,0.04473130094381649,0.08772529860804296,0.08491487340229037,0.07465859537202132,0.1384428154245763,0.11653954390858809,0.05806779640046103,0.12021175920858625,0.06636319588624118,0.03103854276221004,0.07964526109596173,0.07937946073543155,0.12386856181144719,0.07666482574736128,0.08995824336397942,0.16209350304978645,0.07269723875005668,0.08659577534774351,0.07133875802522817,0.16238902472275382,0.04730278647241823,0.07392045795343967,0.10418352464744142,0.11815279466856528,0.026370060080871675,0.029445747114335327,0.09018211324984773,0.08120640477113122,0.1020030601377069,0.03478275481129119,0.08608542880371538,0.1048784769204415,0.0887000241481323,0.03879817845276255,0.03745659890015768,0.10733512556840528,0.11826669886417641,0.08908271651173982,0.1261407639264486,0.06646094700106797,0.09725610182987188,0.08280747605954518,0.08295399485780147,0.060871590468458886,0.0948243144459675,0.10367535290041438,0.0417261107643746,0.10137145616929406,0.11928346918351065,0.00973446372162805,0.06976862103181825,0.09087154843757085,0.06025980016260076,0.02172245489342016,0.06483740121991458,0.057725210540940604,0.12240367216524826,0.05007133291724952,0.04715093122829988,0.03661106768846138,0.05035116516713657,0.07430696684275323,0.12044723790479299,0.027261464531271252,0.0543061372335504,0.10140479656031864,0.1410217912582625,0.05877167417732395,0.1918637078375002,0.05079873988176831,0.1053607769823612,0.06483740121991458,0.08104675152489323,0.05747221351380781,0.05806779640046103,0.1382973158411042,0.13330975891293248
scale,0.30582884615241634,0.17002556552790282,0.26037677915519425,0.28165697950165475,0.3637898022742158,0.16500082500618757,0.10625064049817194,0.27776980699547577,0.17546715781493213,0.16532795690182991,0.3397862560354927,0.2883549180407972,0.17642443255516607,0.1364489349081503,0.08053692774186988,0.13987993302813898,0.2954460674406424,0.10871930568966823,0.11559243866701807,0.2040802558652181,0.10589572815983041,0.07658739588495828,0.1801479197391358,0.2039406392529356,0.24294935736466242,0.1018765291543015,0.18333795263951427,0.16014491500823191,0.08179178119091965,0.08078767603922848,0.1497141456545669,0.10763533738349379,0.15087818809316483,0.16921509906663668,0.19822687936147296,0.20734029575870241,0.09364885999138228,0.1381593897175512,0.07228123432767522,0.07267948105700862,0.10668698993381627,0.14868188184131706,1.0,0.07701210985323233,0.1403509180230353,0.23833939001105517,0.1679140314304302,0.1129691565118813,0.10982308328436802,0.08478622214712735,0.15649346286165638,0.09563650695950075,0.15864532004741358,0.12620989290522533,0.25182262437346936,0.1301448015738384,0.2452178147549989,0.2590261872523682,0.07362101738323104,0.10740766888298187,0.1280500004821883,0.08874532319288043,0.1352853891214317,0.14254403394464807,0.039796759561388284,0.11174884732313252,0.08009803113515666,0.12913980737100994,0.2204136863695278,0.10076054234035557,0.08582645888279895,0.05220133115091674,0.14055638569974546,0.1080563769131334,0.16705002012777492,0.10957876021579875,0.17729384431073908,0.19856158627837855,0.08382549209085563,0.1090108570463066,0.11335561013290002,0.14478948633875063,0.08834522085987724,0.14478948633875063,0.09266821663323267,0.18572768646371432,0.14584255393520515,0.19763668244949192,0.28811250108492364,0.1003478271371624,0.05956233575301398,0.1502610968033428,0.09943810495582169,0.08009803113515666,0.167078596040194,0.1376053109813739,0.1234661995811987,0.07362101738323104,0.08140505665475926,0.13323549194548584,0.018033392693348645,0.060250940545705074,0.01657768529092487,0.1311859599864291,0.05325481079091945,0.15025515093163505,0.055054705534296984,0.12804555422442268,0.07841156792042765,0.0894638964932326,0.27260695156589854,0.10864471267526772,0.10002066756248172,0.06518146309644027,0.09497256609721914,0.07445291969126747,0.06915490412967197,0.11430748921480315,0.06710301229387411,0.12444223215775957,0.12698732650355968,0.09966148994038682,0.0388016830983099,0.07533539764836164,0.0357699343683786,0.07210390448763508,0.050087032267780926,0.15025515093163505,0.06984302957695782,0.3499287225489571,0.08333094209864272,0.14992681141306183,0.06899641611257548,0.0693036930918736,0.1933865920474836,0.0925093525901315,0.09385952527135721,0.08298588495560637,0.09182622582426504,0.06984302957695782,0.06449169275100168,0.06858449352888188,0.10026734044436325,0.07210390448763508,0.0559990044709918,0.07445291969126747,0.05956233575301398,0.08189821166039422,0.09679334084721669,0.182891982743685,0.033878845665757114,0.1440751692175112
triplet,0.27236381123015146,0.21128466605230967,0.3024590792277029,0.21098433233112035,0.12247761160787989,0.23317013845539342,0.08602205792791848,0.25759721796506885,0.1854682055279681,0.1909838216810128,0.2001935333630449,0.18676505551179173,0.20235068361475728,0.09819647520105385,0.08002292342930162,0.026822089039291005,0.15639831090736325,0.08802072503347048,0.06684665219375899,0.14496272516121084,0.21219342149797113,0.05979175584623441,0.14916514688183022,0.11007553084805223,0.2101063641411129,0.13609317811801497,0.11662597783099601,0.19448346510348882,0.06621981106790575,0.08656792013305546,0.06060537070525969,0.08255664813603918,0.05889527696267132,0.07570997137788936,0.12036551511138784,0.19424460431654678,0.12247761160787989,0.12863422013573236,0.11285987374937284,0.08195900262456034,0.027763499813443164,0.1483192034168755,0.07701210985323233,1.0,0.1333918995617474,0.060935691556375245,0.08996402158561008,0.1309561897137503,0.01778287187317814,0.823729846201355,0.1466092766022921,0.15485740327062772,0.07307881270095316,0.07996801918720896,0.07645471693105138,0.06954229716599748,0.11678346799444096,0.10111083140389397,0.07152557077144268,0.09420537194414663,0.06997801653302368,0.133132895978568,0.11948619389953459,0.11289689519493129,0.06766206956110896,0.16115589663919447,0.07958682795686244,0.09409811314590938,0.09177434428241998,0.07647862023534999,0.11117815133195393,0.10565738500785495,0.11379648627163223,0.06998720663307421,0.050717293706121144,0.07485459064012298,0.11091701388122698,0.02583616131178042,0.06478149956470071,0.08090203846620451,0.07647862023534999,0.009254499937814388,0.08940696346430335,0.03701799975125755,0.03462716805322218,0.1435329246473281,0.06440522436115988,0.09455108089287506,0.054427346192351754,0.15053860137385733,0.08137551933570072,0.10137796748742195,0.07245587740630487,0.035371923536383305,0.11594507316202662,0.04397654740416157,0.06747301618920756,0.07152557077144268,0.13181342656097528,0.1323851538537892,0.04380028798784028,0.054877538692708484,0.010066150644272655,0.09103718901730579,0.05173903965925509,0.06722693919846216,0.12536180787427653,0.12016009837132922,0.08656792013305546,0.08357453858285102,0.07748208233909362,0.08481889296799709,0.0441699172244104,0.061567166365826195,0.08238339160060955,0.09041724370633414,0.08398321847026384,0.04627249968907194,0.04074567821626999,0.075562675574213,0.06939727606472489,0.11172099623732343,0.11309185729066279,0.06653741390233153,0.0325798392449538,0.05837636572902505,0.04055118699496878,0.08643463611230849,0.02423396941942774,0.09945896807696755,0.018399801283219205,0.07586432418108816,0.07448066415821561,0.010520488877435999,0.03063298436322864,0.16851805233982328,0.10362277024817129,0.08398321847026384,0.060826780492453165,0.0,0.07832011322969344,0.04627249968907194,0.0,0.029188182864512524,0.022668802672263903,0.09041724370633414,0.036166897482533655,0.04520862185316707,0.11754793666687526,0.04627249968907194,0.09257221449397351,0.07873560746220849
pulse,0.24776464963019318,0.24731875949906545,0.19472351268699192,0.2305027242760516,0.13066775441249023,0.16137385152862996,0.05907317606885129,0.1958507883764793,0.13007485268546987,0.11097531990717002,0.2903854205367107,0.2260503793395122,0.14713254694249794,0.11379421222936166,0.018317814287603876,0.11051579279910752,0.11371981260569765,0.12305018164316502,0.0826290310833457,0.19749234195996995,0.13909420056455368,0.0410602699545977,0.13316534103626196,0.07086675685963292,0.18879781269847534,0.044604992178788404,0.19658341274873353,0.1087526861360273,0.04263239263154681,0.14267527500128435,0.07945444800933303,0.14882018940522915,0.10785237025461401,0.16154547458445428,0.18827554942218952,0.20008784934262108,0.04505784634913456,0.023044135779558987,0.08396188101640802,0.13637801328239593,0.047664463983799914,0.1394956276634794,0.1403509180230353,0.1333918995617474,1.0,0.0941531285871745,0.055602185689369386,0.08350679971918333,0.04579453571900969,0.15151949958889052,0.19017278037930888,0.06380632272226963,0.12318080986379311,0.06178020632152154,0.1211609529181641,0.07163426097341832,0.12631136233409138,0.10415243641918817,0.06446754579947939,0.13436203524958018,0.08009231955886247,0.09142519016794597,0.11538802928213776,0.22483322477461676,0.12943816333788088,0.3669557037976359,0.06376296130188795,0.016154793722421883,0.0945350901092414,0.05514546923039081,0.09304961279948082,0.06530145537201759,0.11721969977468452,0.018023138539653823,0.14366815597820082,0.04283686571172893,0.08064960523024965,0.05322672380354826,0.09532892796759983,0.06060779983555621,0.13392471098809197,0.019065785593519964,0.11972544219903315,0.047664463983799914,0.062420432813061894,0.09152660304054754,0.06634265530409748,0.08990340573038302,0.11212924738240745,0.12553049914630898,0.06519601576702765,0.10442760846127908,0.03317132765204874,0.09108994471698278,0.1268974777357146,0.04529944511237554,0.09267030948228232,0.1013061433991819,0.059403147868333936,0.06060779983555621,0.022558941739747075,0.11305671766662458,0.04147583796539532,0.10940505312303889,0.02664772390692106,0.11871300455955142,0.06887089499832282,0.13105560849915568,0.09808925156338298,0.06887089499832282,0.07255717263557511,0.15532516562862897,0.09099726372498286,0.22649722556187768,0.05091698388714337,0.06519601576702765,0.025952877749750393,0.07626314237407986,0.04197138526954417,0.07783574374905074,0.04765658490878389,0.07672118338351144,0.10678605136968242,0.06853898513876629,0.02237326827991869,0.030066218601686834,0.020885521692255816,0.11871300455955142,0.049925946094916455,0.06519601576702765,0.056859906302848824,0.12503434642633016,0.05754088753763359,0.06502179046647996,0.03155448246169088,0.023144985870930702,0.032021981740238646,0.11246247024891837,0.06265656507676744,0.049925946094916455,0.10756817379158469,0.1048618207643598,0.048242236157431305,0.09019865580506051,0.1050782540612185,0.10245088191961488,0.04656858269073404,0.08382344884332127,0.09906872800257395,0.06673024957731988,0.11654739771348548,0.09011569269826912
array,0.26964211905832974,0.13726999711947668,0.2692850423384597,0.22338127394297647,0.2222984693413718,0.14272210360444837,0.060717674071891624,0.19480930197663146,0.19218788228572692,0.1399884787886074,0.2335846405429572,0.22245629575056217,0.12602372493918404,0.0714768095373474,0.07531100588381141,0.10412633627862855,0.18993906942721567,0.046596307588620156,0.07077440377150897,0.18318627539016857,0.17019803510362014,0.07737275132714308,0.15792973900100168,0.1092593525152622,0.16565553498872726,0.03929718877966846,0.15154197358509133,0.20591085468602696,0.04381920683746824,0.05499266813300748,0.09916625347480468,0.0582716546748065,0.04849897460394816,0.1087865502092303,0.15103752155502126,0.15995619033548503,0.05557461733534295,0.10066399471358692,0.04646882087204436,0.08009974177887366,0.03919309008348103,0.07510326038399265,0.23833939001105517,0.060935691556375245,0.0941531285871745,1.0,0.06985006985010478,0.08583148876617869,0.07531100588381141,0.10122940617842466,0.09198440996365478,0.06558258357839529,0.04923720539000014,0.07055562611121695,0.13698725738134743,0.08032193289024989,0.19165035303882227,0.19626175307879518,0.0662622139954909,0.07672358257655341,0.057625368649184876,0.07383381806851708,0.14232028585532522,0.0956243603274635,0.02046792375417865,0.05388159060803247,0.056175441470485366,0.09962709627734358,0.24291697059422396,0.08906955588454878,0.044141518954439136,0.06711933820990237,0.10040241611281235,0.05557461733534295,0.10068247918434146,0.08805874420954336,0.07598685854978939,0.11853501052285835,0.11757927025044308,0.03893438699170179,0.032388929412563196,0.11757927025044308,0.07572824456627532,0.1371758152921836,0.04582722344417291,0.13025706915050045,0.13637904679860474,0.14630976211300314,0.1564117149049304,0.09107651110783745,0.05743796858006127,0.07513428837969108,0.04261845212456398,0.03745029431365691,0.13810244863779614,0.08380891004365536,0.06350006350009525,0.08519427513705972,0.061056831732054534,0.10122940617842466,0.011593472394004208,0.048418344498970686,0.04263045563194875,0.10441851275732485,0.05477910356647767,0.07117703554343235,0.04424259065013049,0.08980265101338744,0.06415811282184207,0.06193962691018269,0.15661178915643886,0.04989036167410414,0.046765237354495566,0.04656050557980853,0.07850164079835582,0.13402192668680962,0.03556714970147894,0.08818445268783232,0.04313979814072881,0.08000256012288655,0.09796652837824085,0.11828545840316267,0.09978072334820828,0.07044699536763468,0.04599220498182739,0.02060214108575823,0.032200409305581885,0.030504443804328152,0.012828950144769636,0.16274091097684026,0.05844279059298944,0.04819315973414993,0.019714243067193778,0.033415943951558474,0.14054259377093342,0.11894651701745163,0.10971139976028735,0.0533507245522184,0.042933879074109185,0.07697370086861781,0.05528134553975607,0.07838618016696206,0.09917043796975242,0.051505352714395575,0.0,0.04786497381671772,0.07658395810674835,0.06701096334340481,0.04525628222014204,0.14697408781305385,0.03267051314017741,0.18524872445114315
property,0.14154427790870125,0.11609291150868818,0.15472842886653826,0.2558408596267325,0.16409811543513136,0.26728096526154627,0.12549900398011132,0.2582115462452814,0.21712405933672374,0.14696938456699069,0.1566766217567395,0.06617241025372944,0.21830859654635545,0.15349335302899528,0.11118739749916517,0.044721359549995794,0.19557607215607947,0.17820842224272612,0.08916451401205645,0.21831072916392613,0.09649012813540153,0.18830858371138184,0.1284991342049001,0.08029550685469661,0.19006577808748212,0.13924186824493712,0.1016465997955662,0.06948615819181192,0.2484236013632475,0.08660254037844387,0.22965760608731267,0.0917662935482247,0.13093073414159545,0.2118923641468466,0.21927177314291404,0.023990405756162687,0.06563924617405255,0.23778872610128002,0.19340209819104717,0.11037354955780371,0.07715167498104596,0.06988843297416114,0.1679140314304302,0.08996402158561008,0.055602185689369386,0.06985006985010478,1.0,0.2703351273532189,0.1853123291652753,0.06744532734334624,0.14485719366802965,0.14846436160461765,0.19938555922381607,0.25,0.19121323175972943,0.17919573407620817,0.10222640053735946,0.23414645289542352,0.17888543819998318,0.11478319773273361,0.18797907983012765,0.0951329560647042,0.04358009644552832,0.11294204492486853,0.07252406676228422,0.04242640687119285,0.17693034738587657,0.1895789306335779,0.05100613704506707,0.19764878104963488,0.12164973373633337,0.10569963951264662,0.13703203194062977,0.08022574532384201,0.1638400910003239,0.14560880150912264,0.16861777089833055,0.06461623427559643,0.04629100498862758,0.07970811413304556,0.12751534261266767,0.10029717747535975,0.044721359549995794,0.16201851746019652,0.25980762113533157,0.19373297998138453,0.10067340828210365,0.06669729688499157,0.1037125957683463,0.1494035761667992,0.12814232144554952,0.016903085094570332,0.07382716607354267,0.10320936930842799,0.078535872132923,0.17597653802562394,0.05625,0.0521749194749951,0.15796464854099238,0.23912434239913669,0.2556038601690775,0.12962378478271397,0.10070176299560268,0.06324555320336758,0.09704949588309457,0.0560448538317805,0.08360796171499411,0.08249579113843054,0.15155444566227674,0.1393466028583235,0.09395523512235256,0.0628539361054709,0.0552344770738994,0.043994134506405984,0.21290887412046797,0.05276448530110863,0.1960392117639214,0.06172133998483677,0.09058216273156766,0.10708993401928105,0.08356716504931926,0.06209204205650663,0.07071067811865475,0.13174129660349193,0.11769646985527409,0.16222142113076254,0.10987005311470716,0.04003203845127178,0.13131983079178738,0.10552897060221726,0.09203579866168446,0.0758946638440411,0.13194558937007658,0.12278812270298409,0.034050261230349946,0.056195148694901643,0.060470789790695215,0.09101820546182064,0.10987005311470716,0.050507627227610534,0.11607620001760185,0.07715167498104596,0.14055638569974546,0.05677749739576689,0.06614378277661477,0.060302268915552716,0.13568010505999362,0.06784005252999681,0.0445435403187374,0.11572751247156894,0.025724787771376326,0.07293249574894728
material,0.18702947228114244,0.13319466108225864,0.2055675596205938,0.22998838235801394,0.22370321462736648,0.22106120475590021,0.136701348520264,0.247210189076959,0.17786745524921538,0.1528114895920832,0.21956706176794122,0.1133222521922894,0.17195944711439823,0.15959478899602317,0.1695571548169783,0.054248898080449,0.271133755761826,0.14714388078109686,0.052148726504214996,0.21077520989680015,0.07803106732678859,0.1900352967938442,0.1594664643886131,0.07752391454091312,0.21312067103033536,0.16622521563130357,0.14704292441876154,0.08188136928440504,0.23677368110027786,0.08504253190158576,0.2626652692622075,0.07156053649930441,0.10777377517367857,0.17343961719574952,0.2163953267394475,0.031180045169940555,0.07583159817876829,0.18421874291421345,0.16848074908425686,0.08197210872564747,0.06417479348158527,0.0558973326289549,0.1129691565118813,0.1309561897137503,0.08350679971918333,0.08583148876617869,0.2703351273532189,1.0,0.1541428680154348,0.1275023857114898,0.14120187944090154,0.12751965049066463,0.13820748857734125,0.202173706353903,0.15803168186794847,0.08767945989619055,0.1113513762232273,0.22397757796063722,0.13174732390966185,0.13190861091474762,0.10783522225064926,0.1044097897588803,0.0647320380366344,0.11090757172458424,0.08378548215536519,0.07352146220938077,0.13797256151887557,0.1971147859858282,0.09943810495582169,0.1259549329440408,0.11443914450180223,0.0854787515221729,0.12055925735726201,0.10616423745027562,0.13188605022174352,0.12255933265480039,0.1809759069769373,0.05971978776744885,0.024065547555594473,0.10200190856919185,0.08617969096171213,0.12834958696317053,0.04649905549752771,0.08824034103717973,0.20260132600083666,0.17181131953142528,0.09769687720162853,0.12608826746517235,0.10109552085998368,0.111846557880216,0.10972379887386345,0.07908745952947442,0.11165357394471832,0.09198170767925039,0.0753763490941415,0.09148584580449157,0.1559625734730109,0.06974858324629157,0.0856924281885665,0.1976286978528092,0.12339053944782488,0.0951362779201119,0.06107774598357995,0.09863939238321437,0.07848342512985233,0.07492199685877048,0.06519856435951726,0.12253577034896795,0.11255629222268702,0.15937426843437552,0.134323752391986,0.03267620542639146,0.06700175369129956,0.02287146145112289,0.0856924281885665,0.06269931364220768,0.1383144808090745,0.024065547555594473,0.03531856802591588,0.1178966237837789,0.10694030866819022,0.12105043339158998,0.04084525678298932,0.10093121512748267,0.16944225532908183,0.06746792083200745,0.06151246852292455,0.07492199685877048,0.11553372632902693,0.09404897046331152,0.10366878896775701,0.09863939238321437,0.11298040449881731,0.1276690107245149,0.06195660763732612,0.10711971119856563,0.08083868567744827,0.08007680467893787,0.14938742355567391,0.021006132059823077,0.07543142864047142,0.048131095111188946,0.16238174542072156,0.10120188124801117,0.16702021702702008,0.10188638466858749,0.08621155625803557,0.054861899436931726,0.06483983501061831,0.1684588328891613,0.06241050826688055,0.07583159817876829
ion,0.08306134942771509,0.04154320960517859,0.025487187147859396,0.14618226891198446,0.11893455779985083,0.12607752999968044,0.026578871697687526,0.18192392764355278,0.1414348108426332,0.07867957924694433,0.07574115574823019,0.05770618103811177,0.10297706237078272,0.10619172017511298,0.01098901098901099,0.13259870882635919,0.13644294573266458,0.1554080837772632,0.041308209426160016,0.1444845346540598,0.04768216102993899,0.18063761164379966,0.11675793632242462,0.05951898958700063,0.0883991392175728,0.03058161175916288,0.052414241836095915,0.006867542303611435,0.11253233734905374,0.10699012312772822,0.19747091055076407,0.06802170238514357,0.08087693101032827,0.17377412014333773,0.13774156949597716,0.02667430780976721,0.0324366975817775,0.1658924524539177,0.17823032334451616,0.07012655844615616,0.06862635163075162,0.04781977217041119,0.10982308328436802,0.01778287187317814,0.04579453571900969,0.07531100588381141,0.1853123291652753,0.1541428680154348,1.0,0.018179564656450795,0.08053147186490382,0.04784743764693455,0.08210800529263622,0.14824986333222023,0.08722257069443705,0.1640825308284734,0.09381697562471832,0.1388487185658827,0.1767982784351456,0.06269271244052146,0.09609611342804464,0.06268198993325559,0.046148166728961076,0.06511416615111815,0.07167788657203636,0.020965696734438367,0.10929124924699354,0.2229021251080058,0.02835619817263383,0.07561652846035688,0.06870307200309488,0.04352765864448558,0.09376144618769908,0.064873395163555,0.12536397986651118,0.08223422828074597,0.048382377079473154,0.03193115966799965,0.04575090108716775,0.10907738793870476,0.04726033028772305,0.13725270326150324,0.0441995696087864,0.16012815380508713,0.25677629550654774,0.15205175896862125,0.029849638038021348,0.017977936632415488,0.07687689074243571,0.07973661509306257,0.04469901562676742,0.012529400275814702,0.059699276076042695,0.08743299939759484,0.02686830533165206,0.021740414759980006,0.04632808229131882,0.0110498924021966,0.11200026657946416,0.16361608190805715,0.23006608383332586,0.09043156884067047,0.0,0.03750457847507963,0.0,0.04747795383448982,0.05164528707388908,0.052414241836095915,0.06419407387663693,0.04131622965911127,0.026116595186691346,0.023295218593820406,0.04094251838716119,0.054351036899950016,0.08145473933051939,0.08939803125353483,0.051897832770995585,0.04575090108716775,0.0,0.04669431789004382,0.047649310760087195,0.011506420936119473,0.03494282789073061,0.05139639267546623,0.04026573593245191,0.04809860702438819,0.025058800551629404,0.035608465375867364,0.04492649300236792,0.055873769533459273,0.11370245477722048,0.03750457847507963,0.05753210468059737,0.15602847779603385,0.02523973286912888,0.01388487185658827,0.0,0.020759133108398234,0.08770580193070292,0.02995099533491195,0.08604140394366469,0.022875450543583874,0.12734006370835504,0.07214791053658227,0.08404977220207886,0.055873769533459273,0.06704852344015112,0.03352426172007556,0.05282859011668849,0.11437725271791938,0.0,0.10812232527259168
singlet,0.2892878835493917,0.22090695852824582,0.33380215681865555,0.23529914352720094,0.1252097903573989,0.21229970559886385,0.08061258480669069,0.2508034168906511,0.18557139112389737,0.20025046972870356,0.18795247899781903,0.2004778979334346,0.19875229835835728,0.06901606293378929,0.10907738793870476,0.06398099132915955,0.15048205013439067,0.03213723361898911,0.09567297464698797,0.14341596030219741,0.23664757372703923,0.04754210614429543,0.1575757485415649,0.11253104922628396,0.21479332803360704,0.1201569389157566,0.0975498715714635,0.2385863039676223,0.025386380475389672,0.1179987209007981,0.039427391613140544,0.09143147749635572,0.0,0.05528491242336398,0.11393572046825728,0.22064192308964867,0.10732267744919906,0.14293884554775518,0.07691833604748011,0.07089695409498209,0.037843781630429826,0.1384428154245763,0.08478622214712735,0.823729846201355,0.15151949958889052,0.10122940617842466,0.06744532734334624,0.1275023857114898,0.018179564656450795,1.0,0.15543087707920758,0.1503963018795596,0.0,0.0885645712589395,0.06012325878048523,0.08401972955236046,0.1372969178264999,0.10336636905915429,0.08226127456606228,0.09630686553091228,0.055641488407465724,0.14906493671439944,0.12215164136823929,0.08463792434205196,0.07905308158469425,0.173421993904824,0.027120739082755474,0.08016434504064697,0.09382160753247619,0.06254773835498413,0.10655462484516773,0.11521530160814782,0.09048278567177281,0.06260489517869945,0.038886505229843334,0.09352984077957242,0.08004092026376493,0.026412503469163334,0.09460945407607456,0.09022556390977443,0.0,0.02838283622282237,0.14624226589522182,0.018921890815214913,0.026549712202679574,0.13276005389779788,0.07407219246934718,0.08922487976181032,0.055641488407465724,0.1319115024109484,0.027730269999245088,0.11400341073157326,0.08230243607705243,0.018080492721836983,0.12593974723273144,0.08092360371741153,0.06131393394849658,0.09140141618451364,0.0842211654507816,0.09774436090225563,0.022388683141982252,0.03740114907445393,0.04116280829873027,0.10082367546283257,0.03966990920207301,0.0687266093198987,0.11107054924683424,0.130066495428618,0.07079923254047886,0.0512633304216158,0.08641147620611087,0.10598010738628133,0.033866430789888165,0.07193209219325469,0.06737693236062528,0.09243423333081695,0.034342672232595454,0.06622661785325219,0.06942435928294136,0.08497312535420895,0.07882817904764727,0.13324875778829717,0.09634555216934666,0.10203255357771536,0.04440882202263073,0.01989286700048564,0.04145578572057209,0.07854469636559851,0.012387285278916001,0.10167765666389865,0.03762051253359767,0.0620453387463585,0.06662437889414859,0.010755175492958086,0.04175510936013461,0.19524758600062478,0.10593434317257448,0.08585668058148864,0.020727892860286045,0.024774570557832002,0.08896360576089649,0.10407039948368202,0.0,0.029839300500728465,0.011587244366483038,0.08319080999773526,0.03697369333232678,0.03697369333232678,0.09832102880166933,0.05676567244564474,0.10515252921688403,0.0804920080868993
order,0.28566362446687105,0.28994643734309433,0.2620099681265368,0.3257260747659209,0.24431092279482888,0.3244796395414081,0.18395855352366713,0.26849262348798253,0.2501862197651135,0.24024691306023618,0.24669277979422433,0.21849414637922704,0.24855647385348728,0.11117308183238206,0.0939533838423878,0.1484589938661346,0.2048413549886763,0.11863406219709825,0.05549895860162588,0.24353210832893143,0.13589031145630553,0.20558675959215303,0.1801357158357421,0.129814528874145,0.23281069492643836,0.228782205434653,0.22006338738466497,0.17195348535499352,0.0999609603732926,0.20908334939572668,0.14138711436988516,0.129814528874145,0.09384346758861495,0.2122466659521029,0.14468358362797676,0.17918911584724587,0.0990449687006063,0.14352253145386323,0.1609008946921908,0.18557967354785207,0.09080479788690579,0.1216807965203506,0.15649346286165638,0.1466092766022921,0.19017278037930888,0.09198440996365478,0.14485719366802965,0.14120187944090154,0.08053147186490382,0.15543087707920758,1.0,0.1110370882753938,0.10028622419129417,0.16095243740892182,0.12428864423997613,0.16223619472226267,0.19832450224052475,0.1695889903687727,0.0539850886785944,0.13673661105103896,0.1173712153986673,0.19139851445662517,0.101457168282021,0.13633723062454156,0.1313204098072165,0.14724241192283039,0.11346452373684131,0.14796267171425728,0.10967461841539959,0.10390227007774698,0.1416040637103344,0.18607547232755312,0.15269288915036486,0.0990449687006063,0.10048422008972821,0.13810553926175198,0.1378858706969649,0.07800105302132374,0.07683482898122798,0.1887374935961806,0.08658522506478915,0.12572972015110034,0.0539850886785944,0.07683482898122798,0.1110755293664798,0.10833381099669237,0.07291633700370655,0.11528025471140294,0.08215985077906711,0.15149527937243176,0.08189266356489211,0.11477500645928249,0.11545086692253537,0.12681329123529322,0.10391982439878959,0.10621444770752997,0.11316968255314816,0.134962721696486,0.08705228793740946,0.0943687467980903,0.08264745061341078,0.11045257468383878,0.08357350137220126,0.1603275336078831,0.07810176455845598,0.10872991400366039,0.08831094053788206,0.6668587496504998,0.09800782002924688,0.12615848648268868,0.09569595719702732,0.07113159996271998,0.05000694589153869,0.09293764174408872,0.14301447304002982,0.08189266356489211,0.13311417217975421,0.12572972015110034,0.0512557730065456,0.14258039808940726,0.11639716357535997,0.12648486039500845,0.07113159996271998,0.10044039219036507,0.13114754098360656,0.08812102431690699,0.16833667614028097,0.1232272358708151,0.12803687993289598,0.08189266356489211,0.1319317201621983,0.14314958357846705,0.08432324026333897,0.04764306126032131,0.08477605959439037,0.05087669711063181,0.08603206963184278,0.11409786186836077,0.05356166968099849,0.036581965695113135,0.15763568049561283,0.05587987562271126,0.12725377240366437,0.08077760562383142,0.07699341496827992,0.09554144082570747,0.10919021808652282,0.09554144082570747,0.12098347962395682,0.07683482898122798,0.07763376175556712,0.06602997913373754
split,0.17131207221604822,0.12403473458920847,0.2700371966512391,0.24771684715343115,0.24009639021806364,0.2705570309769645,0.09258200997725516,0.24423639393424632,0.17412945707452207,0.15811388300841897,0.1407086253458297,0.09547859244962514,0.187890124168433,0.11229013778435762,0.421057451293024,0.0769800358919501,0.1584236068762679,0.08119979429411502,0.04316658473017156,0.12078768833575482,0.1314886764350883,0.12155266811034784,0.1016755390190898,0.07404360971988654,0.14433756729740643,0.22636504754880568,0.10269797953221864,0.18539290527852156,0.11581320482871722,0.07453559924999299,0.0770865405878555,0.0962566926358525,0.07747247335011402,0.12222530175967619,0.14873623557035132,0.04645722098118832,0.06590881300103707,0.3130032180229999,0.1619552660357832,0.08142379415222338,0.049801192055599734,0.06940429153883575,0.09563650695950075,0.15485740327062772,0.06380632272226963,0.06558258357839529,0.14846436160461765,0.12751965049066463,0.04784743764693455,0.1503963018795596,0.1110370882753938,1.0,0.08580188337201025,0.1147550621098494,0.10760355775263959,0.21773242158072692,0.08798247707198269,0.0967301666813349,0.057735026918962574,0.05459427881935389,0.1924703040138163,0.15010858887610717,0.06429904295605494,0.11340587457645854,0.010403129732205987,0.054772255750516606,0.06662136141735209,0.11815292615976111,0.09054187969287905,0.08231079972079913,0.0747853004494263,0.12129568697262455,0.1224744871391589,0.07532435771547094,0.10916988281898703,0.12532010295690077,0.09830917698810675,0.03707519988800324,0.03984095364447979,0.07915594835766294,0.08231079972079913,0.029880715233359844,0.10584754935143138,0.09960238411119947,0.08385254915624211,0.06620511221285622,0.06931669932133817,0.07827803638564369,0.04184137043778615,0.08486684247915056,0.0778498944161523,0.03273268353539886,0.06065211190617091,0.05710402407201607,0.07799182688479128,0.056796183424706485,0.08068715304598785,0.1250925583244189,0.22166465691622145,0.11081832770072812,0.07071067811865475,0.12796862503070064,0.05416892375217994,0.06531972647421808,0.041763453479227844,0.041344911529736156,0.05396870722208658,0.098894350660655,0.14907119849998599,0.19788525981431748,0.09097176522946841,0.05071505162084871,0.023769134427076417,0.056796183424706485,0.08866586276648858,0.02919371040605711,0.17173661243976948,0.08964214570007953,0.07308816827558576,0.1301200097264711,0.06639061303092922,0.10020060200702528,0.09128709291752768,0.12532010295690077,0.1285692601083507,0.06282808624375433,0.07637626158259735,0.041344911529736156,0.09128709291752769,0.0778498944161523,0.07921180343813394,0.05715476066494082,0.05010030100351264,0.0,0.0219793491131929,0.08463889584616803,0.1561349078609147,0.05423261445466404,0.02182178902359924,0.026082026547865053,0.06556100681071858,0.019920476822239894,0.04032389192727559,0.06282808624375433,0.036596252735569997,0.04865618401009519,0.14596855203028555,0.04865618401009519,0.09200874124564723,0.08964214570007953,0.06642111641550714,0.08473990242990481
vacancy,0.15352182815632046,0.1374645119876445,0.01586965757066727,0.18007345746572057,0.18984979532587354,0.20186350275967713,0.006619759018678947,0.30017971814593714,0.16762664070898095,0.07235450106338152,0.23768846839550067,0.14228632672539598,0.16487720305212697,0.20402905353883227,0.0,0.041281450384839165,0.0764608716032104,0.6618740515862136,0.14197801362913687,0.23318575081558107,0.023751528589944077,0.07975460122699386,0.1193804059253988,0.10800237981568196,0.06605032061574266,0.04570011155125219,0.12238444531061834,0.0,0.3821919651404742,0.10658824656517989,0.2289520510986085,0.1143554609813103,0.7312012535220421,0.18976767680681658,0.2387700806389514,0.05979175584623441,0.040393573473590114,0.09812866279799873,0.16791080774527906,0.1397262977911128,0.13673715432133285,0.12505539749077582,0.15864532004741358,0.07307881270095316,0.12318080986379311,0.04923720539000014,0.19938555922381607,0.13820748857734125,0.08210800529263622,0.0,0.10028622419129417,0.08580188337201025,1.0,0.10461587983965658,0.21180642858559334,0.1342758101199446,0.0593140604297279,0.1815544167532158,0.03302516030787133,0.1338369126867775,0.0789815045014161,0.09952417900456423,0.15171692207780085,0.11815531400705143,0.11603905611826194,0.14098688099783233,0.17965320316165162,0.03620622710864844,0.06356179474110811,0.12006116784431532,0.09625079440653632,0.07155086391167684,0.1459519675216789,0.1373381498102064,0.1814852675965583,0.038402503064558266,0.1626771703821142,0.039764024709805265,0.08546072145083304,0.0882924828394058,0.8333657532723063,0.10255286574099964,0.05779403053877483,0.10255286574099964,0.16787648834015834,0.07574031088957787,0.09664692945216011,0.060447626536958766,0.057441094182848075,0.05957783116811052,0.07514626006370263,0.05617051790314426,0.0669094126976493,0.08166054689165982,0.0803021476120665,0.048732195061819666,0.10384664542907086,0.06605032061574266,0.1141154702425338,0.14262631843288628,0.050559244642438106,0.14358394898671667,0.06506913949440603,0.0560455555283247,0.023889219764247217,0.12416149469851762,0.06174155630410187,0.09138038583192835,0.0959294219086619,0.08489463991814007,0.09106473588758869,0.06962315111004065,0.12236618999793866,0.10558642263394262,0.08368467817785812,0.0584470911606576,0.10082064330862943,0.02563821643524991,0.0,0.09768974161551072,0.11392879272552106,0.008597400367212,0.060920257221285565,0.05376350429038158,0.0,0.08984613547288683,0.018723505967714753,0.12416149469851762,0.13427321999793554,0.04174792225761257,0.0764608716032104,0.15412527770289292,0.12896100550818,0.12629695263702434,0.06600543422210059,0.02074907620036752,0.0,0.20939672071792265,0.21532031862871964,0.044757739999311846,0.03214433062928483,0.11964501003116626,0.12109530552873761,0.11679997611475289,0.17793488651396597,0.09184542896674766,0.06679667561218011,0.20873961128806287,0.0592089246417337,0.05127643287049982,0.06648899698142403,0.09694457633661628
structure,0.15399493198400366,0.10675210253672476,0.16873676399025778,0.2487341690815455,0.17422762873359626,0.2362331763675283,0.09296222517045284,0.2812204959107025,0.14621148776883755,0.15876322406928006,0.13624054065803434,0.06487491201346024,0.21316327608903393,0.10801384102040407,0.1235415527768502,0.09109906574999144,0.20452399702596544,0.13394750691446733,0.049535841117809135,0.16026779720367593,0.08934271123648291,0.14153913154777067,0.12435400084345175,0.06372659274182271,0.1946207313749817,0.12033247873019257,0.08838834764831845,0.06691259677730037,0.1686826922836866,0.08553337321327789,0.21434709901482515,0.07009925201600498,0.07273929674533079,0.17031537543718167,0.2229882438741499,0.07330401758827489,0.02431083191631576,0.20204270845206798,0.156812512046795,0.08175818485763238,0.051434449987363975,0.0896005550950784,0.12620989290522533,0.07996801918720896,0.06178020632152154,0.07055562611121695,0.25,0.202173706353903,0.14824986333222023,0.0885645712589395,0.16095243740892182,0.1147550621098494,0.10461587983965658,1.0,0.15253477177414315,0.18153816197262918,0.15685532357584256,0.15089438075482847,0.17391639824998364,0.09397454785136086,0.11523621752038478,0.1115756892116901,0.0760922318890177,0.07668904285021938,0.08058229640253803,0.054997194092287024,0.0982946374365981,0.17432545345616357,0.07084185700703759,0.21252557102111277,0.10298390157573195,0.06524669105718928,0.12297746456210364,0.08913971702649112,0.1526825220791549,0.10015420209622192,0.15713484026367722,0.07977312873530423,0.1200137166371826,0.0885645712589395,0.07792604270774135,0.10286889997472795,0.05797213274999455,0.10286889997472795,0.18443133599113046,0.18993429409939658,0.06711560552140243,0.1145307118227128,0.09362942673531263,0.126163019874186,0.1005037815259212,0.00939060283031685,0.1416885005451829,0.07372097807744857,0.08726208014769224,0.09776474334756885,0.11805555555555555,0.07453559924999299,0.16788513371506436,0.18394180184548972,0.1420021445383764,0.07624928516630233,0.03729694925763063,0.19676394329936583,0.07188851546895896,0.03558403417890825,0.05419034555601471,0.07202013512085206,0.17641258225238565,0.21676138222405883,0.08482069837434605,0.034918853391928274,0.09205746178983235,0.05702943361941516,0.19840970348143971,0.0502518907629606,0.19448334500389022,0.08572408331227328,0.06290427967469976,0.10499013139145201,0.1142798838281289,0.09486284203077402,0.09602684682780276,0.09245003270420485,0.12071432805669137,0.14419681878290003,0.0751248226425348,0.008896008544727062,0.12346308877860354,0.0251259453814803,0.05965283246590659,0.07730012058189371,0.09486284203077402,0.06821562372388004,0.047292029486597144,0.0936585811581694,0.03839415224806045,0.12446934080248975,0.0939060283031685,0.056119585808456156,0.11285186112822404,0.025717224993681988,0.1908790423082963,0.05407380704358751,0.031497039417435604,0.083753151271601,0.1423803571617217,0.0251259453814803,0.05939138709164986,0.16287575829331924,0.04763849587291912,0.04862166383263152
technology,0.2457838460856521,0.15309310892394862,0.21353706957069232,0.2717786532523045,0.2610341152588468,0.17869810194237845,0.13478207889481744,0.2657317699383158,0.14839018505159637,0.12009611535381536,0.2571700697237818,0.22138049600026646,0.1491997392588763,0.24082018532357938,0.036342737789348774,0.08770580193070292,0.2331420245685224,0.20558557070186492,0.10382668678464387,0.22171668525393087,0.07884696253709626,0.08146401099445898,0.14632695620632938,0.1968405559163083,0.26311740579210874,0.09102525683205769,0.1646766207543649,0.10901885432142895,0.15563293906372044,0.09907424048765213,0.20718198571028373,0.14060039708307737,0.16583469084797875,0.145886370236009,0.2660338547999155,0.09409811314590939,0.11442591353812462,0.17373527704037056,0.14351616441832768,0.07215344653586428,0.15887222732556064,0.12124759054323062,0.25182262437346936,0.07645471693105138,0.1211609529181641,0.13698725738134743,0.19121323175972943,0.15803168186794847,0.08722257069443705,0.06012325878048523,0.12428864423997613,0.10760355775263959,0.21180642858559334,0.15253477177414315,1.0,0.1860521018838127,0.21957603399853476,0.25255943568990924,0.09501461875826149,0.09478247207640289,0.16526017175879945,0.10365059815378028,0.10988691536373847,0.1476650489684558,0.03950872132756337,0.05547001962252291,0.12289192304282605,0.1282051282051282,0.1813066671891288,0.13129103486109328,0.08520527007485307,0.09213068794097574,0.11886662064799144,0.07151619596132788,0.12956324769222535,0.12238386597459477,0.12267408185750259,0.19712445096265332,0.08321878574196034,0.0781602364146308,0.16880275910711992,0.11348016237540047,0.07308816827558576,0.060522753266880246,0.13445789780467074,0.16762130860037783,0.11846207846084769,0.13080416089248587,0.20975329492463007,0.0761811750275055,0.08130545444849886,0.06629935441317959,0.09871839871737308,0.07951830314535803,0.1540215171241547,0.07908962992466949,0.12257258446136503,0.06577935144802718,0.0808158687660548,0.16834512458535864,0.06266005147845038,0.08224543312625464,0.04937310140074749,0.11163126113028762,0.021147746721890678,0.12561485860426555,0.0683202929930246,0.08667190566019205,0.04246038878042234,0.08198435159162952,0.22456855185612837,0.08474586331218778,0.16248558255167675,0.10784949535182202,0.1212238031490822,0.10347966929808945,0.12357788318574518,0.06808809742524027,0.055514448960540946,0.09265616458263766,0.157585283018531,0.05327547448544851,0.09245003270420485,0.06119193298729739,0.07989984272569893,0.09544271444636666,0.05801193511153214,0.17272043058086511,0.09905360646879091,0.17000231384686126,0.07520710469952335,0.1364382080481293,0.09132938483219745,0.12040366032691174,0.1419033697000128,0.045919897398165314,0.042354634223231075,0.1304433211405088,0.18232322463624387,0.029716081940637275,0.07113879915305903,0.0983494740586804,0.0765704864789611,0.06362847629757777,0.09265616458263765,0.08130545444849886,0.051739834649044726,0.15521950394713419,0.10482848367219183,0.21182963643408087,0.025225229774861718,0.1287291527303902
level,0.19582600973046588,0.20254787341673333,0.22048444778904472,0.2584432806109095,0.1960378817061381,0.2369167813718837,0.06299407883487121,0.28026338893087366,0.22193343428706105,0.21516574145596762,0.17592242073730016,0.13540064007726602,0.19176455496701433,0.05932527348830257,0.11720180773462385,0.054997194092287024,0.1980707604463386,0.13259870882635919,0.05874228140418678,0.16437122424051265,0.09040846714944138,0.1342758101199446,0.144188688900596,0.11486707293408518,0.16106321127026915,0.18482628736514198,0.1350957736406123,0.1464896838272619,0.15275252316519466,0.16735967034880075,0.19366429792470893,0.0967301666813349,0.10926038022920609,0.1378142708904486,0.18020518964353624,0.0948304052263602,0.08456536073598113,0.35386069477175314,0.19835388147218588,0.09972337429718005,0.03253000243161777,0.11900357016065803,0.1301448015738384,0.06954229716599748,0.07163426097341832,0.08032193289024989,0.17919573407620817,0.08767945989619055,0.1640825308284734,0.08401972955236046,0.16223619472226267,0.21773242158072692,0.1342758101199446,0.18153816197262918,0.1860521018838127,1.0,0.14367478342165182,0.2023858665676899,0.15713484026367722,0.13372812598265227,0.14348601079588788,0.15598946310847095,0.11812488464372366,0.09259550884879691,0.059458839001056314,0.044721359549995794,0.10879222762803661,0.12403473458920847,0.07392713520000525,0.15457491905455645,0.12823007845327955,0.12998673672393632,0.19444444444444445,0.09994088086979588,0.11142104507747926,0.1242498860684958,0.08600261451922268,0.12865503926950828,0.06506000486323554,0.07755667343294813,0.09408908116364305,0.1138550085106622,0.07856742013183861,0.08945750668694888,0.13693063937629155,0.06606874726434099,0.06367145399670132,0.11504474832710557,0.054661337446052526,0.13858697343671667,0.08740073734751262,0.035634832254989916,0.09196987799523525,0.07770873402002615,0.07641607199008701,0.1468506503240533,0.09223309842157773,0.10213764617139019,0.18822797186399673,0.09048278567177281,0.14433756729740643,0.13663546628161677,0.07961173386514128,0.14,0.1250322955695868,0.05063696835418333,0.051409475744577035,0.09316949906249124,0.11410886614690961,0.11016316230980794,0.06808829066491902,0.041408666249996104,0.0194074169913194,0.10820574234403928,0.18098843448461224,0.08740073734751262,0.16236272901568416,0.13825251033437552,0.09548198320525772,0.10624254305194611,0.13551927136362363,0.12272017341845398,0.05797213274999455,0.13886751972361294,0.06680313900328462,0.12824729401064427,0.08017837257372731,0.075955452531275,0.07453559924999299,0.07945521577046602,0.12126781251816648,0.12666666666666668,0.12272017341845398,0.0647150228929434,0.07178425360775541,0.08885233166386385,0.09105972745135883,0.12546210878484684,0.0445435403187374,0.021295885499998,0.07647191129018725,0.06506000486323554,0.07407971974871923,0.08549819600709618,0.08964214570007953,0.08740073734751262,0.07150969419341942,0.09534625892455922,0.04695301415158425,0.06506000486323554,0.08134892168199606,0.07687760066907376
quantum computing,0.35312621662971116,0.21825766384248982,0.2929135248856865,0.2750288849347837,0.26627237580789825,0.2188219323378872,0.16291189140203846,0.27628100909310294,0.2145915354625646,0.1669350130386045,0.2752315586988033,0.28801519100791967,0.1964402631903447,0.15940137637144772,0.07216690432670639,0.13787677565830092,0.2576133733435689,0.04082376594132391,0.16276727362706217,0.15181714313683342,0.14613094054326953,0.07549062236510824,0.1937106575031746,0.16751674785874504,0.232213516898191,0.14058464192372516,0.17640977514801304,0.1668716406650057,0.0671837316822557,0.08899907599222925,0.1565138028422183,0.11726172350112153,0.09029278587585611,0.12289925496785001,0.19176986242385166,0.21021024238999375,0.1065089503231593,0.15887768338364647,0.08142414560388658,0.061404575160958555,0.12018191281890404,0.1517866998697472,0.2452178147549989,0.11678346799444096,0.12631136233409138,0.19165035303882227,0.10222640053735946,0.1113513762232273,0.09381697562471832,0.1372969178264999,0.19832450224052475,0.08798247707198269,0.0593140604297279,0.15685532357584256,0.21957603399853476,0.14367478342165182,1.0,0.2598760185621149,0.12336343085216397,0.11175117282271768,0.15145950508263173,0.10805666301081633,0.16971567217894604,0.12217628277246621,0.01569073925384014,0.13768567816430283,0.05024153488634101,0.10183236359352338,0.2669160395280909,0.09931759610347568,0.13535580306060999,0.08575629909106602,0.1488060256867108,0.12071014369958054,0.11834777377375122,0.101258936495486,0.14298128117062217,0.1747482816474332,0.09013643461417803,0.11938862419695642,0.0620734975646723,0.09764780416535954,0.10159341364295857,0.09764780416535954,0.0913411569393932,0.14423536566686404,0.11761691609722798,0.10625804549804142,0.15777031779440803,0.11636563671574177,0.022016013912403046,0.08228293081879129,0.07187700428163932,0.07177362126620145,0.17644922024639634,0.12849605758132357,0.10952828629002798,0.10885008604602704,0.10698572212004771,0.14923578024619552,0.05332543385416191,0.07423514253426441,0.040850709360344135,0.11699232364334505,0.04199373815066262,0.09353899878963849,0.11531587039731464,0.1548963879348407,0.05620994273193427,0.09496601091543558,0.22296637763677168,0.10708886079445777,0.08962574248933394,0.16418940690946898,0.10698572212004771,0.08072538434547784,0.06134811117185772,0.11267054326772255,0.05511838362462804,0.08586210579274056,0.1564609979139805,0.12846021588650863,0.13003647382184158,0.060755361897291596,0.1057730678616132,0.08686496747370617,0.10696781006442868,0.1013339153554417,0.05900814778470122,0.17612811129922437,0.09707170589757669,0.1600947586698406,0.03778241643720842,0.05123341964353343,0.14917867041152036,0.08206611112487838,0.050462948391461836,0.1022468519530962,0.07405463773691216,0.10818160427195223,0.07063126259436917,0.08262506506299654,0.06842177801250364,0.0789681522488238,0.027598534004809463,0.11008006956201524,0.06604804173720914,0.1027413982578809,0.13010073697072197,0.17276149967717458,0.06678736402426115,0.149112530452423
platform,0.28446961098304535,0.1837178521885544,0.23347650458983818,0.24710494787267592,0.262984031778569,0.2332634988764268,0.14552644042288462,0.3064868379879933,0.2341667244380696,0.16823820483841195,0.2552019146850677,0.24425890692005897,0.21375858562033928,0.191679595492076,0.09025166706782377,0.09773257860139561,0.25141498428702574,0.19145269739114637,0.14092349409045432,0.24097864778152053,0.15061880828219448,0.09337084290165384,0.18246683539198535,0.16652232900499675,0.24084099726772493,0.14007210322643468,0.18212319909644353,0.11714354975478986,0.18742862746295796,0.09012301173931252,0.15916960098356409,0.11280544868080426,0.1992702853326139,0.16889819731271333,0.2889058817508322,0.1572835155171684,0.0887998029382181,0.1397393236207338,0.16645082370971323,0.08368395753931973,0.115614662603216,0.08056186426741851,0.2590261872523682,0.10111083140389397,0.10415243641918817,0.19626175307879518,0.23414645289542352,0.22397757796063722,0.1388487185658827,0.10336636905915429,0.1695889903687727,0.0967301666813349,0.1815544167532158,0.15089438075482847,0.25255943568990924,0.2023858665676899,0.2598760185621149,1.0,0.06282808624375433,0.13013680164749739,0.20034247546281536,0.1138502259929229,0.1632659999929746,0.13516322703200254,0.05283056483270139,0.13245323570650439,0.11737823754154784,0.19592489556550532,0.20302940310500528,0.13734341974750358,0.10850991866680072,0.10449660391555822,0.11353353490382603,0.14344583551558307,0.20790041268272877,0.1818335167131459,0.13245323570650439,0.188280238907794,0.101162829777814,0.13207924935336382,0.1074861545850028,0.14451832825402,0.06282808624375433,0.14451832825402,0.16222142113076254,0.17077417438682832,0.1571488096676488,0.11925659823636685,0.15177460262334497,0.07276322021144231,0.09883693657685838,0.134565112208027,0.06285952386705952,0.08975982870824246,0.15842741070130117,0.09614332506687173,0.11707322644771175,0.05584718777222607,0.12221745750194198,0.14356440147104763,0.03419927840283847,0.1499693971230111,0.07073688181720796,0.09477582044145477,0.06059678724350827,0.08998425413316952,0.07830603067752896,0.12141546606429568,0.12166606584807191,0.11745904601629345,0.25299177790082517,0.11037769642208697,0.12070759758761325,0.10301070542879115,0.09005496868564145,0.09177715539279707,0.09180377212587394,0.057807331301608,0.07423322234717407,0.08259910463055868,0.1384738373295273,0.07269315700282242,0.08830215713766958,0.10390486669322622,0.08479449518438635,0.0911605688194146,0.10290273286496182,0.1049816298220311,0.07568756326085965,0.1694347484174715,0.12929913477618468,0.14216373066218216,0.0872317884033869,0.1067872125861979,0.13553671408323295,0.07017543859649122,0.08090869104729184,0.12459083359940035,0.11081832770072812,0.07568756326085965,0.08153649149910351,0.108388746190515,0.07313506476310318,0.11395071102426825,0.11504875287827816,0.07765759302467444,0.08471737420873575,0.112956498944981,0.08343769572029315,0.151744244666721,0.03212462831016178,0.1502765895877537
molecule,0.10550087574332592,0.01790287185098582,0.06407097870320747,0.20261080021468836,0.05979674002989887,0.14035917143874166,0.035634832254989916,0.19817614283134352,0.13241022442571243,0.06085806194501846,0.08123816272071699,0.05222329678670935,0.15778678366067928,0.061017168260836745,0.0,0.1,0.10289915108550529,0.05469417694282446,0.03322965241861512,0.1917762120324618,0.09589266029707683,0.1568695114623888,0.08032959975734034,0.051298917604257706,0.044444444444444446,0.015375520133814751,0.03952847075210474,0.041433539523252086,0.03086066999241838,0.12909944487358058,0.1574825390867375,0.07694837640638656,0.03253000243161777,0.16129556770910236,0.12742431160195228,0.026822089039291005,0.04348853820356281,0.15986105077709065,0.1168811455530461,0.07051507420834027,0.023002185311411807,0.06411293824457934,0.07362101738323104,0.07152557077144268,0.06446754579947939,0.0662622139954909,0.17888543819998318,0.13174732390966185,0.1767982784351456,0.08226127456606228,0.0539850886785944,0.057735026918962574,0.03302516030787133,0.17391639824998364,0.09501461875826149,0.15713484026367722,0.12336343085216397,0.06282808624375433,1.0,0.06304004314513491,0.057977103565244846,0.08666523419529533,0.037123069759313634,0.08418202998994706,0.060062497513037265,0.052704627669472995,0.07692772189617515,0.17541160386140583,0.06653102732642345,0.1330620546528469,0.08635462669180663,0.00875376219064817,0.1257078722109418,0.06523280730534423,0.08666523419529533,0.062017367294604234,0.032433617027367995,0.042810753271195705,0.08050764858994133,0.05484084971070818,0.04752216237601675,0.13801311186847084,0.1111111111111111,0.14951420452417674,0.10758287072798381,0.11891767800211263,0.05002501876563868,0.036155076303109365,0.04831425297103737,0.09799578870122228,0.033709993123162106,0.02519763153394848,0.06003002251876642,0.03296902366978935,0.07204576359443988,0.0655825835783953,0.04658474953124562,0.022222222222222223,0.08190601557786016,0.16452254913212455,0.2857738033247041,0.022733144649015782,0.02501955416802672,0.12256517540566823,0.0,0.03580574370197164,0.05193141273747966,0.06148873228105182,0.15061601901917732,0.031158847642487792,0.05252257314388902,0.011712139482105107,0.013723116159876972,0.09837387536759296,0.13309727531402277,0.033709993123162106,0.10437071518085823,0.13801311186847084,0.016878989451394443,0.0563436169819011,0.04791329788133908,0.03471050672503116,0.07027283689263064,0.07235359517703827,0.0,0.06045635417583431,0.0,0.03580574370197164,0.0,0.11236664374387369,0.09146591207600471,0.07542472332656507,0.06942101345006232,0.07844645405527362,0.03806934938134405,0.027923593886113034,0.03863337046431279,0.13568192973511572,0.07559289460184544,0.06023386019368342,0.06488856845230502,0.05750546327852952,0.10476454436543674,0.08463889584616803,0.0563436169819011,0.06741998624632421,0.056183321871936844,0.06741998624632421,0.026560635762986527,0.023002185311411807,0.051130999256491366,0.05436067275445352
environment,0.1923975573055041,0.20798445427732543,0.14886737336353062,0.21895874720921596,0.15861647521313374,0.20183792030139455,0.014441280189584203,0.22240343739524604,0.17886741987115515,0.11345063344340772,0.17695772933034856,0.14109252354065754,0.22380492711827904,0.04945532039687705,0.02686830533165206,0.1350858067395748,0.12046852858909161,0.14565716689234745,0.14813219535326147,0.23080108572315963,0.07772242425980772,0.107069530149422,0.16026666518086113,0.062367801024943145,0.12608008629026982,0.006231043623950822,0.11747417793605462,0.07835916357604392,0.10838980106369024,0.2383398696918449,0.1165426363404782,0.062367801024943145,0.13183024865146248,0.0980493384937581,0.17961616623636192,0.1014519390167733,0.06168418480510757,0.09013548108713498,0.14525865132504587,0.22226366602380798,0.06525264395087049,0.07145117087801169,0.10740766888298187,0.09420537194414663,0.13436203524958018,0.07672358257655341,0.11478319773273361,0.13190861091474762,0.06269271244052146,0.09630686553091228,0.13673661105103896,0.05459427881935389,0.1338369126867775,0.09397454785136086,0.09478247207640289,0.13372812598265227,0.11175117282271768,0.13013680164749739,0.06304004314513491,1.0,0.07831883807534977,0.12771537902777078,0.06769979766566633,0.08339318118389191,0.22393510970504868,0.15378437838901696,0.05344376591819557,0.09478247207640289,0.08473831928196746,0.10014528642414336,0.07699087712155962,0.07095054165180574,0.09552008998760876,0.04406013200364826,0.10217230322221663,0.06702132874284907,0.12486765766629583,0.02602406314245763,0.08389625650826206,0.08889864510545749,0.1386627042795831,0.05593083767217471,0.04502860224652493,0.07457445022956628,0.11335676729246282,0.06884610200791016,0.06487363216433922,0.1245429600784785,0.09398260569041973,0.14441280189584202,0.05464489939473446,0.07148069005748958,0.09731044824650883,0.09798023751669188,0.058394160583941604,0.05315565726451871,0.15103052333254424,0.10806864539165983,0.05808778600358696,0.10371508595636707,0.06617825960083584,0.06448942887743465,0.16222975963451428,0.1069825007861218,0.013028832135451885,0.05804217328669547,0.07576412527549731,0.09967506006695544,0.12207651862265227,0.050509416850331536,0.12061592080806975,0.04746431431759783,0.06673673582776354,0.07087420968602495,0.06638604114695652,0.11839728202192466,0.05921580949280902,0.06525264395087049,0.01368067144194235,0.07611222954625717,0.0699019901768259,0.056266761639483256,0.0284785885905587,0.10890965920712974,0.05469464442041558,0.019600308903302492,0.0510576357553497,0.06771586883447804,0.09764087516762981,0.045537416162278715,0.10193490880615444,0.0534912503930609,0.15942249131186922,0.1271640303829875,0.03085577263937756,0.0,0.02087528006496222,0.09305341491727132,0.07148069005748958,0.09764087516762981,0.14024839388089194,0.09321806278695785,0.10378282195093265,0.06860108116155872,0.11416834431938576,0.0637523826271902,0.0637523826271902,0.20947211434648208,0.04305557891470844,0.046609031393478925,0.13468790953729282,0.035248105602918606
interface,0.14144718898138053,0.11417523209619028,0.20430573722913506,0.22457093458425523,0.23164806503085814,0.16143984530916344,0.10846522890932808,0.21874580710620428,0.16206496066434442,0.12702146976599116,0.19870115794492024,0.10597144202125482,0.15008471456872172,0.3051178864532983,0.22102106088450266,0.07730280475365979,0.17897384217780352,0.08833527748583463,0.10114434748483474,0.1465637499474252,0.06949473371488082,0.10052191481998413,0.13434454397555734,0.0817894731149928,0.17876273599283826,0.16714277309394093,0.09166984970282113,0.10809884754064132,0.09840667431338064,0.08108546209455464,0.10718273909366804,0.03717703323408763,0.10608723674750081,0.09935915448290938,0.1638140513192597,0.023326005511007896,0.07564018449987205,0.1511132722329171,0.16263432673328185,0.03406883133573224,0.1700340102034012,0.0696952961339648,0.1280500004821883,0.06997801653302368,0.08009231955886247,0.057625368649184876,0.18797907983012765,0.10783522225064926,0.09609611342804464,0.055641488407465724,0.1173712153986673,0.1924703040138163,0.0789815045014161,0.11523621752038478,0.16526017175879945,0.14348601079588788,0.15145950508263173,0.20034247546281536,0.057977103565244846,0.07831883807534977,1.0,0.05481381009214731,0.05649756157750781,0.05694068649569659,0.020893497832203733,0.027500954910846337,0.12424415248364507,0.1355980896482457,0.09092151188071727,0.12398387983734173,0.07509886702573394,0.11419149985036504,0.11615534207286161,0.06618516143738803,0.12333107270733144,0.1438234930593239,0.07756679590238712,0.11169195642496159,0.05001000300100035,0.08743662464030327,0.041327959945780576,0.14002800840280097,0.038651402376829895,0.11002200660220077,0.13098420799889596,0.1329654059987192,0.04350458540743126,0.023581874286390386,0.06722689075630252,0.13170777796132696,0.12703650456154195,0.0,0.08700917081486252,0.038228969994967714,0.07831883807534977,0.07604576480401899,0.09723055853282467,0.11595420713048969,0.13355644353114812,0.09538540869851267,0.059172633541393856,0.07908011290078078,0.06527525774201723,0.057394404318355144,0.0419385630668549,0.010379566554199117,0.08129248815339898,0.0993090038447229,0.06549210399944798,0.13548748025566498,0.11419149985036504,0.040742155423476055,0.09547518322068867,0.02851716180150712,0.09794139192284196,0.04886019406213152,0.13615001467243404,0.08001600480160055,0.13211031413252305,0.10616579080250547,0.08333622700256467,0.03018621964798889,0.12222646627042817,0.10786761979449293,0.15258258001826747,0.08412202337350723,0.08765314158255663,0.04151826621679647,0.1309569281468873,0.058632232874557814,0.08948692108890176,0.06559360493526302,0.020124146431992593,0.13644294573266458,0.13242903670462042,0.024283936419735197,0.02239850920483934,0.11799667938277617,0.06573985618691747,0.013095692814688732,0.0564307688003965,0.040008002400800276,0.06073944838640614,0.07360677045181883,0.08574929257125442,0.04886019406213152,0.10749242693668934,0.029316116437278907,0.05774657738960309,0.12002400720240083,0.011116602147330214,0.14182534593726007
parameter,0.22754244599986323,0.19041830775826937,0.22412822820447756,0.2197261558052356,0.16189329132138927,0.23436712976471769,0.10107167180363233,0.24591451257161756,0.23993941047567055,0.138090192640673,0.15841179895019508,0.16869428555026708,0.23775206471680693,0.0919402588773467,0.10185823364154034,0.07878657654117757,0.17024850870342756,0.09972643531516187,0.13548411615480027,0.1277430347591597,0.15298985200971388,0.07610672512113735,0.17964322653597095,0.1454999795390668,0.17726979721764954,0.14718322815681037,0.14481554922068757,0.13220847268733457,0.05835375692327263,0.10679868459703684,0.13108804169897675,0.19399997271875574,0.10379856482176553,0.1381986908028415,0.17677942339520872,0.12045357255203772,0.12334726957820136,0.19713764211655818,0.13812997980503378,0.18333616261693317,0.05708629816003476,0.16479666964384185,0.08874532319288043,0.133132895978568,0.09142519016794597,0.07383381806851708,0.0951329560647042,0.1044097897588803,0.06268198993325559,0.14906493671439944,0.19139851445662517,0.15010858887610717,0.09952417900456423,0.1115756892116901,0.10365059815378028,0.15598946310847095,0.10805666301081633,0.1138502259929229,0.08666523419529533,0.12771537902777078,0.05481381009214731,1.0,0.12503518191827354,0.11275103713630939,0.11073157424702565,0.13453831669534844,0.04675529712325957,0.08292047852302424,0.1280485101336587,0.08761213851250332,0.10409485670474423,0.1551777648427729,0.14484735860072304,0.13105647392683895,0.11173184357541899,0.10993806124286983,0.1149900142695286,0.06071242840895751,0.04893111270860122,0.08425409466466056,0.10783032432308103,0.04893111270860122,0.1339371801200019,0.07339666906290183,0.06865629724095225,0.108414065134431,0.09932075924281149,0.14100246698209853,0.05481381009214731,0.13897354872999446,0.0557737940214122,0.11613625484209059,0.09222641929689637,0.09351059424651914,0.14048691693054788,0.0930064903356135,0.08588391866952462,0.1103012071576486,0.1016362394067504,0.07777301045968667,0.0771947644426465,0.09671759860921254,0.11531549363989448,0.20724314384411144,0.034194834918326394,0.10155643080441033,0.19148211690814088,0.13702976700452157,0.07628477471216917,0.13992923927902604,0.062071105937109156,0.08304834363910399,0.06811543252795792,0.05425378602910788,0.15245435911012561,0.08764453346221916,0.12581207350588824,0.10601741086863598,0.07181124089490094,0.13317362075854033,0.07474350927519359,0.10665415780011435,0.07474350927519359,0.16857169390573373,0.08612933150548133,0.08573668516214838,0.10720269677731438,0.07616732310330775,0.07474350927519359,0.08764453346221916,0.09728486211624432,0.11364946597902885,0.13126665575398688,0.018541582670429352,0.026994183380154847,0.059400117909351076,0.1187078489660797,0.14061349391834568,0.044667790323881,0.09609879763953462,0.14570192270292662,0.0652414836114683,0.0990484775213889,0.07716301664593354,0.04994010778445262,0.11951527290302613,0.10357990318262265,0.1115475880428244,0.09416797031352944,0.04077592725716768,0.14502370991574423,0.04625522609182551
protocol,0.2313192480965199,0.16947543795713077,0.15698175318848015,0.14268794092301035,0.15437968108225003,0.13992883734858033,0.08185285125167474,0.2610287115346267,0.10240570829587702,0.0914991421995628,0.21204913934528782,0.276263195278595,0.12767584435658924,0.14652654091550119,0.046148166728961076,0.037123069759313634,0.10504814000783759,0.11747405388015286,0.1873509807936254,0.13591432331510733,0.11346957862396372,0.06206601357728217,0.1909679009098692,0.12854519753400953,0.14385189531734033,0.044949437387925235,0.09905072696163268,0.0807523593500907,0.12029249451950898,0.11981419244826491,0.08578714819486491,0.12854519753400953,0.17661348162016485,0.06174904943556012,0.1989845307109243,0.22403661356162735,0.036324630842882365,0.09288834166635833,0.07810176455845598,0.13743114099326814,0.076852055693898,0.12718494140521958,0.1352853891214317,0.11948619389953459,0.11538802928213776,0.14232028585532522,0.04358009644552832,0.0647320380366344,0.046148166728961076,0.12215164136823929,0.101457168282021,0.06429904295605494,0.15171692207780085,0.0760922318890177,0.10988691536373847,0.11812488464372366,0.16971567217894604,0.1632659999929746,0.037123069759313634,0.06769979766566633,0.05649756157750781,0.12503518191827354,1.0,0.07031464586544234,0.07023568498049515,0.1584811631386123,0.05507601145155236,0.032559086033700294,0.12702013552787758,0.04763255082295409,0.08655521842942449,0.05849397440277735,0.09843740386976972,0.0908115771072059,0.10529278477328298,0.043167657231873165,0.08804509063256237,0.03575849805304566,0.11527808354084698,0.0687102982696346,0.12702013552787758,0.048032534808686245,0.13921151159742612,0.05763904177042349,0.04493032216809934,0.05675900472113173,0.09192557193671504,0.12079686777782725,0.11299512315501561,0.04464700977364077,0.07508510557782778,0.15785101685321729,0.033427480704260014,0.03671734096770157,0.15796619455322145,0.036519402377651784,0.10895024111382082,0.05568460463897045,0.1026203421376462,0.08397925344066451,0.0,0.11392975547828736,0.041796119462696193,0.10237490002456051,0.013426750446270366,0.02990743022772896,0.026026021679667735,0.08804509063256238,0.06290245103533908,0.05205204335933547,0.12429969560590187,0.09782787848062487,0.10316245019995109,0.08216865534971651,0.0513101710688231,0.03754255278891389,0.05230657809659415,0.028819520885211745,0.028196995629187573,0.09412416106700233,0.13606968552305096,0.03865681687603371,0.1369590298728748,0.043167657231873165,0.022546037396004668,0.06059678724350827,0.02104680224709564,0.0697840038647009,0.037733610271098166,0.13139893476119863,0.047749154549017084,0.11812488464372367,0.057985225314050565,0.07644454613944875,0.06359630007488933,0.03498557142706598,0.0537820990044034,0.07845986714489123,0.0526170056177391,0.05031148036146422,0.1174320640952997,0.14409760442605873,0.048614768609760196,0.06059678724350827,0.07059312080025175,0.06569946738059931,0.018771276394456946,0.11262765836674167,0.04437055504264811,0.0192130139234745,0.07473924880782186,0.07264926168576473
microwave,0.20722981733510795,0.15573367649013964,0.20855350195957523,0.23076019681122448,0.18304767136356417,0.2668065801804577,0.07499531293940735,0.21495236345020252,0.23531629798670883,0.1383251902862112,0.17524408216864215,0.19050473590514913,0.19094041896577102,0.2439860817006817,0.04651011867937011,0.07482847110217516,0.16843282210650196,0.11181790906071062,0.0909135368849297,0.1614411083267515,0.1278136144116185,0.05560250070920067,0.12484262355420682,0.13675082230675908,0.14030338331657843,0.08413226230602884,0.3050288001117891,0.07557245511261472,0.0779374154043487,0.10867853340033277,0.14409999813361685,0.16554046910818207,0.10269156151018119,0.2489334524991085,0.16789832171567853,0.06021167743729669,0.29287627418170264,0.09361688883994083,0.13775008940288253,0.10553070385333053,0.17427335883476297,0.08095735935073202,0.14254403394464807,0.11289689519493129,0.22483322477461676,0.0956243603274635,0.11294204492486853,0.11090757172458424,0.06511416615111815,0.08463792434205196,0.13633723062454156,0.11340587457645854,0.11815531400705143,0.07668904285021938,0.1476650489684558,0.09259550884879691,0.12217628277246621,0.13516322703200254,0.08418202998994706,0.08339318118389191,0.05694068649569659,0.11275103713630939,0.07031464586544234,1.0,0.020224731867654493,0.10648278112993365,0.06475931791722123,0.04101806915790439,0.17602253232629897,0.02400307258994986,0.11631212438304558,0.15475098896418188,0.13227929835542418,0.08237145211360387,0.13928069293308806,0.09571371101401882,0.17064548258002188,0.18920454607782108,0.10650038595457736,0.07694356758368359,0.1200153629497493,0.06777297288018559,0.13094982442880654,0.029045559805793826,0.09962198895030504,0.0715052252564908,0.15160347467915977,0.05326313505865059,0.13828452434669172,0.05249671905758514,0.04729626086758236,0.06363563320399461,0.07580173733957989,0.1850266226206321,0.053068388026113036,0.036805833450764554,0.0862751732064968,0.056121353326631374,0.04309384162332809,0.04616614055021016,0.011455723277057845,0.1339605585226476,0.0210619685930793,0.10317785271723084,0.09472441934290148,0.17080467744079833,0.08743383488973662,0.05176246304927331,0.1177350778503605,0.08743383488973662,0.11790551540128143,0.029578550313870456,0.11552397761262903,0.11961895871498479,0.06033137827265933,0.14188878260274707,0.03514455470170893,0.019363706537195886,0.014209075961972871,0.07114680081768734,0.11293628301659629,0.029220009180928326,0.04929758385645076,0.06960997164655913,0.011361435885378463,0.05089338620312944,0.10605938867332435,0.14066267553948097,0.0,0.12297027825571413,0.08662259422620101,0.12698812642120721,0.07792002448247554,0.04402521165257365,0.14955523852817695,0.0235066481794787,0.06504471102079028,0.10543366410512679,0.11666532754065678,0.0,0.07283268553942232,0.08713667941738149,0.039196853402908155,0.030536031721877667,0.07114680081768734,0.08513326956164824,0.028377756520549417,0.05675551304109883,0.1900539000899023,0.03872741307439177,0.021521556564129584,0.06406668497724746
bath,0.06178229934782847,0.14193843787544003,0.11544788997057785,0.17609708401566268,0.09991015582691473,0.1664308806422094,0.057788559639706465,0.14008861347311433,0.14315199795486105,0.026318067798390757,0.13723219536684694,0.0501865861339894,0.2398882913743705,0.008245897913067936,0.011946314428672725,0.10811249552346708,0.04944304004933447,0.0844731994270118,0.044906758104423676,0.23874829844392303,0.02591798701775267,0.07140864991893044,0.0868463349416736,0.0,0.10811249552346708,0.016622858516380252,0.05698028822981897,0.037329027968574895,0.055607067440108786,0.3256694736394648,0.11103802370895091,0.01848684666616339,0.09671474291233285,0.08719033170952704,0.1377616031764694,0.02899802981190384,0.011754135979637028,0.06011470308353028,0.06739366573536747,0.2625893110947447,0.0,0.0779783596758383,0.039796759561388284,0.06766206956110896,0.12943816333788088,0.02046792375417865,0.07252406676228422,0.08378548215536519,0.07167788657203636,0.07905308158469425,0.1313204098072165,0.010403129732205987,0.11603905611826194,0.08058229640253803,0.03950872132756337,0.059458839001056314,0.01569073925384014,0.05283056483270139,0.060062497513037265,0.22393510970504868,0.020893497832203733,0.11073157424702565,0.07023568498049515,0.020224731867654493,1.0,0.13675269175156554,0.07128726847826362,0.0,0.020550958268570344,0.09247931220856656,0.01867202838329723,0.05678346453899674,0.059458839001056314,0.03526240793891108,0.07666032063255622,0.02234950781338371,0.06136338732442044,0.011570943428470997,0.012434118282549846,0.019763270396173562,0.09247931220856656,0.02486823656509969,0.060062497513037265,0.07460470969529907,0.0814173684098662,0.036732819801898575,0.03244997770416881,0.06840427168698412,0.010446748916101867,0.06741998624632421,0.08503766788122595,0.02724178826415978,0.10816659234722938,0.0,0.019472618235221624,0.0,0.16116459280507606,0.15616249353389688,0.011068829678133038,0.05928981118852068,0.058848988633649964,0.04915473998202097,0.16229558627939583,0.0815435506300201,0.017378824984374267,0.025806988704625458,0.07860208477951326,0.11396057645963795,0.0814173684098662,0.04491547701686472,0.02839173226949837,0.02532457254658621,0.014836403344027176,0.035451483867683334,0.05534414839066519,0.024296476537493127,0.09027022782217275,0.0,0.0,0.05076207532276439,0.010360052405421632,0.012508798343090686,0.05064914509317242,0.08939803125353483,0.02918231329049255,0.052288698561600205,0.05448357652831956,0.051613977409250916,0.0976804941082611,0.012148238268746564,0.061803800061668086,0.030578831486257535,0.11257918508781618,0.01413506985480439,0.0,0.015094447095057539,0.0,0.05641889238885797,0.02724178826415978,0.01628008235137685,0.11692108443873354,0.08703882797784893,0.10067872296645641,0.06536087320200026,0.0913717355809759,0.048592953074986255,0.012148238268746564,0.10933414441871907,0.014357683075131602,0.0,0.09673824874398687,0.023508271959274057
sequence,0.22936585546278224,0.271746488194703,0.14993156621752493,0.15829345590332589,0.11345633708846728,0.15892860844739637,0.05916079783099616,0.16269784336399215,0.12096294735180121,0.1096965511460289,0.20712371186940787,0.21468793419964033,0.13097847552299663,0.0434144763175453,0.03144854510165755,0.052704627669472995,0.11388849035479448,0.13342487699899822,0.06304883249912806,0.18193488931859053,0.1364576478442026,0.04699562699927744,0.12310418016971533,0.06488856845230502,0.10540925533894599,0.03646624787447364,0.10625,0.07861461384965021,0.04879500364742666,0.1632993161855452,0.025982792098465237,0.08922178162191939,0.13115784746777814,0.08926073982886737,0.11562943287008008,0.1950834538263933,0.030942637387763802,0.046156633137705086,0.0517454889668201,0.1189270633995466,0.01091089451179962,0.09123431055236465,0.11174884732313252,0.16115589663919447,0.3669557037976359,0.05388159060803247,0.04242640687119285,0.07352146220938077,0.020965696734438367,0.173421993904824,0.14724241192283039,0.054772255750516606,0.14098688099783233,0.054997194092287024,0.05547001962252291,0.044721359549995794,0.13768567816430283,0.13245323570650439,0.052704627669472995,0.15378437838901696,0.027500954910846337,0.13453831669534844,0.1584811631386123,0.10648278112993365,0.13675269175156554,1.0,0.03127716210856121,0.027735009811261455,0.045083481733371615,0.10820035616009188,0.08192319205190404,0.05813183589761798,0.1192569587999888,0.030942637387763802,0.03737175463759679,0.03922322702763681,0.08461538461538462,0.05076730825668095,0.04364357804719848,0.0346843987809648,0.16230053424013782,0.02182178902359924,0.10540925533894599,0.02182178902359924,0.06123724356957946,0.05640760748177662,0.028474739872574973,0.09432422182837986,0.08250286473253901,0.10141851056742199,0.01066003581778052,0.08366600265340755,0.01898315991504998,0.05212860351426869,0.10252291892601131,0.031108550841912757,0.10606601717798213,0.10540925533894599,0.05827715174143585,0.0520265981714472,0.012909944487358056,0.053916386601719206,0.09494253265550827,0.12521980673998823,0.0,0.06793662204867575,0.07882634225314346,0.10833333333333334,0.13268069440075547,0.03941317112657173,0.09965457582448796,0.13333333333333333,0.06509445549041193,0.13480372031495527,0.08741572761215377,0.06396021490668312,0.049507377148833714,0.0545544725589981,0.0,0.07126966450997983,0.1,0.06585855599381421,0.05555555555555555,0.04902903378454601,0.012803687993289598,0.022941573387056175,0.023904572186687872,0.10190493307301363,0.014285714285714285,0.06396021490668312,0.04338609156373123,0.044721359549995794,0.05488212999484517,0.03721042037676254,0.01203858530857692,0.01324532357065044,0.06108472217815262,0.0693103280083672,0.023904572186687872,0.1,0.09233805168766386,0.08728715609439695,0.03312945782245396,0.06882472016116853,0.08017837257372731,0.13858046563114676,0.053300179088902604,0.10660035817780521,0.05039526306789696,0.02182178902359924,0.07276068751089988,0.05157106231293967
phonon,0.10434782608695652,0.13575524733684213,0.10139316544380557,0.16110299469961994,0.14516968284652734,0.17912921982332494,0.07049073768502413,0.21862678196541863,0.2716271178888358,0.10834726777719228,0.1255473238888836,0.06887004431501818,0.16581617904358265,0.15087573484912842,0.06557474954819613,0.0439586982263858,0.1074286773450764,0.20865757536062537,0.04929971387076877,0.17243657655820296,0.00790371846773349,0.32664218756663926,0.07945165427353376,0.01691275228729346,0.10440190828766628,0.15207476616811838,0.08470898071068662,0.08196140071591504,0.15261692391683992,0.16315750172876017,0.1963947667867123,0.06765100914917384,0.21717769007962806,0.1595327216890052,0.1698687515278079,0.017685961768191653,0.08602647872386805,0.11686678309317924,0.19267286271452358,0.0929925260260689,0.12512933267815476,0.02377958600840939,0.08009803113515666,0.07958682795686244,0.06376296130188795,0.056175441470485366,0.17693034738587657,0.13797256151887557,0.10929124924699354,0.027120739082755474,0.11346452373684131,0.06662136141735209,0.17965320316165162,0.0982946374365981,0.12289192304282605,0.10879222762803661,0.05024153488634101,0.11737823754154784,0.07692772189617515,0.05344376591819557,0.12424415248364507,0.04675529712325957,0.05507601145155236,0.06475931791722123,0.07128726847826362,0.03127716210856121,1.0,0.08674723979493604,0.0564033346637209,0.10340611355015497,0.034164332776775955,0.07792280807306037,0.07770873402002615,0.1505463377667691,0.11688824280814893,0.08178608201095307,0.13633634765270272,0.042342862137586895,0.0682523632789935,0.15368418813561435,0.10340611355015497,0.09100315103865801,0.01098967455659645,0.07962775715882577,0.148969892882781,0.10921670706536682,0.04947828083297994,0.03575992699260758,0.019114484997483857,0.11454744873816422,0.033341566835579026,0.024922239313961342,0.1880174671653238,0.07608695652173914,0.04453647159849631,0.03243290625483079,0.08293610033712964,0.0439586982263858,0.10126355123567275,0.1084829563310219,0.09421683286017897,0.04496937504132879,0.02474610820719749,0.027975144247209413,0.047697225056167004,0.035414412348741424,0.051363839272427006,0.09556910644282593,0.08512565307587486,0.09245491069036861,0.05194853871537359,0.0,0.05429252897979031,0.04324387500644106,0.14176897172994185,0.033341566835579026,0.1238760208523001,0.045501575519329006,0.0,0.0650157914671245,0.07582342329348173,0.03433114553423804,0.04633653645712773,0.010223260251369133,0.040046302495355755,0.13155034013960845,0.07476671794188403,0.04721921646498856,0.16383275390198732,0.022227711223719353,0.09046625460638012,0.09325048082403138,0.10299343660271414,0.07758909001678076,0.050204371233880496,0.013809204416652687,0.03821113515845007,0.09290701563922507,0.062305598284903355,0.029787773436724965,0.06417938247608372,0.07962775715882577,0.2072390845763268,0.023918243661746993,0.04179586594315146,0.044455422447438706,0.16670783417789514,0.07779698928301773,0.02627034687463669,0.011375393879832251,0.03792913030681302,0.03225992952145052
metal,0.15807274807077232,0.09944509639504355,0.16483563265106074,0.22648221104358707,0.20501309508913995,0.19458237767058986,0.11720180773462385,0.2139224311453109,0.17204659136416972,0.18147857431243208,0.17367329383943705,0.09669492928747273,0.1427127940737078,0.040136697553929894,0.15506234790122142,0.03898035641364574,0.23063512107853829,0.13020419477784775,0.029144333132531612,0.14781112350262057,0.07709480781404968,0.1665486446997828,0.11380985482714508,0.08998425413316952,0.28748012855063737,0.1281096207265997,0.09822815974821765,0.10296225130357178,0.08119979429411502,0.06290427967469976,0.15613714865122832,0.05998950275544634,0.03566337437590941,0.12378237474570462,0.1457719752328304,0.04704905657295469,0.04767746397421859,0.19507118825585468,0.24602771043141888,0.08933283856821292,0.030261376633440123,0.04920192080015156,0.12913980737100994,0.09409811314590938,0.016154793722421883,0.09962709627734358,0.1895789306335779,0.1971147859858282,0.2229021251080058,0.08016434504064697,0.14796267171425728,0.11815292615976111,0.03620622710864844,0.17432545345616357,0.1282051282051282,0.12403473458920847,0.10183236359352338,0.19592489556550532,0.17541160386140583,0.09478247207640289,0.1355980896482457,0.08292047852302424,0.032559086033700294,0.04101806915790439,0.0,0.027735009811261455,0.08674723979493604,1.0,0.13337501954142808,0.13337501954142808,0.05301661249101969,0.06909801595573181,0.09647146023605102,0.06674844956390602,0.12438071778453635,0.1269166017514316,0.08533849172695833,0.07509502893815365,0.050435627722400206,0.09619721404877636,0.050015632328035534,0.13113263207824052,0.03898035641364574,0.08069700435584032,0.08492077756084468,0.14154688281809683,0.061424781424143246,0.10305782373347372,0.11017344783919965,0.08594799233872416,0.05913123959890826,0.06629935441317959,0.10529962529853128,0.09638582199437337,0.07108685405730217,0.08627959628145761,0.049029033784546004,0.08770580193070292,0.14367265558409742,0.20041086260161742,0.2506402059138015,0.0697840038647009,0.0548590015563861,0.0826898230594723,0.056393991258375145,0.041871619534755176,0.036437489596279786,0.08474586331218778,0.10379206146325462,0.1184218411879093,0.10748580259780505,0.05136112928011381,0.012035969077901982,0.03834648723620338,0.11673403266207916,0.05913123959890826,0.09153917273018161,0.060522753266880246,0.059215412224577,0.10706934573993683,0.1260682264148248,0.07103396598059802,0.030816677568068288,0.04532735776836843,0.05918506868570291,0.053023730247981474,0.0883991392175728,0.06280742930213278,0.06603573764586061,0.11826247919781652,0.09024852563942802,0.01653796461189446,0.07103396598059802,0.06880209161537815,0.10016708449412666,0.04898122389137633,0.04517827650477982,0.06407742091112713,0.06629935441317959,0.013207147529172122,0.0948517322040787,0.01008712554448004,0.10209398197194813,0.053023730247981474,0.049416621110740085,0.08869685939836239,0.12811768579763458,0.05913123959890826,0.08153326507837141,0.14121975762272057,0.02242242646654375,0.07628394235874975
architecture,0.25193489483128667,0.13782687566212998,0.2082637354210509,0.22088919442973373,0.19065024975199077,0.12780908947188974,0.08382549209085563,0.22819954109118432,0.21813723309398889,0.15617376188860607,0.2258458698566762,0.2035046471561311,0.16871330596302514,0.16310631250216234,0.03780826423017844,0.08553989227683016,0.23471952797950385,0.04678534003859093,0.1350168921935302,0.11433450906844013,0.11620417761930046,0.056499373103207205,0.1479990682128813,0.14627012952620635,0.1948408657416687,0.1117937285554735,0.11834413955010048,0.11223364940311434,0.04399697311237122,0.07362101738323103,0.08785460497148624,0.08044857123941349,0.0765218548535542,0.05173952057462543,0.11847675965087215,0.17590082654130496,0.158100207111407,0.09512693608857885,0.07998400479840057,0.08042469135565482,0.0885422004151433,0.13025007848606904,0.2204136863695278,0.09177434428241998,0.0945350901092414,0.24291697059422396,0.05100613704506707,0.09943810495582169,0.02835619817263383,0.09382160753247619,0.10967461841539959,0.09054187969287905,0.06356179474110811,0.07084185700703759,0.1813066671891288,0.07392713520000525,0.2669160395280909,0.20302940310500528,0.06653102732642345,0.08473831928196746,0.09092151188071727,0.1280485101336587,0.12702013552787758,0.17602253232629897,0.020550958268570344,0.045083481733371615,0.0564033346637209,0.13337501954142808,1.0,0.07317073170731707,0.07386765464823021,0.10483142247270466,0.09408908116364305,0.12090015837931122,0.11456971959327358,0.08841598196121758,0.15259024586679623,0.22887670144425215,0.1082182449518418,0.07818467294373016,0.04878048780487805,0.1278942894885403,0.11405318970244022,0.059028133610095526,0.055215763037423274,0.06539274878214528,0.16260711922164733,0.13917155995028474,0.17357743177227844,0.07620499280986875,0.009611830601359905,0.07543909404658242,0.03423307773087312,0.04700277888643408,0.17718012213502288,0.1028486641330893,0.04781825347975037,0.06653102732642345,0.04378894843346581,0.11727700941559524,0.02328100985898594,0.058337722331712236,0.010700849841736613,0.137101232552737,0.11000266415928431,0.12251277836633777,0.0,0.06011130897782882,0.036810508691615514,0.07995973412425707,0.16473509245710732,0.10018551496304803,0.11738738780183032,0.07479902846042859,0.061304527806852145,0.01922366120271981,0.05356715840055802,0.1082182449518418,0.014438269394140333,0.04819626927118799,0.13934894353951227,0.06927977014311161,0.05009275748152402,0.08841598196121758,0.04617878670122088,0.020685720094603028,0.032331040305678176,0.09188458377475332,0.025761989561926636,0.1922366120271981,0.08801982299231395,0.1290364541672819,0.05938266012266709,0.05591917691156176,0.20624170952484813,0.02388581213000062,0.12117212608630024,0.10713431680111604,0.043108053740904234,0.10304795824770654,0.037003741036052605,0.06886615587844479,0.06970092764017173,0.06205716028380909,0.03614720195339099,0.07689464481087924,0.028835491804079717,0.057670983608159435,0.0681598176590997,0.18692242309863583,0.02186870084203477,0.1395001827453591
density,0.1128066693274418,0.11740807926774036,0.12422749130378474,0.18010965084270594,0.14415018883687106,0.1665391165845836,0.07620499280986875,0.21515956731454522,0.13423829728860856,0.16137955395155962,0.11726612473327419,0.0943070316089388,0.18558463655932764,0.05219402000069195,0.06616446240281226,0.06653102732642345,0.15158969515342957,0.14035602011577278,0.08527382664854538,0.12924770590345405,0.08886201817946505,0.16949811930962164,0.1215706631748668,0.07313506476310318,0.1378142708904486,0.07233711847707108,0.08453152825007178,0.059070341791112806,0.1407903139595879,0.12270169563871838,0.17570920994297248,0.05850805181048254,0.10434798389121028,0.0689860274328339,0.14691118196708147,0.06883075821181499,0.02790003654907182,0.21403560619930243,0.1133106734644008,0.14074320987239594,0.01967604453669851,0.10968427661984761,0.10076054234035557,0.07647862023534999,0.05514546923039081,0.08906955588454878,0.19764878104963488,0.1259549329440408,0.07561652846035688,0.06254773835498413,0.10390227007774698,0.08231079972079913,0.12006116784431532,0.21252557102111277,0.13129103486109328,0.15457491905455645,0.09931759610347568,0.13734341974750358,0.1330620546528469,0.10014528642414336,0.12398387983734173,0.08761213851250332,0.04763255082295409,0.02400307258994986,0.09247931220856656,0.10820035616009188,0.10340611355015497,0.13337501954142808,0.07317073170731707,1.0,0.029547061859292085,0.05990366998440266,0.10753037847273492,0.05580007309814364,0.08087274324231077,0.035366392784487034,0.1595261661334688,0.036620272231080345,0.03935208907339702,0.10164007482684921,0.08943089430894309,0.16724637856193733,0.05702659485122011,0.07870417814679403,0.07362101738323103,0.14531721951587842,0.042791347163591405,0.11597629995857062,0.08265591989156115,0.17527148346269814,0.07689464481087924,0.05388506717613029,0.06846615546174624,0.02820166733186045,0.09244180285305541,0.13089829980575002,0.11157592478608419,0.0760354598016268,0.10509347624031797,0.17200628047620634,0.13968605915391563,0.10695249094147244,0.09630764857562951,0.1290364541672819,0.027500666039821077,0.040837592788779256,0.10661297883234276,0.08265304984451463,0.0920262717290388,0.0888441490269523,0.112319381220755,0.05009275748152402,0.023477477560366066,0.06544914990287501,0.2189447421673291,0.057670983608159435,0.29461937120306914,0.059028133610095526,0.0,0.11245796163277197,0.08196996678794839,0.049485550102222574,0.06011130897782882,0.08841598196121758,0.08081287672713654,0.08274288037841211,0.021554026870452117,0.1429315747607274,0.09016696346674323,0.057670983608159435,0.07823984265983462,0.07258300546909606,0.10886821022488967,0.044735341529249406,0.05427413408548635,0.01194290606500031,0.044062591304109174,0.06249501813398436,0.07543909404658242,0.09016696346674323,0.06475654681309205,0.059028133610095526,0.08961547839450651,0.020685720094603028,0.08434347122457898,0.048059153006799527,0.08650647541223914,0.057670983608159435,0.0227199392196999,0.07870417814679403,0.05467175210508692,0.03720004873209576
manipulation,0.18448739699459016,0.10667371126281625,0.24897714514623778,0.24083252492980148,0.11829624918114269,0.24984207102130593,0.17309433580902026,0.23991708003010073,0.1943820035078325,0.12297578015850455,0.2407121798104244,0.09470418927126593,0.18011364851142683,0.08891631202987758,0.11164249200502917,0.060448238684264646,0.15105890224117452,0.07287061215260403,0.08393387621895895,0.13549715344171634,0.08694813626560212,0.09625079440653632,0.15367752220092626,0.1395418147013968,0.15975605937984227,0.2150950628183646,0.1484857855940761,0.13954113568397533,0.039974424549814924,0.11705751086586395,0.11707262969199943,0.09967272478671199,0.08848716081237631,0.17758988634117256,0.18514885733742617,0.04864044120772984,0.07604758875930602,0.0810278297359177,0.13928654214330738,0.11569675527871905,0.06256987145837582,0.1121130891765664,0.08582645888279895,0.11117815133195393,0.09304961279948082,0.044141518954439136,0.12164973373633337,0.11443914450180223,0.06870307200309488,0.10655462484516773,0.1416040637103344,0.0747853004494263,0.09625079440653632,0.10298390157573195,0.08520527007485307,0.12823007845327955,0.13535580306060999,0.10850991866680072,0.08635462669180663,0.07699087712155962,0.07509886702573394,0.10409485670474423,0.08655521842942449,0.11631212438304558,0.01867202838329723,0.08192319205190404,0.034164332776775955,0.05301661249101969,0.07386765464823021,0.029547061859292085,1.0,0.10885361272160748,0.16486724372564512,0.059148124590571345,0.12246453729969911,0.09639875882041571,0.07562140804791143,0.0998164786624869,0.07150842452385808,0.0923473415324787,0.08864118557787626,0.09832408372030486,0.08635462669180663,0.07150842452385808,0.07525125698519824,0.07261714838585437,0.06998224749626908,0.10537283645444677,0.07509886702573394,0.0761615077559689,0.11352954100542727,0.09791694290843173,0.0777580527736323,0.2135270798548497,0.09798838906380315,0.07645535355235321,0.050687389056805573,0.05181277601508398,0.06365667059135471,0.09945098318882321,0.021152477232345077,0.08834004988634697,0.03888997668315688,0.0879291966536774,0.11243852698498892,0.018551949784837606,0.08879345165835911,0.11605785540686406,0.10033500931359766,0.0645770557515339,0.08844356033630607,0.08192319205190406,0.07465843810117191,0.11043551068673241,0.07161375441527405,0.12226258262122935,0.081116047322999,0.09832408372030486,0.07870925698254591,0.09487787421329504,0.12660856953476082,0.08093014696413477,0.1547438072091521,0.09639875882041571,0.07342432933128451,0.11276681535363924,0.11750033149011807,0.03710389956967521,0.05851656575136003,0.03493216646320839,0.0888581777889262,0.10258406276262365,0.044961192757852646,0.05080660691429335,0.05917436017606665,0.10850991866680072,0.09007659767588398,0.0567812331260993,0.06854186003590221,0.035109939450816016,0.042025710789484055,0.10726263678578712,0.045234515596072514,0.1221640499664425,0.032842341073832895,0.04366520807901048,0.08733041615802097,0.06986433292641678,0.07224946425930713,0.05363131839289356,0.10928110924104051,0.06759785667493869
regime,0.2285735703476438,0.1410457344418612,0.29277002188455997,0.234742071485688,0.1798752318864984,0.23542918063948057,0.11931660907841138,0.210176096251821,0.2511356501838254,0.18219605456444596,0.14400576034562304,0.16000261230887305,0.18258107373749063,0.2043046410420648,0.11317191247566251,0.07878385971583353,0.1621358456799762,0.0800246267513914,0.11126331166854848,0.09614735572654176,0.13220889319090215,0.08456011189561807,0.12170530612137224,0.07409465668197894,0.17069836271763933,0.17564470908566313,0.17647164468919743,0.20673863047092134,0.056730862893117545,0.10170952554312156,0.07012698672710278,0.11450992396305837,0.06407097870320745,0.13766444660777954,0.14403752606867418,0.0704382566719033,0.19700620635187918,0.11499299242061263,0.12277797032902805,0.11110899428562943,0.1721590893695281,0.12627661831577092,0.05220133115091674,0.10565738500785495,0.06530145537201759,0.06711933820990237,0.10569963951264662,0.0854787515221729,0.04352765864448558,0.11521530160814782,0.18607547232755312,0.12129568697262455,0.07155086391167684,0.06524669105718928,0.09213068794097574,0.12998673672393632,0.08575629909106602,0.10449660391555822,0.00875376219064817,0.07095054165180574,0.11419149985036504,0.1551777648427729,0.05849397440277735,0.15475098896418188,0.05678346453899674,0.05813183589761798,0.07792280807306037,0.06909801595573181,0.10483142247270466,0.05990366998440266,0.10885361272160748,1.0,0.09903751369442766,0.1370477957230464,0.12414221187421831,0.05700295492363992,0.15970284587257685,0.11804787330164654,0.054366028221956235,0.11521530160814782,0.07487958748050333,0.08154904233293435,0.10504514628777804,0.0634270329256156,0.05085476277156078,0.06691995472465075,0.10247026557856448,0.11393745837917701,0.06090213325352802,0.12633523314184736,0.07082142317965111,0.03970333335883721,0.07882328121428037,0.12987134678843396,0.04966537915626401,0.21528537768509262,0.1101037911590069,0.12255267066907438,0.04839654030876758,0.07200956350509238,0.021442250696755896,0.12537034152494678,0.05913411137179546,0.07427813527082075,0.18996475425420703,0.05641829377674448,0.13092342835054874,0.13840913308956662,0.05933055656682091,0.08182714271909296,0.06896551724137931,0.10150003093234884,0.04324640233615342,0.08611415107403705,0.07259481046315137,0.08852677897456387,0.05755909448274967,0.10873205644391247,0.05319167748334775,0.05178795552215545,0.060396712620901793,0.11850053334124858,0.03690910215721776,0.15472230622130836,0.07443018893102124,0.07620775882111483,0.13896166675593025,0.05641829377674448,0.04745455991642284,0.07082142317965111,0.0990830168044299,0.07427813527082075,0.09115425641634506,0.030901572157476284,0.08997750843398591,0.12099606769169899,0.15218430195051227,0.1068954611822494,0.029777500019127906,0.01186363997910571,0.05112171874107659,0.03624401881463749,0.027512517221599284,0.10478566837903289,0.05548709520230941,0.05311606738473833,0.08852677897456387,0.07082142317965111,0.11509021710529649,0.07248803762927498,0.04028297472553804,0.042827436163452
experiment,0.17095921484405752,0.21942686286812776,0.1933014336780666,0.2921532737340716,0.17297460150541596,0.20490100010541296,0.06929348671835833,0.22097690281088114,0.19765946491191375,0.15922264867741603,0.21182495558164716,0.12309149097933274,0.18479129842275926,0.14561658038037903,0.10938835388564892,0.07071067811865475,0.16169041669088866,0.13259870882635919,0.12335879094879225,0.21779187211867926,0.10736005473996164,0.07589502311127304,0.16166610573703186,0.09068453126375146,0.1649915822768611,0.11415741278435239,0.18633899812498247,0.11719174706180953,0.07273929674533079,0.17243117551088563,0.15493143833976714,0.12695834376925205,0.1322625655406179,0.2518674605928888,0.19195770201159296,0.08218635119617884,0.05381432046835163,0.17693034738587657,0.13223592098145726,0.13296449906290672,0.08945750668694888,0.08500255011475574,0.14055638569974546,0.11379648627163223,0.11721969977468452,0.10040241611281235,0.13703203194062977,0.12055925735726201,0.09376144618769908,0.09048278567177281,0.15269288915036486,0.1224744871391589,0.1459519675216789,0.12297746456210364,0.11886662064799144,0.19444444444444445,0.1488060256867108,0.11353353490382603,0.1257078722109418,0.09552008998760876,0.11615534207286161,0.14484735860072304,0.09843740386976972,0.13227929835542418,0.059458839001056314,0.1192569587999888,0.07770873402002615,0.09647146023605102,0.09408908116364305,0.10753037847273492,0.16486724372564512,0.09903751369442766,1.0,0.08456536073598113,0.1782736721239668,0.1242498860684958,0.13187067559614146,0.09838326532374163,0.07319250547113999,0.09694584179118515,0.1478542704000105,0.09759000729485331,0.08642416214502247,0.10572250790275776,0.10650160840378231,0.10811249552346708,0.12734290799340264,0.09587062360592132,0.07515933898832222,0.10708993401928105,0.13507386680979225,0.0890870806374748,0.1414921199926696,0.09325048082403138,0.10188809598678268,0.11593472394004208,0.11858541225631422,0.1414213562373095,0.09411398593199836,0.038778336716474064,0.09622504486493763,0.08841118406457556,0.07961173386514128,0.11333333333333333,0.06819943394704735,0.059076463079880556,0.08813052984784635,0.1304372986874877,0.06085806194501846,0.09547474066850022,0.09284766908852593,0.03312693299999688,0.0679259594696179,0.11593472394004208,0.12307213544953632,0.08740073734751262,0.11808198473867938,0.08945750668694888,0.07161148740394328,0.13944333775567927,0.12874330779544244,0.040906724472818,0.08281733249999221,0.10232343558582006,0.07634644457518243,0.08549819600709618,0.0890870806374748,0.10971343143406388,0.07453559924999299,0.07150969419341942,0.09701425001453319,0.14666666666666667,0.06545075915650879,0.0647150228929434,0.08075728530872482,0.12834225684780334,0.12748361843190237,0.095941612600177,0.0890870806374748,0.06388765649999399,0.13764944032233706,0.06506000486323554,0.0576175598045594,0.10259783520851541,0.06972166887783963,0.07945521577046602,0.13507386680979225,0.11123730207865243,0.10329663113348535,0.040662503039522215,0.07231015260621873,0.07687760066907376
mode,0.1763542813839295,0.09926764012174849,0.15882213268922354,0.16326723356241976,0.13297872340425532,0.14620100897034188,0.017434201093860166,0.19018468068158761,0.20634005454136384,0.10718844015157444,0.1540136211118337,0.14194467733905056,0.1495683377202567,0.1641882486534233,0.08649786021807333,0.010872134550890703,0.12865434281401517,0.13761725291623295,0.10567359626104543,0.10804177864544814,0.09383021146734068,0.12118072042077034,0.09674077480404938,0.09202524119391002,0.07610494185623493,0.1053137759214007,0.16115956972793646,0.09459891348945336,0.09059076625181611,0.07719725943109758,0.10719681522992856,0.11712303424679456,0.1591517535198076,0.0920654235162723,0.15178883205188878,0.03499360331653711,0.1702127659574468,0.13601980592571916,0.06862036720940773,0.07666493746591181,0.20256711147285467,0.11762625786435219,0.1080563769131334,0.06998720663307421,0.018023138539653823,0.05557461733534295,0.08022574532384201,0.10616423745027562,0.064873395163555,0.06260489517869945,0.0990449687006063,0.07532435771547094,0.1373381498102064,0.08913971702649112,0.07151619596132788,0.09994088086979588,0.12071014369958054,0.14344583551558307,0.06523280730534423,0.04406013200364826,0.06618516143738803,0.13105647392683895,0.0908115771072059,0.08237145211360387,0.03526240793891108,0.030942637387763802,0.1505463377667691,0.06674844956390602,0.12090015837931122,0.05580007309814364,0.059148124590571345,0.1370477957230464,0.08456536073598113,1.0,0.13105647392683895,0.12136700910941024,0.11901014379909156,0.08377996856209632,0.09002982732126874,0.11626623390329899,0.12090015837931122,0.05626864207579296,0.11959348005979774,0.04501491366063437,0.12632278815997786,0.08311429258190127,0.1076879895163095,0.11497673487254906,0.06618516143738803,0.08717100546930083,0.054974937141692805,0.09862273454430759,0.06852872060128787,0.09677978856435156,0.07930823760656687,0.0641720405573414,0.06381593378032888,0.03261640365267211,0.050090243731303816,0.06260489517869945,0.05326236412913075,0.07785470932752259,0.04896287267725526,0.08302780872259966,0.11010318582559755,0.10510691307008664,0.07114026864416448,0.06876141641725289,0.05263449506665743,0.05081447760297463,0.059958410628832795,0.034380708208626445,0.04028388264387494,0.042781360371560925,0.07012634122382534,0.06596992457003137,0.010212592127570835,0.06752237049095156,0.06606383198350509,0.08269767696299568,0.0750124542733668,0.05660659491662032,0.034380708208626445,0.08091133940627349,0.05282398330699003,0.08281849174905268,0.08629489272626914,0.07007127538005775,0.04420376769680543,0.04397994971335425,0.0894986732619236,0.06457718456202195,0.05660659491662032,0.02558641210587601,0.09933482129732166,0.05464603257736498,0.0378024481658174,0.09191332914813752,0.012327841818038449,0.058938356929073905,0.03174647611626638,0.05626864207579296,0.1025112800253408,0.03549363932102258,0.09648062312349498,0.021989974856677124,0.06596992457003137,0.10994987428338561,0.07796811755854505,0.07877609890611015,0.0375234594955695,0.07446808510638298
process,0.20572330734234212,0.08886187695385904,0.18778311011726498,0.24507917378276278,0.1580386891470705,0.1958410262417504,0.08212073334045127,0.27834279994369904,0.2051655828705009,0.11651360004056784,0.26641984368896443,0.20572473847593548,0.23075935693101848,0.20010526932128403,0.06268198993325559,0.08666523419529533,0.14998082909587665,0.19391251311281474,0.15904657113824378,0.2307616111778369,0.11899210711866634,0.11123290594627766,0.14020934754027,0.11518748380176122,0.2048450990070617,0.10357338277701471,0.12612967190188917,0.09793220199061821,0.13859017269277252,0.16782650436677218,0.1262329290434591,0.10306248550683898,0.22489689044715863,0.19061888386598827,0.6521196507467699,0.10777424912550744,0.12334726957820136,0.12813946737576282,0.14918037818943647,0.10555718453702212,0.1549485235772372,0.1534313820821976,0.16705002012777492,0.050717293706121144,0.14366815597820082,0.10068247918434146,0.1638400910003239,0.13188605022174352,0.12536397986651118,0.038886505229843334,0.10048422008972821,0.10916988281898703,0.1814852675965583,0.1526825220791549,0.12956324769222535,0.11142104507747926,0.11834777377375122,0.20790041268272877,0.08666523419529533,0.10217230322221663,0.12333107270733144,0.11173184357541899,0.10529278477328298,0.13928069293308806,0.07666032063255622,0.03737175463759679,0.11688824280814893,0.12438071778453635,0.11456971959327358,0.08087274324231077,0.12246453729969911,0.12414221187421831,0.1782736721239668,0.13105647392683895,1.0,0.08062124491143788,0.12073951498300502,0.09106864261343627,0.0897070399657689,0.08425409466466056,0.17522427702500665,0.05708629816003476,0.10242254950353084,0.07339666906290183,0.07628477471216917,0.144552086845908,0.11350943913464169,0.09613804566961265,0.08222071513822096,0.08212073334045127,0.11951527290302613,0.11613625484209059,0.07094339945915105,0.07792549520543261,0.10217230322221663,0.07750540861301125,0.05285164225816899,0.02363597296235327,0.1016362394067504,0.174989273534295,0.05789607333198487,0.09671759860921254,0.07983380328915772,0.08022315245578507,0.07978794814276159,0.08463035900367528,0.11783514886654824,0.08097213504812639,0.10679868459703684,0.08101166484575191,0.14897065424906197,0.041524171819551994,0.11676931290507073,0.11625811291951689,0.0508181197033752,0.09561221832242091,0.07400710206228721,0.04893111270860122,0.07181124089490094,0.04661076726548912,0.13589728959126107,0.03281666393849672,0.10796284673083517,0.1319256734914438,0.047849628614156293,0.12003135922700774,0.044667790323881,0.09309339490404281,0.06406586509302307,0.07967684860201743,0.07296364658718324,0.16044630491157014,0.0410208299231209,0.1205202873577908,0.04499030563359141,0.03960007860623405,0.05478823798434448,0.08140781226851593,0.10720269677731438,0.03203293254651154,0.06901670022770208,0.07339666906290183,0.14857271628208335,0.09431035367836321,0.0399520862275621,0.07170916374181568,0.09561221832242091,0.11951527290302613,0.018833594062705888,0.08155185451433536,0.03625592747893606,0.13876567827547653
factor,0.1921972927257397,0.13323467750529827,0.20662269779640227,0.17739371879672478,0.22250618336725211,0.24429337002600016,0.19889806323953876,0.17371954883970278,0.1870450413292143,0.11888908858518256,0.13697543652927785,0.12415213616266502,0.16971762839586954,0.09223802579815638,0.12335134242111895,0.07235359517703827,0.20208192416047058,0.0799540231365673,0.0540964084268288,0.1675896041725171,0.08177139209938224,0.1612905128711447,0.1092170487263204,0.07953559537197222,0.15504341823651058,0.2503066858646476,0.17773024746897928,0.10920795915448359,0.05741692517632146,0.07339207049399828,0.08280422745481167,0.06362847629757777,0.04539206495016018,0.13129103486109328,0.09792253458438724,0.0582202371645401,0.08091133940627349,0.13578090752936633,0.0869839312029283,0.08746318513969824,0.10699012312772822,0.04473130094381649,0.10957876021579875,0.07485459064012298,0.04283686571172893,0.08805874420954336,0.14560880150912264,0.12255933265480039,0.08223422828074597,0.09352984077957242,0.13810553926175198,0.12532010295690077,0.038402503064558266,0.10015420209622192,0.12238386597459477,0.1242498860684958,0.101258936495486,0.1818335167131459,0.062017367294604234,0.06702132874284907,0.1438234930593239,0.10993806124286983,0.043167657231873165,0.09571371101401882,0.02234950781338371,0.03922322702763681,0.08178608201095307,0.1269166017514316,0.08841598196121758,0.035366392784487034,0.09639875882041571,0.05700295492363992,0.1242498860684958,0.12136700910941024,0.08062124491143788,1.0,0.06034342619636432,0.039825153146676354,0.04279604925109129,0.11053526637585831,0.026524794588365277,0.05349506156386411,0.07235359517703827,0.06419407387663693,0.12009611535381534,0.11852616398269011,0.06515081921686976,0.07567568932458515,0.08090071484586969,0.17403580533459642,0.04181210050035454,0.03516054232038716,0.10237985876936676,0.13290238326779874,0.09215432702141746,0.0813451834782084,0.07800471509417285,0.062017367294604234,0.08571817324793918,0.08502712798142947,0.05063696835418333,0.042295493443781355,0.023274703205786385,0.07893522173763264,0.08972229068318688,0.07772022854475732,0.09661948493603892,0.073543550676819,0.08006407690254357,0.1449292274040584,0.06514623419844563,0.11984874925111247,0.02553214605940826,0.0813451834782084,0.12381513913591213,0.0940772261257977,0.10680115013983488,0.08559209850218258,0.06280742930213278,0.08735706972682653,0.04457184889504182,0.10763271222740439,0.02179068168202045,0.057692307692307696,0.11299544121416072,0.0899842541331695,0.10548162696116146,0.04441155916843276,0.11206636293610515,0.05226512562544317,0.1276306889434551,0.07893522173763264,0.053816356113702196,0.06081303192631499,0.07082882469748285,0.05195243334661311,0.05989849814784502,0.0582551728035463,0.02344036154692477,0.014008295367013144,0.10060545457319171,0.04279604925109129,0.05414351022802624,0.03374409529993856,0.013103560459023979,0.07317117587562044,0.1254363015010636,0.04181210050035454,0.12354155277685021,0.08559209850218258,0.011891287353862351,0.11125309168362606
range,0.2213460703067409,0.21339067181955843,0.2524835106781605,0.2435283936974245,0.19041623007854647,0.21807251886752935,0.11052017177219065,0.24196089525927034,0.22546348175039868,0.21317548400847722,0.18896796610625763,0.19055142088725474,0.23389013486249396,0.14471492105848432,0.08063729513245525,0.040542021284209986,0.19607175995147771,0.14254794551175023,0.1454973057672186,0.16963626043691424,0.1107989448307628,0.1506270096130687,0.18037242515709204,0.13102499399023126,0.19460170216420794,0.13464460753651805,0.18269230769230768,0.14110315306347473,0.11260385457098458,0.10991300127873234,0.1698874867976573,0.13102499399023126,0.12462962881553577,0.10789759759533417,0.1819344223480281,0.09134342319630456,0.12694415338569764,0.1825976695557564,0.11941266684650792,0.09148235646118971,0.1175019408963036,0.08772529860804296,0.17729384431073908,0.11091701388122698,0.08064960523024965,0.07598685854978939,0.16861777089833055,0.1809759069769373,0.048382377079473154,0.08004092026376493,0.1378858706969649,0.09830917698810675,0.1626771703821142,0.15713484026367722,0.12267408185750259,0.08600261451922268,0.14298128117062217,0.13245323570650439,0.032433617027367995,0.12486765766629583,0.07756679590238712,0.1149900142695286,0.08804509063256237,0.17064548258002188,0.06136338732442044,0.08461538461538462,0.13633634765270272,0.08533849172695833,0.15259024586679623,0.1595261661334688,0.07562140804791143,0.15970284587257685,0.13187067559614146,0.11901014379909156,0.12073951498300502,0.06034342619636432,1.0,0.14058639209542417,0.10071594933968879,0.09338107364105908,0.15259024586679623,0.0671439662264592,0.08919244682526198,0.10071594933968879,0.09421114395319916,0.1363700400658336,0.1679279530946729,0.13192198857116066,0.10577290350325516,0.09101661204768641,0.05740019286497204,0.06435846357954426,0.1241206609830191,0.0882176367164547,0.05257585585949298,0.13560137546474793,0.1563793843008711,0.11351765959578797,0.10460001594616691,0.09338107364105908,0.06951508570115876,0.08294828707956801,0.0821618071057283,0.08944271909999159,0.03519197776906262,0.12193752675403338,0.1364302077458252,0.08333333333333333,0.08636021529043256,0.06063564788703342,0.11498604902825534,0.07692307692307693,0.06008718968345717,0.04785930898755809,0.08218572681484544,0.07380024796924976,0.09901475429766744,0.0755369620047666,0.049270201170796044,0.04796996649710181,0.0979020979020979,0.1688680922918313,0.08547008547008547,0.09051513929454648,0.06894293534848245,0.06176577450361278,0.05516439735389509,0.1306473500936072,0.054945054945054944,0.1312004408342218,0.05840435402809974,0.13072397406921848,0.05910383230214095,0.08587020086945202,0.10186495261103547,0.030566131316885625,0.09397649565869631,0.1142477934203855,0.101134728482141,0.12087912087912088,0.0947056940386296,0.083929957783074,0.11043152607484655,0.07941313864750214,0.07195494974565272,0.08200027552138862,0.09840033062566636,0.0656002204171109,0.1453709511573951,0.0671439662264592,0.06529805289439734,0.09520811503927323
circuit,0.20324573826041709,0.09197225155900665,0.20983390487468925,0.18368303247678808,0.1623236890890616,0.10467084526513712,0.05148744788909767,0.16519463133513965,0.1275430825906386,0.1524146992577428,0.17117626347487297,0.1565003071620969,0.10449095865789604,0.13958895312762915,0.021287439778666435,0.03210806495339678,0.18722058217982493,0.030104986043190587,0.07201843908090926,0.10635790761512624,0.09236783296117665,0.039764024709805265,0.16070574503216387,0.2388308018790861,0.2033510780381796,0.05183621091062231,0.22210697362297918,0.11973157004355395,0.0,0.04145133361448391,0.13190764158320387,0.0823554489238228,0.06266852586051232,0.06473610705873582,0.12807698317223024,0.06889643016474778,0.23039491354576488,0.060254949152376246,0.0975735127443603,0.03773504304791638,0.11078334900733194,0.08491487340229037,0.19856158627837855,0.02583616131178042,0.05322672380354826,0.11853501052285835,0.06461623427559643,0.05971978776744885,0.03193115966799965,0.026412503469163334,0.07800105302132374,0.03707519988800324,0.039764024709805265,0.07977312873530423,0.19712445096265332,0.12865503926950828,0.1747482816474332,0.188280238907794,0.042810753271195705,0.02602406314245763,0.11169195642496159,0.06071242840895751,0.03575849805304566,0.18920454607782108,0.011570943428470997,0.05076730825668095,0.042342862137586895,0.07509502893815365,0.22887670144425215,0.036620272231080345,0.0998164786624869,0.11804787330164654,0.09838326532374163,0.08377996856209632,0.09106864261343627,0.039825153146676354,0.14058639209542417,1.0,0.04431333960293278,0.07043334258443555,0.036620272231080345,0.09970501410659875,0.06421612990679355,0.06647000940439916,0.041451333614483915,0.05727324794098433,0.08673515379838906,0.10447825845017268,0.139614945531202,0.05148744788909767,0.021647252975540952,0.12135707849456652,0.019274478621864235,0.03175714660319017,0.10409625256983052,0.10528649266733446,0.05384686189633036,0.05351344158899463,0.04930956877964742,0.035216671292217776,0.026216125254653815,0.03284627782435034,0.012049942054980464,0.11805991838848995,0.07741941928778481,0.1494549087833858,0.03001350911933976,0.025383654128340476,0.031088500210862936,0.02000900607955984,0.14334384615199938,0.056408120285201056,0.07931208690438098,0.08422919413386756,0.02958574126778845,0.032470879463311425,0.04021370042711366,0.05539167450366597,0.048775652068776466,0.036181690275283805,0.11999545587942771,0.06686923226955697,0.045126496228160846,0.06969401800668361,0.03900052651066187,0.023293638560678977,0.04854283139782661,0.1494549087833858,0.029009890432389118,0.11905989136547523,0.04405190168937057,0.09989685402102995,0.07801410431448315,0.050375276843407625,0.24446662853395001,0.05379435397365543,0.03721328304710387,0.04021370042711366,0.06067853924728326,0.043514835648583675,0.052086159264988566,0.05539167450366597,0.01121262265099487,0.08152773496237643,0.027136267706462856,0.05411813243885238,0.021647252975540952,0.09741263838993429,0.07675295564533363,0.05539167450366597,0.024625761678892605,0.11519745677288244
transfer,0.13195456900605412,0.08030200930495264,0.15474611514754322,0.20972210276842637,0.07877609890611015,0.11247913178443121,0.03688555567816588,0.23274569192948252,0.15228622596829317,0.15118578920369088,0.09460067320881577,0.15616249353389688,0.13270143061943343,0.1500020776054905,0.022875450543583874,0.08050764858994133,0.07100716024967263,0.11322770341445958,0.11178686357964282,0.12632278815997786,0.09098680561400195,0.05127643287049982,0.08314903528244476,0.04424952033779929,0.12651201921276495,0.0397879383799519,0.040915854419248575,0.11436743450658596,0.07453559924999299,0.0890870806374748,0.09213603870522183,0.08849904067559858,0.08417937871268423,0.05565225807531215,0.17777380399838377,0.11105399925377266,0.06752237049095156,0.06474987709525734,0.0645245224661103,0.11354005629317387,0.09523809523809523,0.07465859537202132,0.08382549209085563,0.06478149956470071,0.09532892796759983,0.11757927025044308,0.04629100498862758,0.024065547555594473,0.04575090108716775,0.09460945407607456,0.07683482898122798,0.03984095364447979,0.08546072145083304,0.1200137166371826,0.08321878574196034,0.06506000486323554,0.09013643461417803,0.101162829777814,0.08050764858994133,0.08389625650826206,0.05001000300100035,0.04893111270860122,0.11527808354084698,0.10650038595457736,0.012434118282549846,0.04364357804719848,0.0682523632789935,0.050435627722400206,0.1082182449518418,0.03935208907339702,0.07150842452385808,0.054366028221956235,0.07319250547113999,0.09002982732126874,0.0897070399657689,0.04279604925109129,0.10071594933968879,0.04431333960293278,1.0,0.037843781630429826,0.07870417814679403,0.11904761904761904,0.14951420452417674,0.047619047619047616,0.07795119555779044,0.07913024420099961,0.13463011596692667,0.07484811885651198,0.06001200360120042,0.08299250027587322,0.06978631577988531,0.013041013273932527,0.08284930213349334,0.0,0.027965418836087354,0.1131407055503551,0.0675077156084152,0.03450327796711771,0.031792792754947306,0.07568756326085965,0.02817180849095055,0.07059312080025175,0.05179539792436707,0.08783100656536798,0.04991687442297913,0.049416621110740085,0.032252471440314796,0.04546206046583175,0.0890870806374748,0.05375411906719133,0.08154904233293435,0.048492864496887195,0.09943342320224881,0.05657035277517755,0.02119519516996487,0.0,0.043213581570144294,0.047619047619047616,0.08735706972682653,0.11664236870396086,0.05951397006436156,0.04790505047653036,0.09698572899377439,0.04279604925109129,0.0,0.012515654358043972,0.013041013273932527,0.012354155277685021,0.01558699215971374,0.05815526314990443,0.059172633541393856,0.08783100656536798,0.02395252523826518,0.06766649524509584,0.05254069374927338,0.0,0.09330845439557738,0.06482037235521644,0.052164053095730106,0.1558699215971374,0.022388683141982252,0.2976190476190476,0.06024533658898498,0.06257827179021987,0.029160592175990215,0.034893157889942655,0.046524210519923545,0.06978631577988531,0.02749286996141075,0.05952380952380952,0.03969420930187224,0.07877609890611015
rate,0.16995663158526764,0.15708939273119701,0.23541836322999915,0.2320310998671009,0.16545579440084857,0.20485059312171072,0.08061258480669069,0.24766837417951798,0.21784467653674908,0.1802254227558332,0.14618526144274813,0.12887864867149365,0.1460220967530788,0.15685468848588474,0.10907738793870476,0.08226127456606228,0.1598871782677901,0.09641170085696733,0.11617432635705682,0.12429383226190444,0.10517669943423966,0.2716691779674025,0.12199412790314701,0.1476970021094977,0.1553824075136732,0.15810123541546922,0.12464705811909224,0.16473816226335825,0.05923488777590923,0.11209878485575821,0.12391465935558456,0.07736509634307022,0.1070383784664793,0.16585473727009195,0.1048208628307967,0.17651353847171894,0.09837912099509914,0.10291596879438374,0.15383667209496021,0.07089695409498209,0.12299229029889693,0.1384428154245763,0.1090108570463066,0.08090203846620451,0.06060779983555621,0.03893438699170179,0.07970811413304556,0.10200190856919185,0.10907738793870476,0.09022556390977443,0.1887374935961806,0.07915594835766294,0.0882924828394058,0.0885645712589395,0.0781602364146308,0.07755667343294813,0.11938862419695642,0.13207924935336382,0.05484084971070818,0.08889864510545749,0.08743662464030327,0.08425409466466056,0.0687102982696346,0.07694356758368359,0.019763270396173562,0.0346843987809648,0.15368418813561435,0.09619721404877636,0.07818467294373016,0.10164007482684921,0.0923473415324787,0.11521530160814782,0.09694584179118515,0.11626623390329899,0.08425409466466056,0.11053526637585831,0.09338107364105908,0.07043334258443555,0.037843781630429826,1.0,0.08600314023810317,0.05676567244564474,0.05484084971070818,0.04730472703803728,0.07964913660803873,0.0978231976089037,0.0987629232924629,0.11896650634908042,0.08743662464030327,0.09526941840790717,0.08319080999773526,0.12436735716171628,0.10699316690016815,0.12656344905285888,0.08889864510545749,0.06294058066909786,0.16094907661480354,0.08226127456606228,0.1010653985409379,0.045112781954887216,0.05597170785495563,0.0561017236116809,0.051453510373412836,0.046534004059768874,0.026446606134715337,0.10799895750269796,0.11107054924683424,0.151744244666721,0.06194932847291901,0.06835110722882107,0.0936124325566201,0.115614662603216,0.056444051316480275,0.035966046096627347,0.06737693236062528,0.12940792666314374,0.10302801669778636,0.14191418111411183,0.01388487185658827,0.07724829577655358,0.086710996952412,0.04758884206724899,0.04817277608467333,0.04251356399071474,0.022204411011315366,0.029839300500728465,0.12436735716171628,0.04909043522849907,0.06193642639458,0.03697369333232678,0.10345640946739358,0.09306800811953775,0.09517768413449798,0.08604140394366469,0.10438777340033653,0.09188121694147047,0.18008838339337663,0.04292834029074432,0.051819732150715114,0.049549141115664004,0.07117088460871719,0.08514850866846711,0.08618064948833602,0.07957146800194256,0.06952346619889824,0.03697369333232678,0.11092107999698035,0.09243423333081695,0.07647191129018725,0.05676567244564474,0.03154575876506521,0.0804920080868993
nitrogen,0.15792933705841852,0.13272217656353258,0.018268748721144815,0.15971987904919208,0.11160014619628728,0.1975231382747387,0.0,0.25101949520030276,0.1468231376594156,0.04685212856658182,0.21281630044186797,0.13401525544428144,0.16027764066487388,0.1043880400013839,0.0,0.0380177299008134,0.05867988199487596,0.5948421804906561,0.1421230444142423,0.17398729640849586,0.027342159439835402,0.056499373103207205,0.1215706631748668,0.08044857123941349,0.05702659485122011,0.026304406718934942,0.11834413955010048,0.0,0.2375836548068046,0.11656661085678247,0.1991371046020355,0.1316431165735857,0.7095662904602299,0.14946972610447345,0.22747537852967453,0.04588717214120999,0.06510008528116758,0.06539976856089796,0.10664533973120074,0.14074320987239594,0.0885422004151433,0.11653954390858809,0.11335561013290002,0.07647862023534999,0.13392471098809197,0.032388929412563196,0.12751534261266767,0.08617969096171213,0.04726033028772305,0.0,0.08658522506478915,0.08231079972079913,0.8333657532723063,0.07792604270774135,0.16880275910711992,0.09408908116364305,0.0620734975646723,0.1074861545850028,0.04752216237601675,0.1386627042795831,0.041327959945780576,0.10783032432308103,0.12702013552787758,0.1200153629497493,0.09247931220856656,0.16230053424013782,0.10340611355015497,0.050015632328035534,0.04878048780487805,0.08943089430894309,0.08864118557787626,0.07487958748050333,0.1478542704000105,0.12090015837931122,0.17522427702500665,0.026524794588365277,0.15259024586679623,0.036620272231080345,0.07870417814679403,0.08600314023810317,1.0,0.06886615587844479,0.0380177299008134,0.059028133610095526,0.14724203476646205,0.05812688780635136,0.10269923319261937,0.06185402664457099,0.06612473591324892,0.053343494966908135,0.028835491804079717,0.05388506717613029,0.05990788602902796,0.08460500199558134,0.06162786856870361,0.06544914990287501,0.09563650695950074,0.0760354598016268,0.08757789686693163,0.12509547670996826,0.01164050492949297,0.1263983983853765,0.06420509905041967,0.056453448698185825,0.027500666039821077,0.10209398197194813,0.07995973412425707,0.09016696346674323,0.0920262717290388,0.09772856392964753,0.08236754622855366,0.07012986047413362,0.11738738780183032,0.11219854269064287,0.0700623174935453,0.057670983608159435,0.08035073760083702,0.009838022268349254,0.0,0.09639253854237598,0.09836396014553807,0.009897110020444515,0.05009275748152402,0.053049589176730555,0.0,0.051714300236507575,0.021554026870452117,0.0714657873803637,0.03864298434288996,0.057670983608159435,0.05867988199487596,0.1290364541672819,0.05938266012266709,0.08947068305849881,0.03256448045129181,0.01194290606500031,0.0,0.2231964933356584,0.21554026870452117,0.05152397912385327,0.037003741036052605,0.1082182449518418,0.07965820301733913,0.12411432056761817,0.14458880781356395,0.06728281420951934,0.03844732240543962,0.1922366120271981,0.0227199392196999,0.01967604453669851,0.0765404529471217,0.07440009746419152
surface,0.12740441145412124,0.08030200930495264,0.10611162181545822,0.1686001218334408,0.1462984693970617,0.12653902325748512,0.07377111135633176,0.13806947826325233,0.1167527732423581,0.08819171036881969,0.11562304503299704,0.07207499701564472,0.12759752944176292,0.05526392332833861,0.022875450543583874,0.06900655593423542,0.15384884720762404,0.12940308961652522,0.05159393703675823,0.09023056297141274,0.0579006944816376,0.10255286574099964,0.1087333538308893,0.08849904067559858,0.10350983390135314,0.06366070140792303,0.08183170883849715,0.07147964656661622,0.07453559924999299,0.059391387091649865,0.14174775185418742,0.09734894474315844,0.08417937871268423,0.12521758066945235,0.08601958257986311,0.09254499937814388,0.06752237049095156,0.10072203103706698,0.07259008777437409,0.07299003618846892,0.07142857142857142,0.05806779640046103,0.14478948633875063,0.009254499937814388,0.019065785593519964,0.11757927025044308,0.10029717747535975,0.12834958696317053,0.13725270326150324,0.02838283622282237,0.12572972015110034,0.029880715233359844,0.10255286574099964,0.10286889997472795,0.11348016237540047,0.1138550085106622,0.09764780416535954,0.14451832825402,0.13801311186847084,0.05593083767217471,0.14002800840280097,0.04893111270860122,0.048032534808686245,0.06777297288018559,0.02486823656509969,0.02182178902359924,0.09100315103865801,0.13113263207824052,0.1278942894885403,0.16724637856193733,0.09832408372030486,0.08154904233293435,0.09759000729485331,0.05626864207579296,0.05708629816003476,0.05349506156386411,0.0671439662264592,0.09970501410659875,0.11904761904761904,0.05676567244564474,0.06886615587844479,1.0,0.023002185311411807,0.10714285714285714,0.10022296571715915,0.1494682390463326,0.062136976600120006,0.018712029714127994,0.11002200660220077,0.08299250027587322,0.05815526314990443,0.026082026547865053,0.05178081383343334,0.022750787759664503,0.08389625650826206,0.09051256444028408,0.057863756235784464,0.03450327796711771,0.052987987924912175,0.16083607192932675,0.09860132971832693,0.035296560400125875,0.025897698962183534,0.10734900802433864,0.033277916281986085,0.03706246583305506,0.06450494288062959,0.0909241209316635,0.0890870806374748,0.021501647626876532,0.0634270329256156,0.048492864496887195,0.042614324229535205,0.05657035277517755,0.10597597584982435,0.034893157889942655,0.043213581570144294,0.13095238095238096,0.03494282789073061,0.05832118435198043,0.09918995010726926,0.03592878785739777,0.0,0.05349506156386411,0.08381981343406689,0.05006261743217589,0.026082026547865053,0.049416621110740085,0.0779349607985687,0.034893157889942655,0.2130214807490179,0.08783100656536798,0.03592878785739777,0.05413319619607667,0.1182165609358651,0.0,0.05331911679747279,0.07562376774775252,0.03912303982179758,0.01558699215971374,0.03358302471297338,0.047619047619047616,0.10844160586017297,0.11264088922239575,0.05832118435198043,0.011631052629980886,0.06978631577988531,0.011631052629980886,0.013746434980705375,0.08333333333333333,0.0,0.09002982732126874
pair,0.1758347929055432,0.10741723110591493,0.17085594320855324,0.23439288652287477,0.14133774916157915,0.13583145623104032,0.0890870806374748,0.19436506316151,0.15693063635639992,0.11563031769553507,0.14216678476125472,0.13926212476455826,0.1972334795758491,0.11440719048906889,0.05524946201098299,0.14444444444444443,0.08003267306650412,0.12501526158359877,0.19107050140703694,0.13947360875088133,0.13584793542085885,0.041281450384839165,0.1359423995893452,0.051298917604257706,0.11666666666666667,0.06918984060216637,0.05929270612815711,0.1519229782519243,0.03086066999241838,0.14344382763731175,0.06162360225133207,0.13679711361135388,0.0569275042553311,0.10080972981818899,0.18836637367245118,0.05364417807858201,0.07610494185623493,0.11120768749710654,0.08571284007223381,0.10969011543519598,0.08050764858994133,0.12021175920858625,0.08834522085987724,0.08940696346430335,0.11972544219903315,0.07572824456627532,0.044721359549995794,0.04649905549752771,0.0441995696087864,0.14624226589522182,0.0539850886785944,0.10584754935143138,0.05779403053877483,0.05797213274999455,0.07308816827558576,0.07856742013183861,0.10159341364295857,0.06282808624375433,0.1111111111111111,0.04502860224652493,0.038651402376829895,0.1339371801200019,0.13921151159742612,0.13094982442880654,0.060062497513037265,0.10540925533894599,0.01098967455659645,0.03898035641364574,0.11405318970244022,0.05702659485122011,0.08635462669180663,0.10504514628777804,0.08642416214502247,0.11959348005979774,0.10242254950353084,0.07235359517703827,0.08919244682526198,0.06421612990679355,0.14951420452417674,0.05484084971070818,0.0380177299008134,0.023002185311411807,1.0,0.046004370622823615,0.032274861218395144,0.050964719143762556,0.1700850638031715,0.06327138353044139,0.04831425297103737,0.07126966450997983,0.08989331499509895,0.03779644730092272,0.07003502627189416,0.0439586982263858,0.04502860224652493,0.07651301417479452,0.06521864934374386,0.07777777777777778,0.07166776363062764,0.08226127456606228,0.05443310539518173,0.06819943394704735,0.08756843958809352,0.06599663291074444,0.03214952147802747,0.04774099160262886,0.05193141273747966,0.04392052305789416,0.10758287072798381,0.05193141273747966,0.05252257314388902,0.05856069741052554,0.054892464639507886,0.10930430596399217,0.0511912597361626,0.056183321871936844,0.05218535759042912,0.06900655593423542,0.05063696835418333,0.0375624113212674,0.0574959574576069,0.08099118235840605,0.04684855792842043,0.10336227882434039,0.0539850886785944,0.08463889584616803,0.02519763153394848,0.011935247900657215,0.0,0.07865665062071157,0.05716619504750294,0.03771236166328253,0.057850844541718606,0.10459527207369815,0.03806934938134405,0.027923593886113034,0.07726674092862558,0.08349657214468659,0.01259881576697424,0.06023386019368342,0.06488856845230502,0.11501092655705904,0.04656201971797188,0.03627381250550058,0.014085904245475275,0.07865665062071157,0.044946657497549475,0.056183321871936844,0.026560635762986527,0.023002185311411807,0.051130999256491366,0.10872134550890704
atom,0.13650472655798704,0.08030200930495264,0.09284766908852593,0.20149770658142924,0.21382083988801326,0.14528554522155698,0.027664166758624407,0.20118695404073914,0.15228622596829317,0.10079052613579392,0.13664541685717832,0.13814374427998571,0.1531170353301155,0.07894846189762658,0.04575090108716775,0.2760262237369417,0.13609705714520587,0.06470154480826261,0.10318787407351646,0.21053798026662973,0.13234444452945737,0.09400679359591635,0.09594119455666704,0.12389865694583801,0.09775928757350018,0.06366070140792303,0.0886510179083719,0.0643316819099546,0.11712737024998898,0.08166315725101857,0.05669910074167497,0.04424952033779929,0.06734350297014739,0.11826104841003832,0.1261620544504659,0.0740359995025151,0.022507456830317185,0.12230532340215276,0.08872121839090166,0.0892100442303509,0.05952380952380952,0.06636319588624118,0.14478948633875063,0.03701799975125755,0.047664463983799914,0.1371758152921836,0.16201851746019652,0.08824034103717973,0.16012815380508713,0.018921890815214913,0.07683482898122798,0.09960238411119947,0.10255286574099964,0.10286889997472795,0.060522753266880246,0.08945750668694888,0.09764780416535954,0.14451832825402,0.14951420452417674,0.07457445022956628,0.11002200660220077,0.07339666906290183,0.05763904177042349,0.029045559805793826,0.07460470969529907,0.02182178902359924,0.07962775715882577,0.08069700435584032,0.059028133610095526,0.07870417814679403,0.07150842452385808,0.0634270329256156,0.10572250790275776,0.04501491366063437,0.07339666906290183,0.06419407387663693,0.10071594933968879,0.06647000940439916,0.047619047619047616,0.04730472703803728,0.059028133610095526,0.10714285714285714,0.046004370622823615,1.0,0.12249473587652784,0.08792249355666623,0.07249313936680668,0.05613608914238398,0.09001800540180063,0.1198780559540391,0.06978631577988531,0.07824607964359516,0.10356162766686668,0.05687696939916126,0.10253986906565363,0.06788442333021306,0.057863756235784464,0.09200874124564723,0.11657357343480679,0.12299229029889693,0.08451542547285165,0.08235864093362705,0.05179539792436707,0.07807200583588265,0.0,0.012354155277685021,0.032252471440314796,0.06364688465216445,0.0445435403187374,0.06450494288062959,0.0996710517402531,0.07273929674533079,0.014204774743178402,0.04525628222014204,0.13776876860477166,0.06978631577988531,0.12964074471043288,0.047619047619047616,0.0,0.05832118435198043,0.08927095509654234,0.03592878785739777,0.09698572899377439,0.10699012312772822,0.02793993781135563,0.06257827179021987,0.026082026547865053,0.024708310555370042,0.03117398431942748,0.09304842103984709,0.059172633541393856,0.07807200583588265,0.03592878785739777,0.027066598098038335,0.02627034687463669,0.057807331301608,0.039989337598104586,0.03241018617760822,0.026082026547865053,0.04676097647914122,0.06716604942594676,0.03571428571428571,0.10844160586017297,0.05006261743217589,0.04374088826398532,0.05815526314990443,0.046524210519923545,0.023262105259961773,0.09622504486493763,0.08333333333333333,0.03969420930187224,0.05626864207579296
crystal,0.0978945010372561,0.052003143396115226,0.06617222226472869,0.20002367284141567,0.1315862376666436,0.17097371455902424,0.06038073644245599,0.18450310115418653,0.20417936615685134,0.06481812160876685,0.15731702564691252,0.033709993123162106,0.15277639634236087,0.1403140954260054,0.04279604925109129,0.07530800950958866,0.1273071397963887,0.1740029156422807,0.03217447260438934,0.1631790620197996,0.030949223029508647,0.15188825135538134,0.09572775448236508,0.033113308926626096,0.08606629658238704,0.10421098348069739,0.07016767492347646,0.05349046951599404,0.19920476822239894,0.1597222222222222,0.13259288069595498,0.05794829062159566,0.157485197087178,0.17569548212468183,0.16092790328357795,0.0,0.06316139407998893,0.09421683286017897,0.15843755557440742,0.05310349879051039,0.15590239111558088,0.03103854276221004,0.09266821663323267,0.03462716805322218,0.062420432813061894,0.04582722344417291,0.25980762113533157,0.20260132600083666,0.25677629550654774,0.026549712202679574,0.1110755293664798,0.08385254915624211,0.16787648834015834,0.18443133599113046,0.13445789780467074,0.13693063937629155,0.0913411569393932,0.16222142113076254,0.10758287072798381,0.11335676729246282,0.13098420799889596,0.06865629724095225,0.04493032216809934,0.09962198895030504,0.0814173684098662,0.06123724356957946,0.148969892882781,0.08492077756084468,0.055215763037423274,0.07362101738323103,0.07525125698519824,0.05085476277156078,0.10650160840378231,0.12632278815997786,0.07628477471216917,0.12009611535381534,0.09421114395319916,0.041451333614483915,0.07795119555779044,0.07964913660803873,0.14724203476646205,0.10022296571715915,0.032274861218395144,0.12249473587652784,1.0,0.08224396186997113,0.06781112260056124,0.05251050315105037,0.09356014857063996,0.08625819491779428,0.032639560491693344,0.012198750911856666,0.08718572905786447,0.05320353317242179,0.03487900532075779,0.06350006350009525,0.10825317547305484,0.04303314829119352,0.10904459303624482,0.11504875287827816,0.11858541225631422,0.06603381797442179,0.02422507915557546,0.04564354645876384,0.031128640318234518,0.023112508176051212,0.07039532383704884,0.04252586358998573,0.09375,0.12067769800636945,0.042378968976300654,0.034020690871988585,0.11958615077686513,0.0740834074167778,0.10904459303624482,0.06527912098338669,0.07073955730226379,0.03340765523905305,0.049029033784546004,0.10001653302482984,0.06494859166470549,0.011202767873705522,0.045360921162651446,0.06004805767690767,0.11760938403509626,0.19902448496110997,0.08539125638299666,0.05778127044012803,0.05832118435198043,0.02175970699446223,0.07749130248475834,0.07302967433402215,0.11202767873705521,0.05063696835418333,0.04914731871829905,0.0,0.03740660010403623,0.06063390625908325,0.10978875820670998,0.029160592175990215,0.07329943395104671,0.07795119555779044,0.20287566780017224,0.05853661322385587,0.1091089451179962,0.06527912098338669,0.032639560491693344,0.032639560491693344,0.03857583749052298,0.14476650603589652,0.02475368857441686,0.04210759605332595
potential,0.22851495632138288,0.10036563193274914,0.25143267648537193,0.2581500632108645,0.18700715830927783,0.17998791246028437,0.11577760012267906,0.24473056230953713,0.20244749698857006,0.11631052629980886,0.186312606606748,0.12864137325230665,0.2073214459043099,0.1399375279512561,0.05913123959890826,0.09343531843023135,0.22724980785885593,0.10751682985805454,0.10161239416557417,0.1554926033927807,0.10385177812476096,0.14516892920502428,0.1369907183380933,0.11111348444340044,0.2548235957188128,0.1704349717047369,0.10576426402833117,0.14253628758308065,0.1258244303001555,0.054829307913314085,0.11515641798342269,0.07843304784240031,0.08703882797784893,0.12844348917856466,0.19905963905569354,0.07518391291050519,0.07480286332371114,0.16471661752259797,0.1370067393951812,0.05989634920716061,0.08792249355666623,0.07964526109596173,0.18572768646371432,0.1435329246473281,0.09152660304054754,0.13025706915050045,0.19373297998138453,0.17181131953142528,0.15205175896862125,0.13276005389779788,0.10833381099669237,0.06620511221285622,0.07574031088957787,0.18993429409939658,0.16762130860037783,0.06606874726434099,0.14423536566686404,0.17077417438682832,0.11891767800211263,0.06884610200791016,0.1329654059987192,0.108414065134431,0.05675900472113173,0.0715052252564908,0.036732819801898575,0.05640760748177662,0.10921670706536682,0.14154688281809683,0.06539274878214528,0.14531721951587842,0.07261714838585437,0.06691995472465075,0.10811249552346708,0.08311429258190127,0.144552086845908,0.11852616398269011,0.1363700400658336,0.05727324794098433,0.07913024420099961,0.0978231976089037,0.05812688780635136,0.1494682390463326,0.050964719143762556,0.08792249355666623,0.08224396186997113,1.0,0.09178239713588017,0.10364812365427165,0.15512630699850574,0.122588047188719,0.07731091493370558,0.04815713303308872,0.12237652951450688,0.10081542190649244,0.10326915301186525,0.13369591811181003,0.09259296837345583,0.050964719143762556,0.10957582335289495,0.11878531138224022,0.10403129732205987,0.06082588744530994,0.03825343653826907,0.09369749612033813,0.08602079496853669,0.06386903850265854,0.06352007675770713,0.1074430618700507,0.074019565682974,0.11910014392070088,0.1539158958666967,0.1074430618700507,0.05245460706490194,0.041779974409940634,0.1252295124033085,0.09449111825230681,0.0638306902323129,0.07033799484533299,0.051613977409250916,0.10768262306348701,0.08790795971185968,0.07960550519605027,0.08953588489170893,0.09482093118615209,0.12381006971050557,0.09243423333081695,0.09631426606617743,0.06386903850265854,0.06907053977360403,0.09449111825230681,0.12236528115476858,0.06486749731408024,0.08845056132894474,0.04997501873438866,0.0970096849602985,0.10673385899176771,0.06891286063517216,0.07180952651135201,0.06741998624632421,0.08058229640253803,0.057872984169219384,0.02637674806699987,0.08898825966347892,0.07394738666465356,0.0646095738380922,0.1288515248895093,0.07731091493370558,0.06013071161510433,0.08121932051642303,0.1494682390463326,0.04886019406213152,0.06649143406552101
distance,0.16228876113217422,0.10209743103470048,0.19615529701200035,0.22179097522495522,0.12237271535944262,0.11007853258013349,0.07219664266678343,0.2161963424888691,0.2561211931841362,0.10959932487023819,0.13715799574240833,0.09927391326682884,0.22199869163236646,0.21290385286239574,0.019899758692014234,0.05002501876563868,0.12868829910051732,0.10553440736324404,0.21693197514910184,0.13605481295394664,0.15110651212172097,0.074343791886277,0.10571719149781852,0.0692881915268685,0.1250625469140967,0.04845712304320891,0.13050922441596863,0.14301723786024872,0.037051334291781896,0.07104022367677845,0.12330887436116565,0.11548031921144751,0.10252078087154091,0.09682576561754629,0.18956921948239122,0.06440522436115988,0.12726762397382033,0.13142981219900263,0.05613102239654859,0.09171546567384828,0.10356162766686668,0.07937946073543155,0.14584255393520515,0.06440522436115988,0.06634265530409748,0.13637904679860474,0.10067340828210365,0.09769687720162853,0.029849638038021348,0.07407219246934718,0.07291633700370655,0.06931669932133817,0.09664692945216011,0.06711560552140243,0.11846207846084769,0.06367145399670132,0.11761691609722798,0.1571488096676488,0.05002501876563868,0.06487363216433922,0.04350458540743126,0.09932075924281149,0.09192557193671504,0.15160347467915977,0.03244997770416881,0.028474739872574973,0.04947828083297994,0.061424781424143246,0.16260711922164733,0.042791347163591405,0.06998224749626908,0.10247026557856448,0.12734290799340264,0.1076879895163095,0.11350943913464169,0.06515081921686976,0.1679279530946729,0.08673515379838906,0.13463011596692667,0.0987629232924629,0.10269923319261937,0.062136976600120006,0.1700850638031715,0.07249313936680668,0.06781112260056124,0.09178239713588017,1.0,0.0813896266741265,0.07830825373337627,0.1363714361483687,0.0809444658516353,0.05672303956509398,0.05405405405405406,0.03958262466638396,0.09731044824650883,0.14763464883937313,0.09228395759192834,0.07003502627189416,0.0645332619692431,0.09053267968475766,0.02450715406979359,0.10235033889020939,0.11264433000871052,0.05942669039692125,0.08684714242320993,0.0644825880219161,0.12158031116642802,0.07118684968143743,0.10656033551516768,0.10287564791005448,0.09458793745713644,0.02109239990561109,0.13592683039733522,0.05905385953574926,0.11062844909013102,0.030354174694363235,0.04699032286955008,0.05178081383343334,0.04559607525875532,0.050734628943184104,0.12080192673213624,0.03125508750512121,0.03163859985841663,0.08376533899311825,0.03645816850185327,0.06532553344640132,0.06806764747811278,0.053735490018263415,0.013559399939321416,0.0809444658516353,0.14413089499257942,0.11036385359428232,0.06251017501024242,0.11772856008638627,0.12569171453502784,0.0,0.08117067346319898,0.07518451659128013,0.07941225539113157,0.0949157995752499,0.08764340007155369,0.10356162766686668,0.08385357276567294,0.06532553344640132,0.02536731447159205,0.07082640762018089,0.05059029115727206,0.05059029115727206,0.05979133361118127,0.05178081383343334,0.046040925551613085,0.08810835505879869
number,0.2109835692563847,0.11165574787346375,0.18763578103017822,0.1939078837481322,0.1636207380878583,0.14364665243357486,0.09421279329352288,0.2666234105632163,0.12367196232510626,0.10891622972743417,0.17347671958986752,0.16521201201079772,0.14039139522697905,0.08065981368425473,0.08090071484586969,0.06327138353044139,0.1441626580370879,0.04449312316583062,0.13515981960609363,0.12291529981229207,0.07800764512385157,0.07388043243406071,0.145774664048287,0.09737260471306501,0.1807753815155468,0.06253909915928249,0.10718661571406801,0.10111721285054769,0.09205101496312953,0.12835900770256756,0.11697031717714208,0.07650704656026537,0.07938841860374447,0.04920457689457823,0.13520648275942798,0.15273636144233665,0.0707549137677225,0.11308281825797516,0.08874278145316948,0.15934236803262258,0.03742405942825599,0.12386856181144719,0.19763668244949192,0.09455108089287506,0.08990340573038302,0.14630976211300314,0.06669729688499157,0.12608826746517235,0.017977936632415488,0.08922487976181032,0.11528025471140294,0.07827803638564369,0.060447626536958766,0.1145307118227128,0.13080416089248587,0.11504474832710557,0.10625804549804142,0.11925659823636685,0.036155076303109365,0.1245429600784785,0.023581874286390386,0.14100246698209853,0.12079686777782725,0.05326313505865059,0.06840427168698412,0.09432422182837986,0.03575992699260758,0.10305782373347372,0.13917155995028474,0.11597629995857062,0.10537283645444677,0.11393745837917701,0.09587062360592132,0.11497673487254906,0.09613804566961265,0.07567568932458515,0.13192198857116066,0.10447825845017268,0.07484811885651198,0.11896650634908042,0.06185402664457099,0.018712029714127994,0.06327138353044139,0.05613608914238398,0.05251050315105037,0.10364812365427165,0.0813896266741265,1.0,0.1965156190532532,0.1304484830218009,0.05484543180953479,0.06149400462680908,0.06511170133930119,0.053639890488911365,0.10256479065286464,0.0800260868283276,0.09853009767101027,0.06327138353044139,0.10827319825607505,0.1115310997022629,0.01107018606925119,0.06472608812733954,0.030529706287998955,0.11504474832710557,0.05230657809659415,0.07767356373806174,0.0844912885523329,0.04287464628562721,0.0437587526258753,0.050694773131399744,0.17802727871746407,0.05716619504750294,0.055818035086138314,0.04445893712684867,0.041643537790798095,0.04570452650794567,0.11037578675684022,0.02806804457119199,0.06865437954763622,0.06875238727711584,0.09354468280500483,0.09412207643723193,0.08574929257125442,0.07567568932458515,0.05489535938638235,0.029508355326173765,0.040996003084539386,0.13592873654160803,0.012249898938750631,0.10969086361906959,0.046504083237770284,0.07669649888473705,0.06588545350606236,0.053179453726439625,0.11355301911460843,0.06814662756363819,0.04190377370950561,0.050942670810849335,0.040996003084539386,0.1102490904487557,0.08797691788472335,0.018712029714127994,0.028408275715446383,0.08852506597852129,0.045834924851410566,0.09140905301589133,0.04570452650794567,0.06398633711112393,0.06482037235521644,0.10291616342770396,0.0831890330807703,0.0707549137677225
quantum computer,0.24848830496729013,0.12974458192748894,0.16344458978330806,0.2038413098534009,0.23164806503085814,0.12600183048520072,0.0929701962079955,0.22206013751690434,0.11088655203349881,0.11114378604524226,0.21194790180791495,0.2169891431863789,0.12006777165497737,0.046430982721154083,0.01921922268560893,0.12561705772469717,0.1491448684815029,0.06795021345064202,0.11559353998266826,0.11624021547554411,0.08339368045785699,0.057441094182848075,0.12897076221653506,0.141272726289533,0.18842558658704575,0.06685710923757637,0.14323414016065802,0.0840768814204988,0.026838183903649265,0.06237343238042665,0.11909193232629782,0.09666028640862784,0.0636523420485005,0.10520381062896288,0.11081538765714626,0.19438337925839913,0.07564018449987205,0.08462343245043358,0.04065858168332046,0.03406883133573224,0.05001000300100035,0.07666482574736128,0.28811250108492364,0.054427346192351754,0.11212924738240745,0.1564117149049304,0.1037125957683463,0.10109552085998368,0.07687689074243571,0.055641488407465724,0.08215985077906711,0.04184137043778615,0.057441094182848075,0.09362942673531263,0.20975329492463007,0.054661337446052526,0.15777031779440803,0.15177460262334497,0.04831425297103737,0.09398260569041973,0.06722689075630252,0.05481381009214731,0.11299512315501561,0.13828452434669172,0.010446748916101867,0.08250286473253901,0.019114484997483857,0.11017344783919965,0.17357743177227844,0.08265591989156115,0.07509886702573394,0.06090213325352802,0.07515933898832222,0.06618516143738803,0.08222071513822096,0.08090071484586969,0.10577290350325516,0.139614945531202,0.06001200360120042,0.08743662464030327,0.06612473591324892,0.11002200660220077,0.04831425297103737,0.09001800540180063,0.09356014857063996,0.15512630699850574,0.07830825373337627,0.1965156190532532,1.0,0.05423261445466404,0.029316116437278907,0.07669649888473705,0.05220550248891751,0.09557242498741929,0.10964637330548968,0.05703432360301424,0.0891280119884226,0.06763995415945231,0.062326340314535794,0.11923176087314083,0.04733810683311509,0.029655042337792793,0.021758419247339074,0.09019120678598666,0.05591808408913987,0.10379566554199117,0.07225998946968798,0.061113233135214086,0.02806804457119199,0.05419499210226599,0.20554469973065706,0.1324120051262972,0.05967198951293042,0.08555148540452137,0.062326340314535794,0.058632232874557814,0.027230002934486807,0.020004001200400138,0.07339461896251281,0.08983259221750463,0.10833709510333407,0.07043451251197408,0.08148431084695211,0.035955873264830976,0.046948486159466916,0.07360677045181883,0.03286992809345873,0.17645263142138498,0.0,0.20521281506095237,0.06960093862470136,0.10658960801980241,0.05031036607998148,0.05685122738861024,0.209679308115649,0.048567872839470394,0.08959403681935736,0.04538333822414468,0.06573985618691747,0.05238277125875493,0.0564307688003965,0.05001000300100035,0.05061620698867178,0.03154575876506521,0.0367496968162519,0.13680854337396825,0.019544077624852607,0.058632232874557814,0.10394383930128556,0.1600320096032011,0.044466408589320855,0.12291529981229207
function,0.16565323355980674,0.16268128799957746,0.20548427206516462,0.21978535130747603,0.1787005612120667,0.2504871374132585,0.12142857142857143,0.23834160922733494,0.20839671268463256,0.16590301240125063,0.09770315516740097,0.13492021050777828,0.20558017232278586,0.04892257250211177,0.1063154867907501,0.09799578870122228,0.13750477455423168,0.056382301241166166,0.11323272671489525,0.11182766966630438,0.14736325101737716,0.14563469841093682,0.11890516759462946,0.05484084971070817,0.16035674514745463,0.17258978545253828,0.15318420866954363,0.13841974037264843,0.049487165930539354,0.1667658435077356,0.14273653739633846,0.10282659320757782,0.045643546458763846,0.14010117465793878,0.11549283573690149,0.10035906758257156,0.07845390492237075,0.1783290280241129,0.09371340034996181,0.11935765994096265,0.00922138891954147,0.08995824336397942,0.1003478271371624,0.15053860137385733,0.12553049914630898,0.09107651110783745,0.1494035761667992,0.111846557880216,0.07973661509306257,0.1319115024109484,0.15149527937243176,0.08486684247915056,0.05957783116811052,0.126163019874186,0.0761811750275055,0.13858697343671667,0.11636563671574177,0.07276322021144231,0.09799578870122228,0.14441280189584202,0.13170777796132696,0.13897354872999446,0.04464700977364077,0.05249671905758514,0.06741998624632421,0.10141851056742199,0.11454744873816422,0.08594799233872416,0.07620499280986875,0.17527148346269814,0.0761615077559689,0.12633523314184736,0.10708993401928105,0.08717100546930083,0.08212073334045127,0.17403580533459642,0.09101661204768641,0.05148744788909767,0.08299250027587322,0.09526941840790717,0.053343494966908135,0.08299250027587322,0.07126966450997983,0.1198780559540391,0.08625819491779428,0.122588047188719,0.1363714361483687,0.1304484830218009,0.05423261445466404,1.0,0.05405624776173354,0.04040610178208843,0.11230588859277421,0.07049073768502413,0.09386832123229731,0.08763841367493648,0.08217196689173956,0.0890870806374748,0.07387977412160084,0.09526941840790717,0.07637626158259735,0.05468119624323669,0.08024108542850394,0.11338934190276816,0.0515539262226467,0.07655590023509527,0.14156838939735217,0.10564428184106457,0.08625819491779428,0.12491328476236956,0.028074496253743857,0.0563436169819011,0.03300891361017461,0.07887457230744283,0.18059500340835757,0.02702812388086677,0.15899720766358738,0.09221388919541469,0.10826639239215334,0.1656431155326294,0.030732881990127876,0.08349095821267248,0.0563436169819011,0.07458677371482704,0.14067418798868664,0.13572417850765922,0.11111677990074317,0.06698641270570836,0.10866268989366643,0.04504687313477795,0.3758463837815666,0.09071147352221452,0.09276773134741387,0.07337993857053428,0.05087230797227998,0.07836039099693788,0.020650405139110022,0.09205101496312953,0.03030457633656632,0.0603681610520369,0.1560797945143416,0.06454972243679029,0.1119980089419836,0.038778336716474064,0.033881546358946926,0.09910312089651148,0.09910312089651148,0.05405624776173354,0.06388765649999399,0.06454972243679029,0.10249000771134847,0.0523026032815805
polarization,0.10224747162910902,0.07845573930760598,0.16414725111243358,0.25311208644745736,0.08246240571253921,0.1831550982182985,0.10811249552346708,0.20812378052829614,0.10414944761263273,0.06154574548966636,0.1026951714995135,0.09389050536260404,0.13463696961322394,0.14655329297581873,0.03352426172007556,0.06741998624632421,0.08671824188679006,0.11062441971717744,0.10081542190649244,0.12341842778618879,0.04040676148970224,0.050097506709135084,0.12498047332644496,0.06917144638660747,0.15731330124142315,0.07774630169639037,0.10660035817780521,0.09078708160581105,0.09362816758985389,0.07253235664820744,0.13156430984740247,0.04323215399162966,0.057570773308979785,0.1563215837502731,0.19609766527029351,0.05425034622380048,0.021989974856677124,0.11246431142310666,0.1733627549641017,0.12677667555426217,0.034893157889942655,0.16209350304978645,0.05956233575301398,0.08137551933570072,0.06519601576702765,0.05743796858006127,0.12814232144554952,0.10972379887386345,0.04469901562676742,0.027730269999245088,0.08189266356489211,0.0778498944161523,0.07514626006370263,0.1005037815259212,0.08130545444849886,0.08740073734751262,0.022016013912403046,0.09883693657685838,0.033709993123162106,0.05464489939473446,0.12703650456154195,0.0557737940214122,0.07508510557782778,0.04729626086758236,0.08503766788122595,0.01066003581778052,0.033341566835579026,0.05913123959890826,0.009611830601359905,0.07689464481087924,0.11352954100542727,0.07082142317965111,0.13507386680979225,0.054974937141692805,0.11951527290302613,0.04181210050035454,0.05740019286497204,0.021647252975540952,0.06978631577988531,0.08319080999773526,0.028835491804079717,0.05815526314990443,0.08989331499509895,0.06978631577988531,0.032639560491693344,0.07731091493370558,0.0809444658516353,0.05484543180953479,0.029316116437278907,0.05405624776173354,1.0,0.03822353935782192,0.06070834938872647,0.022227711223719353,0.07285986585964595,0.07737759544994183,0.12248898373471648,0.11236664374387369,0.10353942082032278,0.06470396333157187,0.027524094128159017,0.1954152081954737,0.06325567492115719,0.04767312946227961,0.048769206657176635,0.04828045495852676,0.042014581590156766,0.07106690545187015,0.13055824196677338,0.06302187238523516,0.026558033692369164,0.047377936967913425,0.027756369082668444,0.03316182662140364,0.06212365249219366,0.056818181818181816,0.08444006618414981,0.05815526314990443,0.05120915564991892,0.037986858819879316,0.058145649915166485,0.0468036377200909,0.14213381090374028,0.13588932662615225,0.027297554521630706,0.07336739820667777,0.0637058989297032,0.07242068243779014,0.04568586779048795,0.011363636363636364,0.06937459350943205,0.09534625892455922,0.03510272829006818,0.10577717706958902,0.05133270023393453,0.02823912473624525,0.03906991958029674,0.021110016546037454,0.0637058989297032,0.015228622596829316,0.05468482990747589,0.06978631577988531,0.05886020116850139,0.12227899701112963,0.11396057645963795,0.09090909090909091,0.06818181818181818,0.03409090909090909,0.05372153093502535,0.0,0.012927192249875478,0.021989974856677124
shoot,0.1595023316093526,0.14886628953921086,0.22279229404683767,0.21172030373345635,0.20340938999763442,0.0821431436359057,0.04040610178208843,0.20742519153669262,0.08897130790417405,0.17941704542901207,0.1266586998640163,0.2697601949335053,0.061501479738321145,0.060538594846334066,0.03758820082744411,0.12598815766974242,0.1361227819459545,0.026578871697687526,0.028259163145533728,0.15155869846188827,0.0996710517402531,0.13106454177400326,0.2662490593602372,0.4944237931350443,0.17008401285415226,0.0523026032815805,0.13446321855011928,0.1252832474465037,0.034992710611188256,0.0569275042553311,0.06211075293294655,0.009694584179118516,0.055328333517248814,0.06096399424789501,0.11307567783880672,0.17234254472861732,0.06163920909019224,0.03940552031195503,0.07951845705060934,0.0444203214372698,0.013041013273932527,0.07269723875005668,0.1502610968033428,0.10137796748742195,0.10442760846127908,0.07513428837969108,0.016903085094570332,0.07908745952947442,0.012529400275814702,0.11400341073157326,0.11477500645928249,0.03273268353539886,0.05617051790314426,0.00939060283031685,0.06629935441317959,0.035634832254989916,0.08228293081879129,0.134565112208027,0.02519763153394848,0.07148069005748958,0.0,0.11613625484209059,0.15785101685321729,0.06363563320399461,0.02724178826415978,0.08366600265340755,0.024922239313961342,0.06629935441317959,0.07543909404658242,0.05388506717613029,0.09791694290843173,0.03970333335883721,0.0890870806374748,0.09862273454430759,0.11613625484209059,0.03516054232038716,0.06435846357954426,0.12135707849456652,0.013041013273932527,0.12436735716171628,0.05388506717613029,0.026082026547865053,0.03779644730092272,0.07824607964359516,0.012198750911856666,0.04815713303308872,0.05672303956509398,0.06149400462680908,0.07669649888473705,0.04040610178208843,0.03822353935782192,1.0,0.05672303956509398,0.062305598284903355,0.1021152715106994,0.024787886640791776,0.052822140920532286,0.08819171036881969,0.06965451903188581,0.06218367858085814,0.015430334996209192,0.06444240777830838,0.042554261727198145,0.03207134902949093,0.03645413082882446,0.2571326819313642,0.0235538748575354,0.08964214570007953,0.024397501823713332,0.035330812286303095,0.06948083337796512,0.053121271525973054,0.046681653306710785,0.012393943320395888,0.0,0.0637058989297032,0.04733810683311509,0.13041013273932528,0.038277950117547636,0.021295885499998,0.08692571704250135,0.09183536867546749,0.11952286093343938,0.02344036154692477,0.04591000258371299,0.013710212427677042,0.04285714285714286,0.06766649524509584,0.0,0.07644707871564384,0.025928148942086574,0.07483314773547883,0.06559669191104821,0.0,0.07194430788361927,0.1424807070437933,0.08761224904868536,0.04733810683311509,0.02857142857142857,0.0,0.06131393394849658,0.09128709291752769,0.02639818386742273,0.21936339884283268,0.015971914124998498,0.03822353935782192,0.0637058989297032,0.07644707871564384,0.07529232524210427,0.026082026547865053,0.08696565534786727,0.06163920909019224
mechanism,0.1662470235988126,0.1665800190566166,0.18846293242329445,0.23252279660680789,0.18600652734635278,0.19977215171950152,0.11230588859277421,0.20933296653684152,0.24287354526081878,0.20275875100994065,0.1325860625509947,0.09927391326682884,0.17759895330589318,0.05494292977094084,0.15919806953611387,0.15007505629691606,0.1647210228486622,0.05628501726039683,0.052362890553231484,0.14652056779655792,0.05756438557017941,0.19329385890432021,0.10571719149781852,0.12317900715887733,0.1600800600500438,0.22844072291798487,0.13644146188942174,0.11814467475411851,0.055577001437672836,0.18082966026816333,0.1787978678236902,0.06158950357943867,0.05858330335516623,0.14523864842631945,0.13469391910590955,0.06440522436115988,0.04894908614377705,0.0813613123136683,0.10524566699352861,0.11288057313704404,0.05178081383343334,0.08659577534774351,0.09943810495582169,0.07245587740630487,0.03317132765204874,0.04261845212456398,0.07382716607354267,0.11165357394471832,0.059699276076042695,0.08230243607705243,0.11545086692253537,0.06065211190617091,0.0669094126976493,0.1416885005451829,0.09871839871737308,0.09196987799523525,0.07187700428163932,0.06285952386705952,0.06003002251876642,0.09731044824650883,0.08700917081486252,0.09222641929689637,0.033427480704260014,0.07580173733957989,0.10816659234722938,0.01898315991504998,0.1880174671653238,0.10529962529853128,0.03423307773087312,0.06846615546174624,0.0777580527736323,0.07882328121428037,0.1414921199926696,0.06852872060128787,0.07094339945915105,0.10237985876936676,0.1241206609830191,0.019274478621864235,0.08284930213349334,0.10699316690016815,0.05990788602902796,0.05178081383343334,0.07003502627189416,0.10356162766686668,0.08718572905786447,0.12237652951450688,0.05405405405405406,0.06511170133930119,0.05220550248891751,0.11230588859277421,0.06070834938872647,0.05672303956509398,1.0,0.14843484249893985,0.04865522412325442,0.07873847938099901,0.09228395759192834,0.10005003753127736,0.0645332619692431,0.06584194886164194,0.07352146220938077,0.06141020333412563,0.03379329900261316,0.09338479919516196,0.02894904747440331,0.053735490018263415,0.08417098465368093,0.10282544953985406,0.08718572905786447,0.11222797953824125,0.03941164060714018,0.052730999764027724,0.01235698458157593,0.02952692976787463,0.08297133681759826,0.12141669877745294,0.09398064573910016,0.09320546490018002,0.04559607525875532,0.14374811533902163,0.03451483620918178,0.052091812508535354,0.052730999764027724,0.08376533899311825,0.06076361416975545,0.13065106689280265,0.13613529495622556,0.0644825880219161,0.04067819981796424,0.04047223292581765,0.11324570320845524,0.025468581598680533,0.06251017501024242,0.047091424034554505,0.011426519503184348,0.12571904773411904,0.06957486296845626,0.08458258116519014,0.05672303956509398,0.04067819981796424,0.058428933381035796,0.020712325533373335,0.10481696595709118,0.0,0.08878560065057217,0.07082640762018089,0.14165281524036177,0.010118058231454412,0.047833066888945015,0.062136976600120006,0.046040925551613085,0.07831853783004328
rabi,0.19130434782608696,0.11214563910434784,0.18166275475348498,0.17682036003616822,0.15592299268701085,0.23286798577032244,0.18503818642318837,0.13946880918483603,0.17461743292853732,0.09630868246861536,0.19585382526665843,0.08608755539377273,0.1170467146189995,0.037718933712282104,0.06557474954819613,0.0439586982263858,0.1752783682998615,0.09273670016027795,0.04929971387076877,0.13220137536128893,0.06322974774186792,0.1306568750266557,0.061116657133487504,0.06765100914917384,0.13737093195745564,0.18248971940174205,0.39096452635701523,0.06147105053693628,0.06104676956673598,0.08512565307587487,0.0880390333871469,0.11838926601105422,0.07239256335987602,0.2725350662187172,0.09315383148299143,0.06190086618867078,0.09677978856435156,0.06874516652539955,0.1233106321372951,0.11624065753258613,0.045501575519329006,0.07133875802522817,0.08009803113515666,0.035371923536383305,0.09108994471698278,0.03745029431365691,0.10320936930842799,0.09198170767925039,0.08743299939759484,0.018080492721836983,0.12681329123529322,0.05710402407201607,0.08166054689165982,0.07372097807744857,0.07951830314535803,0.07770873402002615,0.07177362126620145,0.08975982870824246,0.03296902366978935,0.09798023751669188,0.038228969994967714,0.09351059424651914,0.03671734096770157,0.1850266226206321,0.0,0.05212860351426869,0.07608695652173914,0.09638582199437337,0.04700277888643408,0.02820166733186045,0.2135270798548497,0.12987134678843396,0.09325048082403138,0.09677978856435156,0.07792549520543261,0.13290238326779874,0.0882176367164547,0.03175714660319017,0.0,0.12656344905285888,0.08460500199558134,0.022750787759664503,0.0439586982263858,0.05687696939916126,0.05320353317242179,0.10081542190649244,0.03958262466638396,0.053639890488911365,0.09557242498741929,0.07049073768502413,0.022227711223719353,0.062305598284903355,0.14843484249893985,1.0,0.05344376591819557,0.0,0.036860489038724284,0.0439586982263858,0.0810108409885382,0.05424147816551095,0.026919095102908276,0.07869640632232537,0.0,0.07460038465922511,0.09539445011233401,0.07082882469748285,0.09245491069036861,0.07819290527140303,0.06384423980690615,0.09245491069036861,0.04329044892947799,0.08108893879997352,0.04071939673484273,0.03243290625483079,0.0810108409885382,0.5001235025336854,0.06193801042615005,0.011375393879832251,0.033389028164708894,0.11145564251507056,0.07582342329348173,0.04577486071231739,0.023168268228563865,0.0920093422623222,0.0667438374922596,0.08371385281611447,0.19937791451169073,0.1180480411624714,0.05957554687344993,0.033341566835579026,0.11308281825797516,0.06527533657682197,0.06866229106847609,0.051726060011187174,0.06275546404235062,0.04142761324995806,0.0,0.05161500868845837,0.062305598284903355,0.014893886718362483,0.06417938247608372,0.011375393879832251,0.0230265649529252,0.023918243661746993,0.04179586594315146,0.06668313367115805,0.10002470050673709,0.06668313367115805,0.2364331218717302,0.0682523632789935,0.0632152171780217,0.043013239361934026
computation,0.2992850891418952,0.15477912876452124,0.21118394825989226,0.18675893144315478,0.1718345148142282,0.11743297181172047,0.05776512075833681,0.22240343739524604,0.17886741987115515,0.11345063344340772,0.20988009757785528,0.2586696264912055,0.15186762911597507,0.12982021604180227,0.02686830533165206,0.09906292494235484,0.14826895826349737,0.0633292029966728,0.10773250571146288,0.1413067871774447,0.17487545458456735,0.0803021476120665,0.13522499874635158,0.11780584638044816,0.18011440898609973,0.0560793926155574,0.0854357657716761,0.16791249337723696,0.066701416039194,0.08138434574843484,0.07214544154410556,0.15938438039707692,0.05932361189315812,0.10894370943750901,0.15267374130090763,0.21739701217879992,0.08812026400729651,0.07323507838329717,0.0315779676793578,0.038102342746938515,0.06525264395087049,0.16238902472275382,0.167078596040194,0.11594507316202662,0.1268974777357146,0.13810244863779614,0.078535872132923,0.0753763490941415,0.02686830533165206,0.12593974723273144,0.10391982439878959,0.07799182688479128,0.0803021476120665,0.08726208014769224,0.1540215171241547,0.07641607199008701,0.17644922024639634,0.15842741070130117,0.07204576359443988,0.058394160583941604,0.07831883807534977,0.14048691693054788,0.15796619455322145,0.053068388026113036,0.019472618235221624,0.10252291892601131,0.04453647159849631,0.07108685405730217,0.17718012213502288,0.09244180285305541,0.09798838906380315,0.04966537915626401,0.10188809598678268,0.07930823760656687,0.10217230322221663,0.09215432702141746,0.05257585585949298,0.10409625256983052,0.027965418836087354,0.08889864510545749,0.06162786856870361,0.08389625650826206,0.04502860224652493,0.10253986906565363,0.03487900532075779,0.10326915301186525,0.09731044824650883,0.10256479065286464,0.10964637330548968,0.09386832123229731,0.07285986585964595,0.1021152715106994,0.04865522412325442,0.05344376591819557,1.0,0.008859276210753119,0.08306678783289934,0.04502860224652493,0.05808778600358696,0.12593974723273144,0.04411883973389056,0.036851102215676945,0.06083615986294285,0.0916992863881044,0.013028832135451885,0.05804217328669547,0.05892765299205346,0.07831611862403642,0.03487900532075779,0.050509416850331536,0.1631862457991532,0.1139143543622348,0.12235068235089984,0.1417484193720499,0.0746842962903261,0.02732244969736723,0.0676752108489246,0.027965418836087354,0.01368067144194235,0.06850100659163146,0.1708715315433522,0.028133380819741628,0.07594290290815653,0.06702132874284907,0.032816786652249345,0.11760185341981495,0.08169221720855953,0.0870632599300432,0.04882043758381491,0.10928979878946891,0.03706723956587434,0.16811535837819142,0.11253352327896651,0.02119400506383125,0.0822820603716735,0.033948730864564534,0.08350112025984888,0.1607286257661959,0.07148069005748958,0.061025546979768634,0.043827623087778725,0.046609031393478925,0.07547841596431465,0.07840123561320997,0.011416834431938576,0.10018231555701318,0.045537416162278715,0.05464489939473446,0.07534726310073978,0.046609031393478925,0.10360608425945601,0.15861647521313374
transport,0.19459743752898476,0.09392932715684625,0.23530865768215053,0.25012215979228897,0.16043010139335348,0.1870717344477942,0.09640225504243012,0.17620801793440033,0.13990574093942643,0.1975658322294524,0.10988605230047564,0.07420700573549702,0.12126638586319544,0.04501871479331251,0.19566373283982005,0.043721722385596865,0.21932274572685997,0.06917757616165486,0.04903394528305916,0.08003659652524446,0.07074999459548673,0.04061016255151639,0.2249125840690133,0.05046473326893667,0.1311651671567906,0.1663804451491389,0.05184758473652126,0.17662570696760763,0.020239224690630542,0.04233337566673017,0.1414502265767421,0.08410788878156111,0.04800153607373193,0.05289090025053461,0.11990213637534747,0.04397654740416157,0.05347670046445116,0.16409896784637873,0.08431904246668355,0.061660809970736294,0.01131407055503551,0.04730278647241823,0.1376053109813739,0.04397654740416157,0.04529944511237554,0.08380891004365536,0.17597653802562394,0.09148584580449157,0.021740414759980006,0.08092360371741153,0.10621444770752997,0.056796183424706485,0.048732195061819666,0.09776474334756885,0.07908962992466949,0.1468506503240533,0.12849605758132357,0.09614332506687173,0.0655825835783953,0.05315565726451871,0.07604576480401899,0.0930064903356135,0.036519402377651784,0.036805833450764554,0.0,0.031108550841912757,0.03243290625483079,0.08627959628145761,0.1028486641330893,0.13089829980575002,0.07645535355235321,0.21528537768509262,0.11593472394004208,0.0641720405573414,0.07750540861301125,0.0813451834782084,0.13560137546474793,0.10528649266733446,0.1131407055503551,0.06294058066909786,0.06544914990287501,0.09051256444028408,0.07651301417479452,0.06788442333021306,0.06350006350009525,0.13369591811181003,0.14763464883937313,0.0800260868283276,0.05703432360301424,0.08763841367493648,0.07737759544994183,0.024787886640791776,0.07873847938099901,0.0,0.008859276210753119,1.0,0.1008198915771804,0.10930430596399217,0.060430591262344055,0.07193209219325469,0.04016096644512494,0.07827216384455093,0.06153176258695502,0.11129733498244039,0.15813365095036136,0.07044699536763468,0.08173910918879763,0.06913011298202835,0.11641678308350796,0.08173910918879763,0.03444566042961482,0.03456505649101418,0.026999922375334755,0.021505376344086023,0.10071765210390676,0.044215768828538185,0.061604110363369734,0.13576884666042613,0.1162316123235675,0.11085479909473865,0.06598783511920889,0.1365842825005685,0.011521685497004726,0.09151333141298446,0.10621444770752997,0.03568395510523549,0.06196971660197944,0.03522349768381734,0.04444078691701823,0.07737759544994183,0.056236601468425636,0.06492344540642356,0.056910117708570206,0.05144721129508729,0.08738402006519945,0.19228665013374346,0.11401543113259059,0.05133675863614145,0.04957577328158355,0.07406797819503037,0.02127779981902859,0.04525628222014204,0.011451215811497927,0.04757860680698065,0.013856849886842331,0.03316182662140364,0.08843153765707637,0.044215768828538185,0.03919309008348103,0.10182663499531959,0.03772465911208926,0.05347670046445116
source,0.15850010286651442,0.2902322787717204,0.21848227224210265,0.2331882835139489,0.1868895203566774,0.22020306797116027,0.05976143046671968,0.20771968447949618,0.12747814089845524,0.16329931618554522,0.13198302376247076,0.12164046002523796,0.1529814028828627,0.1470977966527871,0.04632808229131882,0.07453559924999299,0.14380593540888195,0.11138026390170383,0.10448966485787865,0.20953931593858982,0.046904923399153524,0.0830773163432567,0.16580533445793566,0.035846208417275274,0.1583881484062351,0.0773565934694095,0.15467960838455727,0.12160077683567086,0.1552647508520297,0.2646188733785785,0.09186304243492507,0.08603090020146065,0.09547032697824667,0.09580239868341468,0.14865882924943327,0.11995202878081344,0.06381593378032888,0.12821941113304314,0.13067709337232916,0.20366547835070922,0.0675077156084152,0.07392045795343967,0.1234661995811987,0.06747301618920756,0.09267030948228232,0.06350006350009525,0.05625,0.1559625734730109,0.04632808229131882,0.06131393394849658,0.11316968255314816,0.08068715304598785,0.10384664542907086,0.11805555555555555,0.12257258446136503,0.09223309842157773,0.10952828629002798,0.11707322644771175,0.04658474953124562,0.15103052333254424,0.09723055853282467,0.08588391866952462,0.10895024111382082,0.0862751732064968,0.16116459280507606,0.10606601717798213,0.08293610033712964,0.049029033784546004,0.04781825347975037,0.11157592478608419,0.050687389056805573,0.1101037911590069,0.11858541225631422,0.06381593378032888,0.05285164225816899,0.07800471509417285,0.1563793843008711,0.05384686189633036,0.0675077156084152,0.16094907661480354,0.09563650695950074,0.057863756235784464,0.06521864934374386,0.057863756235784464,0.10825317547305484,0.09259296837345583,0.09228395759192834,0.09853009767101027,0.0891280119884226,0.08217196689173956,0.12248898373471648,0.052822140920532286,0.09228395759192834,0.036860489038724284,0.08306678783289934,0.1008198915771804,1.0,0.1583881484062351,0.07726531722113758,0.09197090092274487,0.04564354645876384,0.07624928516630233,0.08391813582966891,0.13439680055715614,0.067395483252149,0.08006407690254357,0.07838246410780698,0.08102265201095858,0.07216878364870323,0.07838246410780698,0.09542328567113931,0.05892556509887896,0.034521548171187126,0.036661778755338326,0.12877552870189596,0.06595560662638579,0.09626925577692567,0.057863756235784464,0.11322770341445956,0.0866168583979479,0.04017652165832657,0.1261244604272791,0.06874649261535878,0.07800471509417285,0.05658484127657408,0.050694194103363295,0.03169328455231937,0.12009611535381534,0.037880720420707906,0.07537783614444091,0.0958706236059213,0.13439680055715614,0.1261244604272791,0.07674257668936506,0.06384423980690615,0.035121967934313526,0.05399177659883501,0.0875175052517506,0.08451542547285165,0.06313453403451318,0.08161607813737631,0.057863756235784464,0.058565160708227273,0.050694194103363295,0.1181138978153835,0.08480006566249602,0.047111147590275564,0.08480006566249602,0.07795119555779044,0.057863756235784464,0.07503063099984761,0.04558280984309205
fluctuation,0.1494595739697117,0.28644594961577313,0.21784132759090538,0.17877423548354854,0.16308201826336055,0.20827489955426182,0.07126966450997983,0.14863210712350766,0.13731430681184992,0.18257418583505536,0.12185724408107547,0.1044465935734187,0.11340925075611323,0.030508584130418372,0.0883991392175728,0.05555555555555555,0.097182531580755,0.08594799233872416,0.04984447862792268,0.16271921020936156,0.09589266029707683,0.04953774046180699,0.12358399962667746,0.04274909800354809,0.12777777777777777,0.061502080535259004,0.11858541225631422,0.13120620849029827,0.05143444998736397,0.16496040178290852,0.07531773608496142,0.09404801560780579,0.07319250547113999,0.08064778385455118,0.07756262445336226,0.11622905250359436,0.04348853820356281,0.17376201171422898,0.09350491644243689,0.10185510718982484,0.05750546327852952,0.10418352464744142,0.07362101738323104,0.07152557077144268,0.1013061433991819,0.08519427513705972,0.0521749194749951,0.06974858324629157,0.0110498924021966,0.09140141618451364,0.134962721696486,0.1250925583244189,0.06605032061574266,0.07453559924999299,0.06577935144802718,0.10213764617139019,0.10885008604602704,0.05584718777222607,0.022222222222222223,0.10806864539165983,0.11595420713048969,0.1103012071576486,0.05568460463897045,0.056121353326631374,0.15616249353389688,0.10540925533894599,0.0439586982263858,0.08770580193070292,0.06653102732642345,0.0760354598016268,0.05181277601508398,0.12255267066907438,0.1414213562373095,0.03261640365267211,0.02363597296235327,0.062017367294604234,0.11351765959578797,0.05351344158899463,0.03450327796711771,0.08226127456606228,0.0760354598016268,0.03450327796711771,0.07777777777777778,0.09200874124564723,0.04303314829119352,0.050964719143762556,0.07003502627189416,0.06327138353044139,0.06763995415945231,0.0890870806374748,0.11236664374387369,0.08819171036881969,0.10005003753127736,0.0439586982263858,0.04502860224652493,0.10930430596399217,0.1583881484062351,1.0,0.07166776363062764,0.036560566473805456,0.0,0.056832861622539456,0.1250977708401336,0.10370899457402696,0.04822428221704121,0.07161148740394328,0.031158847642487792,0.12297746456210364,0.06454972243679029,0.04154513018998372,0.07878385971583353,0.07027283689263064,0.054892464639507886,0.043721722385596865,0.11262077141955772,0.044946657497549475,0.08349657214468659,0.011501092655705904,0.016878989451394443,0.1126872339638022,0.03833063830507127,0.08099118235840605,0.09369711585684086,0.062017367294604234,0.0809776330178916,0.04836508334066745,0.07559289460184544,0.02387049580131443,0.07529232524210427,0.08989331499509895,0.11433239009500588,0.0565685424949238,0.09256135126674978,0.0,0.012689783127114683,0.027923593886113034,0.03863337046431279,0.06262242910851494,0.01259881576697424,0.09035079029052513,0.06488856845230502,0.046004370622823615,0.04656201971797188,0.08463889584616803,0.0563436169819011,0.10112997936948631,0.056183321871936844,0.056183321871936844,0.03984095364447979,0.05750546327852952,0.051130999256491366,0.06523280730534423
ground,0.12961734558166113,0.09347999742059902,0.16136980632742495,0.1866942377845535,0.14025268244765068,0.20442947067417294,0.07387977412160084,0.3546808361031485,0.13556492380600452,0.12336987390024974,0.14035558123096417,0.09624154860313719,0.1317610251753291,0.10541966767219,0.15272763624472385,0.0511912597361626,0.11061828056682353,0.1655919458036294,0.053583634688967506,0.13387180747324287,0.0662696920808001,0.06846928214552028,0.10818179267250445,0.1260506983326509,0.11262077141955772,0.1487604342575059,0.05463482975759611,0.11453589451026125,0.1516604710285333,0.07269639535749654,0.09463769486177744,0.11029436104106953,0.09741723051615436,0.12385384951332691,0.15825391981781864,0.04943003496036573,0.04007219498504305,0.2753921806412203,0.25129830937118075,0.07219510958227852,0.010597597584982434,0.11815279466856528,0.08140505665475926,0.13181342656097528,0.059403147868333936,0.061056831732054534,0.15796464854099238,0.0856924281885665,0.11200026657946416,0.0842211654507816,0.08705228793740946,0.22166465691622145,0.1141154702425338,0.16788513371506436,0.0808158687660548,0.18822797186399673,0.10698572212004771,0.12221745750194198,0.08190601557786016,0.05808778600358696,0.13355644353114812,0.1016362394067504,0.1026203421376462,0.04309384162332809,0.011068829678133038,0.05827715174143585,0.10126355123567275,0.14367265558409742,0.04378894843346581,0.10509347624031797,0.06365667059135471,0.04839654030876758,0.09411398593199836,0.050090243731303816,0.1016362394067504,0.08571817324793918,0.10460001594616691,0.04930956877964742,0.031792792754947306,0.1010653985409379,0.08757789686693163,0.052987987924912175,0.07166776363062764,0.11657357343480679,0.10904459303624482,0.10957582335289495,0.0645332619692431,0.10827319825607505,0.062326340314535794,0.07387977412160084,0.10353942082032278,0.06965451903188581,0.0645332619692431,0.0810108409885382,0.05808778600358696,0.060430591262344055,0.07726531722113758,0.07166776363062764,1.0,0.12633174817617238,0.08777472595071585,0.16757831697804315,0.09221633970468807,0.0694995588420911,0.04443591161812615,0.06598588053218754,0.07656291181181328,0.08903453738274922,0.14869717232215202,0.1435554596471499,0.032264360205845055,0.08633652109842348,0.02529012973427252,0.020143530420781354,0.1320754716981132,0.05176971041016139,0.14425744652115383,0.06358558550989461,0.0466590635868752,0.06057031535930259,0.08829871475975129,0.053306236960046674,0.09712858623572641,0.10476665619192566,0.08705228793740946,0.11141412945539661,0.05804543252657151,0.05498823377682296,0.08325307391633692,0.020707884164064553,0.07374552037788236,0.026062334565784162,0.09595122652808401,0.0843312289034136,0.035078723139007874,0.07718997315912124,0.05933072705766086,0.06732014170987177,0.04643634602125721,0.055502049277557954,0.0797214614771931,0.06358558550989461,0.04290423201401441,0.055707064727698305,0.0519174131651165,0.06212365249219366,0.041415768328129106,0.06212365249219366,0.07342230982143523,0.04239039033992974,0.035335713557365915,0.04007219498504305
candidate,0.14826004031906326,0.0687266093198987,0.15108939729686513,0.20915479424640082,0.15204045971969868,0.17877869945167482,0.10259783520851541,0.2664786304463168,0.12909314165140687,0.13016280532365732,0.1587154267092694,0.11455879881910548,0.16630294352433977,0.15685468848588474,0.05453869396935238,0.10968169942141635,0.12696922980089212,0.16068616809494557,0.09567297464698797,0.23424606849358914,0.08545606829031972,0.1222511300853311,0.14740957121630263,0.05626552461314198,0.13710212427677046,0.08853669183266276,0.08129155964288624,0.07952876798920742,0.16924253650259782,0.09439897672063849,0.19713695806570272,0.04219914345985649,0.14048787173725408,0.13268378981607357,0.24610115621143572,0.08090203846620451,0.0804920080868993,0.11435107643820415,0.1410169494203802,0.10312284231997394,0.02838283622282237,0.026370060080871675,0.13323549194548584,0.1323851538537892,0.06060779983555621,0.10122940617842466,0.23912434239913669,0.1976286978528092,0.16361608190805715,0.09774436090225563,0.0943687467980903,0.11081832770072812,0.14262631843288628,0.18394180184548972,0.16834512458535864,0.09048278567177281,0.14923578024619552,0.14356440147104763,0.16452254913212455,0.10371508595636707,0.09538540869851267,0.07777301045968667,0.08397925344066451,0.04616614055021016,0.05928981118852068,0.0520265981714472,0.1084829563310219,0.20041086260161742,0.11727700941559524,0.17200628047620634,0.09945098318882321,0.07200956350509238,0.038778336716474064,0.06260489517869945,0.174989273534295,0.08502712798142947,0.09338107364105908,0.035216671292217776,0.07568756326085965,0.045112781954887216,0.12509547670996826,0.16083607192932675,0.08226127456606228,0.12299229029889693,0.11504875287827816,0.11878531138224022,0.09053267968475766,0.1115310997022629,0.11923176087314083,0.09526941840790717,0.06470396333157187,0.06218367858085814,0.06584194886164194,0.05424147816551095,0.12593974723273144,0.07193209219325469,0.09197090092274487,0.036560566473805456,0.12633174817617238,1.0,0.20149814827784027,0.0561017236116809,0.04116280829873027,0.054289671403063684,0.026446606134715337,0.04909043522849907,0.08543888403602633,0.07225916412701,0.15044836914851759,0.09398277243962896,0.13681817065967553,0.06744188651854266,0.04515524105318422,0.02697453457247051,0.07579904890570344,0.08319080999773526,0.12019935281408409,0.08514850866846711,0.06942435928294136,0.06952346619889822,0.09459381485717673,0.019035536826899596,0.086710996952412,0.07652441518328652,0.05551102752828842,0.07957146800194256,0.04145578572057209,0.058908522274198884,0.049549141115664004,0.08319080999773526,0.06583589693379592,0.10082367546283257,0.09517768413449798,0.10755175492958086,0.03131633202010096,0.022970304235367618,0.031780302951772345,0.11161368475593522,0.1347313035918593,0.012387285278916001,0.11565268748916543,0.037843781630429826,0.0766050217674098,0.05967860100145693,0.03476173309944912,0.07394738666465356,0.06470396333157187,0.07394738666465356,0.08739647004592829,0.10407039948368202,0.021030505843376807,0.11626623390329899
complex,0.03768673314407158,0.029235267310234306,0.005231373504786204,0.1556997888323046,0.0,0.1386323994938481,0.0,0.14936320896298771,0.10811249552346708,0.0521749194749951,0.04974801157673675,0.0,0.13285838091748142,0.03736523194714872,0.0,0.013608276348795433,0.021004201260420147,0.105264362823256,0.010174461594455996,0.10676224188257434,0.04893501829289196,0.21234882749824002,0.06054354789153331,0.04188539082916955,0.0408248290463863,0.03766217885773547,0.024206145913796356,0.008457585839117283,0.10079052613579392,0.10540925533894598,0.15933229171843208,0.05235673853646194,0.029880715233359844,0.1152351196091188,0.09499442651092728,0.0,0.0,0.1957890020745122,0.18132280586605826,0.07676708932663294,0.0,0.029445747114335327,0.018033392693348645,0.04380028798784028,0.022558941739747075,0.011593472394004208,0.2556038601690775,0.12339053944782488,0.23006608383332586,0.022388683141982252,0.08264745061341078,0.07071067811865475,0.050559244642438106,0.1420021445383764,0.06266005147845038,0.14433756729740643,0.05332543385416191,0.03419927840283847,0.2857738033247041,0.06617825960083584,0.059172633541393856,0.0771947644426465,0.0,0.011455723277057845,0.058848988633649964,0.012909944487358056,0.09421683286017897,0.2506402059138015,0.02328100985898594,0.13968605915391563,0.021152477232345077,0.021442250696755896,0.09622504486493763,0.05326236412913075,0.05789607333198487,0.05063696835418333,0.06951508570115876,0.026216125254653815,0.02817180849095055,0.05597170785495563,0.01164050492949297,0.09860132971832693,0.05443310539518173,0.08451542547285165,0.11858541225631422,0.10403129732205987,0.02450715406979359,0.01107018606925119,0.04733810683311509,0.07637626158259735,0.027524094128159017,0.015430334996209192,0.07352146220938077,0.026919095102908276,0.04411883973389056,0.04016096644512494,0.04564354645876384,0.0,0.08777472595071585,0.20149814827784027,1.0,0.027842302319485226,0.03064257065179478,0.05773502691896258,0.0,0.0,0.050882185131478436,0.06454972243679029,0.11858541225631422,0.07632327769721765,0.010721125348377948,0.0,0.033614632272640714,0.026773977630083295,0.1755494519014317,0.027524094128159017,0.10226199851298273,0.0563436169819011,0.0,0.046004370622823615,0.03520893951097651,0.0,0.04303314829119353,0.025318484177091666,0.0,0.14808721943977307,0.0,0.0,0.0,0.013762047064079509,0.0700140042014005,0.05773502691896258,0.07085252515814196,0.112089707663561,0.0,0.0,0.015772007446912796,0.0639137490706142,0.10801234497346435,0.03688555567816588,0.11920791213585395,0.02817180849095055,0.17107978455366032,0.014808721943977308,0.03450327796711771,0.055048188256318034,0.06881023532039754,0.027524094128159017,0.016265001215808886,0.014085904245475275,0.0,0.026631182064565374
excitation,0.09443568758679045,0.07936277220714445,0.11797932095978601,0.19507682662870654,0.11122101332503227,0.15748168326172146,0.09113532707206115,0.22612472430247976,0.10033669282927878,0.1556432015911726,0.16101777945560783,0.05935998799503724,0.13619351808260427,0.1404451013548773,0.09043156884067047,0.056832861622539456,0.134505223938544,0.13588264806622438,0.059488891486675466,0.1189002645920257,0.06539825151937141,0.10135337575532942,0.08849776760424088,0.06997114285413196,0.10229915092057101,0.07864513273256968,0.08761412822779371,0.042386159128626096,0.15785101685321729,0.07337090886046865,0.17511228297161835,0.052478357140598966,0.12479218605744782,0.13750333019910538,0.15869181249500158,0.054877538692708484,0.04448840533001291,0.14220565008492753,0.1514533313502037,0.1041969098244283,0.047062080533501166,0.09018211324984773,0.060250940545705074,0.054877538692708484,0.11305671766662458,0.048418344498970686,0.12962378478271397,0.0951362779201119,0.09043156884067047,0.03740114907445393,0.11045257468383878,0.12796862503070064,0.14358394898671667,0.07624928516630233,0.08224543312625464,0.13663546628161677,0.07423514253426441,0.1499693971230111,0.022733144649015782,0.06448942887743465,0.07908011290078078,0.09671759860921254,0.11392975547828736,0.1339605585226476,0.04915473998202097,0.053916386601719206,0.04496937504132879,0.0697840038647009,0.058337722331712236,0.10695249094147244,0.08834004988634697,0.12537034152494678,0.08841118406457556,0.07785470932752259,0.09671759860921254,0.042295493443781355,0.08294828707956801,0.03284627782435034,0.07059312080025175,0.0561017236116809,0.1263983983853765,0.035296560400125875,0.06819943394704735,0.08235864093362705,0.06603381797442179,0.06082588744530994,0.10235033889020939,0.06472608812733954,0.029655042337792793,0.05468119624323669,0.1954152081954737,0.06444240777830838,0.06141020333412563,0.07869640632232537,0.036851102215676945,0.07827216384455093,0.07624928516630233,0.056832861622539456,0.16757831697804315,0.0561017236116809,0.027842302319485226,1.0,0.06398697869500918,0.04822428221704121,0.03288868749704872,0.08546760083846326,0.03187523657489937,0.0808745799025788,0.11005636329070298,0.1275009462995975,0.05373014636783434,0.04792567697930596,0.028077262622795626,0.02236347538415741,0.07331551367789388,0.06897007348075543,0.09609331989577097,0.047062080533501166,0.017267062892749267,0.06724554873216074,0.019605958764261532,0.07101710731986917,0.11981419244826491,0.07401711352661737,0.05522628734191939,0.07421560439929402,0.1031078524452934,0.10988691536373847,0.09242809131723294,0.0,0.1403532771532633,0.12538313376430715,0.07101710731986917,0.09362506583014757,0.012981540392700207,0.057131198904004234,0.05269547994265421,0.05338517771987276,0.07733088933397006,0.030809363772410978,0.06638045457122155,0.035296560400125875,0.023816275411477048,0.08658487179917634,0.08645856265563524,0.045980048987170286,0.05747506123396286,0.045980048987170286,0.08151391459392224,0.035296560400125875,0.026153289048297074,0.022244202665006454
correlation,0.08413676790447147,0.1478142177728636,0.12984521310333422,0.16549551173554367,0.05508323176191217,0.13253925659888408,0.020060271357125986,0.17592354376923064,0.11042815941398955,0.06851887098275317,0.08574789147336341,0.09146225219516073,0.1443397914853932,0.051523504193754184,0.06220426083921555,0.07505866250408016,0.06436227211069413,0.043985054658106114,0.20576929444637967,0.12431584251356995,0.05398181119392522,0.055773548138062304,0.11826963391576019,0.028878211074619464,0.09382332813010019,0.03462197929646073,0.08159123900082742,0.09329838178275733,0.02316360613610725,0.14535047493345277,0.09250770327336817,0.05775642214923893,0.08240597348979506,0.06809979138795856,0.11227654642710147,0.06039690386563594,0.036722154507941446,0.093904878191676,0.10527530948587628,0.1764255718817993,0.025897698962183534,0.08120640477113122,0.01657768529092487,0.010066150644272655,0.04147583796539532,0.04263045563194875,0.10070176299560268,0.06107774598357995,0.0,0.04116280829873027,0.08357350137220126,0.05416892375217994,0.06506913949440603,0.03729694925763063,0.04937310140074749,0.07961173386514128,0.040850709360344135,0.07073688181720796,0.02501955416802672,0.16222975963451428,0.06527525774201723,0.11531549363989448,0.041796119462696193,0.0210619685930793,0.16229558627939583,0.09494253265550827,0.02474610820719749,0.0548590015563861,0.010700849841736613,0.09630764857562951,0.03888997668315688,0.05913411137179546,0.07961173386514128,0.04896287267725526,0.07983380328915772,0.023274703205786385,0.0821618071057283,0.012049942054980464,0.05179539792436707,0.051453510373412836,0.06420509905041967,0.025897698962183534,0.08756843958809352,0.05179539792436707,0.02422507915557546,0.03825343653826907,0.11264433000871052,0.030529706287998955,0.021758419247339074,0.08024108542850394,0.06325567492115719,0.042554261727198145,0.03379329900261316,0.0,0.06083615986294285,0.06153176258695502,0.08391813582966891,0.1250977708401336,0.09221633970468807,0.04116280829873027,0.03064257065179478,0.06398697869500918,1.0,0.09553408063816955,0.01809825061715205,0.026875312322338835,0.11693707146067724,0.04944923575807722,0.09690031662230184,0.03508112143820317,0.05913411137179546,0.0,0.01545058116522741,0.012306352517391005,0.09221633970468807,0.05060453993692575,0.04700355771641709,0.0388465484432753,0.0,0.0740088392978143,0.032366772496196,0.02605324209619719,0.05274585147528237,0.09309881282314554,0.04558554620301888,0.05445327701173301,0.0,0.026875312322338835,0.03390804737696724,0.03795340495269431,0.03861736326641648,0.04245959139474202,0.06513310524049297,0.04416064439682459,0.0,0.04715792121147197,0.014498845575379761,0.04700355771641709,0.0283695078181321,0.06781609475393448,0.08523286029710314,0.05179539792436707,0.026211621926396828,0.10890655402346602,0.04757711097716634,0.03795340495269431,0.06325567492115719,0.08855794488962006,0.029904086934417106,0.0,0.08635104937551058,0.02448143633862763
simulation,0.23872123090952033,0.167101995568805,0.17397129031025996,0.22248595461286988,0.1798935855656326,0.20362036885475412,0.06047431568147635,0.19726230836288416,0.14564381625088382,0.14975535605335347,0.17664047143418712,0.1674044277318925,0.1589902492090155,0.05177478413524588,0.09376144618769909,0.13199326582148888,0.19887921252979304,0.05966941897186163,0.09163795899053138,0.143002965089246,0.08814825547070534,0.07706263885144646,0.13632385132419986,0.05078333750770081,0.12727922061357855,0.07827936876641306,0.1509345884812358,0.1464896838272619,0.04364357804719848,0.17040257344605167,0.1452482234435317,0.1305857250198021,0.05520524474738833,0.1653771250685383,0.12222612862778981,0.17448794561650274,0.06457718456202195,0.11795356492391772,0.07272975653980149,0.13961272401605207,0.07807200583588265,0.1020030601377069,0.1311859599864291,0.09103718901730579,0.10940505312303889,0.10441851275732485,0.06324555320336758,0.09863939238321437,0.03750457847507963,0.10082367546283257,0.1603275336078831,0.06531972647421808,0.0560455555283247,0.19676394329936583,0.11163126113028762,0.14,0.11699232364334505,0.09477582044145477,0.12256517540566823,0.1069825007861218,0.057394404318355144,0.20724314384411144,0.10237490002456051,0.10317785271723084,0.0815435506300201,0.12521980673998823,0.027975144247209413,0.0826898230594723,0.137101232552737,0.1290364541672819,0.0879291966536774,0.07427813527082075,0.11333333333333333,0.08302780872259966,0.08022315245578507,0.07893522173763264,0.08944271909999159,0.11805991838848995,0.08783100656536798,0.046534004059768874,0.056453448698185825,0.10734900802433864,0.06599663291074444,0.07807200583588265,0.04564354645876384,0.09369749612033813,0.05942669039692125,0.11504474832710557,0.09019120678598666,0.11338934190276816,0.04767312946227961,0.03207134902949093,0.09338479919516196,0.07460038465922511,0.0916992863881044,0.11129733498244039,0.13439680055715614,0.10370899457402696,0.0694995588420911,0.054289671403063684,0.05773502691896258,0.04822428221704121,0.09553408063816955,1.0,0.06819943394704735,0.09114654303753,0.14100884775655415,0.08198915917499229,0.03651483716701107,0.052878317908707805,0.07427813527082075,0.07950463919999252,0.03493335058437492,0.12057211289764376,0.10424933826313665,0.03813850356982369,0.12398608397561334,0.07807200583588265,0.1002560823655206,0.10358647947564746,0.08944271909999159,0.10799375260823951,0.049690399499995326,0.10524696231684351,0.06871180011766419,0.07181848464596079,0.021380899352993952,0.09114654303753,0.07666518779999279,0.09534625892455922,0.048507125007266595,0.096,0.08835852486128687,0.033282011773513746,0.09690874237046979,0.011846977555181847,0.032781501882489184,0.09741763740941048,0.05345224838248488,0.0894427190999916,0.0642364054837573,0.04879500364742666,0.04938647983247948,0.03077935056255462,0.047809144373375745,0.10488088481701516,0.06674238124719147,0.0858116330321033,0.06761234037828133,0.10734900802433864,0.08677218312746246,0.05535187248173311
nanowire,0.14627149017224547,0.06043472012462243,0.1359501861918426,0.09770760409773685,0.11796769909885452,0.16375936198093421,0.18043874177926347,0.16540792339471236,0.16318213857325373,0.13206763594884358,0.09549276959229569,0.03357908003395431,0.09273656907171912,0.044137637134429204,0.03197238778028809,0.0,0.14059673488550548,0.022607892210167617,0.036055713064713335,0.0672601467023169,0.01156088678177274,0.047778439528494435,0.1251547431856598,0.06184633699941168,0.16878498775964423,0.244686229315071,0.1143739277494535,0.03996205406440479,0.01488233659121359,0.051881067197057526,0.04952923310331557,0.07421560439929402,0.011765520133375292,0.058337722331712236,0.07213632218614266,0.012934759914813772,0.11010318582559755,0.11061003744790293,0.05636509349001167,0.04534051785571473,0.0,0.03478275481129119,0.05325481079091945,0.05173903965925509,0.02664772390692106,0.05477910356647767,0.09704949588309457,0.07848342512985233,0.0,0.03966990920207301,0.07810176455845598,0.041763453479227844,0.023889219764247217,0.07188851546895896,0.021147746721890678,0.1250322955695868,0.04199373815066262,0.06059678724350827,0.0,0.013028832135451885,0.0419385630668549,0.034194834918326394,0.013426750446270366,0.09472441934290148,0.017378824984374267,0.0,0.047697225056167004,0.056393991258375145,0.11000266415928431,0.027500666039821077,0.11243852698498892,0.18996475425420703,0.06819943394704735,0.11010318582559755,0.07978794814276159,0.08972229068318688,0.03519197776906262,0.07741941928778481,0.04991687442297913,0.026446606134715337,0.027500666039821077,0.033277916281986085,0.03214952147802747,0.0,0.031128640318234518,0.08602079496853669,0.08684714242320993,0.05230657809659415,0.05591808408913987,0.0515539262226467,0.048769206657176635,0.03645413082882446,0.02894904747440331,0.09539445011233401,0.013028832135451885,0.15813365095036136,0.067395483252149,0.04822428221704121,0.04443591161812615,0.026446606134715337,0.0,0.03288868749704872,0.01809825061715205,0.06819943394704735,1.0,0.051801188678247796,0.10518291435883843,0.012708214194383723,0.015564320159117259,0.09015678373614723,0.012664316950280469,0.0,0.019853622797734376,0.0,0.0888718232362523,0.03251280443811776,0.015099608472228406,0.04991687442297913,0.09767725810110087,0.04075695729696112,0.08318103836323891,0.0669555708881764,0.05083285677753489,0.02990743022772896,0.03905088227922799,0.052478357140598966,0.01822706541441223,0.0,0.08714204019005982,0.03251280443811776,0.03308158467894247,0.08183932073645682,0.0334777854440882,0.01891511969643836,0.03671734096770157,0.06059678724350827,0.05589199680799573,0.015099608472228406,0.0,0.021785510047514955,0.046938069565556316,0.016638958140993042,0.0336812996921237,0.03498557142706598,0.02037847864848056,0.03251280443811776,0.08128201109529438,0.03251280443811776,0.038426027846949,0.04991687442297913,0.018493168036382727,0.015729026546513935
signal,0.16054533598096113,0.2564102564102564,0.16517585103707014,0.17496461513722297,0.15766036960512994,0.12158865771185522,0.038277950117547636,0.184219031545903,0.11062441971717744,0.1699673171197595,0.14725763718060114,0.1682904582015223,0.05826225420791253,0.09831442896754196,0.04747795383448982,0.04774099160262886,0.16579712839131272,0.0923229535613814,0.008923593133549014,0.1435762432835399,0.025751310131230238,0.07981810373476132,0.21240081678227385,0.28470336386862494,0.19096396641051544,0.03303191599175254,0.20522521243870795,0.07417793484175383,0.11049892402196598,0.038520846960085356,0.14709859388022928,0.12857571271486287,0.07862136275414387,0.14438269394140335,0.11902231937268719,0.13445387839692433,0.1401425507601155,0.05226209567526088,0.10044039219036509,0.09257763805507589,0.061770776388425104,0.08608542880371538,0.15025515093163505,0.06722693919846216,0.11871300455955142,0.07117703554343235,0.0560448538317805,0.07492199685877048,0.04747795383448982,0.0687266093198987,0.10872991400366039,0.041344911529736156,0.12416149469851762,0.03558403417890825,0.12561485860426555,0.05063696835418333,0.09353899878963849,0.08998425413316952,0.03580574370197164,0.05804217328669547,0.010379566554199117,0.10155643080441033,0.02990743022772896,0.17080467744079833,0.025806988704625458,0.06793662204867575,0.035414412348741424,0.041871619534755176,0.12251277836633777,0.040837592788779256,0.018551949784837606,0.05641829377674448,0.059076463079880556,0.10510691307008664,0.08463035900367528,0.07772022854475732,0.12193752675403338,0.1494549087833858,0.049416621110740085,0.10799895750269796,0.10209398197194813,0.03706246583305506,0.04774099160262886,0.012354155277685021,0.023112508176051212,0.06386903850265854,0.0644825880219161,0.07767356373806174,0.10379566554199117,0.07655590023509527,0.04828045495852676,0.2571326819313642,0.053735490018263415,0.07082882469748285,0.05804217328669547,0.07044699536763468,0.08006407690254357,0.07161148740394328,0.06598588053218754,0.04909043522849907,0.0,0.08546760083846326,0.026875312322338835,0.09114654303753,0.051801188678247796,1.0,0.033469971382071036,0.07548513560963972,0.034668762264076815,0.04462662850942805,0.03761219585116299,0.03774256780481986,0.058963965601552815,0.03522349768381734,0.021995293510729184,0.08449079617742182,0.011211213233271875,0.07412493166611012,0.018130943107347374,0.050435627722400206,0.020586855166265378,0.03728506522686087,0.012580855934939952,0.03330866937632457,0.0,0.025976216673306556,0.05413319619607667,0.19230769230769232,0.032350772404131305,0.07242068243779014,0.036843806309180605,0.09114654303753,0.08699848552934203,0.04213250442347432,0.12267912301642961,0.04499212706658476,0.0553318624475402,0.05605606616635937,0.12179969144117252,0.032350772404131305,0.06970150353573229,0.061770776388425104,0.0,0.10390486669322622,0.09078412990032037,0.06035056869815845,0.07242068243779014,0.03621034121889507,0.1569188472540014,0.061770776388425104,0.013730875909527243,0.08174982127673405
strength,0.16025517852997226,0.1673498569103552,0.17168849627977562,0.15225757719946606,0.0965475074456518,0.23277934073681286,0.08327552317491303,0.185248207225732,0.2796341672894353,0.10808722355782913,0.12340026732980952,0.12475336067735492,0.28115973325964866,0.06416633191777156,0.08263245931822254,0.07270397783247151,0.08015547428036479,0.05112622578878209,0.1009512735001343,0.08691673850433326,0.1792742875337673,0.10033002899416554,0.11552205046250733,0.06393660631422403,0.10386282547495931,0.18684256081667958,0.11084954379348298,0.08391638744411052,0.019231658288777185,0.14079064767409769,0.05120321156614731,0.09590490947133604,0.06841782379641614,0.15077352058969484,0.14500571988562874,0.07521708472456592,0.1524434328089239,0.13643844603620717,0.12382398142327132,0.12450621237952904,0.043003295253753064,0.1048784769204415,0.055054705534296984,0.12536180787427653,0.06887089499832282,0.04424259065013049,0.08360796171499411,0.06519856435951726,0.05164528707388908,0.11107054924683424,0.08831094053788206,0.05396870722208658,0.06174155630410187,0.05419034555601471,0.0683202929930246,0.051409475744577035,0.11531587039731464,0.07830603067752896,0.05193141273747966,0.07576412527549731,0.08129248815339898,0.19148211690814088,0.026026021679667735,0.08743383488973662,0.07860208477951326,0.07882634225314346,0.051363839272427006,0.036437489596279786,0.0,0.10661297883234276,0.08879345165835911,0.13092342835054874,0.08813052984784635,0.07114026864416448,0.11783514886654824,0.09661948493603892,0.1364302077458252,0.03001350911933976,0.032252471440314796,0.11107054924683424,0.07995973412425707,0.06450494288062959,0.05193141273747966,0.032252471440314796,0.07039532383704884,0.06352007675770713,0.12158031116642802,0.0844912885523329,0.07225998946968798,0.14156838939735217,0.042014581590156766,0.0235538748575354,0.08417098465368093,0.09245491069036861,0.05892765299205346,0.08173910918879763,0.07838246410780698,0.031158847642487792,0.07656291181181328,0.08543888403602633,0.050882185131478436,0.03187523657489937,0.11693707146067724,0.14100884775655415,0.10518291435883843,0.033469971382071036,1.0,0.09853292781642932,0.040225899335456484,0.05825242718446602,0.04909628563145577,0.07663672163500057,0.05131157827269224,0.08173910918879763,0.11484436771771993,0.042014581590156766,0.10731835001770904,0.06450494288062959,0.031555791640509485,0.1228921524016021,0.08061785003162399,0.06489236343832765,0.021896206181428735,0.1449292274040584,0.0,0.12432752169981671,0.1059924368589093,0.055783285636785064,0.04222839763561256,0.05251822698769596,0.06412437942429183,0.09694358283263098,0.08652315125110352,0.024443011100016888,0.03558591171665808,0.05220402045168598,0.0842639912949317,0.029268640913920646,0.0235538748575354,0.05630453018081675,0.13142044617939327,0.032252471440314796,0.021762283174781974,0.02260500394542122,0.05266806531497233,0.03151093619261758,0.07352551778277434,0.05251822698769596,0.12413982045397645,0.032252471440314796,0.11948872617308781,0.040651582082379706
magnitude,0.21546489452564394,0.23117322780452165,0.22287124708010467,0.2575409401601731,0.2019866607256804,0.26488101407899395,0.1690308509457033,0.20186584269236063,0.1628347368197324,0.202072594216369,0.22077139831041534,0.18349396085439343,0.22219562811936927,0.07838724890667902,0.04367853486341326,0.12297746456210364,0.12654276706088277,0.10501031986032268,0.05910828046793255,0.20214987702065612,0.14530212501928982,0.16317926041415778,0.09770173029342485,0.10814761408717503,0.1976423537605237,0.17625353139328925,0.16145833333333334,0.14740240096809415,0.08945750668694888,0.1474229937786172,0.10826163374360516,0.08111071056538127,0.07715167498104596,0.15408103899030676,0.12263727728644856,0.10602361620999637,0.034380708208626445,0.0879173964527716,0.09856283612727637,0.11149412193707495,0.06364688465216445,0.0887000241481323,0.12804555422442268,0.12016009837132922,0.13105560849915568,0.08980265101338744,0.08249579113843054,0.12253577034896795,0.052414241836095915,0.130066495428618,0.6668587496504998,0.098894350660655,0.09138038583192835,0.07202013512085206,0.08667190566019205,0.09316949906249124,0.1548963879348407,0.12141546606429568,0.06148873228105182,0.09967506006695544,0.0993090038447229,0.13702976700452157,0.08804509063256238,0.05176246304927331,0.11396057645963795,0.10833333333333334,0.09556910644282593,0.08474586331218778,0.06011130897782882,0.08265304984451463,0.11605785540686406,0.13840913308956662,0.1304372986874877,0.06876141641725289,0.08097213504812639,0.073543550676819,0.08333333333333333,0.025383654128340476,0.04546206046583175,0.151744244666721,0.09016696346674323,0.0909241209316635,0.04392052305789416,0.06364688465216445,0.04252586358998573,0.1074430618700507,0.07118684968143743,0.04287464628562721,0.061113233135214086,0.10564428184106457,0.07106690545187015,0.08964214570007953,0.10282544953985406,0.07819290527140303,0.07831611862403642,0.06913011298202835,0.08102265201095858,0.12297746456210364,0.08903453738274922,0.07225916412701,0.06454972243679029,0.0808745799025788,0.04944923575807722,0.08198915917499229,0.012708214194383723,0.07548513560963972,0.09853292781642932,1.0,0.0935568998979686,0.1067440051344651,0.08304547985373997,0.046296296296296294,0.032547227745205964,0.06048884885927481,0.08094048852977201,0.04441681590741884,0.11551721334727867,0.07273929674533079,0.04003203845127179,0.09651100402393104,0.05303030303030303,0.09147021665807528,0.07407407407407407,0.08171505630757668,0.09602765994967198,0.08603090020146066,0.12948309934455932,0.09435641951204965,0.09523809523809523,0.07106690545187015,0.10846522890932808,0.1192569587999888,0.0640291516606527,0.031008683647302117,0.0702250809666987,0.07726438749546088,0.09162708326722892,0.06600983619844496,0.03984095364447979,0.011904761904761904,0.1453469332120635,0.06364688465216445,0.11963415324775042,0.047794944556367035,0.10022296571715915,0.06218354227038638,0.07995026863335392,0.07995026863335392,0.0839921051131616,0.05455447255899809,0.030316953129541625,0.04297588526078306
spectroscopy,0.12343219696001854,0.08089377861617925,0.15715902787873062,0.23079654558624885,0.07368829309332041,0.17097371455902424,0.09488401440957371,0.21033353531577265,0.15669579263200217,0.07660323462854264,0.12782008333811642,0.06741998624632421,0.13845360918526453,0.0664645715175815,0.07489308618940975,0.08606629658238704,0.1273071397963887,0.0983494740586804,0.04021809075548668,0.19694024726527537,0.05416114030164013,0.1918588438173238,0.18547252430958236,0.04966996338993914,0.10758287072798381,0.07443641677192671,0.0956831930774679,0.09360832165298957,0.05976143046671969,0.08333333333333333,0.12596323666115725,0.07450494508490871,0.0866168583979479,0.2342606428329091,0.1716564301691498,0.01731358402661109,0.021053798026662976,0.15478479684172258,0.12825897356023458,0.14413806814567107,0.01113588507968435,0.03879817845276255,0.07841156792042765,0.08656792013305546,0.09808925156338298,0.06415811282184207,0.15155444566227674,0.11255629222268702,0.06419407387663693,0.07079923254047886,0.09800782002924688,0.14907119849998599,0.0959294219086619,0.17641258225238565,0.04246038878042234,0.11410886614690961,0.05620994273193427,0.12166606584807191,0.15061601901917732,0.12207651862265227,0.06549210399944798,0.07628477471216917,0.06290245103533908,0.1177350778503605,0.0814173684098662,0.13268069440075547,0.08512565307587486,0.10379206146325462,0.036810508691615514,0.0920262717290388,0.10033500931359766,0.05933055656682091,0.06085806194501846,0.05263449506665743,0.10679868459703684,0.08006407690254357,0.08636021529043256,0.031088500210862936,0.0890870806374748,0.06194932847291901,0.0920262717290388,0.0890870806374748,0.10758287072798381,0.0445435403187374,0.09375,0.074019565682974,0.10656033551516768,0.0437587526258753,0.02806804457119199,0.08625819491779428,0.13055824196677338,0.024397501823713332,0.08718572905786447,0.06384423980690615,0.03487900532075779,0.11641678308350796,0.07216878364870323,0.06454972243679029,0.14869717232215202,0.15044836914851759,0.11858541225631422,0.11005636329070298,0.09690031662230184,0.03651483716701107,0.015564320159117259,0.034668762264076815,0.040225899335456484,0.0935568998979686,1.0,0.08045179867091297,0.05933055656682091,0.034020690871988585,0.026574700172636696,0.04233337566673017,0.1288708826791984,0.06527912098338669,0.06063390625908325,0.0890870806374748,0.08171505630757668,0.05455447255899809,0.06494859166470549,0.04481107149482209,0.11340230290662862,0.04003203845127178,0.026135418674465834,0.05853661322385587,0.08539125638299666,0.046225016352102424,0.029160592175990215,0.02175970699446223,0.11070186069251192,0.054772255750516606,0.04481107149482209,0.08861469461982084,0.012286829679574762,0.05407380704358752,0.06234433350672705,0.050528255215902707,0.10978875820670998,0.014580296087995107,0.1570702156093858,0.07795119555779044,0.13525044520011484,0.08195125851339823,0.06819309069874763,0.0761589744806178,0.08703882797784893,0.054399267486155575,0.03857583749052298,0.0668153104781061,0.037130532861625286,0.07368829309332041
band,0.13149142853741314,0.10040991414621311,0.19963778637183213,0.17082557441891313,0.15752488056922134,0.16929406599040936,0.22484391257226521,0.23868519007930852,0.1604458336906596,0.1308424285173721,0.10441561081753113,0.05966465075873496,0.17053951033781967,0.12833266383554312,0.23756832053988977,0.062317695284975584,0.15496725027537195,0.08034121195380042,0.03882741288466704,0.08148444234781244,0.08216738178631001,0.06174155630410187,0.09819374289313122,0.05594453052494602,0.21811193349741453,0.20840131783398874,0.16011600770169765,0.09037149417058056,0.1346216080214403,0.053634532447275306,0.07680481734922096,0.07192868210350202,0.0912237650618882,0.12564460049141238,0.11393306562442258,0.025072361574855307,0.05081447760297463,0.23389447891921228,0.17481032671520658,0.0439433690751279,0.021501647626876532,0.03745659890015768,0.0894638964932326,0.08357453858285102,0.06887089499832282,0.06193962691018269,0.1393466028583235,0.15937426843437552,0.04131622965911127,0.0512633304216158,0.12615848648268868,0.19788525981431748,0.08489463991814007,0.21676138222405883,0.08198435159162952,0.11016316230980794,0.09496601091543558,0.11745904601629345,0.031158847642487792,0.050509416850331536,0.13548748025566498,0.13992923927902604,0.05205204335933547,0.08743383488973662,0.04491547701686472,0.03941317112657173,0.09245491069036861,0.1184218411879093,0.07995973412425707,0.0888441490269523,0.0645770557515339,0.08182714271909296,0.09547474066850022,0.05081447760297463,0.08101166484575191,0.1449292274040584,0.06063564788703342,0.02000900607955984,0.05375411906719133,0.06835110722882107,0.09772856392964753,0.021501647626876532,0.05193141273747966,0.06450494288062959,0.12067769800636945,0.11910014392070088,0.10287564791005448,0.050694773131399744,0.05419499210226599,0.12491328476236956,0.06302187238523516,0.035330812286303095,0.11222797953824125,0.09245491069036861,0.050509416850331536,0.08173910918879763,0.07838246410780698,0.04154513018998372,0.1435554596471499,0.09398277243962896,0.07632327769721765,0.1275009462995975,0.03508112143820317,0.052878317908707805,0.09015678373614723,0.04462662850942805,0.05825242718446602,0.1067440051344651,0.08045179867091297,1.0,0.04909628563145577,0.04379241236285747,0.11545105111355754,0.06130433189159822,0.1435554596471499,0.08402916318031353,0.16585563184555033,0.021501647626876532,0.047333687460764225,0.11411414151577338,0.03583015556961066,0.04326157562555176,0.07663672163500057,0.09661948493603892,0.12615848648268868,0.09042001578168488,0.1295463117164447,0.04462662850942805,0.1126090603616335,0.042014581590156766,0.08549917256572245,0.035252211939138536,0.1406001207830432,0.024443011100016888,0.0593098528610968,0.03915301533876448,0.0722262782527986,0.04878106818986774,0.0471077497150708,0.028152265090408374,0.12131118108867071,0.010750823813438266,0.0761679911117369,0.07911751380897428,0.03950104898622925,0.08402916318031353,0.13654739016800949,0.010503645397539191,0.12413982045397645,0.11825906194782093,0.023897745234617563,0.06097737312356956
challenge,0.26666916540558444,0.1551503078860473,0.23219691390844413,0.2128328114803571,0.25268187336436676,0.14981856949785127,0.0772048646977956,0.22819119021626277,0.16613589166006912,0.1294550914010537,0.22400896053763583,0.23314666365007214,0.16704225895132122,0.1502240007662241,0.09576084901786827,0.1137989084784262,0.22068490106441202,0.09233610779006698,0.13744291441408932,0.1556671473667819,0.1007305852883064,0.03902774395182373,0.12657351836622713,0.10777404608287847,0.24072846024282468,0.054510426957619595,0.1505199322349037,0.11425029578656179,0.04862645390838646,0.0847579379526013,0.10249328829345791,0.05388702304143923,0.1537703488876979,0.09001136893585585,0.19205003475823226,0.15496416467818724,0.0685238978615232,0.09308956529287689,0.05525008664806263,0.07407266285708627,0.11779306114757185,0.10733512556840528,0.27260695156589854,0.07748208233909362,0.07255717263557511,0.15661178915643886,0.09395523512235256,0.134323752391986,0.026116595186691346,0.08641147620611087,0.09569595719702732,0.09097176522946841,0.09106473588758869,0.08482069837434605,0.22456855185612837,0.06808829066491902,0.22296637763677168,0.25299177790082517,0.05252257314388902,0.12061592080806975,0.11419149985036504,0.062071105937109156,0.12429969560590187,0.11790551540128143,0.02839173226949837,0.09965457582448796,0.05194853871537359,0.10748580259780505,0.16473509245710732,0.112319381220755,0.08844356033630607,0.06896551724137931,0.09284766908852593,0.059958410628832795,0.14897065424906197,0.06514623419844563,0.11498604902825534,0.14334384615199938,0.08154904233293435,0.0936124325566201,0.08236754622855366,0.0634270329256156,0.05252257314388902,0.0996710517402531,0.042378968976300654,0.1539158958666967,0.09458793745713644,0.17802727871746407,0.20554469973065706,0.028074496253743857,0.026558033692369164,0.06948083337796512,0.03941164060714018,0.04329044892947799,0.1631862457991532,0.03444566042961482,0.09542328567113931,0.07878385971583353,0.032264360205845055,0.13681817065967553,0.010721125348377948,0.05373014636783434,0.05913411137179546,0.07427813527082075,0.012664316950280469,0.03761219585116299,0.04909628563145577,0.08304547985373997,0.05933055656682091,0.04909628563145577,1.0,0.07381820431443552,0.1189276064244219,0.10333698128884446,0.032264360205845055,0.0796741010771075,0.04933636669949972,0.03624401881463749,0.0,0.09617763168400298,0.19628931601793084,0.08203883077471055,0.08304547985373996,0.08143279274805704,0.11696172546303339,0.019051939705278707,0.049629166698546515,0.10343353859069822,0.03559091993731713,0.14164284635930222,0.027022640946662697,0.15598408406872358,0.07292340513307605,0.08240419241993675,0.1299675121824241,0.07699749762199026,0.060873720780204914,0.07400455004924958,0.08933250005738372,0.04745455991642284,0.0170405729136922,0.054366028221956235,0.036683356295465715,0.038103879410557415,0.04438967616184753,0.08852677897456387,0.026558033692369164,0.11508481266693305,0.07323922906700686,0.14497607525854997,0.04028297472553804,0.1113513340249752
rotation,0.24558364322277693,0.13838941528433948,0.18460042687443012,0.17588161767036212,0.10887224266065042,0.1861326044879417,0.0939060283031685,0.16470645871416487,0.1809274853552582,0.09622504486493763,0.2194333898358068,0.18961042621620655,0.15072919802249612,0.05627802485607724,0.08153326507837141,0.05856069741052554,0.1084652289093281,0.06588882814765344,0.07881104062391008,0.10413781543488347,0.16846623190642296,0.034811575555020326,0.09118828160719654,0.08111071056538127,0.1288335343031562,0.1620722127754384,0.11805555555555555,0.13830348732808834,0.07590333900710813,0.045360921162651446,0.02165232674872103,0.15320911995683129,0.06857926664981863,0.11334697121126014,0.10511766624552733,0.17906210737688275,0.034380708208626445,0.07326449704397633,0.09034926645000334,0.07432941462471664,0.06061608062110899,0.11826669886417641,0.10864471267526772,0.08481889296799709,0.15532516562862897,0.04989036167410414,0.0628539361054709,0.03267620542639146,0.023295218593820406,0.10598010738628133,0.07113159996271998,0.05071505162084871,0.06962315111004065,0.034918853391928274,0.08474586331218778,0.041408666249996104,0.10708886079445777,0.11037769642208697,0.011712139482105107,0.04746431431759783,0.040742155423476055,0.08304834363910399,0.09782787848062487,0.029578550313870456,0.02532457254658621,0.13333333333333333,0.0,0.05136112928011381,0.10018551496304803,0.05009275748152402,0.08192319205190406,0.10150003093234884,0.03312693299999688,0.034380708208626445,0.041524171819551994,0.11984874925111247,0.07692307692307693,0.056408120285201056,0.048492864496887195,0.115614662603216,0.07012986047413362,0.048492864496887195,0.05856069741052554,0.07273929674533079,0.034020690871988585,0.1074430618700507,0.02109239990561109,0.05716619504750294,0.1324120051262972,0.0563436169819011,0.047377936967913425,0.053121271525973054,0.052730999764027724,0.08108893879997352,0.1139143543622348,0.03456505649101418,0.05892556509887896,0.07027283689263064,0.08633652109842348,0.06744188651854266,0.0,0.04792567697930596,0.0,0.07950463919999252,0.0,0.03774256780481986,0.07663672163500057,0.046296296296296294,0.034020690871988585,0.04379241236285747,0.07381820431443552,1.0,0.0578617382136995,0.1382602259640567,0.053960325686514675,0.03553345272593507,0.055008196832037455,0.048492864496887195,0.0,0.09898564515274977,0.06060606060606061,0.12196028887743371,0.06172839506172839,0.0871627267280818,0.014226319992543996,0.025490637096729083,0.09296222517045284,0.08806599154457967,0.015873015873015872,0.0829113896938485,0.132568613111401,0.03975231959999626,0.060980144438716855,0.041344911529736156,0.0535048235936752,0.014717026189611597,0.10859506165004909,0.055008196832037455,0.013280317881493264,0.031746031746031744,0.03419927840283847,0.048492864496887195,0.012270169563871839,0.025490637096729083,0.07423923386456233,0.03553345272593507,0.03553345272593507,0.03553345272593507,0.1679842102263232,0.06061608062110899,0.08084520834544433,0.0916818885563372
network,0.10858505795958062,0.09581644410252332,0.0949593761878809,0.11776030079682893,0.09399572616904152,0.08388138834107149,0.03300891361017461,0.15533067034090317,0.06662629932014578,0.052615221960198015,0.10660664610975129,0.15766660097226326,0.09134970584071835,0.22608333570335962,0.02729501225810746,0.0,0.06354436513946038,0.10615268543152748,0.13338420617720018,0.050242829020796416,0.03947838348409224,0.030591547499484666,0.11447713681058837,0.08447772061910234,0.07547713887932334,0.037980008786676046,0.09764168323561791,0.07676063223197965,0.08893595740629327,0.05314940034527339,0.07611010666965776,0.10559715077387792,0.18079726583031924,0.06640433435235939,0.15053669942686004,0.0993823137549234,0.06713980440645823,0.017168805150683523,0.09623841223943637,0.009676865543833981,0.11363819794542722,0.08908271651173982,0.10002066756248172,0.0441699172244104,0.09099726372498286,0.046765237354495566,0.0552344770738994,0.06700175369129956,0.04094251838716119,0.033866430789888165,0.05000694589153869,0.023769134427076417,0.12236618999793866,0.09205746178983235,0.16248558255167675,0.0194074169913194,0.08962574248933394,0.12070759758761325,0.013723116159876972,0.06673673582776354,0.09547518322068867,0.06811543252795792,0.10316245019995109,0.11552397761262903,0.014836403344027176,0.06509445549041193,0.05429252897979031,0.012035969077901982,0.11738738780183032,0.023477477560366066,0.07465843810117191,0.04324640233615342,0.0679259594696179,0.04028388264387494,0.11676931290507073,0.02553214605940826,0.06008718968345717,0.07931208690438098,0.09943342320224881,0.056444051316480275,0.11738738780183032,0.042614324229535205,0.054892464639507886,0.014204774743178402,0.11958615077686513,0.05245460706490194,0.13592683039733522,0.055818035086138314,0.05967198951293042,0.03300891361017461,0.027756369082668444,0.046681653306710785,0.01235698458157593,0.04071939673484273,0.12235068235089984,0.026999922375334755,0.034521548171187126,0.054892464639507886,0.02529012973427252,0.04515524105318422,0.033614632272640714,0.028077262622795626,0.01545058116522741,0.03493335058437492,0.019853622797734376,0.058963965601552815,0.05131157827269224,0.032547227745205964,0.026574700172636696,0.11545105111355754,0.1189276064244219,0.0578617382136995,1.0,0.05399984475066951,0.01264506486713626,0.04163455362400267,0.0,0.014204774743178402,0.0,0.04639260004261473,0.059176777718556305,0.014290089472673803,0.043396303660274624,0.03829821908911239,0.033337963927692456,0.044801076831712416,0.07780275551118464,0.014740991400388204,0.03719683170880682,0.05551273816533689,0.04236291009297359,0.08151115136354148,0.028580178945347607,0.1291835761597166,0.09403741866440248,0.0,0.03181021383175947,0.051562492132188685,0.09336330661342157,0.05579524756321023,0.05342840173914659,0.07102387371589201,0.08626176070580835,0.11946953821789978,0.03479445003196105,0.04163455362400267,0.013878184541334222,0.027756369082668444,0.016402261043504094,0.042614324229535205,0.015787724448766815,0.08056776528774988
quantum gate,0.33297783754959615,0.14676457368257229,0.1428659707355914,0.1836834610974622,0.1283440811146828,0.12471448963186281,0.061346889572455536,0.12746962999509812,0.18332476398959324,0.05986843400892497,0.21477728404183877,0.2511621732586053,0.13581835216677887,0.09003742958662501,0.04348082951996001,0.08744344477119373,0.1068495427900087,0.10760956291812979,0.04903394528305916,0.12577179453966986,0.12577776816975417,0.056854227572122946,0.0547084663951654,0.025232366634468335,0.10930430596399217,0.06806472756101138,0.10369516947304253,0.1426592248584523,0.030358837035945815,0.1270001270001905,0.06062152567574662,0.15980498868496612,0.11200358417204118,0.11900452556370288,0.11445203926737714,0.12313433273165239,0.0641720405573414,0.0478621989551938,0.08431904246668355,0.053953208724394255,0.12445477610539062,0.1261407639264486,0.06518146309644027,0.061567166365826195,0.22649722556187768,0.04656050557980853,0.043994134506405984,0.02287146145112289,0.054351036899950016,0.07193209219325469,0.09293764174408872,0.056796183424706485,0.10558642263394262,0.05702943361941516,0.10784949535182202,0.10820574234403928,0.16418940690946898,0.10301070542879115,0.09837387536759296,0.07087420968602495,0.02851716180150712,0.05425378602910788,0.08216865534971651,0.11961895871498479,0.035451483867683334,0.13480372031495527,0.04324387500644106,0.03834648723620338,0.07479902846042859,0.06544914990287501,0.11043551068673241,0.08611415107403705,0.11593472394004208,0.042781360371560925,0.11625811291951689,0.0813451834782084,0.04785930898755809,0.08422919413386756,0.05657035277517755,0.035966046096627347,0.11219854269064287,0.05657035277517755,0.10930430596399217,0.04525628222014204,0.0740834074167778,0.041779974409940634,0.05905385953574926,0.04445893712684867,0.08555148540452137,0.07887457230744283,0.03316182662140364,0.012393943320395888,0.02952692976787463,0.03243290625483079,0.1417484193720499,0.021505376344086023,0.036661778755338326,0.043721722385596865,0.020143530420781354,0.02697453457247051,0.026773977630083295,0.02236347538415741,0.012306352517391005,0.12057211289764376,0.0,0.03522349768381734,0.08173910918879763,0.06048884885927481,0.04233337566673017,0.06130433189159822,0.10333698128884446,0.1382602259640567,0.05399984475066951,1.0,0.05035882605195338,0.055269711035672735,0.09240616554505461,0.04525628222014204,0.01660451604622393,0.06466529947193088,0.12254883664995934,0.06829214125028425,0.0460867419880189,0.061008887608656304,0.0,0.04757860680698065,0.04957577328158355,0.046964663578423126,0.029627191278012152,0.044215768828538185,0.10122588264316615,0.07419822332162693,0.045528094166856166,0.025723605647543644,0.06241715718942818,0.027469521447677638,0.05067352494781804,0.12320822072673947,0.07436365992237533,0.029627191278012152,0.04255559963805718,0.06788442333021306,0.04580486324599171,0.03568395510523549,0.0,0.08843153765707637,0.022107884414269093,0.13264730648561457,0.03919309008348103,0.06788442333021306,0.10059909096557137,0.08556272074312185
calculation,0.12151626148280731,0.1154752909313282,0.13775471271853348,0.19767625177188017,0.14526170682078107,0.1710532305641039,0.08208863791288981,0.20367810390081792,0.1717155701542724,0.15140848160485196,0.09824890686167492,0.048120774301568595,0.20900024682983234,0.02811191137925067,0.09163658174683431,0.12285902336679023,0.12115335490652102,0.136793346533433,0.04592882973340072,0.12851693517431317,0.1325393841616002,0.10650777222636487,0.08540667842566141,0.031512674583162724,0.13309727531402277,0.13459277385202914,0.10926965951519221,0.1018096840091211,0.1516604710285333,0.13217526428635734,0.08201933554687377,0.07090351781211612,0.06744269804964532,0.11766115703766057,0.1072042682636836,0.03295335664024382,0.020036097492521526,0.24336983405503185,0.143599033926389,0.08663413149873424,0.031792792754947306,0.06646094700106797,0.09497256609721914,0.08238339160060955,0.05091698388714337,0.07850164079835582,0.21290887412046797,0.0856924281885665,0.08145473933051939,0.06737693236062528,0.14301447304002982,0.08866586276648858,0.08368467817785812,0.19840970348143971,0.1212238031490822,0.18098843448461224,0.10698572212004771,0.09005496868564145,0.13309727531402277,0.06638604114695652,0.09794139192284196,0.15245435911012561,0.0513101710688231,0.06033137827265933,0.05534414839066519,0.08741572761215377,0.14176897172994185,0.11673403266207916,0.061304527806852145,0.2189447421673291,0.07161375441527405,0.07259481046315137,0.12307213544953632,0.07012634122382534,0.0508181197033752,0.12381513913591213,0.08218572681484544,0.02958574126778845,0.02119519516996487,0.06737693236062528,0.0700623174935453,0.10597597584982435,0.0511912597361626,0.13776876860477166,0.10904459303624482,0.1252295124033085,0.11062844909013102,0.041643537790798095,0.062326340314535794,0.18059500340835757,0.06212365249219366,0.0,0.08297133681759826,0.0810108409885382,0.0746842962903261,0.10071765210390676,0.12877552870189596,0.11262077141955772,0.1320754716981132,0.07579904890570344,0.1755494519014317,0.07331551367789388,0.09221633970468807,0.10424933826313665,0.0888718232362523,0.021995293510729184,0.11484436771771993,0.08094048852977201,0.1288708826791984,0.1435554596471499,0.032264360205845055,0.053960325686514675,0.01264506486713626,0.05035882605195338,1.0,0.07247759457422594,0.22119475133243585,0.09537837826484191,0.0466590635868752,0.10383482633023301,0.07946884328377615,0.09595122652808401,0.04316826054921174,0.08571817324793918,0.06218020566957818,0.13369695534647594,0.011609086505314302,0.04399058702145837,0.08325307391633692,0.03106182624609683,0.08428059471757983,0.0694995588420911,0.17057995827214936,0.0,0.0,0.03859498657956062,0.023732290823064345,0.06732014170987177,0.023218173010628604,0.055502049277557954,0.11958219221578964,0.031792792754947306,0.09653452203153243,0.01114141294553966,0.0,0.0931854787382905,0.08283153665625821,0.0,0.04894820654762349,0.031792792754947306,0.04711428474315455,0.07012634122382534
oscillation,0.1644850630555232,0.1086310236566852,0.16846691561539237,0.18882965179413486,0.12644235542589347,0.22894387277287315,0.09910312089651148,0.16187405152200812,0.13886593015017698,0.0861640436855329,0.15404275724927025,0.07628603560711578,0.12466386075298512,0.038566656046268084,0.06704852344015112,0.06741998624632421,0.1560928353962221,0.07901744265512674,0.07561156642986933,0.14692669974546285,0.12122028446910674,0.10854459786979269,0.09998437866115596,0.06052501558828153,0.10674831155667999,0.10884482237494651,0.2798259402167387,0.09078708160581105,0.031209389196617962,0.11605177063713189,0.09001768568506485,0.12105003117656306,0.0657951694959769,0.17671135554378697,0.1008502278532938,0.036166897482533655,0.06596992457003137,0.05623215571155333,0.13396212883589678,0.15847084444282772,0.023262105259961773,0.09725610182987188,0.07445291969126747,0.09041724370633414,0.06519601576702765,0.13402192668680962,0.05276448530110863,0.06269931364220768,0.08939803125353483,0.09243423333081695,0.08189266356489211,0.02919371040605711,0.0584470911606576,0.0502518907629606,0.10347966929808945,0.08740073734751262,0.08072538434547784,0.09177715539279707,0.033709993123162106,0.11839728202192466,0.04886019406213152,0.08764453346221916,0.03754255278891389,0.14188878260274707,0.024296476537493127,0.06396021490668312,0.033341566835579026,0.05913123959890826,0.01922366120271981,0.057670983608159435,0.12226258262122935,0.08852677897456387,0.08740073734751262,0.06596992457003137,0.09561221832242091,0.0940772261257977,0.07380024796924976,0.032470879463311425,0.0,0.12940792666314374,0.057670983608159435,0.034893157889942655,0.056183321871936844,0.06978631577988531,0.06527912098338669,0.09449111825230681,0.030354174694363235,0.04570452650794567,0.058632232874557814,0.02702812388086677,0.056818181818181816,0.0637058989297032,0.12141669877745294,0.5001235025336854,0.02732244969736723,0.044215768828538185,0.06595560662638579,0.044946657497549475,0.05176971041016139,0.08319080999773526,0.027524094128159017,0.06897007348075543,0.05060453993692575,0.03813850356982369,0.03251280443811776,0.08449079617742182,0.042014581590156766,0.04441681590741884,0.06527912098338669,0.08402916318031353,0.0796741010771075,0.03553345272593507,0.04163455362400267,0.055269711035672735,0.07247759457422594,1.0,0.04222003309207491,0.06978631577988531,0.01706971854997297,0.06647700293478881,0.048454708262638736,0.011700909430022725,0.011844484241978356,0.07317117587562044,0.08189266356489211,0.024455799402225926,0.0637058989297032,0.09656090991705352,0.04568586779048795,0.056818181818181816,0.06937459350943205,0.05720775535473554,0.07020545658013636,0.03966644140109588,0.038499525175450904,0.09883693657685838,0.03906991958029674,0.031665024819056184,0.050964719143762556,0.04568586779048795,0.05468482990747589,0.023262105259961773,0.04708816093480111,0.036683699103338886,0.04273521617236423,0.056818181818181816,0.06818181818181818,0.03409090909090909,0.13430382733756338,0.046524210519923545,0.038781576749626435,0.032984962285015684
theory,0.10735921807199342,0.09529531248281094,0.1604912128701912,0.21644201983461792,0.1736140661687042,0.21690544133263417,0.06694619270045785,0.20047361581888432,0.16123041457331141,0.13719886811400706,0.09538745786032689,0.05450582834731072,0.19453202358288837,0.0788090179349669,0.17645263142138498,0.12524485821702988,0.10202675090782506,0.1174313903400205,0.046820734939919645,0.09280062187542742,0.09758175897405974,0.15510868201327604,0.09286956306682016,0.11243619908556622,0.12002632245798697,0.17331343552554454,0.07426106572325057,0.10378675566038824,0.12561705772469717,0.10779361112725909,0.09004379214589185,0.040155785387702224,0.05347407899331232,0.1262590031797617,0.11969429879991864,0.02519496554107915,0.010212592127570835,0.1762786680173014,0.1390682437788353,0.11775533961849224,0.021606790785072147,0.08280747605954518,0.06915490412967197,0.08398321847026384,0.025952877749750393,0.03556714970147894,0.1960392117639214,0.1383144808090745,0.051897832770995585,0.034342672232595454,0.13311417217975421,0.17173661243976948,0.10082064330862943,0.19448334500389022,0.12357788318574518,0.16236272901568416,0.06134811117185772,0.09180377212587394,0.10437071518085823,0.05921580949280902,0.13615001467243404,0.12581207350588824,0.05230657809659415,0.03514455470170893,0.09027022782217275,0.049507377148833714,0.1238760208523001,0.09153917273018161,0.05356715840055802,0.29461937120306914,0.081116047322999,0.05755909448274967,0.11808198473867938,0.010212592127570835,0.07400710206228721,0.10680115013983488,0.09901475429766744,0.04021370042711366,0.043213581570144294,0.10302801669778636,0.08035073760083702,0.043213581570144294,0.05218535759042912,0.12964074471043288,0.07073955730226379,0.0638306902323129,0.04699032286955008,0.11037578675684022,0.027230002934486807,0.15899720766358738,0.08444006618414981,0.04733810683311509,0.09398064573910016,0.06193801042615005,0.0676752108489246,0.061604110363369734,0.09626925577692567,0.08349657214468659,0.14425744652115383,0.12019935281408409,0.10226199851298273,0.09609331989577097,0.04700355771641709,0.12398608397561334,0.015099608472228406,0.011211213233271875,0.10731835001770904,0.11551721334727867,0.06063390625908325,0.16585563184555033,0.04933636669949972,0.055008196832037455,0.0,0.09240616554505461,0.22119475133243585,0.04222003309207491,1.0,0.10803395392536073,0.03171009961029961,0.09703028940457657,0.0720107303983036,0.054341406167722386,0.09901475429766743,0.06796436827080402,0.0633877010379782,0.09086217008485092,0.07100716024967263,0.05605606616635937,0.11315971919733421,0.06333004963811237,0.06443794794178424,0.053136893132405716,0.1521559372696227,0.024562537539453734,0.02383995132840505,0.013114824589410563,0.06048288757811057,0.0784313725490196,0.04733810683311509,0.056579859598667105,0.06095219666786236,0.03241018617760822,0.04373740168406954,0.02271554252121273,0.013231403100624078,0.06333004963811237,0.08444006618414981,0.04222003309207491,0.04989874590434132,0.03241018617760822,0.03602190798210556,0.04085036851028334
tunneling,0.16835582942151733,0.07412493166611012,0.2299085139334928,0.23028309323591914,0.1688059262273789,0.12185239276646714,0.09221388919541469,0.1814627428602745,0.19289588622650466,0.18898223650461363,0.12087863798904236,0.0900937462695559,0.13780533179710394,0.01578969237952532,0.16012815380508713,0.10350983390135314,0.14793158385348465,0.016175386202065652,0.04299494753063186,0.0842151921066519,0.10752986118018412,0.14528322646641617,0.1279215927422227,0.16814817728363732,0.06900655593423542,0.1511941658438172,0.1091089451179962,0.21443893969984867,0.021295885499998,0.08166315725101857,0.09213603870522183,0.1061988488107183,0.008417937871268424,0.09739145163179626,0.06308102722523296,0.04627249968907194,0.06752237049095156,0.13669418497887662,0.04032782654131894,0.07299003618846892,0.0,0.08295399485780147,0.11430748921480315,0.04627249968907194,0.07626314237407986,0.08818445268783232,0.06172133998483677,0.024065547555594473,0.04575090108716775,0.06622661785325219,0.12572972015110034,0.08964214570007953,0.02563821643524991,0.08572408331227328,0.06808809742524027,0.13825251033437552,0.11267054326772255,0.057807331301608,0.13801311186847084,0.06525264395087049,0.08001600480160055,0.10601741086863598,0.028819520885211745,0.019363706537195886,0.0,0.0545544725589981,0.045501575519329006,0.060522753266880246,0.1082182449518418,0.059028133610095526,0.09832408372030486,0.10873205644391247,0.08945750668694888,0.06752237049095156,0.04893111270860122,0.08559209850218258,0.0755369620047666,0.05539167450366597,0.047619047619047616,0.14191418111411183,0.009838022268349254,0.13095238095238096,0.06900655593423542,0.047619047619047616,0.03340765523905305,0.07033799484533299,0.05178081383343334,0.02806804457119199,0.020004001200400138,0.09221388919541469,0.05815526314990443,0.13041013273932528,0.09320546490018002,0.011375393879832251,0.027965418836087354,0.13576884666042613,0.057863756235784464,0.011501092655705904,0.06358558550989461,0.08514850866846711,0.0563436169819011,0.047062080533501166,0.0388465484432753,0.07807200583588265,0.04991687442297913,0.07412493166611012,0.06450494288062959,0.07273929674533079,0.0890870806374748,0.021501647626876532,0.03624401881463749,0.048492864496887195,0.014204774743178402,0.04525628222014204,0.09537837826484191,0.06978631577988531,0.10803395392536073,1.0,0.017471413945365305,0.038880789567986955,0.09918995010726926,0.10778636357219332,0.06061608062110899,0.06419407387663693,0.04190990671703344,0.08760958050630781,0.03912303982179758,0.012354155277685021,0.03117398431942748,0.06978631577988531,0.0828416869579514,0.04879500364742666,0.05988131309566295,0.013533299049019168,0.0,0.130066495428618,0.17328712959178655,0.05401697696268037,0.026082026547865053,0.06234796863885496,0.06716604942594676,0.07142857142857142,0.06024533658898498,0.05006261743217589,0.014580296087995107,0.046524210519923545,0.09304842103984709,0.034893157889942655,0.06873217490352687,0.05952380952380952,0.026462806201248155,0.03376118524547578
qds,0.13355611265883557,0.08158924398306318,0.24657136919720613,0.16898159235484364,0.0908377689773195,0.11692758356145504,0.08119979429411502,0.13894669485837496,0.10429770312912398,0.1294300457858868,0.06941791588794088,0.07051811804639267,0.06741431187975722,0.1042781991171481,0.10071594933968879,0.0,0.0955258527151328,0.02373897691724491,0.05047946573825776,0.03531260356281062,0.012139284012153828,0.05016881992204536,0.10325566478996126,0.025976216673306556,0.09283444198266944,0.10510691307008664,0.05004004806408973,0.1363744739266468,0.0,0.010895340841010225,0.05200720661785805,0.012988108336653278,0.0,0.040837592788779256,0.09257763805507589,0.0,0.0,0.07390976450199421,0.03551104121142175,0.035706695811806154,0.08735706972682653,0.060871590468458886,0.06710301229387411,0.04074567821626999,0.04197138526954417,0.04313979814072881,0.09058216273156766,0.03531856802591588,0.0,0.06942435928294136,0.0512557730065456,0.07308816827558576,0.0,0.06290427967469976,0.055514448960540946,0.09548198320525772,0.05511838362462804,0.07423322234717407,0.016878989451394443,0.01368067144194235,0.13211031413252305,0.07181124089490094,0.028196995629187573,0.014209075961972871,0.0,0.0,0.0,0.059215412224577,0.014438269394140333,0.0,0.07870925698254591,0.05319167748334775,0.07161148740394328,0.06606383198350509,0.07181124089490094,0.06280742930213278,0.049270201170796044,0.048775652068776466,0.08735706972682653,0.01388487185658827,0.0,0.03494282789073061,0.05063696835418333,0.0,0.049029033784546004,0.051613977409250916,0.04559607525875532,0.06865437954763622,0.07339461896251281,0.10826639239215334,0.05120915564991892,0.038277950117547636,0.04559607525875532,0.033389028164708894,0.01368067144194235,0.1162316123235675,0.11322770341445956,0.016878989451394443,0.0466590635868752,0.06942435928294136,0.0,0.017267062892749267,0.0,0.1002560823655206,0.09767725810110087,0.018130943107347374,0.031555791640509485,0.04003203845127179,0.08171505630757668,0.047333687460764225,0.0,0.0,0.0,0.01660451604622393,0.0466590635868752,0.01706971854997297,0.03171009961029961,0.017471413945365305,1.0,0.05706139900145506,0.029114209782743115,0.05272904491779212,0.0711680683578165,0.07850928662766596,0.02050230920261824,0.018367958959266125,0.019138975058773818,0.03626188621469475,0.04575090108716775,0.01706971854997297,0.05210501057189061,0.014322297480788657,0.03515269661186141,0.059584359172421796,0.03855432879774935,0.10604746049596295,0.019562767576168476,0.07927524902574902,0.019138975058773818,0.0,0.01642880193633814,0.052414241836095915,0.0,0.018367958959266125,0.021398024625545645,0.03413943709994594,0.03413943709994594,0.01706971854997297,0.02017425108896008,0.052414241836095915,0.0582551728035463,0.14864362196288647
presence,0.1746138399402772,0.19165538534512078,0.19132950623658038,0.21824371942354048,0.147018092378659,0.23725030186324358,0.11293848786315641,0.21902461346870275,0.1865117742382477,0.14401645996461912,0.1716469471743538,0.14221838919798743,0.18752930374324372,0.07735337905069796,0.14942181724814022,0.0563436169819011,0.12078563242759342,0.08584645893961879,0.11233672849896924,0.13752283283450578,0.12831980892490874,0.11862325767597731,0.09400278879076847,0.036129582063505,0.1314684396244359,0.20791498015612014,0.14476650603589652,0.08754433054134662,0.13041013273932525,0.11517055318010709,0.12152338248029255,0.12284057901591701,0.09622504486493763,0.1363196353181994,0.09832857309700378,0.1360128160335834,0.045943153868330935,0.11161033466795489,0.0724405714719133,0.139057601642577,0.08748177652797065,0.0948243144459675,0.12444223215775957,0.075562675574213,0.07783574374905074,0.08000256012288655,0.10708993401928105,0.1178966237837789,0.04669431789004382,0.08497312535420895,0.14258039808940726,0.1301200097264711,0.09768974161551072,0.10499013139145201,0.09265616458263766,0.10624254305194611,0.08586210579274056,0.08259910463055868,0.0563436169819011,0.07611222954625717,0.10616579080250547,0.13317362075854033,0.09412416106700233,0.07114680081768734,0.05076207532276439,0.07126966450997983,0.0650157914671245,0.10706934573993683,0.04819626927118799,0.11245796163277197,0.09487787421329504,0.05178795552215545,0.13944333775567927,0.08269767696299568,0.04661076726548912,0.08735706972682653,0.04796996649710181,0.036181690275283805,0.11664236870396086,0.07724829577655358,0.09639253854237598,0.05832118435198043,0.0375624113212674,0.05832118435198043,0.10001653302482984,0.10768262306348701,0.050734628943184104,0.06875238727711584,0.08983259221750463,0.1656431155326294,0.037986858819879316,0.021295885499998,0.14374811533902163,0.11145564251507056,0.06850100659163146,0.11085479909473865,0.0866168583979479,0.1126872339638022,0.06057031535930259,0.06952346619889822,0.046004370622823615,0.06724554873216074,0.0740088392978143,0.10358647947564746,0.04075695729696112,0.050435627722400206,0.1228921524016021,0.09651100402393104,0.05455447255899809,0.11411414151577338,0.09617763168400298,0.09898564515274977,0.04639260004261473,0.06466529947193088,0.10383482633023301,0.06647700293478881,0.09703028940457657,0.038880789567986955,0.05706139900145506,1.0,0.06479060409998168,0.07822861984651433,0.03959425806109991,0.08735706972682653,0.10265788662437324,0.08175191193132877,0.07453559924999299,0.02017425108896008,0.06363362902676771,0.018993429409939658,0.09662850594207474,0.07968190728895957,0.04889288740407146,0.0883991392175728,0.010724824201463114,0.03539961627023943,0.05441859570402827,0.09703028940457657,0.10647942749999,0.11454053224818188,0.10968169942141635,0.06804138174397717,0.04919011134174627,0.03065696697424829,0.047619047619047616,0.07597371763975863,0.08547043234472847,0.037986858819879316,0.044895668646764926,0.08748177652797065,0.07562376774775252,0.06432041541566332
realization,0.2312614410451193,0.08749413445662785,0.2062940468840638,0.2055759167575661,0.12658351658630645,0.16010007239172608,0.08451542547285165,0.20706998246326272,0.16917894734517652,0.12071869264873994,0.17077853621367667,0.19016646852182592,0.16584936835704117,0.1381369701012805,0.047649310760087195,0.07666127661014253,0.11339546658702482,0.121295342726362,0.10030496079406735,0.12529951054999347,0.11716060673492143,0.049843846817415466,0.15987555866196795,0.1179792153678273,0.15811388300841897,0.09282317640775109,0.10795454545454546,0.11315739872298135,0.06210273191490665,0.0865981222196073,0.09448288035805541,0.1179792153678273,0.1543033499620919,0.11012688680184934,0.16245457510672406,0.10795131832290537,0.0750124542733668,0.0899155190994255,0.08736251384008589,0.04730053657936513,0.11902794012872311,0.10367535290041438,0.12698732650355968,0.06939727606472489,0.04765658490878389,0.09796652837824085,0.08356716504931926,0.10694030866819022,0.047649310760087195,0.07882817904764727,0.11639716357535997,0.06639061303092922,0.11392879272552106,0.1142798838281289,0.157585283018531,0.13551927136362363,0.1564609979139805,0.1384738373295273,0.04791329788133908,0.0699019901768259,0.08333622700256467,0.07474350927519359,0.13606968552305096,0.11293628301659629,0.010360052405421632,0.1,0.07582342329348173,0.1260682264148248,0.13934894353951227,0.08196996678794839,0.12660856953476082,0.060396712620901793,0.12874330779544244,0.0750124542733668,0.13589728959126107,0.04457184889504182,0.0979020979020979,0.11999545587942771,0.05951397006436156,0.086710996952412,0.09836396014553807,0.09918995010726926,0.0574959574576069,0.08927095509654234,0.06494859166470549,0.08790795971185968,0.12080192673213624,0.09354468280500483,0.10833709510333407,0.030732881990127876,0.058145649915166485,0.08692571704250135,0.03451483620918178,0.07582342329348173,0.1708715315433522,0.06598783511920889,0.04017652165832657,0.03833063830507127,0.08829871475975129,0.09459381485717673,0.03520893951097651,0.019605958764261532,0.032366772496196,0.08944271909999159,0.08318103836323891,0.020586855166265378,0.08061785003162399,0.05303030303030303,0.06494859166470549,0.03583015556961066,0.19628931601793084,0.06060606060606061,0.059176777718556305,0.12254883664995934,0.07946884328377615,0.048454708262638736,0.0720107303983036,0.09918995010726926,0.029114209782743115,0.06479060409998168,1.0,0.11974282907966219,0.050505050505050504,0.08022932801107528,0.06983829814521599,0.04171195161282941,0.043462858521250675,0.051467137915663444,0.05194805194805195,0.07752753322022198,0.04930237677696731,0.16262312563634834,0.07982855271977479,0.056379424813276575,0.08755334769874124,0.06020601623022927,0.055531565616502375,0.10801609559745538,0.07606000241218869,0.05194805194805195,0.027981227784140566,0.07935196008581541,0.04015691857267147,0.07299591532245146,0.06074119134373282,0.048454708262638736,0.029072824957583242,0.07752753322022198,0.05726734439533746,0.02975698503218078,0.0881947727404847,0.1500249085467336
voltage,0.3021140807012948,0.1367119058318232,0.2624244641845273,0.22339239490850463,0.1584984657665369,0.17916158964917545,0.11132127761689666,0.1785840837876715,0.12766738848309936,0.22180348768356728,0.16918906760679736,0.10271950201137449,0.11296022131711031,0.031769052438901976,0.10355778842507526,0.04628067563337489,0.23215930892397293,0.008136268271116942,0.025951906659302734,0.07866949406081726,0.10817569197899146,0.051584402203272,0.1286898975044411,0.07122445697957626,0.19669287144184325,0.10406995852609766,0.13720532498711294,0.20853597707823449,0.03213568479932417,0.03734255957901841,0.12120923275404544,0.08903057122447033,0.03387398604503847,0.08397976331526777,0.07499805850734315,0.08379074717799256,0.05660659491662032,0.1664657423420626,0.09736809092996047,0.024476139575246667,0.02395252523826518,0.0417261107643746,0.09966148994038682,0.11172099623732343,0.07672118338351144,0.11828545840316267,0.06209204205650663,0.12105043339158998,0.011506420936119473,0.13324875778829717,0.12648486039500845,0.10020060200702528,0.008597400367212,0.09486284203077402,0.05327547448544851,0.12272017341845398,0.12846021588650863,0.07269315700282242,0.03471050672503116,0.056266761639483256,0.03018621964798889,0.10665415780011435,0.03865681687603371,0.029220009180928326,0.012508798343090686,0.06585855599381421,0.03433114553423804,0.07103396598059802,0.06927977014311161,0.049485550102222574,0.08093014696413477,0.11850053334124858,0.040906724472818,0.05660659491662032,0.03281666393849672,0.10763271222740439,0.1688680922918313,0.06686923226955697,0.04790505047653036,0.04758884206724899,0.009897110020444515,0.03592878785739777,0.08099118235840605,0.03592878785739777,0.011202767873705522,0.07960550519605027,0.03125508750512121,0.09412207643723193,0.07043451251197408,0.08349095821267248,0.0468036377200909,0.09183536867546749,0.052091812508535354,0.04577486071231739,0.028133380819741628,0.1365842825005685,0.1261244604272791,0.08099118235840605,0.053306236960046674,0.019035536826899596,0.0,0.07101710731986917,0.02605324209619719,0.10799375260823951,0.0669555708881764,0.03728506522686087,0.06489236343832765,0.09147021665807528,0.04481107149482209,0.04326157562555176,0.08203883077471055,0.12196028887743371,0.014290089472673803,0.06829214125028425,0.09595122652808401,0.011700909430022725,0.054341406167722386,0.10778636357219332,0.05272904491779212,0.07822861984651433,0.11974282907966219,1.0,0.060980144438716855,0.053816356113702196,0.05621549350889264,0.03777247238744093,0.07871603029325785,0.04971342030248116,0.015680608569955762,0.0936072754401818,0.047622422343379066,0.049088069367381595,0.060240963855421686,0.04084374256560634,0.05285625630874815,0.10177041980395138,0.10727870922497196,0.054341406167722386,0.026238676764419284,0.07840304284977882,0.04504630183282757,0.02395252523826518,0.0484857389565509,0.06295412064573488,0.0,0.0468036377200909,0.08190636601015908,0.08190636601015908,0.055315987576334824,0.10778636357219332,0.026621743403250103,0.05660659491662032
initialization,0.16217787759994703,0.05032342373975981,0.19360532574635353,0.20519522061542245,0.10887224266065042,0.12408840299196112,0.08451542547285165,0.20086153501727425,0.09821777776428303,0.08981004187394179,0.19267322034363524,0.214076287663459,0.11954384670749692,0.09647661403898955,0.03494282789073061,0.10540925533894598,0.06025846050518227,0.08236103518456679,0.0700542583323645,0.11638932313310504,0.05896318116724804,0.06962315111004065,0.17586311452816478,0.2613567340440063,0.12297746456210364,0.04862166383263152,0.04861111111111111,0.10918696368006973,0.08674667315098074,0.08316168879819433,0.11547907599317882,0.03604920469572501,0.06857926664981863,0.06375767130633384,0.14599675867434353,0.11309185729066279,0.034380708208626445,0.1098967455659645,0.1067764058045494,0.033035295388762945,0.024246432248443597,0.10137145616929406,0.0388016830983099,0.11309185729066279,0.10678605136968242,0.09978072334820828,0.07071067811865475,0.04084525678298932,0.03494282789073061,0.09634555216934666,0.07113159996271998,0.09128709291752768,0.060920257221285565,0.09602684682780276,0.09245003270420485,0.05797213274999455,0.13003647382184158,0.08830215713766958,0.07027283689263064,0.0284785885905587,0.12222646627042817,0.07474350927519359,0.1369590298728748,0.04929758385645076,0.05064914509317242,0.05555555555555555,0.04633653645712773,0.030816677568068288,0.05009275748152402,0.06011130897782882,0.1547438072091521,0.03690910215721776,0.08281733249999221,0.034380708208626445,0.10796284673083517,0.02179068168202045,0.08547008547008547,0.045126496228160846,0.09698572899377439,0.04817277608467333,0.05009275748152402,0.0,0.04684855792842043,0.09698572899377439,0.045360921162651446,0.08953588489170893,0.03163859985841663,0.08574929257125442,0.08148431084695211,0.0563436169819011,0.14213381090374028,0.11952286093343938,0.052730999764027724,0.023168268228563865,0.07594290290815653,0.011521685497004726,0.06874649261535878,0.09369711585684086,0.09712858623572641,0.086710996952412,0.04303314829119353,0.11981419244826491,0.05274585147528237,0.049690399499995326,0.05083285677753489,0.012580855934939952,0.021896206181428735,0.07407407407407407,0.11340230290662862,0.07663672163500057,0.08304547985373996,0.06172839506172839,0.043396303660274624,0.0460867419880189,0.04316826054921174,0.011844484241978356,0.09901475429766743,0.06061608062110899,0.0711680683578165,0.03959425806109991,0.050505050505050504,0.060980144438716855,1.0,0.05447670420505112,0.014226319992543996,0.0,0.053121271525973054,0.03774256780481986,0.015873015873015872,0.023688968483956713,0.036155076303109365,0.10931887889998972,0.024392057775486743,0.041344911529736156,0.0267524117968376,0.10301918332728117,0.027148765412512273,0.06600983619844494,0.06640158940746632,0.031746031746031744,0.07979831627328976,0.06061608062110899,0.06135084781935919,0.1529438225803745,0.0445435403187374,0.07106690545187014,0.03553345272593507,0.0829113896938485,0.02799736837105387,0.024246432248443597,0.053896805563629545,0.05730118034771075
degree,0.15130425172026318,0.1054774530250278,0.20662269779640227,0.2106550410711107,0.16687963752543908,0.18953795950293115,0.06629935441317959,0.17726484575479876,0.22354163475930489,0.1302118589266285,0.15114530927368588,0.12955005512625914,0.1972394059735781,0.08514279304445205,0.2878197989826109,0.062017367294604234,0.12231274357081114,0.05087983290508828,0.10046475850696777,0.12974679032711,0.11150644377188486,0.12288800980658646,0.0747274543916929,0.04772135722318333,0.14470719035407653,0.1859421094994525,0.09805806756909202,0.1284799519464513,0.0956948752938691,0.08006407690254358,0.09554333937093654,0.11134983352076111,0.06808809742524027,0.11878712677908439,0.18553743394936528,0.09980612085349731,0.06068350455470512,0.14224666503076472,0.13772455773796982,0.09475178390133976,0.07489308618940975,0.11928346918351065,0.07533539764836164,0.06653741390233153,0.06853898513876629,0.07044699536763468,0.13174129660349193,0.10093121512748267,0.05139639267546623,0.10203255357771536,0.10044039219036507,0.12532010295690077,0.05376350429038158,0.09245003270420485,0.06119193298729739,0.13886751972361294,0.060755361897291596,0.10390486669322622,0.07235359517703827,0.10890965920712974,0.10786761979449293,0.16857169390573373,0.043167657231873165,0.06960997164655913,0.08939803125353483,0.04902903378454601,0.010223260251369133,0.04532735776836843,0.08841598196121758,0.08841598196121758,0.09639875882041571,0.15472230622130836,0.10232343558582006,0.08091133940627349,0.1319256734914438,0.057692307692307696,0.09051513929454648,0.06969401800668361,0.04279604925109129,0.04251356399071474,0.053049589176730555,0.05349506156386411,0.10336227882434039,0.10699012312772822,0.06004805767690767,0.09482093118615209,0.08376533899311825,0.07567568932458515,0.035955873264830976,0.07458677371482704,0.13588932662615225,0.02344036154692477,0.08376533899311825,0.0920093422623222,0.06702132874284907,0.09151333141298446,0.07800471509417285,0.062017367294604234,0.10476665619192566,0.07652441518328652,0.025318484177091666,0.07401711352661737,0.09309881282314554,0.10524696231684351,0.02990743022772896,0.03330866937632457,0.1449292274040584,0.08171505630757668,0.04003203845127178,0.09661948493603892,0.08143279274805704,0.0871627267280818,0.03829821908911239,0.061008887608656304,0.08571817324793918,0.07317117587562044,0.06796436827080402,0.06419407387663693,0.07850928662766596,0.08735706972682653,0.08022932801107528,0.053816356113702196,0.05447670420505112,1.0,0.07533029414277381,0.03374409529993856,0.0820412654142367,0.02220577958421638,0.07004147683506572,0.08362420100070908,0.03190767223586378,0.061394061351492044,0.053816356113702196,0.03648781915578899,0.035414412348741424,0.07792865001991968,0.10781729666612104,0.06796436827080402,0.03516054232038716,0.05603318146805258,0.09054490911587254,0.03209703693831847,0.09745831841044725,0.03374409529993856,0.09172492321316786,0.05226512562544317,0.0627181507505318,0.0940772261257977,0.08647908694379515,0.021398024625545645,0.07134772412317411,0.04045566970313674
heterostructure,0.1334876749845192,0.10872991400366039,0.18677938321891735,0.15924385877445024,0.15847194992097008,0.14849068250200034,0.12985309660494151,0.12961712858040536,0.11913629512624452,0.14045204148136883,0.08634247292797852,0.035240991351488234,0.10780762721356076,0.05558654091619103,0.21475059163974353,0.0,0.18748191812522919,0.00949072497576786,0.020181439491500322,0.04235341014416199,0.019412901636615076,0.08022897935303533,0.06004523861191403,0.04154064923972639,0.1619552660357832,0.15874683642404494,0.04801382997483599,0.10904367363975198,0.02499024009332315,0.06098264357375362,0.06653511264465184,0.0,0.0,0.048979999835100665,0.06056522105357167,0.0,0.013205995826747507,0.11819502590318148,0.03785903404522136,0.05710143801472371,0.02793993781135563,0.00973446372162805,0.0357699343683786,0.0325798392449538,0.02237326827991869,0.04599220498182739,0.11769646985527409,0.16944225532908183,0.04026573593245191,0.04440882202263073,0.13114754098360656,0.1285692601083507,0.0,0.12071432805669137,0.07989984272569893,0.06680313900328462,0.1057730678616132,0.08479449518438635,0.0,0.05469464442041558,0.15258258001826747,0.08612933150548133,0.022546037396004668,0.011361435885378463,0.02918231329049255,0.012803687993289598,0.040046302495355755,0.05918506868570291,0.04617878670122088,0.08081287672713654,0.07342432933128451,0.07443018893102124,0.07634644457518243,0.05282398330699003,0.047849628614156293,0.11299544121416072,0.06894293534848245,0.03900052651066187,0.0,0.022204411011315366,0.0,0.08381981343406689,0.0539850886785944,0.02793993781135563,0.11760938403509626,0.12381006971050557,0.03645816850185327,0.05489535938638235,0.046948486159466916,0.14067418798868664,0.027297554521630706,0.04591000258371299,0.06076361416975545,0.0667438374922596,0.032816786652249345,0.10621444770752997,0.05658484127657408,0.0809776330178916,0.08705228793740946,0.05551102752828842,0.0,0.05522628734191939,0.04558554620301888,0.06871180011766419,0.03905088227922799,0.0,0.0,0.09602765994967198,0.026135418674465834,0.12615848648268868,0.11696172546303339,0.014226319992543996,0.033337963927692456,0.0,0.06218020566957818,0.08189266356489211,0.0633877010379782,0.04190990671703344,0.02050230920261824,0.10265788662437324,0.06983829814521599,0.05621549350889264,0.014226319992543996,0.07533029414277381,1.0,0.10280786170305817,0.07651667097285499,0.028994643734309437,0.14632786278045254,0.05459510904326141,0.06943774745378858,0.045807866745109456,0.08432324026333897,0.0158810204201071,0.04624148705148566,0.03391779807375454,0.0938531668711012,0.03803262062278692,0.0,0.0,0.06568153353983867,0.0,0.028278616089703196,0.0,0.017109647770728872,0.040946331782446055,0.05459510904326141,0.0,0.016131130616527576,0.08381981343406689,0.015526752351113423,0.06602997913373754
symmetry,0.11002392084403617,0.11039892086155287,0.14409411744849224,0.13834289277321493,0.08873409830255645,0.24635623878369325,0.13572417850765922,0.16589086726447982,0.20279433208435863,0.11258525035052873,0.13260680472701858,0.03788676152120412,0.2092665000447985,0.06639975963330519,0.04809860702438819,0.03627381250550058,0.05598816770176194,0.08502712798142947,0.06328172452642944,0.08853669183266276,0.0695678476053965,0.09883074902017552,0.08069153096048315,0.04652018297279918,0.09068453126375146,0.17568455137019184,0.06452317515109549,0.1052066710873986,0.07836039099693788,0.15609763526361567,0.07451076646594544,0.09304036594559836,0.06194932847291901,0.12432961009727539,0.13263605599463138,0.019458788576341684,0.047324852428030105,0.10589057864280904,0.11023284373970225,0.05968318021504521,0.012515654358043972,0.06976862103181825,0.07210390448763508,0.05837636572902505,0.030066218601686834,0.02060214108575823,0.16222142113076254,0.06746792083200745,0.04809860702438819,0.01989286700048564,0.08812102431690699,0.06282808624375433,0.08984613547288683,0.14419681878290003,0.09544271444636666,0.12824729401064427,0.08686496747370617,0.0911605688194146,0.06045635417583431,0.019600308903302492,0.08412202337350723,0.08573668516214838,0.06059678724350827,0.05089338620312944,0.052288698561600205,0.022941573387056175,0.13155034013960845,0.053023730247981474,0.020685720094603028,0.08274288037841211,0.11276681535363924,0.07620775882111483,0.08549819600709618,0.08281849174905268,0.12003135922700774,0.0899842541331695,0.06176577450361278,0.023293638560678977,0.012515654358043972,0.029839300500728465,0.051714300236507575,0.05006261743217589,0.08463889584616803,0.06257827179021987,0.19902448496110997,0.09243423333081695,0.06532553344640132,0.029508355326173765,0.07360677045181883,0.13572417850765922,0.07336739820667777,0.013710212427677042,0.13065106689280265,0.08371385281611447,0.11760185341981495,0.03568395510523549,0.050694194103363295,0.04836508334066745,0.11141412945539661,0.07957146800194256,0.14808721943977307,0.07421560439929402,0.05445327701173301,0.07181848464596079,0.052478357140598966,0.025976216673306556,0.12432752169981671,0.08603090020146066,0.05853661322385587,0.09042001578168488,0.019051939705278707,0.025490637096729083,0.044801076831712416,0.04757860680698065,0.13369695534647594,0.024455799402225926,0.09086217008485092,0.08760958050630781,0.018367958959266125,0.08175191193132877,0.04171195161282941,0.03777247238744093,0.0,0.03374409529993856,0.10280786170305817,1.0,0.12339191184909339,0.05195243334661311,0.13109470506889243,0.024455799402225926,0.12441815044835987,0.04103913408340616,0.1510898895497637,0.014227759830611805,0.013809204416652687,0.0455802844097073,0.014013796366780263,0.06814662756363819,0.027420424855354085,0.032773676267223106,0.08238145180262384,0.03754696307413192,0.12667364798453498,0.02631578947368421,0.015328483487124145,0.04891159880445185,0.08559529790779073,0.06113949850556481,0.057807331301608,0.025031308716087945,0.041731116305599295,0.059156065535037626
dipole,0.1894090187861062,0.16239958858823003,0.22279229404683767,0.1801874925391118,0.16026194363449983,0.23102759147598478,0.21213203435596426,0.13828346102446173,0.21686756301642426,0.17251638983558854,0.1784736225356593,0.1250108220423561,0.15095817753951554,0.138373931077335,0.08770580193070292,0.10079052613579392,0.1490868564169978,0.04429811949614587,0.07535776838808994,0.12520066394677726,0.07248803762927498,0.13106454177400326,0.06305898774321407,0.09694584179118516,0.11338934190276817,0.18305911148553175,0.14193339735845925,0.1252832474465037,0.05832118435198043,0.0569275042553311,0.03881922058309159,0.038778336716474064,0.027664166758624407,0.28957897267750127,0.0628198210215593,0.060826780492453165,0.12327841818038449,0.11821656093586509,0.09718922528407808,0.02665219286236188,0.09128709291752769,0.09087154843757085,0.050087032267780926,0.04055118699496878,0.020885521692255816,0.032200409305581885,0.10987005311470716,0.06151246852292455,0.025058800551629404,0.04145578572057209,0.16833667614028097,0.07637626158259735,0.018723505967714753,0.0751248226425348,0.05801193511153214,0.08017837257372731,0.10696781006442868,0.10290273286496182,0.0,0.0510576357553497,0.08765314158255663,0.10720269677731438,0.02104680224709564,0.10605938867332435,0.05448357652831956,0.023904572186687872,0.07476671794188403,0.0883991392175728,0.032331040305678176,0.021554026870452117,0.11750033149011807,0.13896166675593025,0.0890870806374748,0.08629489272626914,0.044667790323881,0.10548162696116146,0.05516439735389509,0.04854283139782661,0.013041013273932527,0.12436735716171628,0.021554026870452117,0.026082026547865053,0.02519763153394848,0.026082026547865053,0.08539125638299666,0.09631426606617743,0.06806764747811278,0.040996003084539386,0.03286992809345873,0.11111677990074317,0.0637058989297032,0.04285714285714286,0.13613529495622556,0.19937791451169073,0.08169221720855953,0.06196971660197944,0.03169328455231937,0.07559289460184544,0.05804543252657151,0.04145578572057209,0.0,0.1031078524452934,0.0,0.021380899352993952,0.01822706541441223,0.05413319619607667,0.1059924368589093,0.12948309934455932,0.08539125638299666,0.1295463117164447,0.049629166698546515,0.09296222517045284,0.07780275551118464,0.04957577328158355,0.011609086505314302,0.0637058989297032,0.07100716024967263,0.03912303982179758,0.019138975058773818,0.07453559924999299,0.043462858521250675,0.07871603029325785,0.053121271525973054,0.0820412654142367,0.07651667097285499,0.12339191184909339,1.0,0.06766649524509584,0.1024481665143766,0.0,0.07778444682625972,0.06414269805898186,0.06559669191104821,0.029649972666444046,0.07194430788361927,0.06332475868613036,0.07301020754057114,0.07100716024967263,0.02857142857142857,0.0,0.08583950752789522,0.0,0.05279636773484546,0.013710212427677042,0.015971914124998498,0.03822353935782192,0.0637058989297032,0.025482359571881278,0.10540925533894598,0.052164053095730106,0.014494275891311212,0.07396705090823069
power,0.15582341433446226,0.19230769230769232,0.11929367019343955,0.1493600373122635,0.1401425507601155,0.1118615650949068,0.04784743764693455,0.1473752252367224,0.07901744265512675,0.13074409009212268,0.17998155655406808,0.11219363880101486,0.08474509702969095,0.06554295264502798,0.02373897691724491,0.05967623950328607,0.11667205331240524,0.125894936674611,0.08923593133549014,0.12484890720307817,0.03433508017497365,0.05321206915650755,0.0796503062933527,0.11020775375559676,0.11338485505624354,0.041289894989690684,0.21230194390211168,0.044506760905052296,0.09944903161976938,0.09245003270420485,0.13974366418621784,0.05510387687779838,0.10482848367219183,0.1516018286384735,0.11902231937268719,0.08643463611230849,0.11678545896676293,0.08959216401473294,0.09207035950783465,0.11782608479736932,0.03706246583305506,0.06025980016260076,0.15025515093163505,0.08643463611230849,0.11871300455955142,0.030504443804328152,0.04003203845127178,0.07492199685877048,0.035608465375867364,0.07854469636559851,0.1232272358708151,0.041344911529736156,0.12416149469851762,0.008896008544727062,0.17272043058086511,0.075955452531275,0.1013339153554417,0.1049816298220311,0.03580574370197164,0.06771586883447804,0.04151826621679647,0.07616732310330775,0.0697840038647009,0.14066267553948097,0.051613977409250916,0.10190493307301363,0.04721921646498856,0.06280742930213278,0.09188458377475332,0.1429315747607274,0.03710389956967521,0.05641829377674448,0.10971343143406388,0.07007127538005775,0.09309339490404281,0.04441155916843276,0.1306473500936072,0.1494549087833858,0.012354155277685021,0.04909043522849907,0.0714657873803637,0.049416621110740085,0.011935247900657215,0.024708310555370042,0.05778127044012803,0.06386903850265854,0.053735490018263415,0.13592873654160803,0.17645263142138498,0.06698641270570836,0.07242068243779014,0.06766649524509584,0.0644825880219161,0.1180480411624714,0.0870632599300432,0.03522349768381734,0.12009611535381534,0.02387049580131443,0.05498823377682296,0.058908522274198884,0.0,0.10988691536373847,0.026875312322338835,0.09114654303753,0.0,0.19230769230769232,0.055783285636785064,0.09435641951204965,0.046225016352102424,0.04462662850942805,0.10343353859069822,0.08806599154457967,0.014740991400388204,0.046964663578423126,0.04399058702145837,0.09656090991705352,0.05605606616635937,0.012354155277685021,0.03626188621469475,0.02017425108896008,0.051467137915663444,0.04971342030248116,0.03774256780481986,0.02220577958421638,0.028994643734309437,0.05195243334661311,0.06766649524509584,1.0,0.08087693101032827,0.04828045495852676,0.08596888138808807,0.08101914936669333,0.08699848552934203,0.04213250442347432,0.13631013668492178,0.0,0.01383296561188505,0.05605606616635937,0.14886628953921086,0.09705231721239392,0.046467669023821524,0.012354155277685021,0.012503908082008883,0.05195243334661311,0.09078412990032037,0.06035056869815845,0.03621034121889507,0.07242068243779014,0.14265349750363765,0.024708310555370042,0.08238525545716346,0.035035637690028876
strain,0.06553310156079492,0.07278923790929544,0.07525522628678857,0.09153022960396395,0.13997859770655052,0.15340599270984207,0.1811044831561107,0.1084652289093281,0.0996947368284076,0.06598288790738581,0.11698016949434996,0.03932013446879859,0.15369923148106748,0.1343781409828783,0.0599019906698239,0.07529232524210427,0.15495032701332584,0.10589275952301445,0.011258720089130009,0.10238760004942324,0.021659944102254382,0.08951547999862369,0.05024660415090421,0.023174488732966077,0.10540925533894598,0.1146082076054886,0.10714285714285714,0.06551217820804184,0.12547286652195427,0.07776157913597391,0.09279568606594726,0.011587244366483038,0.12123834639878651,0.13662358137071534,0.1201344757091741,0.0,0.014734589232268476,0.12245637363064615,0.09504273483701652,0.021236975607061895,0.06234796863885496,0.02172245489342016,0.06984302957695782,0.02423396941942774,0.049925946094916455,0.012828950144769636,0.13131983079178738,0.11553372632902693,0.04492649300236792,0.012387285278916001,0.12803687993289598,0.09128709291752769,0.13427321999793554,0.12346308877860354,0.09905360646879091,0.07453559924999299,0.05900814778470122,0.07568756326085965,0.0,0.09764087516762981,0.1309569281468873,0.07474350927519359,0.037733610271098166,0.0,0.0976804941082611,0.014285714285714285,0.16383275390198732,0.06603573764586061,0.025761989561926636,0.09016696346674323,0.05851656575136003,0.04745455991642284,0.07453559924999299,0.04420376769680543,0.06406586509302307,0.11206636293610515,0.054945054945054944,0.029009890432389118,0.01558699215971374,0.06193642639458,0.03864298434288996,0.0779349607985687,0.0,0.03117398431942748,0.05832118435198043,0.06907053977360403,0.013559399939321416,0.012249898938750631,0.0,0.10866268989366643,0.04568586779048795,0.0,0.04067819981796424,0.05957554687344993,0.04882043758381491,0.04444078691701823,0.037880720420707906,0.07529232524210427,0.08325307391633692,0.049549141115664004,0.0,0.09242809131723294,0.03390804737696724,0.07666518779999279,0.08714204019005982,0.032350772404131305,0.04222839763561256,0.09523809523809523,0.029160592175990215,0.1126090603616335,0.03559091993731713,0.015873015873015872,0.03719683170880682,0.029627191278012152,0.08325307391633692,0.04568586779048795,0.11315971919733421,0.03117398431942748,0.04575090108716775,0.06363362902676771,0.05194805194805195,0.015680608569955762,0.015873015873015872,0.07004147683506572,0.14632786278045254,0.13109470506889243,0.1024481665143766,0.08087693101032827,1.0,0.03045724519365863,0.12396026161066066,0.038332593899996395,0.06272243427982305,0.0354384955969167,0.05159393703675823,0.037843781630429826,0.0,0.028289929799333553,0.017074694419062765,0.0,0.05862733440486595,0.03117398431942748,0.11043152607484655,0.016386838133611553,0.038180177416060626,0.0,0.12182898077463453,0.0913717355809759,0.01799830823853463,0.09352195295828244,0.017323973216880926,0.029469178464536953
quantum processor,0.24895036570565673,0.09656090991705352,0.21166356064498015,0.1566884344674736,0.2638796982801255,0.13278744620826644,0.10811249552346708,0.15801990743815078,0.13886593015017698,0.067700320038633,0.21052510157400267,0.19364916731037082,0.12965041518310452,0.0462799872555217,0.06704852344015112,0.06741998624632421,0.1965613482767241,0.047410465593076045,0.11761799222424119,0.14104963175564433,0.12122028446910674,0.04174792225761257,0.12498047332644496,0.11240360037823713,0.20225995873897262,0.07774630169639037,0.10660035817780521,0.08380345994382558,0.0,0.0507726496537452,0.08309324832467525,0.1037571695799112,0.08224396186997113,0.07476249657621757,0.1064530182895879,0.17179276304203486,0.12094486171172418,0.07731921410338584,0.03152050090256395,0.03961771111070693,0.046524210519923545,0.06483740121991458,0.3499287225489571,0.09945896807696755,0.06519601576702765,0.16274091097684026,0.10552897060221726,0.09404897046331152,0.055873769533459273,0.10167765666389865,0.08189266356489211,0.0778498944161523,0.04174792225761257,0.0251259453814803,0.17000231384686126,0.07945521577046602,0.17612811129922437,0.1694347484174715,0.11236664374387369,0.045537416162278715,0.058632232874557814,0.08764453346221916,0.13139893476119863,0.12297027825571413,0.012148238268746564,0.06396021490668312,0.022227711223719353,0.11826247919781652,0.1922366120271981,0.057670983608159435,0.03493216646320839,0.07082142317965111,0.07150969419341942,0.04397994971335425,0.07967684860201743,0.05226512562544317,0.1312004408342218,0.11905989136547523,0.05815526314990443,0.03697369333232678,0.057670983608159435,0.034893157889942655,0.07865665062071157,0.09304842103984709,0.02175970699446223,0.09449111825230681,0.0809444658516353,0.10969086361906959,0.20521281506095237,0.04504687313477795,0.011363636363636364,0.07644707871564384,0.04047223292581765,0.033341566835579026,0.10928979878946891,0.07737759544994183,0.07537783614444091,0.08989331499509895,0.020707884164064553,0.08319080999773526,0.013762047064079509,0.0,0.03795340495269431,0.09534625892455922,0.03251280443811776,0.07242068243779014,0.05251822698769596,0.07106690545187015,0.02175970699446223,0.042014581590156766,0.14164284635930222,0.0829113896938485,0.05551273816533689,0.044215768828538185,0.03106182624609683,0.056818181818181816,0.06333004963811237,0.06978631577988531,0.01706971854997297,0.018993429409939658,0.07752753322022198,0.0936072754401818,0.023688968483956713,0.08362420100070908,0.05459510904326141,0.024455799402225926,0.0,0.04828045495852676,0.03045724519365863,1.0,0.023124864503144014,0.123950136601927,0.02340181886004545,0.013222147133698627,0.10266540046786907,0.0564782494724905,0.013023306526765581,0.05277504136509364,0.050964719143762556,0.015228622596829316,0.021873931962990357,0.046524210519923545,0.03531612070110083,0.06113949850556481,0.014245072057454743,0.056818181818181816,0.03409090909090909,0.045454545454545456,0.026860765467512676,0.13957263155977062,0.012927192249875478,0.12094486171172418
wave,0.10403619279733714,0.10439078454267837,0.14943791786962418,0.21257273055451179,0.12865434281401517,0.21431310356552427,0.11917080461366747,0.13333333333333333,0.16652655174768613,0.1064581294844754,0.10449172474634902,0.07164977208318385,0.14713989270146535,0.03139307407840769,0.045480981910888195,0.11433239009500588,0.12941176470588237,0.0884397544915823,0.07693431805669285,0.07773846133786196,0.07400455004924958,0.1359304384057074,0.10173350919469211,0.06158384251930635,0.13148224860925678,0.14239151723408697,0.1355815361366601,0.07816372746252348,0.07409585736349485,0.095941612600177,0.13386590090151687,0.08797691788472335,0.0836827408755723,0.15214078908527834,0.11971692318322247,0.04599950320804801,0.033562002473221345,0.1358877225719088,0.04810788262123931,0.11287019760752746,0.011834526708278772,0.057725210540940604,0.08333094209864272,0.018399801283219205,0.056859906302848824,0.05844279059298944,0.09203579866168446,0.10366878896775701,0.11370245477722048,0.03762051253359767,0.1319317201621983,0.07921180343813394,0.0764608716032104,0.05965283246590659,0.07520710469952335,0.12126781251816648,0.09707170589757669,0.12929913477618468,0.09146591207600471,0.10193490880615444,0.08948692108890176,0.09728486211624432,0.047749154549017084,0.08662259422620101,0.061803800061668086,0.04338609156373123,0.09046625460638012,0.09024852563942802,0.08801982299231395,0.07823984265983462,0.0888581777889262,0.0990830168044299,0.09701425001453319,0.0894986732619236,0.07296364658718324,0.1276306889434551,0.05840435402809974,0.04405190168937057,0.059172633541393856,0.10345640946739358,0.05867988199487596,0.2130214807490179,0.05716619504750294,0.059172633541393856,0.07749130248475834,0.12236528115476858,0.14413089499257942,0.046504083237770284,0.06960093862470136,0.3758463837815666,0.06937459350943205,0.025928148942086574,0.11324570320845524,0.11308281825797516,0.03706723956587434,0.056236601468425636,0.0958706236059213,0.11433239009500588,0.07374552037788236,0.06583589693379592,0.0700140042014005,0.1403532771532633,0.03861736326641648,0.048507125007266595,0.03308158467894247,0.036843806309180605,0.06412437942429183,0.10846522890932808,0.11070186069251192,0.08549917256572245,0.027022640946662697,0.132568613111401,0.04236291009297359,0.10122588264316615,0.08428059471757983,0.06937459350943205,0.06443794794178424,0.0828416869579514,0.05210501057189061,0.09662850594207474,0.04930237677696731,0.047622422343379066,0.036155076303109365,0.03190767223586378,0.06943774745378858,0.12441815044835987,0.07778444682625972,0.08596888138808807,0.12396026161066066,0.023124864503144014,1.0,0.09701425001453319,0.08333923910091336,0.04036036763977875,0.10446143289914159,0.04309971159206156,0.013251136747832066,0.03221897397089212,0.06482037235521644,0.030990065402665166,0.06676978608895887,0.04733810683311509,0.08384586528160264,0.04976726017934395,0.04348282767393363,0.023124864503144014,0.04624972900628803,0.09249945801257606,0.06832667180756566,0.035503580124836315,0.06576670522058205,0.05593667078870224
way,0.16039082701733395,0.14178351139171333,0.17034688842879622,0.16517896630349432,0.13376702516418834,0.2113041563587071,0.13606721028332178,0.21019754169815524,0.1664500757152958,0.10844353369380767,0.1723321672528655,0.1674044277318925,0.15062234135590943,0.14238065637192618,0.028128433856309726,0.04714045207910317,0.13581995002034647,0.15248851515031303,0.0986870327590338,0.15286523854367676,0.07458698539828913,0.07005694441040587,0.12583740122233833,0.14509525002200233,0.1414213562373095,0.12394233388015402,0.11739356881873896,0.11719174706180953,0.13965944975103511,0.10345870530653138,0.11619857875482535,0.0870571500132014,0.17941704542901207,0.11975584918756221,0.19744220778335275,0.08345075659919697,0.13837968120433278,0.10615820843152594,0.08595334863794722,0.09307514934403471,0.08783100656536798,0.12240367216524826,0.14992681141306183,0.07586432418108816,0.12503434642633016,0.04819315973414993,0.0758946638440411,0.09863939238321437,0.03750457847507963,0.0620453387463585,0.14314958357846705,0.05715476066494082,0.15412527770289292,0.07730012058189371,0.1364382080481293,0.12666666666666668,0.1600947586698406,0.14216373066218216,0.07542472332656507,0.0534912503930609,0.06559360493526302,0.11364946597902885,0.11812488464372367,0.12698812642120721,0.030578831486257535,0.044721359549995794,0.09325048082403138,0.01653796461189446,0.1290364541672819,0.07258300546909606,0.10258406276262365,0.07427813527082075,0.14666666666666667,0.06457718456202195,0.16044630491157014,0.07893522173763264,0.13072397406921848,0.09989685402102995,0.08783100656536798,0.09306800811953775,0.1290364541672819,0.08783100656536798,0.03771236166328253,0.07807200583588265,0.07302967433402215,0.06486749731408024,0.11036385359428232,0.07669649888473705,0.10658960801980241,0.09071147352221452,0.09534625892455922,0.07483314773547883,0.025468581598680533,0.06527533657682197,0.16811535837819142,0.06492344540642356,0.13439680055715614,0.0565685424949238,0.026062334565784162,0.10082367546283257,0.05773502691896258,0.12538313376430715,0.04245959139474202,0.096,0.08183932073645682,0.09114654303753,0.09694358283263098,0.1192569587999888,0.054772255750516606,0.035252211939138536,0.15598408406872358,0.03975231959999626,0.08151115136354148,0.07419822332162693,0.0694995588420911,0.05720775535473554,0.053136893132405716,0.04879500364742666,0.014322297480788657,0.07968190728895957,0.16262312563634834,0.049088069367381595,0.10931887889998972,0.061394061351492044,0.045807866745109456,0.04103913408340616,0.06414269805898186,0.08101914936669333,0.038332593899996395,0.123950136601927,0.09701425001453319,1.0,0.07854091098781056,0.033282011773513746,0.08614110432930648,0.05923488777590923,0.09834450564746755,0.08856148855400953,0.09621404708847278,0.07666518779999279,0.01835325870964494,0.05855400437691199,0.07901836773196716,0.09233805168766386,0.08366600265340755,0.06674238124719147,0.04767312946227961,0.07627700713964738,0.04507489358552089,0.03903600291794133,0.04338609156373123,0.08302780872259966
point,0.11901463785202523,0.1242835507562029,0.1423319127780487,0.15306515947434576,0.09623121135825453,0.15558769627428393,0.06493741194318971,0.18652115417823467,0.199161126033635,0.17110554764160904,0.10574316725424836,0.06042323647727911,0.13863299888918085,0.10324942042643143,0.05753210468059737,0.04628067563337489,0.11310325306552528,0.10577148752452024,0.0692050844248073,0.10287549223337643,0.06656965660245628,0.077376603304908,0.10295191800355288,0.062321399857129235,0.11570168908343721,0.09606457710101322,0.08918346124162341,0.07909985337450273,0.22494979359526918,0.12696470256866257,0.07842950354673528,0.08903057122447033,0.08468496511259617,0.1049747041440847,0.10384346562555204,0.0,0.06792791389994438,0.11580225554230442,0.1541661439724374,0.10606327149273555,0.07185757571479554,0.05007133291724952,0.06899641611257548,0.07448066415821561,0.05754088753763359,0.019714243067193778,0.13194558937007658,0.11298040449881731,0.05753210468059737,0.06662437889414859,0.08432324026333897,0.05010030100351264,0.12896100550818,0.09486284203077402,0.09132938483219745,0.12272017341845398,0.03778241643720842,0.0872317884033869,0.06942101345006232,0.15942249131186922,0.020124146431992593,0.13126665575398688,0.057985225314050565,0.07792002448247554,0.11257918508781618,0.05488212999484517,0.10299343660271414,0.07103396598059802,0.05938266012266709,0.10886821022488967,0.044961192757852646,0.09115425641634506,0.06545075915650879,0.05660659491662032,0.0410208299231209,0.053816356113702196,0.05910383230214095,0.07801410431448315,0.02395252523826518,0.09517768413449798,0.05938266012266709,0.03592878785739777,0.057850844541718606,0.03592878785739777,0.11202767873705521,0.08845056132894474,0.06251017501024242,0.06588545350606236,0.05031036607998148,0.09276773134741387,0.03510272829006818,0.06559669191104821,0.06251017501024242,0.06866229106847609,0.11253352327896651,0.056910117708570206,0.1261244604272791,0.09256135126674978,0.09595122652808401,0.09517768413449798,0.07085252515814196,0.07101710731986917,0.06513310524049297,0.08835852486128687,0.0334777854440882,0.08699848552934203,0.08652315125110352,0.0640291516606527,0.04481107149482209,0.1406001207830432,0.07292340513307605,0.060980144438716855,0.028580178945347607,0.045528094166856166,0.17057995827214936,0.07020545658013636,0.1521559372696227,0.05988131309566295,0.03515269661186141,0.04889288740407146,0.07982855271977479,0.060240963855421686,0.024392057775486743,0.053816356113702196,0.08432324026333897,0.1510898895497637,0.06559669191104821,0.08699848552934203,0.06272243427982305,0.02340181886004545,0.08333923910091336,0.07854091098781056,1.0,0.02722916171040423,0.013214064077187037,0.014538631400564482,0.040229515959364484,0.07607796863481135,0.026238676764419284,0.06272243427982305,0.07883102820744824,0.02395252523826518,0.060607173695688625,0.050363296516587906,0.01466786622122144,0.08190636601015908,0.0468036377200909,0.0936072754401818,0.055315987576334824,0.01197626261913259,0.039932615104875155,0.04528527593329625
memory,0.10862472602349306,0.049154588494053374,0.06533983413252852,0.15426625335139543,0.057569427238221026,0.0852439687239137,0.0,0.16592595585242373,0.09232988966097884,0.04296689244236597,0.11949085873885437,0.12290197355980541,0.104437802882533,0.14359741459669886,0.0,0.03922322702763681,0.06054055145966812,0.202269456964282,0.15640490410377617,0.1641181506119883,0.018806097925581494,0.12629695263702434,0.0508973143805758,0.0704238182012342,0.07190924955066748,0.036184651012597,0.062017367294604234,0.056880499454767766,0.060522753266880246,0.075955452531275,0.12891074887278872,0.18108981823174508,0.16268128799957746,0.04744899503104265,0.14342066016741079,0.021040977754871997,0.012793206052938004,0.049071649206571845,0.11002693697465735,0.07375543372118366,0.09473309334313418,0.04715093122829988,0.0693036930918736,0.010520488877435999,0.06502179046647996,0.033415943951558474,0.12278812270298409,0.1276690107245149,0.15602847779603385,0.010755175492958086,0.04764306126032131,0.0,0.12629695263702434,0.06821562372388004,0.12040366032691174,0.0647150228929434,0.05123341964353343,0.1067872125861979,0.07844645405527362,0.1271640303829875,0.13644294573266458,0.018541582670429352,0.07644454613944875,0.04402521165257365,0.01413506985480439,0.03721042037676254,0.07758909001678076,0.06880209161537815,0.05591917691156176,0.044735341529249406,0.05080660691429335,0.030901572157476284,0.0647150228929434,0.02558641210587601,0.1205202873577908,0.06081303192631499,0.08587020086945202,0.050375276843407625,0.06766649524509584,0.08604140394366469,0.08947068305849881,0.05413319619607667,0.10459527207369815,0.027066598098038335,0.05063696835418333,0.04997501873438866,0.11772856008638627,0.053179453726439625,0.05685122738861024,0.07337993857053428,0.10577717706958902,0.0,0.047091424034554505,0.051726060011187174,0.02119400506383125,0.05144721129508729,0.07674257668936506,0.0,0.0843312289034136,0.10755175492958086,0.112089707663561,0.09362506583014757,0.04416064439682459,0.033282011773513746,0.01891511969643836,0.04213250442347432,0.024443011100016888,0.031008683647302117,0.08861469461982084,0.024443011100016888,0.08240419241993675,0.041344911529736156,0.1291835761597166,0.025723605647543644,0.0,0.03966644140109588,0.024562537539453734,0.013533299049019168,0.059584359172421796,0.0883991392175728,0.056379424813276575,0.04084374256560634,0.041344911529736156,0.03648781915578899,0.0158810204201071,0.014227759830611805,0.029649972666444046,0.04213250442347432,0.0354384955969167,0.013222147133698627,0.04036036763977875,0.033282011773513746,0.02722916171040423,1.0,0.02986405467157765,0.03285760387267628,0.03030650921129078,0.06140634384863434,0.10377490433255415,0.0354384955969167,0.06362847629757777,0.09473309334313418,0.1232761052427736,0.05691103932244722,0.09944903161976938,0.013222147133698627,0.06611073566849314,0.06611073566849314,0.015626907697949846,0.05413319619607667,0.0,0.07675923631762803
chip,0.16567442507180566,0.061339561508214804,0.1951312378765647,0.18148850216015694,0.21729492158789113,0.0982492881204881,0.08139569275564797,0.12622423141979608,0.11761799222424119,0.1181581679656757,0.20875616998065818,0.11928641587313162,0.07320836487579406,0.11324058996812499,0.03785959930369332,0.06344891563557342,0.15016330979251602,0.05354155880129408,0.05692640614851976,0.06637086926267732,0.054758567819339354,0.028288043238043112,0.10585715534396721,0.15623331337290142,0.15862228908893355,0.06146028502887878,0.20315112708223554,0.11041435245514877,0.023496912561674712,0.01638243957276635,0.12511842369295684,0.04882291042903169,0.0650157914671245,0.07675521650975066,0.06960073958944135,0.07147696351420016,0.1490022319459825,0.03969004039892508,0.02669753499690384,0.017896419977924724,0.06567586718659173,0.03661106768846138,0.1933865920474836,0.03063298436322864,0.03155448246169088,0.14054259377093342,0.034050261230349946,0.06195660763732612,0.02523973286912888,0.04175510936013461,0.08477605959439037,0.0219793491131929,0.06600543422210059,0.047292029486597144,0.1419033697000128,0.07178425360775541,0.14917867041152036,0.13553671408323295,0.03806934938134405,0.03085577263937756,0.13242903670462042,0.026994183380154847,0.06359630007488933,0.14955523852817695,0.0,0.01203858530857692,0.050204371233880496,0.10016708449412666,0.20624170952484813,0.05427413408548635,0.05917436017606665,0.08997750843398591,0.08075728530872482,0.09933482129732166,0.04499030563359141,0.07082882469748285,0.10186495261103547,0.24446662853395001,0.05254069374927338,0.10438777340033653,0.03256448045129181,0.1182165609358651,0.03806934938134405,0.02627034687463669,0.04914731871829905,0.0970096849602985,0.12569171453502784,0.11355301911460843,0.209679308115649,0.05087230797227998,0.05133270023393453,0.07194430788361927,0.011426519503184348,0.06275546404235062,0.0822820603716735,0.08738402006519945,0.06384423980690615,0.012689783127114683,0.035078723139007874,0.03131633202010096,0.0,0.012981540392700207,0.0,0.09690874237046979,0.03671734096770157,0.12267912301642961,0.03558591171665808,0.0702250809666987,0.012286829679574762,0.0593098528610968,0.1299675121824241,0.0535048235936752,0.09403741866440248,0.06241715718942818,0.0,0.038499525175450904,0.02383995132840505,0.0,0.03855432879774935,0.010724824201463114,0.08755334769874124,0.05285625630874815,0.0267524117968376,0.035414412348741424,0.04624148705148566,0.013809204416652687,0.07194430788361927,0.13631013668492178,0.05159393703675823,0.10266540046786907,0.10446143289914159,0.08614110432930648,0.013214064077187037,0.02986405467157765,1.0,0.03189099154899599,0.029414945559696433,0.0476799026568101,0.028777723153447708,0.05159393703675823,0.02470265583266059,0.05254069374927338,0.026588786948167534,0.06904602208326344,0.03217447260438934,0.038499525175450904,0.038499525175450904,0.07699905035090181,0.10617034287843435,0.10508138749854676,0.029197858123689188,0.13658537928381728
blockade,0.12152099886654365,0.02249606353329238,0.2468946945087944,0.18470470851088908,0.14344583551558307,0.13654448714717665,0.10074907413892013,0.15324341899399666,0.12940792666314374,0.1452966314513558,0.14036105307678723,0.0802044171976313,0.08674261445463044,0.0287519393238114,0.12496384670929445,0.027923593886113034,0.16521556110290264,0.009818087045699813,0.020877554680067304,0.07302383266106684,0.07028877719835742,0.07262176670128632,0.12423273899028789,0.19338076916709301,0.06980898471528259,0.11592174060118732,0.09106159954822177,0.1909005996003983,0.012926112238824687,0.03604920469572501,0.0774338599379501,0.042973504259354006,0.010218988991416097,0.10978382825326366,0.06961587512068246,0.033703610467964655,0.02732301628868249,0.10480449271555034,0.06853857446870544,0.02953551442564226,0.0,0.05035116516713657,0.0925093525901315,0.16851805233982328,0.023144985870930702,0.11894651701745163,0.056195148694901643,0.10711971119856563,0.01388487185658827,0.19524758600062478,0.05087669711063181,0.08463889584616803,0.02074907620036752,0.0936585811581694,0.045919897398165314,0.08885233166386385,0.08206611112487838,0.07017543859649122,0.027923593886113034,0.0,0.024283936419735197,0.059400117909351076,0.03498557142706598,0.0235066481794787,0.015094447095057539,0.01324532357065044,0.013809204416652687,0.04898122389137633,0.02388581213000062,0.01194290606500031,0.10850991866680072,0.12099606769169899,0.12834225684780334,0.05464603257736498,0.03960007860623405,0.05195243334661311,0.030566131316885625,0.05379435397365543,0.0,0.09188121694147047,0.01194290606500031,0.0,0.027923593886113034,0.057807331301608,0.0,0.10673385899176771,0.0,0.06814662756363819,0.048567872839470394,0.07836039099693788,0.02823912473624525,0.1424807070437933,0.12571904773411904,0.04142761324995806,0.033948730864564534,0.19228665013374346,0.035121967934313526,0.027923593886113034,0.07718997315912124,0.022970304235367618,0.0,0.057131198904004234,0.04715792121147197,0.011846977555181847,0.06059678724350827,0.04499212706658476,0.05220402045168598,0.07726438749546088,0.05407380704358752,0.03915301533876448,0.07699749762199026,0.014717026189611597,0.0,0.027469521447677638,0.03859498657956062,0.09883693657685838,0.013114824589410563,0.130066495428618,0.10604746049596295,0.03539961627023943,0.06020601623022927,0.10177041980395138,0.10301918332728117,0.07792865001991968,0.03391779807375454,0.0455802844097073,0.06332475868613036,0.0,0.037843781630429826,0.0564782494724905,0.04309971159206156,0.05923488777590923,0.014538631400564482,0.03285760387267628,0.03189099154899599,1.0,0.14563564388512532,0.05245929835764225,0.0,0.0,0.013589415249850587,0.028903665650804,0.02925402590524127,0.0303868562731382,0.017699808135119715,0.014119562368122625,0.042358687104367874,0.014119562368122625,0.06675015657623451,0.028903665650804,0.01606231415508089,0.05464603257736498
tunnel,0.17831863073943366,0.062248345253482724,0.2623794527627235,0.19799066970875978,0.17641142477381452,0.12069542029345996,0.10325202569555011,0.18993296005225963,0.2273534779333932,0.23276405323333743,0.18242554710584458,0.10760330515353056,0.10286722013965985,0.03535948299156321,0.15368205123534828,0.07726674092862558,0.1855159144696489,0.018111603429195534,0.048141505210826455,0.09429587294517978,0.11113970010196403,0.11482859275355801,0.1002637952618174,0.11891100529341271,0.12877790154770932,0.12474171473634474,0.04581354163361446,0.23210400589718386,0.04769006786376002,0.01662515560179388,0.039678790918686195,0.11891100529341271,0.00942557726359264,0.07010315349252075,0.07063191782486189,0.031086831074451385,0.02520163211054493,0.10472298987040903,0.10837230231465829,0.045403916420155295,0.013329779199368197,0.07430696684275323,0.09385952527135721,0.10362277024817129,0.032021981740238646,0.10971139976028735,0.060470789790695215,0.08083868567744827,0.0,0.10593434317257448,0.08603206963184278,0.1561349078609147,0.0,0.03839415224806045,0.042354634223231075,0.09105972745135883,0.050462948391461836,0.08090869104729184,0.03863337046431279,0.02087528006496222,0.02239850920483934,0.1187078489660797,0.0537820990044034,0.06504471102079028,0.0,0.06108472217815262,0.03821113515845007,0.04517827650477982,0.12117212608630024,0.044062591304109174,0.09007659767588398,0.15218430195051227,0.12748361843190237,0.0378024481658174,0.05478823798434448,0.05989849814784502,0.09397649565869631,0.03721328304710387,0.09330845439557738,0.18008838339337663,0.0,0.05331911679747279,0.07726674092862558,0.039989337598104586,0.03740660010403623,0.06891286063517216,0.08117067346319898,0.04190377370950561,0.08959403681935736,0.020650405139110022,0.03906991958029674,0.08761224904868536,0.06957486296845626,0.0,0.08350112025984888,0.11401543113259059,0.05399177659883501,0.03863337046431279,0.05933072705766086,0.031780302951772345,0.015772007446912796,0.05269547994265421,0.014498845575379761,0.032781501882489184,0.05589199680799573,0.0553318624475402,0.0842639912949317,0.09162708326722892,0.06234433350672705,0.0722262782527986,0.060873720780204914,0.10859506165004909,0.03181021383175947,0.05067352494781804,0.023732290823064345,0.03906991958029674,0.06048288757811057,0.17328712959178655,0.019562767576168476,0.05441859570402827,0.055531565616502375,0.10727870922497196,0.027148765412512273,0.10781729666612104,0.0938531668711012,0.014013796366780263,0.07301020754057114,0.01383296561188505,0.0,0.013023306526765581,0.013251136747832066,0.09834450564746755,0.040229515959364484,0.03030650921129078,0.029414945559696433,0.14563564388512532,1.0,0.0846760426093548,0.029204083016228455,0.05235833329555938,0.025068641039168192,0.026659558398736394,0.05396543271993134,0.014013796366780263,0.016325578711208478,0.03906991958029674,0.03906991958029674,0.026046613053531162,0.07695951608993502,0.10663823359494558,0.04444566382094698,0.06300408027636233
condition,0.1651680278030668,0.10650652571608281,0.16851577351370076,0.16792915331996217,0.12255110553085002,0.14460362755508943,0.09205101496312953,0.18973395782858696,0.1428040814792187,0.08003267306650412,0.12400369521842496,0.14716573653773893,0.15747830480519537,0.1217957549904034,0.0622773993251947,0.03131121455425747,0.11813623789327111,0.19816547119878458,0.10924838152647917,0.09280062187542742,0.0750628915185075,0.06979890690597422,0.09867391075849642,0.08834272785294489,0.09393364366277242,0.0722139314689769,0.06188422143604215,0.05838005005896839,0.07730280475365979,0.1010565104318054,0.15436078653581461,0.12046735616310666,0.1986180076894458,0.11994605302077362,0.13010249869556373,0.05878825292918469,0.07148814489299585,0.11099027245533793,0.08051319376669412,0.08095679598771341,0.07562376774775252,0.12044723790479299,0.08298588495560637,0.08398321847026384,0.11246247024891837,0.0533507245522184,0.09101820546182064,0.08007680467893787,0.020759133108398234,0.08585668058148864,0.11409786186836077,0.05423261445466404,0.20939672071792265,0.12446934080248975,0.1304433211405088,0.12546210878484684,0.1022468519530962,0.12459083359940035,0.13568192973511572,0.09305341491727132,0.11799667938277617,0.14061349391834568,0.07845986714489123,0.10543366410512679,0.05641889238885797,0.0693103280083672,0.09290701563922507,0.06407742091112713,0.10713431680111604,0.06249501813398436,0.0567812331260993,0.1068954611822494,0.095941612600177,0.09191332914813752,0.08140781226851593,0.0582551728035463,0.1142477934203855,0.04021370042711366,0.06482037235521644,0.04292834029074432,0.2231964933356584,0.07562376774775252,0.08349657214468659,0.03241018617760822,0.06063390625908325,0.07180952651135201,0.07518451659128013,0.050942670810849335,0.04538333822414468,0.09205101496312953,0.021110016546037454,0.04733810683311509,0.08458258116519014,0.05161500868845837,0.1607286257661959,0.05133675863614145,0.0875175052517506,0.06262242910851494,0.06732014170987177,0.11161368475593522,0.0639137490706142,0.05338517771987276,0.04700355771641709,0.09741763740941048,0.015099608472228406,0.05605606616635937,0.029268640913920646,0.06600983619844496,0.050528255215902707,0.04878106818986774,0.07400455004924958,0.055008196832037455,0.051562492132188685,0.12320822072673947,0.06732014170987177,0.031665024819056184,0.0784313725490196,0.05401697696268037,0.07927524902574902,0.09703028940457657,0.10801609559745538,0.054341406167722386,0.06600983619844494,0.06796436827080402,0.03803262062278692,0.06814662756363819,0.07100716024967263,0.05605606616635937,0.028289929799333553,0.05277504136509364,0.03221897397089212,0.08856148855400953,0.07607796863481135,0.06140634384863434,0.0476799026568101,0.05245929835764225,0.0846760426093548,1.0,0.11834526708278771,0.056579859598667105,0.10158699444643726,0.10803395392536073,0.06560610252610431,0.04543108504242546,0.013231403100624078,0.07388505791113109,0.06333004963811237,0.06333004963811237,0.01247468647608533,0.010803395392536073,0.12007302660701855,0.10212592127570835
room,0.10965785298142991,0.07443314476960543,0.038746485921189164,0.175682805225634,0.08013097181724992,0.11294682249937034,0.0,0.1771756844375916,0.07228918767214142,0.05520524474738833,0.1266586998640163,0.07237468644557458,0.0782746105760451,0.09513207761566782,0.0,0.01259881576697424,0.09074852129730301,0.17719247798458349,0.04709860524255621,0.17132722434822154,0.018122009407318746,0.07489402387085901,0.1331245296801186,0.07755667343294813,0.08189230248533257,0.008717100546930083,0.08217196689173956,0.023490608896219442,0.18662778992633738,0.06506000486323554,0.5279413999300456,0.08725125761206665,0.18442777839082938,0.16765098418171126,0.175895498860366,0.02027559349748439,0.012327841818038449,0.06304883249912806,0.08835384116734371,0.0444203214372698,0.03912303982179758,0.027261464531271252,0.09182622582426504,0.060826780492453165,0.06265656507676744,0.042933879074109185,0.10987005311470716,0.14938742355567391,0.08770580193070292,0.020727892860286045,0.05356166968099849,0.02182178902359924,0.21532031862871964,0.0939060283031685,0.18232322463624387,0.0445435403187374,0.07405463773691216,0.11081832770072812,0.07559289460184544,0.07148069005748958,0.06573985618691747,0.044667790323881,0.0526170056177391,0.11666532754065678,0.02724178826415978,0.023904572186687872,0.062305598284903355,0.06629935441317959,0.043108053740904234,0.07543909404658242,0.06854186003590221,0.029777500019127906,0.0890870806374748,0.012327841818038449,0.10720269677731438,0.02344036154692477,0.101134728482141,0.06067853924728326,0.052164053095730106,0.051819732150715114,0.21554026870452117,0.03912303982179758,0.01259881576697424,0.026082026547865053,0.10978875820670998,0.06741998624632421,0.07941225539113157,0.040996003084539386,0.06573985618691747,0.03030457633656632,0.0637058989297032,0.02857142857142857,0.05672303956509398,0.062305598284903355,0.07148069005748958,0.04957577328158355,0.08451542547285165,0.01259881576697424,0.04643634602125721,0.1347313035918593,0.10801234497346435,0.07733088933397006,0.0283695078181321,0.05345224838248488,0.0,0.12179969144117252,0.0235538748575354,0.03984095364447979,0.10978875820670998,0.0471077497150708,0.08933250005738372,0.013280317881493264,0.09336330661342157,0.07436365992237533,0.023218173010628604,0.050964719143762556,0.04733810683311509,0.026082026547865053,0.019138975058773818,0.10647942749999,0.07606000241218869,0.026238676764419284,0.06640158940746632,0.03516054232038716,0.0,0.027420424855354085,0.02857142857142857,0.14886628953921086,0.017074694419062765,0.050964719143762556,0.06482037235521644,0.09621404708847278,0.026238676764419284,0.10377490433255415,0.028777723153447708,0.0,0.029204083016228455,0.11834526708278771,1.0,0.03414938883812553,0.04905114715879727,0.07824607964359516,0.10559273546969092,0.05484084971070817,0.07985957062499248,0.025482359571881278,0.0637058989297032,0.050964719143762556,0.07529232524210427,0.07824607964359516,0.028988551782622423,0.049311367272153794
chain,0.09532087499751989,0.08087693101032827,0.10419954408939958,0.107682623063487,0.08104024077747662,0.04295367795875577,0.02414726442081476,0.15495032701332584,0.11298736840552862,0.08247860988423225,0.0894554237309735,0.06291221515007775,0.10023862922678313,0.020673560151212047,0.04492649300236792,0.03011693009684171,0.06198013080533033,0.06353565571380868,0.15762208124782012,0.07088372311113916,0.11912969256239911,0.0,0.04187217012575351,0.023174488732966077,0.09035079029052513,0.020837855928270654,0.03571428571428571,0.06551217820804184,0.013941429613550474,0.05832118435198043,0.09279568606594726,0.08111071056538127,0.04408667141774055,0.04554119379023845,0.07508404731823382,0.10905286238742483,0.014734589232268476,0.11303665258213491,0.06336182322467768,0.08494790242824758,0.01558699215971374,0.0543061372335504,0.06984302957695782,0.0,0.049925946094916455,0.07697370086861781,0.050507627227610534,0.021006132059823077,0.02995099533491195,0.024774570557832002,0.036581965695113135,0.026082026547865053,0.044757739999311846,0.056119585808456156,0.029716081940637275,0.021295885499998,0.10818160427195223,0.07568756326085965,0.06023386019368342,0.09764087516762981,0.013095692814688732,0.09609879763953462,0.05031148036146422,0.0,0.01628008235137685,0.1,0.029787773436724965,0.013207147529172122,0.10304795824770654,0.09016696346674323,0.035109939450816016,0.01186363997910571,0.06388765649999399,0.058938356929073905,0.03203293254651154,0.014008295367013144,0.12087912087912088,0.043514835648583675,0.1558699215971374,0.049549141115664004,0.05152397912385327,0.01558699215971374,0.06023386019368342,0.04676097647914122,0.029160592175990215,0.08058229640253803,0.0949157995752499,0.1102490904487557,0.05238277125875493,0.0603681610520369,0.015228622596829316,0.0,0.04067819981796424,0.014893886718362483,0.061025546979768634,0.07406797819503037,0.06313453403451318,0.09035079029052513,0.055502049277557954,0.012387285278916001,0.03688555567816588,0.030809363772410978,0.06781609475393448,0.0894427190999916,0.021785510047514955,0.032350772404131305,0.05630453018081675,0.011904761904761904,0.014580296087995107,0.028152265090408374,0.04745455991642284,0.031746031746031744,0.05579524756321023,0.029627191278012152,0.055502049277557954,0.04568586779048795,0.056579859598667105,0.06234796863885496,0.0,0.11454053224818188,0.05194805194805195,0.07840304284977882,0.031746031746031744,0.05603318146805258,0.0,0.032773676267223106,0.0,0.09705231721239392,0.0,0.015228622596829316,0.030990065402665166,0.07666518779999279,0.06272243427982305,0.0354384955969167,0.05159393703675823,0.0,0.05235833329555938,0.056579859598667105,0.03414938883812553,1.0,0.1319115024109484,0.1558699215971374,0.0315518645928133,0.016386838133611553,0.0,0.0913717355809759,0.03045724519365863,0.06091449038731726,0.0,0.06234796863885496,0.12126781251816648,0.014734589232268476
value,0.14119464144738417,0.1742537588393307,0.17045643758295942,0.19334007027804562,0.11111266640693233,0.16305731179404642,0.0780398972571708,0.2040187908273743,0.14797178180801124,0.14808721943977307,0.07907142123964106,0.11860432389223005,0.20157162071356466,0.04454231286891507,0.05377587746479043,0.06488856845230502,0.1001546791334383,0.06084046019137625,0.08085842158543538,0.14706644564172555,0.15555843629401253,0.14464948783178175,0.15035979036347433,0.1081831831110235,0.12977713690461004,0.09727531034255116,0.10901019990904763,0.06049266897545614,0.010012523486435177,0.12565617248750865,0.1066311288790181,0.06657426652986062,0.03957797417883147,0.1112037839174208,0.12402571748806687,0.10442681763959126,0.021164317410844253,0.11500671555359551,0.09859525278203457,0.11439055549218138,0.022388683141982252,0.10140479656031864,0.06449169275100168,0.07832011322969344,0.10756817379158469,0.05528134553975607,0.11607620001760185,0.07543142864047142,0.08604140394366469,0.08896360576089649,0.15763568049561283,0.06556100681071858,0.03214433062928483,0.11285186112822404,0.07113879915305903,0.07647191129018725,0.07063126259436917,0.08153649149910351,0.06488856845230502,0.14024839388089194,0.0564307688003965,0.14570192270292662,0.1174320640952997,0.07283268553942232,0.11692108443873354,0.09233805168766386,0.06417938247608372,0.0948517322040787,0.037003741036052605,0.06475654681309205,0.042025710789484055,0.05112171874107659,0.13764944032233706,0.03174647611626638,0.06901670022770208,0.10060545457319171,0.0947056940386296,0.052086159264988566,0.022388683141982252,0.07117088460871719,0.037003741036052605,0.03358302471297338,0.06488856845230502,0.06716604942594676,0.07329943395104671,0.057872984169219384,0.08764340007155369,0.08797691788472335,0.0564307688003965,0.1560797945143416,0.05468482990747589,0.06131393394849658,0.058428933381035796,0.06417938247608372,0.043827623087778725,0.02127779981902859,0.08161607813737631,0.06488856845230502,0.0797214614771931,0.11565268748916543,0.11920791213585395,0.06638045457122155,0.08523286029710314,0.0642364054837573,0.046938069565556316,0.06970150353573229,0.13142044617939327,0.1453469332120635,0.1570702156093858,0.12131118108867071,0.0170405729136922,0.03419927840283847,0.05342840173914659,0.04255559963805718,0.11958219221578964,0.05468482990747589,0.06095219666786236,0.06716604942594676,0.01642880193633814,0.10968169942141635,0.027981227784140566,0.04504630183282757,0.07979831627328976,0.09054490911587254,0.06568153353983867,0.08238145180262384,0.08583950752789522,0.046467669023821524,0.05862733440486595,0.021873931962990357,0.06676978608895887,0.01835325870964494,0.07883102820744824,0.06362847629757777,0.02470265583266059,0.013589415249850587,0.025068641039168192,0.10158699444643726,0.04905114715879727,0.1319115024109484,1.0,0.06716604942594676,0.1019703196264678,0.07061267297367757,0.05484084971070817,0.05468482990747589,0.10936965981495178,0.021873931962990357,0.1034088979105975,0.044777366283964504,0.062209075224179934,0.03174647611626638
quantum state,0.11375393879832252,0.055593698749582594,0.12821820969367867,0.15626352755294512,0.08440296311368944,0.09373260982035934,0.00922138891954147,0.23669053416557545,0.12182898077463453,0.06299407883487121,0.09460067320881577,0.16216874328520062,0.10718192473108085,0.1342123852259652,0.0,0.023002185311411807,0.06508989689553324,0.1536661689196237,0.2063757481470329,0.15038427161902124,0.10752986118018412,0.03418428858033321,0.14710983165355612,0.07079923254047886,0.08625819491779428,0.015915175351980757,0.040915854419248575,0.0929235405366011,0.053239713749995,0.1113588507968435,0.09213603870522183,0.07079923254047886,0.1431049438115632,0.0765218548535542,0.18924308167569887,0.10179949931595826,0.10128355573642733,0.05036101551853349,0.05645895715784652,0.0892100442303509,0.08333333333333333,0.1410217912582625,0.06858449352888188,0.04627249968907194,0.1048618207643598,0.07838618016696206,0.07715167498104596,0.048131095111188946,0.022875450543583874,0.10407039948368202,0.05587987562271126,0.019920476822239894,0.11964501003116626,0.025717224993681988,0.0983494740586804,0.06506000486323554,0.08262506506299654,0.108388746190515,0.05750546327852952,0.09321806278695785,0.040008002400800276,0.0652414836114683,0.14409760442605873,0.08713667941738149,0.08703882797784893,0.08728715609439695,0.07962775715882577,0.01008712554448004,0.06886615587844479,0.059028133610095526,0.10726263678578712,0.03624401881463749,0.06506000486323554,0.05626864207579296,0.07339666906290183,0.04279604925109129,0.083929957783074,0.05539167450366597,0.2976190476190476,0.08514850866846711,0.1082182449518418,0.047619047619047616,0.11501092655705904,0.03571428571428571,0.07795119555779044,0.02637674806699987,0.10356162766686668,0.018712029714127994,0.05001000300100035,0.06454972243679029,0.06978631577988531,0.09128709291752769,0.020712325533373335,0.011375393879832251,0.046609031393478925,0.04525628222014204,0.057863756235784464,0.046004370622823615,0.06358558550989461,0.037843781630429826,0.02817180849095055,0.035296560400125875,0.05179539792436707,0.04879500364742666,0.016638958140993042,0.061770776388425104,0.032252471440314796,0.06364688465216445,0.07795119555779044,0.010750823813438266,0.054366028221956235,0.048492864496887195,0.07102387371589201,0.06788442333021306,0.031792792754947306,0.023262105259961773,0.03241018617760822,0.07142857142857142,0.052414241836095915,0.06804138174397717,0.07935196008581541,0.02395252523826518,0.06061608062110899,0.03209703693831847,0.0,0.03754696307413192,0.0,0.012354155277685021,0.03117398431942748,0.046524210519923545,0.04733810683311509,0.05855400437691199,0.02395252523826518,0.09473309334313418,0.05254069374927338,0.028903665650804,0.026659558398736394,0.10803395392536073,0.07824607964359516,0.1558699215971374,0.06716604942594676,1.0,0.04819626927118799,0.08760958050630781,0.08748177652797064,0.05815526314990443,0.034893157889942655,0.1628347368197324,0.0,0.023809523809523808,0.1190826279056167,0.05626864207579296
lattice,0.08750094682111575,0.10003126465607107,0.06264875764829854,0.17896792376948223,0.11390142225037865,0.1280728856028483,0.06533217188282377,0.1996330125752444,0.17468314528284792,0.05100613704506707,0.16489828261134676,0.03647433262080387,0.14464152934961452,0.07191490310230217,0.023152738856064555,0.0814835345064508,0.08384586528160264,0.12278593986123386,0.05221934092587069,0.18873690051061143,0.06697433909341906,0.3200375931830923,0.09063054988223015,0.05374307729250139,0.05820252464746485,0.08054046806003506,0.062117733417101174,0.028938439264005463,0.1293241612227127,0.13525044520011484,0.19367905836053118,0.08957179548750233,0.09371974928126209,0.1056128541200535,0.1799287166642595,0.04683339895217495,0.011390142225037866,0.1383511446879979,0.09795999967020133,0.09029141758183222,0.0,0.05877167417732395,0.10026734044436325,0.0,0.048242236157431305,0.09917043796975242,0.14055638569974546,0.16238174542072156,0.12734006370835504,0.0,0.12725377240366437,0.04032389192727559,0.12109530552873761,0.1908790423082963,0.0765704864789611,0.07407971974871923,0.06842177801250364,0.07313506476310318,0.10476454436543674,0.10378282195093265,0.06073944838640614,0.0990484775213889,0.048614768609760196,0.039196853402908155,0.10067872296645641,0.03312945782245396,0.2072390845763268,0.10209398197194813,0.06970092764017173,0.08961547839450651,0.045234515596072514,0.027512517221599284,0.0576175598045594,0.1025112800253408,0.14857271628208335,0.05414351022802624,0.11043152607484655,0.01121262265099487,0.06024533658898498,0.08618064948833602,0.07965820301733913,0.10844160586017297,0.04656201971797188,0.10844160586017297,0.20287566780017224,0.08898825966347892,0.08385357276567294,0.028408275715446383,0.05061620698867178,0.1119980089419836,0.05886020116850139,0.02639818386742273,0.10481696595709118,0.0230265649529252,0.07547841596431465,0.011451215811497927,0.058565160708227273,0.04656201971797188,0.04290423201401441,0.0766050217674098,0.17107978455366032,0.023816275411477048,0.026211621926396828,0.04938647983247948,0.0336812996921237,0.0,0.021762283174781974,0.11963415324775042,0.13525044520011484,0.0761679911117369,0.036683356295465715,0.012270169563871839,0.08626176070580835,0.04580486324599171,0.09653452203153243,0.04708816093480111,0.04373740168406954,0.06024533658898498,0.0,0.04919011134174627,0.04015691857267147,0.0484857389565509,0.06135084781935919,0.09745831841044725,0.028278616089703196,0.12667364798453498,0.05279636773484546,0.012503908082008883,0.11043152607484655,0.03531612070110083,0.08384586528160264,0.07901836773196716,0.060607173695688625,0.1232761052427736,0.026588786948167534,0.02925402590524127,0.05396543271993134,0.06560610252610431,0.10559273546969092,0.0315518645928133,0.1019703196264678,0.04819626927118799,1.0,0.025334729596906996,0.059028133610095526,0.08240428163590194,0.12949244257070305,0.04708816093480111,0.0,0.024098134635593994,0.013391789600139503,0.02278028445007573
detection,0.11002392084403617,0.12988108336653278,0.12085313076325155,0.1815750467648446,0.11239652451657149,0.07390687163510798,0.038778336716474064,0.17833268230931582,0.08005039424382578,0.10596258856520352,0.08287925295438661,0.13260366532421444,0.08048711540184558,0.15769942912909982,0.012024651756097047,0.0967301666813349,0.0995345203586879,0.1275406919721442,0.1084829563310219,0.06324049416618768,0.017391961901349125,0.0539076812837321,0.22862600438803557,0.17677669529663687,0.09068453126375146,0.033463724070512735,0.12904635030219097,0.060118097764227774,0.08955473256792901,0.07804881763180783,0.07451076646594544,0.07443229275647868,0.15044836914851759,0.1316431165735857,0.12660714435851178,0.07783515430536674,0.047324852428030105,0.0680725148418058,0.08479449518438635,0.06820934881719452,0.07509392614826384,0.1918637078375002,0.07210390448763508,0.029188182864512524,0.09019865580506051,0.051505352714395575,0.05677749739576689,0.10120188124801117,0.07214791053658227,0.029839300500728465,0.08077760562383142,0.06282808624375433,0.11679997611475289,0.05407380704358751,0.06362847629757777,0.08549819600709618,0.0789681522488238,0.11395071102426825,0.08463889584616803,0.06860108116155872,0.07360677045181883,0.07716301664593354,0.06059678724350827,0.030536031721877667,0.06536087320200026,0.06882472016116853,0.023918243661746993,0.053023730247981474,0.06205716028380909,0.020685720094603028,0.1221640499664425,0.10478566837903289,0.10259783520851541,0.03549363932102258,0.09431035367836321,0.03374409529993856,0.07941313864750214,0.08152773496237643,0.06257827179021987,0.07957146800194256,0.12411432056761817,0.11264088922239575,0.03627381250550058,0.05006261743217589,0.05853661322385587,0.07394738666465356,0.06532553344640132,0.08852506597852129,0.03154575876506521,0.038778336716474064,0.12227899701112963,0.21936339884283268,0.0,0.023918243661746993,0.07840123561320997,0.04757860680698065,0.050694194103363295,0.08463889584616803,0.055707064727698305,0.05967860100145693,0.014808721943977308,0.08658487179917634,0.10890655402346602,0.03077935056255462,0.03498557142706598,0.10390486669322622,0.02260500394542122,0.047794944556367035,0.08195125851339823,0.07911751380897428,0.038103879410557415,0.025490637096729083,0.11946953821789978,0.03568395510523549,0.01114141294553966,0.036683699103338886,0.02271554252121273,0.05006261743217589,0.018367958959266125,0.03065696697424829,0.07299591532245146,0.06295412064573488,0.1529438225803745,0.03374409529993856,0.0,0.02631578947368421,0.013710212427677042,0.05195243334661311,0.016386838133611553,0.06113949850556481,0.04976726017934395,0.09233805168766386,0.050363296516587906,0.05691103932244722,0.06904602208326344,0.0303868562731382,0.014013796366780263,0.04543108504242546,0.05484084971070817,0.016386838133611553,0.07061267297367757,0.08760958050630781,0.025334729596906996,1.0,0.04598545046137244,0.04891159880445185,0.04891159880445185,0.036683699103338886,0.028903665650804,0.03754696307413192,0.041731116305599295,0.10648091796306773
ensemble,0.06687338550904234,0.11348016237540047,0.09205476243458112,0.12087344460380704,0.08958915004324533,0.1377582397915608,0.022587697572631283,0.16426846010152707,0.06217059141274923,0.06172133998483677,0.1416087314188419,0.058848988633649964,0.13752148941171205,0.07735337905069796,0.014008295367013144,0.02817180849095055,0.057977103565244846,0.10895896711567,0.02106313659355673,0.1915496600194902,0.04052204492365539,0.05233379015116646,0.09400278879076847,0.05419437309525749,0.1267731382092775,0.019492029389636262,0.10022296571715915,0.06128103137894264,0.13041013273932528,0.10001653302482984,0.12152338248029255,0.0975498715714635,0.13402774106187743,0.08519977207387462,0.10535204260393263,0.022668802672263903,0.04134883848149785,0.04405671105314009,0.09878259746169994,0.12912491581096436,0.08748177652797064,0.05079873988176831,0.0559990044709918,0.022668802672263903,0.1050782540612185,0.0,0.06614378277661477,0.16702021702702008,0.08404977220207886,0.011587244366483038,0.07699341496827992,0.036596252735569997,0.17793488651396597,0.031497039417435604,0.09265616458263765,0.08964214570007953,0.027598534004809463,0.11504875287827816,0.0563436169819011,0.11416834431938576,0.08574929257125442,0.04994010778445262,0.07059312080025175,0.07114680081768734,0.0913717355809759,0.08017837257372731,0.04179586594315146,0.049416621110740085,0.03614720195339099,0.08434347122457898,0.032842341073832895,0.05548709520230941,0.06972166887783963,0.09648062312349498,0.0399520862275621,0.013103560459023979,0.07195494974565272,0.027136267706462856,0.029160592175990215,0.06952346619889824,0.14458880781356395,0.05832118435198043,0.014085904245475275,0.04374088826398532,0.1091089451179962,0.0646095738380922,0.02536731447159205,0.045834924851410566,0.0367496968162519,0.033881546358946926,0.11396057645963795,0.015971914124998498,0.08878560065057217,0.04179586594315146,0.011416834431938576,0.013856849886842331,0.1181138978153835,0.0563436169819011,0.0519174131651165,0.03476173309944912,0.03450327796711771,0.08645856265563524,0.04757711097716634,0.047809144373375745,0.02037847864848056,0.09078412990032037,0.05266806531497233,0.10022296571715915,0.06819309069874763,0.03950104898622925,0.04438967616184753,0.07423923386456233,0.03479445003196105,0.0,0.0,0.04273521617236423,0.013231403100624078,0.014580296087995107,0.021398024625545645,0.047619047619047616,0.06074119134373282,0.0,0.0445435403187374,0.09172492321316786,0.017109647770728872,0.015328483487124145,0.015971914124998498,0.09078412990032037,0.038180177416060626,0.014245072057454743,0.04348282767393363,0.08366600265340755,0.01466786622122144,0.09944903161976938,0.03217447260438934,0.017699808135119715,0.016325578711208478,0.013231403100624078,0.07985957062499248,0.0,0.05484084971070817,0.08748177652797064,0.059028133610095526,0.04598545046137244,1.0,0.05698028822981897,0.04273521617236423,0.08547043234472845,0.05050762722761054,0.05832118435198043,0.048615279266412334,0.013782946160499281
type,0.17337614754501093,0.13880630800576443,0.155507922106516,0.1366001736383103,0.137437342854232,0.15110295603009627,0.11712187015042266,0.16958233968972278,0.1339064326448135,0.135400640077266,0.13350372294936755,0.1114949751180923,0.15956974176382097,0.06941998088328255,0.02234950781338371,0.022473328748774737,0.13296797089307807,0.11852616398269011,0.09241413674761807,0.09403308783709623,0.09697622757528539,0.09184542896674766,0.07498828399586698,0.0778178771849334,0.1460766368670358,0.06997167152675132,0.09327531340557955,0.11173794659176745,0.07282190812544191,0.10879853497231115,0.08309324832467525,0.11240360037823713,0.074019565682974,0.09515226836973145,0.1064530182895879,0.1356258655595012,0.0879598994267085,0.11246431142310666,0.05516087657948691,0.055464795554989704,0.046524210519923545,0.1053607769823612,0.07445291969126747,0.09041724370633414,0.10245088191961488,0.04786497381671772,0.060302268915552716,0.10188638466858749,0.055873769533459273,0.08319080999773526,0.09554144082570747,0.04865618401009519,0.09184542896674766,0.083753151271601,0.08130545444849886,0.08740073734751262,0.11008006956201524,0.07765759302467444,0.06741998624632421,0.0637523826271902,0.04886019406213152,0.11951527290302613,0.06569946738059931,0.08513326956164824,0.048592953074986255,0.13858046563114676,0.044455422447438706,0.08869685939836239,0.07689464481087924,0.048059153006799527,0.04366520807901048,0.05311606738473833,0.07945521577046602,0.021989974856677124,0.07170916374181568,0.07317117587562044,0.08200027552138862,0.05411813243885238,0.034893157889942655,0.03697369333232678,0.06728281420951934,0.011631052629980886,0.07865665062071157,0.05815526314990443,0.06527912098338669,0.1288515248895093,0.07082640762018089,0.09140905301589133,0.13680854337396825,0.09910312089651148,0.09090909090909091,0.03822353935782192,0.07082640762018089,0.06668313367115805,0.10018231555701318,0.03316182662140364,0.08480006566249602,0.10112997936948631,0.06212365249219366,0.07394738666465356,0.055048188256318034,0.045980048987170286,0.03795340495269431,0.10488088481701516,0.03251280443811776,0.06035056869815845,0.03151093619261758,0.06218354227038638,0.0761589744806178,0.08402916318031353,0.08852677897456387,0.03553345272593507,0.04163455362400267,0.08843153765707637,0.0931854787382905,0.056818181818181816,0.06333004963811237,0.046524210519923545,0.03413943709994594,0.07597371763975863,0.048454708262638736,0.0468036377200909,0.07106690545187014,0.05226512562544317,0.040946331782446055,0.04891159880445185,0.03822353935782192,0.06035056869815845,0.0,0.056818181818181816,0.023124864503144014,0.06674238124719147,0.08190636601015908,0.013222147133698627,0.038499525175450904,0.014119562368122625,0.03906991958029674,0.07388505791113109,0.025482359571881278,0.0913717355809759,0.05468482990747589,0.05815526314990443,0.08240428163590194,0.04891159880445185,0.05698028822981897,1.0,0.07954545454545454,0.045454545454545456,0.026860765467512676,0.023262105259961773,0.09049034574912836,0.054974937141692805
dependence,0.13781180958706,0.1629465354850278,0.18574557362722746,0.20490026045746548,0.12644235542589347,0.25183826005016047,0.10811249552346708,0.17729062785743746,0.18846090520381162,0.16001893827313254,0.13863848152434322,0.06454972243679027,0.15956974176382097,0.06170664967402894,0.15644655469368596,0.07865665062071157,0.1560928353962221,0.08691918692063942,0.03360514063549748,0.16455790371491838,0.056569466085583144,0.20039002683654034,0.13747852065908944,0.0518785847899556,0.13483997249264842,0.17881649390169782,0.16656305965282064,0.08380345994382558,0.062418778393235924,0.11605177063713189,0.2146575581720777,0.0518785847899556,0.0657951694959769,0.12913522135892125,0.1232613895984702,0.036166897482533655,0.021989974856677124,0.13355136981493917,0.10244162793333282,0.12677667555426217,0.023262105259961773,0.06483740121991458,0.05956233575301398,0.036166897482533655,0.04656858269073404,0.07658395810674835,0.13568010505999362,0.08621155625803557,0.06704852344015112,0.03697369333232678,0.10919021808652282,0.14596855203028555,0.06679667561218011,0.1423803571617217,0.051739834649044726,0.07150969419341942,0.06604804173720914,0.08471737420873575,0.056183321871936844,0.0637523826271902,0.10749242693668934,0.10357990318262265,0.018771276394456946,0.028377756520549417,0.012148238268746564,0.053300179088902604,0.16670783417789514,0.12811768579763458,0.028835491804079717,0.08650647541223914,0.08733041615802097,0.08852677897456387,0.13507386680979225,0.06596992457003137,0.09561221832242091,0.1254363015010636,0.09840033062566636,0.021647252975540952,0.046524210519923545,0.11092107999698035,0.03844732240543962,0.06978631577988531,0.044946657497549475,0.046524210519923545,0.032639560491693344,0.07731091493370558,0.05059029115727206,0.04570452650794567,0.019544077624852607,0.09910312089651148,0.06818181818181818,0.0637058989297032,0.14165281524036177,0.10002470050673709,0.045537416162278715,0.08843153765707637,0.047111147590275564,0.056183321871936844,0.041415768328129106,0.06470396333157187,0.06881023532039754,0.05747506123396286,0.06325567492115719,0.06674238124719147,0.08128201109529438,0.07242068243779014,0.07352551778277434,0.07995026863335392,0.08703882797784893,0.13654739016800949,0.026558033692369164,0.03553345272593507,0.013878184541334222,0.022107884414269093,0.08283153665625821,0.06818181818181818,0.08444006618414981,0.09304842103984709,0.03413943709994594,0.08547043234472847,0.029072824957583242,0.08190636601015908,0.03553345272593507,0.0627181507505318,0.05459510904326141,0.08559529790779073,0.0637058989297032,0.03621034121889507,0.12182898077463453,0.03409090909090909,0.04624972900628803,0.04767312946227961,0.0468036377200909,0.06611073566849314,0.038499525175450904,0.042358687104367874,0.03906991958029674,0.06333004963811237,0.0637058989297032,0.03045724519365863,0.10936965981495178,0.034893157889942655,0.12949244257070305,0.04891159880445185,0.04273521617236423,0.07954545454545454,1.0,0.045454545454545456,0.05372153093502535,0.034893157889942655,0.0646359612493774,0.06596992457003137
quantum system,0.16003952081077932,0.1086310236566852,0.10367194807101068,0.14463547796997564,0.09895488685504705,0.1373663236637239,0.02702812388086677,0.21968621277986816,0.13886593015017698,0.03692744729379982,0.18998606727409997,0.1349676014587433,0.13463696961322394,0.10027330572029702,0.02234950781338371,0.033709993123162106,0.10406189026414807,0.15013314104474082,0.10081542190649244,0.13517256376582582,0.04040676148970224,0.050097506709135084,0.14997656799173395,0.0518785847899556,0.08989331499509895,0.02332389050891711,0.06662522386112826,0.07681983828184011,0.07282190812544191,0.1523179489612356,0.11771543512662327,0.08646430798325933,0.22205869704892203,0.0679659059783796,0.168083713088823,0.09041724370633414,0.09895488685504705,0.09137725303127417,0.08668137748205085,0.1663943866649691,0.09304842103984709,0.08104675152489323,0.08189821166039422,0.04520862185316707,0.08382344884332127,0.06701096334340481,0.06784005252999681,0.054861899436931726,0.03352426172007556,0.03697369333232678,0.09554144082570747,0.04865618401009519,0.20873961128806287,0.0251259453814803,0.15521950394713419,0.09534625892455922,0.1027413982578809,0.112956498944981,0.06741998624632421,0.20947211434648208,0.029316116437278907,0.1115475880428244,0.11262765836674167,0.05675551304109883,0.10933414441871907,0.10660035817780521,0.07779698928301773,0.05913123959890826,0.057670983608159435,0.057670983608159435,0.06986433292641678,0.07082142317965111,0.11123730207865243,0.10994987428338561,0.11951527290302613,0.04181210050035454,0.0656002204171109,0.09741263838993429,0.06978631577988531,0.09243423333081695,0.1922366120271981,0.011631052629980886,0.056183321871936844,0.023262105259961773,0.032639560491693344,0.06013071161510433,0.05059029115727206,0.06398633711112393,0.058632232874557814,0.05405624776173354,0.03409090909090909,0.07644707871564384,0.010118058231454412,0.06668313367115805,0.05464489939473446,0.044215768828538185,0.08480006566249602,0.056183321871936844,0.06212365249219366,0.07394738666465356,0.027524094128159017,0.045980048987170286,0.08855794488962006,0.0858116330321033,0.03251280443811776,0.03621034121889507,0.05251822698769596,0.07995026863335392,0.054399267486155575,0.010503645397539191,0.11508481266693305,0.03553345272593507,0.027756369082668444,0.13264730648561457,0.0,0.03409090909090909,0.04222003309207491,0.034893157889942655,0.01706971854997297,0.037986858819879316,0.07752753322022198,0.08190636601015908,0.0829113896938485,0.0940772261257977,0.0,0.06113949850556481,0.025482359571881278,0.07242068243779014,0.0913717355809759,0.045454545454545456,0.09249945801257606,0.07627700713964738,0.0936072754401818,0.06611073566849314,0.07699905035090181,0.014119562368122625,0.026046613053531162,0.06333004963811237,0.050964719143762556,0.06091449038731726,0.021873931962990357,0.1628347368197324,0.04708816093480111,0.036683699103338886,0.08547043234472845,0.045454545454545456,0.045454545454545456,1.0,0.013430382733756338,0.011631052629980886,0.10341753799900383,0.04397994971335425
mhz,0.17338428937260214,0.17118419700436516,0.16847482690308205,0.16619250733697202,0.16243357824696886,0.16234964253489187,0.12777531299998798,0.14576356652280673,0.19342948582466574,0.13093073414159542,0.13957862836449786,0.15257923607235446,0.13554998106688476,0.10027801460314358,0.06603573764586061,0.10624254305194611,0.14348601079588788,0.04669431789004382,0.03971703124896662,0.11808118359353369,0.09551137584354213,0.04934077053477808,0.08862667920586555,0.14306584587982538,0.126163019874186,0.13782946160499282,0.3070961343199971,0.0660300690989043,0.061475926130276456,0.051434449987363975,0.08183810269003938,0.10218988991416098,0.038880789567986955,0.14458880781356395,0.046352533880859,0.0854894084850002,0.18192560763660512,0.06645930483723024,0.0931331260378521,0.06555238206466919,0.041239304942116126,0.05747221351380781,0.09679334084721669,0.11754793666687526,0.09906872800257395,0.04525628222014204,0.0445435403187374,0.06483983501061831,0.05282859011668849,0.09832102880166933,0.12098347962395682,0.09200874124564723,0.0592089246417337,0.05939138709164986,0.10482848367219183,0.04695301415158425,0.13010073697072197,0.08343769572029315,0.026560635762986527,0.04305557891470844,0.05774657738960309,0.09416797031352944,0.04437055504264811,0.1900539000899023,0.014357683075131602,0.05039526306789696,0.02627034687463669,0.08153326507837141,0.0681598176590997,0.0227199392196999,0.07224946425930713,0.11509021710529649,0.10329663113348535,0.07796811755854505,0.018833594062705888,0.12354155277685021,0.1453709511573951,0.07675295564533363,0.02749286996141075,0.07647191129018725,0.0227199392196999,0.013746434980705375,0.026560635762986527,0.09622504486493763,0.03857583749052298,0.08121932051642303,0.05979133361118127,0.06482037235521644,0.10394383930128556,0.06388765649999399,0.05372153093502535,0.07529232524210427,0.047833066888945015,0.2364331218717302,0.07534726310073978,0.03919309008348103,0.07795119555779044,0.03984095364447979,0.07342230982143523,0.08739647004592829,0.016265001215808886,0.08151391459392224,0.029904086934417106,0.06761234037828133,0.038426027846949,0.1569188472540014,0.12413982045397645,0.0839921051131616,0.03857583749052298,0.12413982045397645,0.07323922906700686,0.1679842102263232,0.016402261043504094,0.03919309008348103,0.04894820654762349,0.13430382733756338,0.04989874590434132,0.06873217490352687,0.02017425108896008,0.044895668646764926,0.05726734439533746,0.055315987576334824,0.02799736837105387,0.08647908694379515,0.016131130616527576,0.057807331301608,0.10540925533894598,0.14265349750363765,0.01799830823853463,0.026860765467512676,0.06832667180756566,0.04507489358552089,0.055315987576334824,0.015626907697949846,0.10617034287843435,0.06675015657623451,0.07695951608993502,0.01247468647608533,0.07529232524210427,0.0,0.1034088979105975,0.0,0.0,0.028903665650804,0.05050762722761054,0.026860765467512676,0.05372153093502535,0.013430382733756338,1.0,0.041239304942116126,0.030556616567607043,0.051978745039030036
fabrication,0.19565677473311474,0.07412493166611012,0.19011665575269596,0.18916111230093358,0.2700894819638062,0.08435934883832341,0.08299250027587322,0.1617385316798099,0.11167656571008165,0.12598815766974242,0.17343456754949557,0.12613124477737825,0.06635071530971672,0.07105361570786393,0.10293952744612744,0.14951420452417674,0.2899459043528299,0.04852615860619696,0.034395958024505485,0.15038427161902124,0.07444375004781978,0.06836857716066642,0.09594119455666704,0.06194932847291901,0.21852076045841218,0.05570311373193265,0.09547032697824667,0.12151539916324758,0.085183541999992,0.0445435403187374,0.10631081389064057,0.06194932847291901,0.05050762722761054,0.10434798389121028,0.09748886025717819,0.06478149956470071,0.03376118524547578,0.08633316946034313,0.0645245224661103,0.01622000804188198,0.08333333333333333,0.05806779640046103,0.182891982743685,0.04627249968907194,0.06673024957731988,0.14697408781305385,0.11572751247156894,0.1684588328891613,0.11437725271791938,0.05676567244564474,0.07683482898122798,0.08964214570007953,0.05127643287049982,0.16287575829331924,0.21182963643408087,0.06506000486323554,0.17276149967717458,0.151744244666721,0.023002185311411807,0.046609031393478925,0.12002400720240083,0.04077592725716768,0.0192130139234745,0.03872741307439177,0.0,0.02182178902359924,0.011375393879832251,0.14121975762272057,0.18692242309863583,0.07870417814679403,0.05363131839289356,0.07248803762927498,0.040662503039522215,0.07877609890611015,0.08155185451433536,0.08559209850218258,0.0671439662264592,0.05539167450366597,0.05952380952380952,0.05676567244564474,0.01967604453669851,0.08333333333333333,0.023002185311411807,0.08333333333333333,0.14476650603589652,0.1494682390463326,0.05178081383343334,0.10291616342770396,0.1600320096032011,0.06454972243679029,0.0,0.026082026547865053,0.062136976600120006,0.0682523632789935,0.046609031393478925,0.10182663499531959,0.057863756235784464,0.05750546327852952,0.04239039033992974,0.10407039948368202,0.014085904245475275,0.035296560400125875,0.0,0.10734900802433864,0.04991687442297913,0.061770776388425104,0.032252471440314796,0.05455447255899809,0.0668153104781061,0.11825906194782093,0.14497607525854997,0.06061608062110899,0.042614324229535205,0.06788442333021306,0.031792792754947306,0.046524210519923545,0.03241018617760822,0.05952380952380952,0.052414241836095915,0.08748177652797065,0.02975698503218078,0.10778636357219332,0.024246432248443597,0.021398024625545645,0.08381981343406689,0.025031308716087945,0.052164053095730106,0.024708310555370042,0.09352195295828244,0.13957263155977062,0.035503580124836315,0.03903600291794133,0.01197626261913259,0.05413319619607667,0.10508138749854676,0.028903665650804,0.10663823359494558,0.010803395392536073,0.07824607964359516,0.06234796863885496,0.044777366283964504,0.023809523809523808,0.024098134635593994,0.03754696307413192,0.05832118435198043,0.023262105259961773,0.034893157889942655,0.011631052629980886,0.041239304942116126,1.0,0.03969420930187224,0.10128355573642733
evolution,0.1517165212272521,0.11671244523098157,0.12285049366636404,0.11883176892065872,0.075046918991139,0.1354313627073705,0.020498001542269693,0.17976232760292427,0.12976345249437332,0.0560112033611204,0.10514276982856502,0.14018704083157008,0.12479871810715583,0.01754926191550154,0.06356160452261517,0.038348249442368525,0.032883352610291024,0.06292277821345421,0.133801394982387,0.08022853108509165,0.09193289141911526,0.018996856280406867,0.08530614080584929,0.039344473768231684,0.07030512397767563,0.08844364220965313,0.09853009767101027,0.1032787410796639,0.011834526708278772,0.11551721334727867,0.0315087636089518,0.14754177663086882,0.05613608914238398,0.054122273313999616,0.057363252491744135,0.11314381771485651,0.012507819831856498,0.07196546486331015,0.03585749859822395,0.18027531034590397,0.026462806201248155,0.1382973158411042,0.033878845665757114,0.09257221449397351,0.11654739771348548,0.03267051314017741,0.025724787771376326,0.06241050826688055,0.0,0.10515252921688403,0.07763376175556712,0.06642111641550714,0.06648899698142403,0.04763849587291912,0.025225229774861718,0.08134892168199606,0.06678736402426115,0.03212462831016178,0.051130999256491366,0.13468790953729282,0.011116602147330214,0.14502370991574423,0.07473924880782186,0.021521556564129584,0.09673824874398687,0.07276068751089988,0.03792913030681302,0.02242242646654375,0.02186870084203477,0.05467175210508692,0.10928110924104051,0.04028297472553804,0.07231015260621873,0.0375234594955695,0.03625592747893606,0.011891287353862351,0.06529805289439734,0.024625761678892605,0.03969420930187224,0.03154575876506521,0.0765404529471217,0.0,0.051130999256491366,0.03969420930187224,0.02475368857441686,0.04886019406213152,0.046040925551613085,0.0831890330807703,0.044466408589320855,0.10249000771134847,0.012927192249875478,0.08696565534786727,0.046040925551613085,0.0632152171780217,0.10360608425945601,0.03772465911208926,0.07503063099984761,0.051130999256491366,0.035335713557365915,0.021030505843376807,0.0,0.026153289048297074,0.08635104937551058,0.08677218312746246,0.018493168036382727,0.013730875909527243,0.11948872617308781,0.030316953129541625,0.037130532861625286,0.023897745234617563,0.04028297472553804,0.08084520834544433,0.015787724448766815,0.10059909096557137,0.04711428474315455,0.038781576749626435,0.03602190798210556,0.026462806201248155,0.0582551728035463,0.07562376774775252,0.0881947727404847,0.026621743403250103,0.053896805563629545,0.07134772412317411,0.015526752351113423,0.041731116305599295,0.014494275891311212,0.08238525545716346,0.017323973216880926,0.012927192249875478,0.06576670522058205,0.04338609156373123,0.039932615104875155,0.0,0.029197858123689188,0.01606231415508089,0.04444566382094698,0.12007302660701855,0.028988551782622423,0.12126781251816648,0.062209075224179934,0.1190826279056167,0.013391789600139503,0.041731116305599295,0.048615279266412334,0.09049034574912836,0.0646359612493774,0.10341753799900383,0.030556616567607043,0.03969420930187224,1.0,0.025015639663712997
step,0.1720529574477361,0.09342836717341034,0.21315602018816843,0.16715454864723928,0.19148936170212766,0.11075834012904687,0.09588810601623092,0.1715391237520202,0.12476375390873162,0.131008093518591,0.16891816509039825,0.13626689024548852,0.09649570175500433,0.15672514644190408,0.10812232527259168,0.06523280730534423,0.1622163452872365,0.0764540293979072,0.10567359626104543,0.09666895984066413,0.06255347431156046,0.06462971755774419,0.1451111622060741,0.08365931017628184,0.15220988371246985,0.0827465382239577,0.11603489020411425,0.09459891348945336,0.08052512555716988,0.04912552872888028,0.08039761142244643,0.09202524119391002,0.09549105211188455,0.07891322015680483,0.16263089148416657,0.1137292107787456,0.07446808510638298,0.06800990296285958,0.060995881963917975,0.05366545622613827,0.10128355573642733,0.13330975891293248,0.1440751692175112,0.07873560746220849,0.09011569269826912,0.18524872445114315,0.07293249574894728,0.07583159817876829,0.10812232527259168,0.0804920080868993,0.06602997913373754,0.08473990242990481,0.09694457633661628,0.04862166383263152,0.1287291527303902,0.07687760066907376,0.149112530452423,0.1502765895877537,0.05436067275445352,0.035248105602918606,0.14182534593726007,0.04625522609182551,0.07264926168576473,0.06406668497724746,0.023508271959274057,0.05157106231293967,0.03225992952145052,0.07628394235874975,0.1395001827453591,0.03720004873209576,0.06759785667493869,0.042827436163452,0.07687760066907376,0.07446808510638298,0.13876567827547653,0.11125309168362606,0.09520811503927323,0.11519745677288244,0.07877609890611015,0.0804920080868993,0.07440009746419152,0.09002982732126874,0.10872134550890704,0.05626864207579296,0.04210759605332595,0.06649143406552101,0.08810835505879869,0.0707549137677225,0.12291529981229207,0.0523026032815805,0.021989974856677124,0.06163920909019224,0.07831853783004328,0.043013239361934026,0.15861647521313374,0.05347670046445116,0.04558280984309205,0.06523280730534423,0.04007219498504305,0.11626623390329899,0.026631182064565374,0.022244202665006454,0.02448143633862763,0.05535187248173311,0.015729026546513935,0.08174982127673405,0.040651582082379706,0.04297588526078306,0.07368829309332041,0.06097737312356956,0.1113513340249752,0.0916818885563372,0.08056776528774988,0.08556272074312185,0.07012634122382534,0.032984962285015684,0.04085036851028334,0.03376118524547578,0.14864362196288647,0.06432041541566332,0.1500249085467336,0.05660659491662032,0.05730118034771075,0.04045566970313674,0.06602997913373754,0.059156065535037626,0.07396705090823069,0.035035637690028876,0.029469178464536953,0.12094486171172418,0.05593667078870224,0.08302780872259966,0.04528527593329625,0.07675923631762803,0.13658537928381728,0.05464603257736498,0.06300408027636233,0.10212592127570835,0.049311367272153794,0.014734589232268476,0.03174647611626638,0.05626864207579296,0.02278028445007573,0.10648091796306773,0.013782946160499281,0.054974937141692805,0.06596992457003137,0.04397994971335425,0.051978745039030036,0.10128355573642733,0.025015639663712997,1.0
