DOI,gate,noise,silicon,electron,state,field,quantum dot,donor,charge,control,hole,couple,photon,fidelity,interaction,exchange,dot,valley,relaxation,orbit,center,readout,entanglement,decoherence,coherence,resonator,measurement,phase,device,semiconductor,sequence,bath,frequency,error,diamond,information,resonance,scheme,temperature,transition,ion,energy,cavity,dynamic,order,environment,singlet,phonon,architecture,structure,parameter,triplet,interface,metal,distance,complex,molecule,regime,level,vacancy,computation,microwave,function
10.1103/PhysRevB.92.235401,0.89,0.0,0.0,2.82,0.0,0.0,0.78,0.0,0.0,0.0,0.0,2.07,0.0,0.0,4.16,7.16,0.0,0.0,0.0,0.0,0.0,0.0,0.0,0.0,0.0,0.0,0.0,0.0,0.0,0.0,0.0,0.0,0.0,0.0,0.0,0.0,0.0,0.0,0.0,0.0,0.0,0.0,0.0,0.0,0.0,0.0,0.0,0.0,0.0,0.0,0.0,0.0,0.0,0.0,2.35,0.0,0.0,0.0,0.0,0.0,0.0,0.0,0.0
10.1103/PhysRevLett.115.093602,0.0,0.0,0.0,0.71,3.22,0.0,0.78,0.0,0.0,2.44,0.0,0.0,0.0,0.0,0.0,0.0,0.0,0.0,0.0,0.0,1.99,0.0,0.0,0.0,0.0,0.0,0.0,0.0,0.0,0.0,0.0,0.0,0.0,0.0,0.0,0.0,0.0,0.0,0.0,3.95,10.82,0.0,0.0,0.0,0.0,0.0,0.0,0.0,0.0,0.0,0.0,0.0,0.0,0.0,0.0,0.0,0.0,0.0,0.0,0.0,0.0,0.0,0.0
10.1063/1.4921291,0.0,0.0,1.42,0.0,0.64,2.8,1.56,0.0,0.0,2.44,0.0,0.0,0.0,1.42,0.0,0.0,0.0,0.0,2.15,0.0,0.0,0.0,0.0,1.8,0.0,0.0,0.0,0.0,0.0,0.0,0.0,0.0,3.73,2.23,0.0,0.0,0.0,0.0,0.0,0.0,0.0,0.0,0.0,2.09,0.0,0.0,0.0,0.0,0.0,2.28,0.0,0.0,0.0,0.0,0.0,0.0,0.0,0.0,0.0,0.0,4.33,0.0,0.0
10.1038/npjqi.2015.3,4.45,2.71,0.0,0.0,0.0,0.0,0.0,0.0,1.53,2.44,0.0,1.03,0.0,2.85,1.04,0.0,0.0,0.0,0.0,0.0,0.0,0.0,0.0,1.8,0.0,0.0,0.0,0.0,0.0,3.01,2.37,0.0,0.0,2.23,0.0,0.0,0.0,0.0,0.0,0.0,0.0,0.0,0.0,0.0,0.0,0.0,0.0,0.0,2.4,0.0,0.0,0.0,0.0,0.0,0.0,0.0,0.0,0.0,0.0,0.0,2.17,0.0,0.0
10.1038/ncomms9955,0.89,0.0,0.0,0.0,1.29,0.0,0.0,0.0,0.0,0.0,0.0,0.0,20.87,0.0,0.0,0.0,3.08,0.0,0.0,0.0,0.0,0.0,4.51,0.0,0.0,0.0,0.0,0.0,0.0,0.0,0.0,0.0,1.86,0.0,0.0,0.0,0.0,0.0,0.0,0.0,0.0,0.0,0.0,0.0,0.0,0.0,0.0,0.0,0.0,0.0,0.0,0.0,0.0,0.0,4.7,0.0,0.0,0.0,0.0,0.0,0.0,0.0,0.0
10.1063/1.4934693,0.0,5.42,0.0,0.0,0.0,5.59,0.78,0.0,1.53,0.0,0.0,2.07,0.0,0.0,0.0,0.0,0.0,0.0,0.0,3.99,0.0,0.0,0.0,0.0,0.0,0.0,0.0,0.0,0.0,0.0,0.0,0.0,0.0,0.0,0.0,0.0,0.0,0.0,0.0,0.0,0.0,0.0,0.0,0.0,0.0,0.0,0.0,0.0,2.4,0.0,0.0,0.0,0.0,0.0,0.0,0.0,0.0,0.0,0.0,0.0,0.0,0.0,0.0
10.1103/PhysRevB.92.115448,9.79,0.0,0.0,0.0,0.0,0.0,1.56,0.0,0.0,0.0,0.0,0.0,0.0,0.0,3.12,5.37,1.54,0.0,0.0,0.0,0.0,0.0,0.0,0.0,0.0,0.0,0.0,0.0,0.0,0.0,11.87,0.0,0.0,0.0,0.0,4.42,0.0,0.0,0.0,0.0,0.0,0.0,0.0,0.0,0.0,0.0,2.19,0.0,0.0,0.0,0.0,2.21,0.0,0.0,0.0,0.0,0.0,0.0,0.0,0.0,2.17,0.0,0.0
10.1038/npjqi.2015.12,0.0,0.0,0.0,0.0,0.0,0.0,0.0,0.0,0.0,1.22,0.0,0.0,0.0,0.0,2.08,0.0,0.0,0.0,0.0,0.0,0.0,0.0,0.0,0.0,1.46,0.0,0.0,0.0,0.0,1.51,0.0,0.0,0.0,0.0,0.0,1.47,0.0,0.0,0.0,0.0,0.0,0.0,0.0,0.0,0.0,0.0,0.0,0.0,0.0,9.11,0.0,0.0,0.0,0.0,0.0,0.0,0.0,0.0,0.0,0.0,0.0,0.0,0.0
10.1016/j.jmmm.2015.06.069,0.0,0.0,7.11,1.41,4.51,0.93,0.0,0.0,0.0,0.0,0.0,0.0,0.0,0.0,1.04,7.16,0.0,0.0,0.0,0.0,0.0,0.0,6.76,1.8,0.0,0.0,0.0,0.0,0.0,0.0,0.0,0.0,0.0,0.0,0.0,0.0,0.0,1.91,0.0,0.0,5.41,3.7,0.0,4.17,0.0,2.23,0.0,0.0,0.0,9.11,1.96,0.0,0.0,2.28,0.0,0.0,2.74,0.0,2.15,0.0,0.0,0.0,1.98
10.1103/PhysRevB.91.205434,1.78,2.71,0.0,0.0,0.0,0.0,0.78,0.0,3.05,0.0,0.0,0.0,0.0,2.85,0.0,3.58,0.0,0.0,0.0,0.0,0.0,0.0,0.0,0.0,0.0,0.0,0.0,0.0,3.34,0.0,0.0,0.0,0.0,0.0,0.0,0.0,0.0,0.0,0.0,0.0,0.0,0.0,0.0,0.0,0.0,0.0,0.0,0.0,0.0,0.0,0.0,0.0,0.0,0.0,0.0,0.0,0.0,0.0,0.0,0.0,0.0,0.0,0.0
10.1039/c4cp04744c,2.67,0.0,0.0,4.23,0.0,0.0,0.0,0.0,0.0,0.0,0.0,0.0,0.0,0.0,1.04,0.0,0.0,0.0,0.0,0.0,0.0,0.0,0.0,0.0,0.0,0.0,0.0,0.0,0.0,0.0,4.75,0.0,0.0,0.0,0.0,0.0,3.76,0.0,0.0,0.0,0.0,0.0,0.0,0.0,0.0,0.0,0.0,0.0,0.0,4.55,0.0,0.0,0.0,0.0,0.0,0.0,2.74,0.0,0.0,0.0,0.0,0.0,0.0
10.1103/PhysRevB.92.125402,0.0,0.0,0.0,1.41,0.0,1.86,0.78,0.0,0.0,1.22,0.0,2.07,0.0,0.0,0.0,0.0,0.0,0.0,0.0,3.99,0.0,0.0,0.0,0.0,0.0,0.0,1.54,0.0,0.0,0.0,0.0,0.0,1.86,0.0,0.0,0.0,0.0,1.91,0.0,3.95,0.0,0.0,0.0,8.35,0.0,0.0,0.0,0.0,0.0,0.0,0.0,0.0,0.0,0.0,0.0,0.0,0.0,0.0,0.0,0.0,0.0,0.0,0.0
10.1103/PhysRevB.92.224419,0.0,4.07,0.0,0.0,0.64,4.66,0.0,0.0,0.0,0.0,0.0,1.03,0.0,0.0,0.0,0.0,0.0,0.0,0.0,0.0,5.98,0.0,0.0,0.0,2.93,4.97,0.0,0.0,0.0,0.0,0.0,0.0,0.0,0.0,6.26,0.0,0.0,0.0,0.0,0.0,0.0,0.0,0.0,0.0,0.0,2.23,0.0,0.0,0.0,0.0,0.0,0.0,0.0,0.0,0.0,0.0,0.0,0.0,0.0,4.42,0.0,0.0,0.0
10.1103/PhysRevB.91.245416,0.0,0.0,1.42,0.0,0.0,0.93,0.0,2.45,0.0,1.22,0.0,0.0,0.0,0.0,0.0,0.0,0.0,0.0,0.0,0.0,0.0,0.0,0.0,3.61,1.46,0.0,0.0,0.0,0.0,0.0,7.12,5.48,0.0,0.0,0.0,0.0,0.0,0.0,0.0,0.0,0.0,0.0,0.0,0.0,3.21,2.23,0.0,0.0,0.0,0.0,0.0,0.0,0.0,0.0,0.0,0.0,0.0,2.17,0.0,0.0,0.0,0.0,0.0
10.1038/NPHYS3470,0.0,0.0,0.0,0.71,0.64,1.86,1.56,0.0,0.0,1.22,0.0,1.03,0.0,0.0,1.04,0.0,0.0,0.0,6.44,0.0,0.0,0.0,0.0,7.22,0.0,0.0,0.0,0.0,0.0,1.51,0.0,2.74,0.0,0.0,0.0,0.0,0.0,0.0,0.0,0.0,0.0,0.0,0.0,4.17,0.0,0.0,0.0,0.0,0.0,0.0,0.0,0.0,0.0,0.0,0.0,0.0,0.0,0.0,0.0,0.0,0.0,0.0,0.0
10.1103/PhysRevB.92.201401,1.78,0.0,1.42,7.05,0.64,1.86,0.78,0.0,0.0,2.44,0.0,3.1,0.0,1.42,0.0,0.0,0.0,10.68,0.0,3.99,0.0,0.0,0.0,0.0,0.0,0.0,0.0,0.0,0.0,0.0,0.0,0.0,0.0,0.0,0.0,0.0,1.88,0.0,0.0,0.0,0.0,0.0,0.0,0.0,0.0,0.0,0.0,0.0,0.0,0.0,1.96,0.0,4.97,0.0,0.0,0.0,0.0,0.0,0.0,0.0,0.0,0.0,1.98
10.1007/s11128-015-0985-1,0.89,0.0,0.0,4.23,0.0,0.0,0.0,0.0,0.0,0.0,0.0,0.0,0.0,0.0,1.04,0.0,0.0,0.0,0.0,0.0,0.0,0.0,0.0,0.0,0.0,0.0,0.0,0.0,0.0,0.0,0.0,10.97,0.0,0.0,0.0,1.47,1.88,0.0,1.85,0.0,0.0,0.0,0.0,0.0,0.0,0.0,0.0,0.0,0.0,0.0,0.0,0.0,0.0,0.0,0.0,0.0,0.0,0.0,0.0,0.0,0.0,0.0,0.0
10.1103/PhysRevB.92.195411,0.0,0.0,2.85,0.71,3.87,0.93,0.0,22.09,0.0,2.44,0.0,0.0,4.17,0.0,1.04,0.0,0.0,5.34,0.0,7.98,0.0,0.0,0.0,0.0,0.0,0.0,0.0,0.0,0.0,0.0,0.0,0.0,0.0,0.0,0.0,0.0,0.0,0.0,0.0,9.89,0.0,0.0,0.0,0.0,0.0,0.0,0.0,0.0,0.0,0.0,0.0,0.0,2.48,0.0,0.0,0.0,0.0,0.0,0.0,0.0,0.0,0.0,0.0
10.1126/sciadv.1500707,2.67,0.0,5.69,1.41,0.64,0.0,0.0,9.82,0.0,8.52,0.0,0.0,0.0,0.0,0.0,0.0,0.0,0.0,0.0,0.0,0.0,0.0,0.0,0.0,0.0,0.0,0.0,0.0,0.0,0.0,0.0,0.0,0.0,2.23,0.0,1.47,0.0,0.0,0.0,0.0,0.0,0.0,0.0,0.0,0.0,0.0,0.0,0.0,7.2,0.0,0.0,0.0,0.0,0.0,0.0,0.0,0.0,0.0,0.0,0.0,0.0,0.0,1.98
10.1103/PhysRevX.5.011009,0.0,0.0,0.0,0.71,1.93,0.93,2.34,0.0,0.0,1.22,2.43,0.0,0.0,0.0,0.0,0.0,0.0,0.0,0.0,0.0,0.0,0.0,0.0,0.0,1.46,0.0,0.0,0.0,0.0,3.01,0.0,0.0,0.0,0.0,0.0,0.0,0.0,0.0,0.0,0.0,0.0,0.0,0.0,0.0,1.61,0.0,0.0,0.0,0.0,0.0,0.0,0.0,0.0,0.0,0.0,0.0,0.0,0.0,0.0,0.0,0.0,0.0,0.0
10.1103/PhysRevB.91.214303,0.0,0.0,2.85,1.41,0.0,0.0,0.0,9.82,0.0,0.0,0.0,0.0,0.0,0.0,1.04,0.0,0.0,0.0,0.0,0.0,0.0,0.0,0.0,7.22,1.46,0.0,0.0,0.0,0.0,0.0,0.0,10.97,0.0,2.23,2.09,1.47,0.0,0.0,0.0,0.0,0.0,0.0,0.0,2.09,3.21,0.0,0.0,0.0,0.0,0.0,0.0,0.0,0.0,0.0,0.0,0.0,0.0,0.0,0.0,0.0,0.0,0.0,1.98
10.1103/PhysRevB.91.085419,1.78,0.0,0.0,0.0,0.0,0.0,0.78,0.0,0.0,0.0,0.0,0.0,0.0,0.0,0.0,0.0,0.0,0.0,0.0,0.0,0.0,0.0,0.0,0.0,0.0,0.0,1.54,0.0,0.0,0.0,0.0,0.0,0.0,8.92,0.0,0.0,0.0,0.0,0.0,0.0,0.0,0.0,0.0,0.0,0.0,0.0,4.38,0.0,0.0,0.0,0.0,4.42,0.0,0.0,0.0,0.0,0.0,0.0,0.0,0.0,2.17,0.0,0.0
10.1016/j.aop.2015.07.029,0.0,0.0,0.0,0.0,0.64,0.93,0.0,0.0,0.0,0.0,0.0,0.0,0.0,0.0,0.0,0.0,0.0,0.0,0.0,0.0,0.0,0.0,0.0,0.0,0.0,0.0,0.0,0.0,0.0,0.0,0.0,0.0,0.0,0.0,0.0,1.47,0.0,0.0,0.0,0.0,0.0,0.0,0.0,0.0,0.0,0.0,0.0,0.0,0.0,0.0,0.0,0.0,0.0,0.0,0.0,0.0,0.0,0.0,0.0,0.0,0.0,0.0,3.95
10.1088/1751-8113/48/6/065304,6.23,0.0,0.0,1.41,0.0,0.0,1.56,0.0,0.0,0.0,0.0,1.03,0.0,0.0,1.04,3.58,3.08,0.0,0.0,0.0,0.0,0.0,0.0,0.0,0.0,0.0,0.0,0.0,0.0,0.0,2.37,0.0,0.0,0.0,0.0,0.0,0.0,0.0,0.0,0.0,0.0,1.85,0.0,0.0,0.0,0.0,0.0,0.0,0.0,0.0,0.0,0.0,0.0,0.0,0.0,0.0,0.0,0.0,0.0,0.0,0.0,0.0,0.0
10.1016/j.physleta.2014.08.015,0.0,2.71,0.0,1.41,1.29,0.0,0.78,0.0,0.0,0.0,0.0,3.1,0.0,0.0,1.04,0.0,3.08,0.0,0.0,0.0,0.0,0.0,11.27,0.0,0.0,0.0,0.0,0.0,0.0,0.0,0.0,0.0,0.0,0.0,0.0,0.0,0.0,1.91,0.0,0.0,0.0,0.0,0.0,0.0,0.0,0.0,0.0,0.0,0.0,0.0,0.0,0.0,0.0,0.0,0.0,0.0,0.0,2.17,0.0,0.0,0.0,0.0,0.0
10.1038/srep12685,0.0,4.07,1.42,0.0,0.64,2.8,0.0,2.45,0.0,2.44,0.0,0.0,0.0,0.0,0.0,0.0,0.0,0.0,0.0,0.0,1.99,0.0,0.0,1.8,0.0,0.0,0.0,2.13,0.0,0.0,0.0,0.0,0.0,2.23,2.09,0.0,0.0,0.0,0.0,0.0,0.0,1.85,0.0,0.0,1.61,2.23,0.0,0.0,0.0,0.0,1.96,0.0,0.0,0.0,0.0,0.0,0.0,0.0,2.15,2.21,0.0,0.0,0.0
10.1103/PhysRevB.92.121301,0.0,0.0,0.0,0.0,0.0,0.93,2.34,0.0,0.0,1.22,7.28,0.0,0.0,4.27,0.0,0.0,0.0,0.0,0.0,0.0,0.0,0.0,0.0,0.0,0.0,0.0,0.0,0.0,0.0,0.0,0.0,0.0,0.0,0.0,0.0,1.47,0.0,3.82,0.0,0.0,0.0,0.0,0.0,0.0,0.0,0.0,0.0,0.0,0.0,6.83,0.0,0.0,0.0,0.0,0.0,0.0,0.0,0.0,0.0,0.0,0.0,0.0,0.0
10.1103/PhysRevB.91.235411,0.0,8.13,0.0,0.0,0.64,0.0,2.34,0.0,4.58,0.0,0.0,0.0,0.0,0.0,0.0,5.37,0.0,0.0,0.0,0.0,0.0,0.0,0.0,0.0,0.0,0.0,0.0,0.0,0.0,0.0,0.0,0.0,1.86,0.0,0.0,0.0,0.0,0.0,0.0,0.0,0.0,1.85,0.0,0.0,0.0,0.0,0.0,0.0,0.0,0.0,7.84,0.0,0.0,0.0,0.0,0.0,0.0,6.5,0.0,0.0,0.0,0.0,1.98
10.1038/ncomms7348,0.0,1.36,0.0,1.41,0.64,0.0,1.56,0.0,0.0,0.0,0.0,0.0,0.0,0.0,3.12,0.0,0.0,0.0,0.0,0.0,0.0,0.0,0.0,7.22,2.93,0.0,1.54,0.0,0.0,3.01,0.0,10.97,0.0,0.0,0.0,1.47,0.0,0.0,0.0,0.0,0.0,0.0,0.0,0.0,0.0,0.0,0.0,0.0,0.0,2.28,0.0,0.0,0.0,0.0,0.0,0.0,0.0,0.0,0.0,0.0,0.0,0.0,0.0
10.1103/PhysRevB.92.125434,0.89,0.0,0.0,0.0,2.58,0.0,0.0,0.0,9.16,0.0,0.0,0.0,0.0,0.0,0.0,0.0,3.08,0.0,2.15,0.0,0.0,2.21,0.0,0.0,0.0,0.0,0.0,2.13,1.67,0.0,0.0,0.0,0.0,0.0,0.0,0.0,0.0,0.0,0.0,0.0,0.0,0.0,0.0,0.0,0.0,0.0,0.0,0.0,0.0,0.0,0.0,0.0,0.0,0.0,0.0,0.0,0.0,0.0,0.0,0.0,0.0,0.0,0.0
10.1038/ncomms9603,0.0,0.0,1.42,0.0,0.64,0.93,0.0,0.0,0.0,0.0,0.0,1.03,0.0,0.0,1.04,0.0,0.0,0.0,0.0,0.0,0.0,0.0,0.0,0.0,0.0,0.0,0.0,0.0,0.0,0.0,0.0,0.0,0.0,0.0,0.0,0.0,0.0,0.0,0.0,1.98,0.0,0.0,0.0,6.26,0.0,0.0,0.0,2.6,0.0,0.0,0.0,4.42,0.0,0.0,0.0,0.0,0.0,0.0,0.0,2.21,0.0,4.91,0.0
10.1103/PhysRevB.92.115424,0.0,0.0,0.0,0.71,1.29,0.0,2.34,0.0,0.0,0.0,4.85,0.0,0.0,0.0,0.0,0.0,0.0,0.0,0.0,0.0,0.0,0.0,0.0,1.8,0.0,0.0,0.0,0.0,0.0,0.0,2.37,0.0,0.0,0.0,0.0,0.0,0.0,0.0,0.0,0.0,0.0,0.0,0.0,2.09,0.0,6.69,2.19,0.0,0.0,0.0,0.0,2.21,0.0,0.0,0.0,0.0,0.0,0.0,0.0,0.0,0.0,0.0,0.0
10.1038/ncomms9748,3.56,2.71,0.0,0.0,0.64,0.0,0.0,0.0,0.0,4.87,0.0,0.0,0.0,4.27,0.0,0.0,0.0,0.0,0.0,0.0,0.0,0.0,0.0,0.0,0.0,0.0,0.0,0.0,0.0,0.0,0.0,0.0,0.0,0.0,4.17,0.0,0.0,0.0,1.85,0.0,0.0,0.0,0.0,0.0,0.0,0.0,0.0,0.0,0.0,0.0,0.0,0.0,0.0,0.0,0.0,0.0,0.0,0.0,0.0,2.21,6.5,0.0,0.0
10.1126/sciadv.1500214,0.0,4.07,2.85,0.71,0.64,0.93,0.78,0.0,1.53,3.65,0.0,0.0,0.0,0.0,0.0,1.79,4.61,0.0,0.0,0.0,0.0,2.21,0.0,0.0,0.0,0.0,0.0,0.0,3.34,1.51,4.75,0.0,0.0,0.0,0.0,1.47,0.0,0.0,0.0,0.0,0.0,0.0,0.0,0.0,0.0,0.0,0.0,0.0,0.0,0.0,0.0,0.0,0.0,0.0,0.0,0.0,0.0,0.0,0.0,0.0,0.0,0.0,0.0
10.1103/PhysRevB.91.075435,1.78,0.0,0.0,0.71,2.58,0.93,3.12,0.0,0.0,1.22,0.0,0.0,0.0,0.0,0.0,3.58,0.0,0.0,0.0,0.0,0.0,0.0,0.0,0.0,0.0,0.0,0.0,0.0,0.0,0.0,0.0,0.0,0.0,0.0,0.0,0.0,0.0,1.91,0.0,0.0,0.0,1.85,0.0,0.0,0.0,0.0,0.0,0.0,2.4,0.0,1.96,0.0,0.0,0.0,0.0,0.0,0.0,0.0,0.0,0.0,0.0,0.0,0.0
10.1103/PhysRevLett.114.226803,1.78,0.0,1.42,1.41,0.0,0.0,2.34,2.45,0.0,1.22,0.0,1.03,0.0,1.42,1.04,3.58,3.08,0.0,0.0,0.0,0.0,0.0,0.0,0.0,0.0,0.0,0.0,0.0,0.0,0.0,0.0,0.0,0.0,0.0,0.0,0.0,0.0,0.0,0.0,0.0,0.0,0.0,0.0,0.0,0.0,0.0,0.0,0.0,0.0,0.0,0.0,0.0,0.0,0.0,0.0,0.0,0.0,0.0,4.29,0.0,0.0,0.0,0.0
10.1103/PhysRevLett.115.166806,0.0,0.0,1.42,3.53,2.58,0.0,0.0,7.36,7.64,0.0,0.0,0.0,0.0,5.69,0.0,0.0,0.0,0.0,0.0,0.0,0.0,0.0,0.0,0.0,0.0,0.0,0.0,0.0,0.0,0.0,0.0,0.0,0.0,0.0,0.0,0.0,0.0,0.0,0.0,3.95,0.0,0.0,0.0,0.0,1.61,0.0,0.0,0.0,0.0,0.0,0.0,0.0,0.0,0.0,0.0,0.0,0.0,0.0,0.0,0.0,0.0,0.0,0.0
10.1038/srep11321,4.45,0.0,0.0,1.41,1.29,0.0,0.78,0.0,0.0,1.22,0.0,0.0,2.09,1.42,0.0,0.0,0.0,0.0,0.0,0.0,0.0,0.0,0.0,0.0,0.0,0.0,1.54,0.0,0.0,0.0,0.0,0.0,0.0,0.0,0.0,1.47,0.0,7.64,0.0,0.0,0.0,0.0,0.0,0.0,0.0,0.0,0.0,0.0,0.0,0.0,0.0,0.0,0.0,0.0,2.35,0.0,0.0,0.0,0.0,0.0,4.33,0.0,0.0
10.1088/0953-4075/48/11/115302,0.0,0.0,0.0,0.0,0.64,0.93,0.0,0.0,0.0,0.0,0.0,1.03,0.0,0.0,3.12,0.0,0.0,0.0,0.0,5.98,0.0,0.0,0.0,0.0,0.0,0.0,0.0,2.13,0.0,0.0,0.0,0.0,3.73,0.0,0.0,0.0,0.0,0.0,0.0,0.0,0.0,0.0,0.0,6.26,0.0,0.0,0.0,0.0,0.0,0.0,0.0,0.0,0.0,0.0,0.0,0.0,0.0,0.0,0.0,0.0,0.0,0.0,1.98
10.1103/PhysRevA.92.062346,3.56,0.0,0.0,0.0,1.29,0.0,0.78,0.0,0.0,2.44,0.0,0.0,6.26,1.42,0.0,0.0,0.0,0.0,0.0,0.0,0.0,0.0,0.0,5.41,1.46,2.48,0.0,0.0,1.67,3.01,0.0,0.0,0.0,0.0,0.0,1.47,0.0,1.91,0.0,0.0,0.0,0.0,0.0,0.0,1.61,0.0,0.0,0.0,0.0,0.0,0.0,0.0,0.0,0.0,0.0,0.0,0.0,0.0,0.0,0.0,0.0,0.0,1.98
10.1209/0295-5075/110/33001,0.0,0.0,0.0,0.71,1.93,0.0,0.0,0.0,0.0,0.0,0.0,0.0,0.0,0.0,1.04,1.79,0.0,0.0,0.0,0.0,0.0,0.0,0.0,0.0,0.0,0.0,0.0,0.0,0.0,0.0,0.0,0.0,0.0,0.0,0.0,0.0,0.0,0.0,0.0,1.98,2.71,0.0,0.0,0.0,0.0,0.0,0.0,0.0,0.0,0.0,1.96,0.0,0.0,4.55,0.0,0.0,8.23,0.0,0.0,0.0,0.0,0.0,0.0
10.1007/s11128-015-1088-8,0.0,0.0,0.0,0.0,3.87,4.66,0.0,0.0,0.0,0.0,0.0,1.03,0.0,1.42,2.08,1.79,0.0,0.0,0.0,0.0,0.0,0.0,13.52,0.0,0.0,0.0,0.0,4.25,0.0,0.0,0.0,0.0,1.86,0.0,0.0,0.0,0.0,0.0,0.0,0.0,0.0,0.0,0.0,4.17,1.61,0.0,0.0,0.0,0.0,0.0,1.96,0.0,0.0,0.0,0.0,0.0,0.0,0.0,0.0,0.0,4.33,0.0,0.0
10.1103/PhysRevB.91.035305,0.0,0.0,0.0,0.0,0.64,2.8,1.56,0.0,0.0,2.44,9.71,0.0,0.0,0.0,1.04,0.0,0.0,0.0,0.0,0.0,0.0,0.0,0.0,0.0,1.46,0.0,1.54,0.0,0.0,1.51,0.0,8.23,0.0,0.0,0.0,0.0,0.0,1.91,1.85,0.0,0.0,0.0,0.0,0.0,0.0,0.0,0.0,0.0,0.0,0.0,0.0,0.0,0.0,0.0,0.0,0.0,0.0,0.0,0.0,0.0,0.0,0.0,0.0
10.1364/JOSAB.32.001323,0.0,0.0,0.0,0.0,1.29,0.93,0.78,0.0,0.0,0.0,0.0,1.03,6.26,1.42,0.0,0.0,1.54,0.0,0.0,0.0,0.0,0.0,0.0,0.0,0.0,0.0,0.0,0.0,0.0,0.0,0.0,0.0,0.0,0.0,0.0,1.47,0.0,9.55,0.0,0.0,0.0,0.0,5.41,0.0,0.0,0.0,0.0,0.0,0.0,0.0,0.0,0.0,0.0,0.0,0.0,0.0,0.0,2.17,0.0,0.0,0.0,0.0,0.0
10.1103/PhysRevLett.114.053603,0.89,0.0,0.0,0.0,1.29,0.0,0.0,0.0,0.0,0.0,0.0,0.0,6.26,1.42,0.0,0.0,0.0,0.0,0.0,1.99,1.99,0.0,6.76,0.0,0.0,0.0,1.54,0.0,0.0,0.0,0.0,0.0,0.0,0.0,4.17,1.47,0.0,1.91,0.0,0.0,0.0,0.0,0.0,0.0,0.0,0.0,0.0,0.0,0.0,0.0,0.0,0.0,0.0,0.0,0.0,0.0,0.0,0.0,0.0,0.0,0.0,0.0,0.0
10.1103/PhysRevB.92.161403,0.0,13.56,4.27,0.71,0.0,0.0,0.0,4.91,0.0,1.22,0.0,0.0,0.0,0.0,2.08,0.0,0.0,0.0,0.0,0.0,0.0,0.0,0.0,3.61,1.46,0.0,0.0,0.0,0.0,0.0,2.37,27.42,0.0,0.0,0.0,0.0,0.0,0.0,0.0,3.95,0.0,0.0,0.0,2.09,1.61,0.0,0.0,0.0,0.0,0.0,0.0,0.0,0.0,0.0,0.0,0.0,0.0,0.0,0.0,0.0,0.0,0.0,0.0
10.1103/PhysRevB.92.165201,0.0,0.0,5.69,1.41,0.64,0.0,0.0,17.18,1.53,0.0,0.0,0.0,0.0,0.0,0.0,0.0,0.0,0.0,4.29,0.0,0.0,0.0,0.0,0.0,1.46,0.0,0.0,0.0,0.0,0.0,0.0,0.0,0.0,0.0,0.0,0.0,0.0,0.0,1.85,0.0,0.0,0.0,0.0,2.09,1.61,0.0,0.0,0.0,0.0,0.0,0.0,0.0,0.0,0.0,0.0,0.0,0.0,0.0,0.0,0.0,0.0,0.0,0.0
10.1038/srep10076,0.0,0.0,0.0,0.0,0.0,0.0,0.78,0.0,0.0,2.44,0.0,0.0,0.0,0.0,3.12,0.0,0.0,0.0,0.0,0.0,0.0,0.0,0.0,0.0,0.0,0.0,0.0,0.0,0.0,0.0,2.37,0.0,0.0,0.0,0.0,1.47,0.0,0.0,0.0,0.0,0.0,0.0,0.0,0.0,0.0,0.0,0.0,0.0,0.0,0.0,0.0,0.0,0.0,0.0,0.0,0.0,0.0,0.0,0.0,0.0,0.0,0.0,0.0
10.1103/PhysRevB.92.195428,0.0,1.36,0.0,1.41,0.0,3.73,0.78,0.0,0.0,1.22,0.0,0.0,0.0,0.0,0.0,0.0,0.0,0.0,0.0,0.0,0.0,0.0,0.0,0.0,0.0,0.0,0.0,0.0,0.0,0.0,0.0,2.74,3.73,0.0,0.0,0.0,1.88,1.91,0.0,0.0,0.0,0.0,0.0,0.0,1.61,0.0,0.0,0.0,0.0,0.0,0.0,0.0,0.0,0.0,0.0,0.0,0.0,0.0,0.0,0.0,0.0,0.0,0.0
10.1103/PhysRevX.5.031024,1.78,0.0,5.69,2.12,0.64,0.0,3.9,9.82,7.64,0.0,0.0,1.03,0.0,0.0,1.04,0.0,1.54,0.0,2.15,0.0,0.0,0.0,0.0,0.0,1.46,0.0,0.0,0.0,0.0,1.51,0.0,0.0,0.0,0.0,0.0,0.0,0.0,0.0,0.0,3.95,0.0,0.0,0.0,4.17,0.0,0.0,2.19,0.0,0.0,0.0,0.0,2.21,0.0,0.0,0.0,0.0,0.0,0.0,0.0,0.0,0.0,2.45,0.0
10.1038/srep17013,0.0,0.0,0.0,0.0,2.58,0.0,0.0,0.0,0.0,0.0,0.0,0.0,0.0,0.0,1.04,0.0,0.0,0.0,0.0,0.0,0.0,0.0,0.0,7.22,4.39,0.0,0.0,0.0,0.0,0.0,0.0,0.0,0.0,0.0,0.0,0.0,0.0,0.0,0.0,0.0,0.0,0.0,0.0,0.0,0.0,0.0,0.0,0.0,0.0,2.28,0.0,0.0,0.0,0.0,0.0,0.0,0.0,0.0,0.0,0.0,2.17,0.0,1.98
10.1103/PhysRevB.92.075302,0.0,0.0,0.0,0.0,0.64,0.0,0.78,0.0,0.0,1.22,0.0,2.07,6.26,0.0,0.0,1.79,1.54,0.0,0.0,0.0,0.0,0.0,0.0,0.0,0.0,0.0,0.0,0.0,0.0,0.0,2.37,0.0,0.0,0.0,0.0,0.0,1.88,0.0,0.0,0.0,0.0,1.85,0.0,0.0,0.0,0.0,0.0,0.0,0.0,0.0,0.0,0.0,0.0,0.0,9.4,0.0,0.0,0.0,0.0,0.0,0.0,2.45,0.0
10.1140/epjd/e2015-60223-4,0.0,0.0,0.0,0.0,0.64,0.0,0.0,0.0,0.0,0.0,0.0,2.07,0.0,0.0,0.0,0.0,0.0,0.0,0.0,0.0,0.0,0.0,6.76,0.0,0.0,0.0,0.0,0.0,0.0,0.0,0.0,0.0,0.0,0.0,0.0,1.47,0.0,0.0,1.85,0.0,0.0,0.0,0.0,2.09,0.0,8.92,0.0,0.0,0.0,0.0,1.96,0.0,0.0,0.0,2.35,0.0,0.0,0.0,0.0,0.0,0.0,0.0,1.98
10.1039/c5dt02609a,0.0,0.0,0.0,0.71,0.0,0.0,0.0,0.0,0.0,0.0,0.0,1.03,0.0,0.0,0.0,0.0,0.0,0.0,0.0,0.0,3.99,0.0,0.0,0.0,0.0,0.0,0.0,0.0,0.0,0.0,0.0,0.0,0.0,0.0,0.0,0.0,0.0,0.0,0.0,0.0,2.71,7.39,0.0,0.0,1.61,0.0,0.0,0.0,0.0,0.0,1.96,0.0,0.0,2.28,0.0,5.48,0.0,0.0,0.0,0.0,0.0,0.0,0.0
10.1364/OPTICA.2.000233,0.0,0.0,0.0,0.0,3.22,0.93,0.0,0.0,0.0,3.65,0.0,0.0,0.0,0.0,0.0,0.0,0.0,0.0,0.0,0.0,11.97,0.0,0.0,0.0,1.46,4.97,0.0,2.13,0.0,0.0,4.75,0.0,1.86,0.0,8.35,0.0,0.0,0.0,0.0,1.98,0.0,0.0,0.0,0.0,0.0,0.0,0.0,0.0,0.0,0.0,0.0,2.21,0.0,0.0,0.0,0.0,0.0,0.0,0.0,4.42,0.0,0.0,0.0
10.1140/epjb/e2015-50768-3,0.0,0.0,0.0,2.12,0.0,3.73,0.0,0.0,0.0,0.0,0.0,0.0,0.0,0.0,0.0,0.0,0.0,0.0,0.0,0.0,0.0,0.0,0.0,3.61,0.0,0.0,0.0,0.0,0.0,0.0,0.0,0.0,0.0,0.0,0.0,0.0,5.64,0.0,3.7,0.0,5.41,0.0,0.0,0.0,0.0,0.0,0.0,0.0,0.0,0.0,0.0,0.0,0.0,0.0,0.0,0.0,0.0,0.0,0.0,0.0,0.0,2.45,1.98
10.1134/S1070328415080060,0.0,0.0,0.0,0.0,0.0,0.0,0.0,0.0,0.0,0.0,0.0,0.0,0.0,0.0,2.08,5.37,0.0,0.0,0.0,0.0,0.0,0.0,0.0,0.0,0.0,0.0,0.0,0.0,0.0,0.0,0.0,0.0,0.0,0.0,0.0,0.0,0.0,0.0,0.0,0.0,0.0,0.0,0.0,0.0,0.0,0.0,0.0,0.0,0.0,0.0,0.0,0.0,0.0,2.28,0.0,8.23,2.74,0.0,0.0,0.0,0.0,0.0,0.0
10.1103/PhysRevB.92.155314,0.0,0.0,1.42,1.41,0.0,0.0,2.34,0.0,0.0,0.0,0.0,0.0,0.0,0.0,1.04,0.0,0.0,0.0,0.0,0.0,0.0,0.0,0.0,0.0,0.0,0.0,0.0,0.0,0.0,0.0,0.0,0.0,0.0,0.0,0.0,0.0,0.0,0.0,0.0,0.0,0.0,0.0,0.0,2.09,0.0,0.0,0.0,0.0,0.0,0.0,0.0,0.0,0.0,0.0,0.0,0.0,0.0,0.0,0.0,0.0,0.0,0.0,0.0
10.1103/PhysRevB.92.035403,1.78,0.0,0.0,4.94,0.64,0.0,0.0,0.0,3.05,0.0,0.0,1.03,0.0,0.0,1.04,1.79,0.0,0.0,0.0,0.0,0.0,0.0,4.51,0.0,0.0,0.0,0.0,0.0,0.0,1.51,0.0,0.0,0.0,0.0,0.0,0.0,0.0,0.0,0.0,0.0,0.0,0.0,0.0,2.09,0.0,0.0,0.0,0.0,0.0,0.0,0.0,0.0,0.0,2.28,2.35,0.0,0.0,0.0,0.0,0.0,0.0,0.0,0.0
10.1109/JSTQE.2014.2321523,3.56,0.0,0.0,0.0,0.0,0.0,0.78,0.0,0.0,1.22,0.0,0.0,2.09,0.0,0.0,0.0,1.54,0.0,0.0,0.0,0.0,0.0,0.0,0.0,0.0,0.0,0.0,0.0,0.0,0.0,0.0,0.0,0.0,0.0,0.0,0.0,0.0,5.73,0.0,0.0,0.0,0.0,2.71,0.0,0.0,0.0,0.0,0.0,0.0,0.0,0.0,0.0,0.0,0.0,4.7,0.0,0.0,0.0,0.0,0.0,10.83,0.0,0.0
10.1088/1367-2630/17/12/122003,0.0,0.0,0.0,0.0,0.64,0.93,0.0,0.0,0.0,0.0,0.0,2.07,2.09,0.0,0.0,0.0,0.0,0.0,0.0,0.0,0.0,0.0,0.0,0.0,0.0,0.0,0.0,0.0,0.0,0.0,0.0,0.0,0.0,0.0,4.17,0.0,1.88,0.0,1.85,1.98,2.71,0.0,13.53,0.0,0.0,0.0,0.0,7.81,0.0,0.0,0.0,0.0,2.48,0.0,0.0,0.0,0.0,0.0,0.0,4.42,0.0,0.0,0.0
10.1039/c5qi00142k,0.0,0.0,0.0,0.0,0.0,2.8,0.0,0.0,1.53,0.0,0.0,0.0,0.0,0.0,0.0,0.0,0.0,0.0,0.0,0.0,0.0,0.0,0.0,1.8,0.0,0.0,0.0,0.0,0.0,0.0,0.0,2.74,0.0,0.0,0.0,0.0,0.0,0.0,1.85,0.0,5.41,1.85,0.0,0.0,0.0,0.0,0.0,0.0,0.0,4.55,0.0,0.0,0.0,0.0,0.0,2.74,0.0,2.17,2.15,0.0,0.0,0.0,0.0
10.1126/science.aaa4298,0.0,5.42,0.0,1.41,0.64,0.93,0.0,0.0,0.0,0.0,0.0,0.0,0.0,0.0,0.0,0.0,0.0,0.0,0.0,0.0,1.99,0.0,0.0,0.0,0.0,0.0,1.54,0.0,0.0,0.0,0.0,0.0,0.0,0.0,2.09,0.0,0.0,0.0,1.85,0.0,0.0,0.0,0.0,0.0,0.0,0.0,0.0,0.0,0.0,0.0,0.0,0.0,0.0,6.83,2.35,0.0,0.0,0.0,0.0,2.21,0.0,0.0,0.0
10.1103/PhysRevB.92.121202,0.0,0.0,2.85,1.41,0.0,0.93,0.0,12.27,0.0,2.44,4.85,0.0,0.0,0.0,1.04,0.0,0.0,0.0,0.0,0.0,0.0,0.0,0.0,0.0,0.0,0.0,0.0,0.0,0.0,0.0,0.0,0.0,0.0,0.0,0.0,0.0,1.88,0.0,1.85,3.95,0.0,0.0,0.0,0.0,0.0,0.0,0.0,0.0,0.0,0.0,0.0,0.0,0.0,0.0,0.0,0.0,0.0,0.0,0.0,0.0,0.0,0.0,0.0
10.1103/PhysRevB.91.195417,0.0,0.0,0.0,1.41,0.0,5.59,1.56,0.0,0.0,1.22,0.0,1.03,0.0,0.0,0.0,0.0,0.0,0.0,0.0,0.0,0.0,0.0,0.0,0.0,0.0,0.0,3.08,0.0,1.67,0.0,0.0,0.0,0.0,0.0,0.0,0.0,3.76,0.0,0.0,0.0,0.0,0.0,0.0,0.0,0.0,0.0,0.0,0.0,0.0,0.0,0.0,0.0,0.0,0.0,0.0,0.0,0.0,2.17,0.0,0.0,0.0,0.0,0.0
10.1038/NNANO.2015.60,0.0,0.0,0.0,0.0,1.29,0.93,3.9,0.0,0.0,1.22,0.0,0.0,4.17,0.0,0.0,0.0,0.0,5.34,0.0,0.0,0.0,0.0,0.0,0.0,0.0,0.0,0.0,0.0,0.0,1.51,0.0,0.0,0.0,0.0,0.0,2.95,0.0,0.0,0.0,5.93,0.0,1.85,0.0,0.0,1.61,0.0,2.19,0.0,0.0,2.28,0.0,0.0,2.48,6.83,0.0,0.0,0.0,0.0,0.0,0.0,0.0,0.0,0.0
10.1039/c5nr04273a,0.89,0.0,0.0,1.41,1.29,0.93,1.56,0.0,0.0,0.0,0.0,1.03,0.0,0.0,0.0,0.0,3.08,0.0,0.0,1.99,0.0,0.0,0.0,0.0,0.0,0.0,1.54,0.0,5.01,0.0,0.0,0.0,0.0,0.0,0.0,0.0,0.0,0.0,0.0,0.0,0.0,0.0,0.0,0.0,1.61,0.0,0.0,0.0,0.0,0.0,0.0,0.0,0.0,0.0,0.0,0.0,0.0,4.33,4.29,0.0,0.0,0.0,0.0
10.1088/1367-2630/18/5/053024,0.89,0.0,0.0,0.0,0.64,0.0,1.56,0.0,1.53,1.22,0.0,0.0,0.0,1.42,0.0,0.0,0.0,0.0,0.0,0.0,0.0,0.0,0.0,0.0,0.0,0.0,0.0,0.0,1.67,0.0,0.0,0.0,0.0,0.0,0.0,1.47,0.0,0.0,0.0,0.0,0.0,0.0,0.0,0.0,0.0,0.0,0.0,0.0,0.0,0.0,0.0,0.0,0.0,0.0,0.0,0.0,0.0,0.0,0.0,0.0,0.0,0.0,0.0
10.1038/nature16984,0.89,0.0,0.0,0.0,1.29,0.93,0.0,0.0,0.0,0.0,0.0,0.0,0.0,0.0,2.08,0.0,0.0,0.0,0.0,0.0,0.0,0.0,0.0,7.22,4.39,0.0,0.0,0.0,0.0,0.0,0.0,0.0,0.0,0.0,0.0,1.47,0.0,0.0,0.0,3.95,0.0,0.0,0.0,2.09,0.0,2.23,0.0,0.0,0.0,4.55,0.0,0.0,0.0,0.0,0.0,0.0,5.48,0.0,0.0,0.0,0.0,0.0,0.0
10.1103/PhysRevB.93.235428,0.0,2.71,0.0,0.71,0.0,0.0,1.56,0.0,6.11,0.0,0.0,1.03,4.17,0.0,0.0,0.0,0.0,5.34,0.0,0.0,0.0,0.0,0.0,1.8,0.0,0.0,1.54,0.0,1.67,0.0,0.0,0.0,1.86,0.0,0.0,0.0,0.0,0.0,5.54,0.0,0.0,0.0,0.0,0.0,0.0,0.0,0.0,2.6,0.0,0.0,0.0,0.0,0.0,0.0,0.0,0.0,0.0,0.0,2.15,0.0,0.0,2.45,0.0
10.1039/c5dt04062k,0.0,0.0,0.0,0.71,0.0,0.0,0.0,0.0,0.0,0.0,0.0,0.0,0.0,0.0,0.0,0.0,0.0,0.0,0.0,0.0,0.0,0.0,0.0,0.0,0.0,0.0,0.0,0.0,0.0,0.0,0.0,0.0,0.0,0.0,0.0,0.0,0.0,0.0,0.0,0.0,0.0,0.0,0.0,0.0,0.0,0.0,0.0,0.0,0.0,0.0,0.0,0.0,0.0,4.55,0.0,5.48,0.0,0.0,0.0,0.0,0.0,0.0,0.0
10.1088/0957-4484/27/24/244001,1.78,1.36,1.42,0.0,0.64,0.93,0.0,0.0,1.53,1.22,9.71,0.0,0.0,1.42,2.08,1.79,0.0,0.0,0.0,9.97,0.0,0.0,2.25,0.0,0.0,2.48,0.0,0.0,0.0,0.0,0.0,0.0,0.0,0.0,0.0,1.47,1.88,0.0,0.0,0.0,0.0,1.85,0.0,0.0,0.0,0.0,0.0,0.0,0.0,0.0,0.0,0.0,12.41,0.0,0.0,0.0,0.0,0.0,0.0,0.0,2.17,0.0,1.98
10.1103/PhysRevB.94.205421,1.78,0.0,2.85,0.71,0.0,0.0,0.78,0.0,0.0,0.0,0.0,1.03,0.0,1.42,1.04,5.37,1.54,0.0,2.15,0.0,0.0,0.0,2.25,0.0,1.46,4.97,0.0,0.0,0.0,1.51,0.0,0.0,0.0,0.0,0.0,0.0,1.88,0.0,0.0,0.0,0.0,0.0,0.0,0.0,0.0,0.0,0.0,2.6,0.0,0.0,0.0,0.0,0.0,0.0,0.0,0.0,0.0,4.33,0.0,0.0,0.0,0.0,0.0
10.1038/srep23169,0.0,0.0,0.0,0.71,0.0,0.0,1.56,0.0,0.0,0.0,0.0,0.0,0.0,0.0,0.0,0.0,0.0,0.0,12.88,0.0,0.0,0.0,0.0,0.0,1.46,0.0,0.0,0.0,0.0,1.51,0.0,0.0,0.0,0.0,0.0,1.47,0.0,0.0,0.0,0.0,0.0,0.0,0.0,2.09,0.0,0.0,0.0,10.42,0.0,0.0,0.0,0.0,0.0,0.0,0.0,0.0,0.0,4.33,0.0,0.0,0.0,0.0,0.0
10.1103/PhysRevX.6.021040,0.0,0.0,0.0,0.0,0.0,0.0,0.0,0.0,0.0,1.22,0.0,0.0,0.0,1.42,0.0,0.0,0.0,0.0,0.0,0.0,3.99,2.21,2.25,3.61,0.0,0.0,0.0,0.0,0.0,0.0,0.0,0.0,0.0,0.0,0.0,0.0,0.0,0.0,0.0,0.0,0.0,0.0,0.0,0.0,0.0,0.0,0.0,0.0,0.0,0.0,0.0,0.0,0.0,0.0,0.0,0.0,0.0,0.0,0.0,4.42,0.0,0.0,0.0
10.1007/s11433-016-0015-3,0.0,1.36,0.0,0.0,1.29,0.0,0.0,0.0,0.0,0.0,0.0,0.0,0.0,0.0,0.0,0.0,0.0,0.0,0.0,0.0,0.0,0.0,0.0,0.0,0.0,0.0,0.0,0.0,0.0,0.0,0.0,0.0,0.0,0.0,0.0,0.0,0.0,1.91,0.0,0.0,0.0,0.0,0.0,0.0,0.0,0.0,0.0,0.0,2.4,0.0,0.0,0.0,2.48,0.0,0.0,0.0,0.0,0.0,0.0,0.0,0.0,0.0,0.0
10.1038/ncomms13575,2.67,0.0,4.27,0.0,0.0,0.0,1.56,0.0,0.0,2.44,2.43,0.0,0.0,0.0,0.0,0.0,0.0,0.0,0.0,0.0,0.0,0.0,0.0,0.0,0.0,0.0,0.0,2.13,5.01,1.51,0.0,0.0,0.0,0.0,0.0,0.0,0.0,0.0,1.85,0.0,0.0,0.0,0.0,0.0,0.0,0.0,0.0,0.0,2.4,0.0,0.0,0.0,0.0,2.28,0.0,0.0,0.0,0.0,0.0,0.0,0.0,2.45,0.0
10.1103/PhysRevB.94.045435,0.89,6.78,0.0,0.0,2.58,0.93,0.78,0.0,1.53,0.0,0.0,4.14,0.0,0.0,1.04,1.79,0.0,0.0,0.0,0.0,0.0,0.0,0.0,0.0,0.0,0.0,0.0,0.0,0.0,6.02,0.0,0.0,0.0,0.0,0.0,0.0,0.0,0.0,0.0,0.0,0.0,0.0,0.0,10.43,0.0,2.23,2.19,0.0,0.0,0.0,0.0,2.21,0.0,0.0,0.0,0.0,0.0,0.0,0.0,0.0,2.17,0.0,1.98
10.1103/PhysRevB.94.045316,3.56,0.0,0.0,0.0,0.0,0.0,1.56,0.0,0.0,1.22,0.0,0.0,0.0,0.0,2.08,5.37,1.54,0.0,0.0,0.0,0.0,0.0,0.0,0.0,0.0,0.0,1.54,2.13,0.0,0.0,0.0,0.0,0.0,0.0,0.0,0.0,0.0,0.0,0.0,0.0,0.0,0.0,0.0,0.0,0.0,0.0,0.0,0.0,0.0,0.0,0.0,0.0,0.0,0.0,0.0,0.0,0.0,0.0,0.0,0.0,4.33,0.0,0.0
10.1038/ncomms12279,0.0,0.0,0.0,0.0,0.0,0.0,0.0,0.0,0.0,0.0,0.0,0.0,0.0,0.0,1.04,0.0,0.0,0.0,0.0,0.0,0.0,0.0,4.51,0.0,2.93,0.0,0.0,2.13,0.0,0.0,0.0,0.0,0.0,0.0,2.09,0.0,0.0,0.0,0.0,0.0,0.0,0.0,0.0,0.0,0.0,0.0,0.0,0.0,0.0,0.0,0.0,0.0,0.0,0.0,0.0,0.0,0.0,0.0,0.0,2.21,0.0,0.0,0.0
10.1103/PhysRevB.93.085420,0.89,4.07,0.0,0.0,0.64,0.93,0.78,0.0,0.0,2.44,0.0,1.03,0.0,0.0,2.08,0.0,0.0,0.0,0.0,0.0,0.0,0.0,0.0,1.8,0.0,0.0,0.0,0.0,0.0,0.0,0.0,0.0,0.0,0.0,0.0,0.0,0.0,0.0,0.0,0.0,0.0,0.0,0.0,0.0,0.0,2.23,0.0,0.0,0.0,0.0,0.0,0.0,0.0,0.0,0.0,0.0,0.0,0.0,0.0,0.0,0.0,0.0,0.0
10.1103/PhysRevB.93.075301,0.0,0.0,0.0,2.12,3.22,0.0,0.78,0.0,0.0,0.0,0.0,2.07,0.0,0.0,1.04,1.79,0.0,0.0,0.0,0.0,0.0,0.0,4.51,0.0,0.0,0.0,0.0,0.0,0.0,0.0,0.0,0.0,0.0,0.0,0.0,0.0,0.0,0.0,0.0,0.0,0.0,0.0,0.0,0.0,0.0,0.0,0.0,0.0,0.0,0.0,0.0,0.0,0.0,0.0,4.7,0.0,0.0,0.0,0.0,0.0,0.0,0.0,0.0
10.1103/PhysRevB.93.121306,0.0,1.36,1.42,0.71,0.64,0.93,0.0,7.36,0.0,0.0,0.0,0.0,0.0,0.0,0.0,0.0,0.0,0.0,0.0,0.0,0.0,0.0,0.0,0.0,1.46,2.48,0.0,0.0,0.0,0.0,0.0,0.0,0.0,0.0,0.0,0.0,0.0,0.0,0.0,9.89,0.0,0.0,0.0,0.0,1.61,0.0,0.0,0.0,0.0,0.0,0.0,0.0,0.0,0.0,0.0,0.0,0.0,0.0,0.0,0.0,0.0,7.36,0.0
10.1038/ncomms11059,0.89,0.0,0.0,0.0,1.29,0.0,0.0,0.0,0.0,1.22,0.0,0.0,0.0,1.42,0.0,0.0,0.0,0.0,0.0,0.0,0.0,0.0,0.0,0.0,0.0,0.0,0.0,0.0,0.0,3.01,0.0,0.0,0.0,0.0,0.0,1.47,0.0,0.0,1.85,0.0,0.0,0.0,0.0,0.0,0.0,0.0,0.0,0.0,0.0,0.0,0.0,0.0,0.0,0.0,0.0,0.0,0.0,2.17,0.0,0.0,0.0,2.45,0.0
10.1103/PhysRevLett.117.015502,0.0,0.0,0.0,0.0,0.0,0.0,0.0,0.0,0.0,1.22,0.0,1.03,0.0,0.0,1.04,0.0,0.0,0.0,0.0,0.0,5.98,0.0,0.0,0.0,0.0,0.0,0.0,0.0,1.67,0.0,0.0,0.0,0.0,0.0,4.17,1.47,0.0,0.0,0.0,0.0,0.0,0.0,0.0,0.0,0.0,0.0,0.0,2.6,0.0,0.0,1.96,0.0,0.0,0.0,0.0,0.0,0.0,0.0,0.0,4.42,0.0,0.0,0.0
10.1103/PhysRevLett.116.246801,1.78,2.71,4.27,0.0,0.0,0.0,0.0,0.0,1.53,0.0,0.0,1.03,4.17,1.42,1.04,0.0,0.0,0.0,0.0,5.98,0.0,2.21,11.27,0.0,0.0,0.0,0.0,0.0,0.0,0.0,0.0,0.0,0.0,0.0,0.0,0.0,0.0,0.0,0.0,0.0,0.0,0.0,2.71,0.0,0.0,0.0,0.0,2.6,0.0,0.0,0.0,0.0,2.48,0.0,0.0,0.0,0.0,0.0,0.0,0.0,0.0,2.45,0.0
10.1021/jacs.5b13408,0.0,0.0,0.0,0.71,0.0,0.93,0.0,0.0,0.0,0.0,0.0,0.0,0.0,0.0,0.0,0.0,0.0,0.0,4.29,0.0,0.0,0.0,0.0,0.0,0.0,0.0,1.54,0.0,1.67,1.51,0.0,0.0,0.0,0.0,0.0,0.0,1.88,0.0,7.39,0.0,0.0,0.0,0.0,0.0,0.0,2.23,0.0,0.0,0.0,0.0,0.0,0.0,0.0,0.0,0.0,0.0,0.0,0.0,0.0,0.0,0.0,0.0,0.0
10.1039/c5sc04295j,0.89,0.0,0.0,0.0,0.64,0.93,0.0,0.0,0.0,0.0,0.0,0.0,0.0,0.0,0.0,0.0,0.0,0.0,4.29,0.0,0.0,0.0,0.0,0.0,1.46,0.0,0.0,6.38,0.0,0.0,0.0,0.0,0.0,0.0,0.0,0.0,0.0,0.0,7.39,0.0,0.0,0.0,0.0,0.0,0.0,4.46,0.0,0.0,0.0,0.0,0.0,0.0,0.0,0.0,0.0,5.48,5.48,0.0,0.0,0.0,0.0,0.0,0.0
10.1007/s00340-016-6527-4,0.0,1.36,0.0,0.71,0.64,2.8,0.0,0.0,0.0,0.0,0.0,0.0,0.0,0.0,0.0,0.0,0.0,0.0,0.0,0.0,0.0,0.0,0.0,1.8,5.85,0.0,3.08,0.0,0.0,0.0,0.0,0.0,1.86,0.0,0.0,0.0,0.0,0.0,0.0,1.98,8.12,0.0,0.0,0.0,0.0,0.0,0.0,0.0,0.0,2.28,0.0,0.0,0.0,2.28,0.0,0.0,0.0,0.0,0.0,0.0,0.0,0.0,0.0
10.1039/c5qi00127g,0.0,0.0,0.0,0.0,0.0,0.0,0.0,0.0,0.0,0.0,0.0,1.03,0.0,0.0,2.08,0.0,0.0,0.0,0.0,0.0,0.0,0.0,0.0,1.8,0.0,0.0,0.0,0.0,0.0,0.0,0.0,2.74,0.0,0.0,0.0,0.0,0.0,0.0,0.0,0.0,10.82,0.0,0.0,0.0,0.0,0.0,0.0,0.0,0.0,0.0,0.0,0.0,0.0,0.0,0.0,5.48,0.0,0.0,0.0,0.0,0.0,0.0,0.0
10.1103/PhysRevB.93.035402,5.34,0.0,0.0,1.41,1.93,0.0,0.0,0.0,0.0,0.0,0.0,0.0,6.26,0.0,1.04,1.79,0.0,0.0,0.0,0.0,7.98,0.0,2.25,1.8,1.46,0.0,0.0,0.0,0.0,0.0,0.0,0.0,0.0,0.0,6.26,0.0,0.0,3.82,0.0,0.0,0.0,0.0,10.82,0.0,1.61,0.0,0.0,0.0,0.0,0.0,0.0,0.0,0.0,0.0,0.0,0.0,0.0,0.0,0.0,2.21,0.0,0.0,0.0
10.1088/1367-2630/18/5/053029,5.34,4.07,0.0,0.0,1.93,4.66,0.0,0.0,0.0,4.87,0.0,0.0,0.0,2.85,0.0,0.0,0.0,0.0,0.0,0.0,1.99,0.0,0.0,0.0,0.0,0.0,1.54,21.26,0.0,0.0,0.0,0.0,3.73,0.0,2.09,1.47,0.0,0.0,0.0,0.0,0.0,0.0,0.0,0.0,0.0,0.0,0.0,0.0,0.0,0.0,0.0,0.0,0.0,0.0,0.0,0.0,0.0,0.0,0.0,2.21,0.0,2.45,0.0
10.1016/j.aop.2016.03.001,0.0,0.0,0.0,0.0,1.93,2.8,0.0,0.0,0.0,0.0,0.0,0.0,0.0,0.0,0.0,0.0,0.0,0.0,0.0,0.0,1.99,0.0,0.0,0.0,0.0,4.97,1.54,0.0,0.0,0.0,0.0,0.0,0.0,0.0,8.35,0.0,0.0,1.91,1.85,0.0,0.0,0.0,0.0,0.0,0.0,0.0,0.0,0.0,0.0,0.0,1.96,0.0,0.0,0.0,0.0,0.0,0.0,0.0,0.0,0.0,0.0,4.91,0.0
10.1039/c6cc05094h,0.0,0.0,0.0,0.71,0.0,1.86,0.0,0.0,0.0,0.0,0.0,0.0,0.0,0.0,0.0,0.0,0.0,0.0,4.29,0.0,0.0,0.0,0.0,0.0,0.0,0.0,1.54,0.0,0.0,0.0,0.0,0.0,0.0,0.0,0.0,0.0,1.88,0.0,0.0,0.0,0.0,0.0,0.0,0.0,1.61,0.0,0.0,0.0,0.0,0.0,0.0,0.0,0.0,0.0,0.0,2.74,0.0,0.0,0.0,0.0,0.0,0.0,0.0
10.1088/0957-4484/27/46/464003,0.89,1.36,0.0,2.82,1.29,0.93,1.56,0.0,0.0,0.0,0.0,8.27,0.0,2.85,0.0,0.0,1.54,0.0,2.15,0.0,0.0,0.0,0.0,0.0,0.0,14.9,0.0,0.0,1.67,0.0,2.37,0.0,1.86,0.0,0.0,0.0,0.0,1.91,0.0,0.0,0.0,0.0,2.71,0.0,1.61,2.23,0.0,0.0,0.0,0.0,1.96,0.0,0.0,0.0,0.0,0.0,0.0,0.0,0.0,0.0,0.0,12.27,0.0
10.1039/c6dt02664h,1.78,0.0,0.0,0.0,0.0,0.0,0.0,0.0,0.0,0.0,0.0,0.0,0.0,0.0,1.04,0.0,0.0,0.0,0.0,0.0,0.0,0.0,0.0,0.0,1.46,2.48,0.0,0.0,5.01,0.0,0.0,0.0,0.0,0.0,0.0,0.0,0.0,0.0,0.0,0.0,0.0,0.0,0.0,0.0,0.0,0.0,0.0,0.0,4.8,0.0,1.96,0.0,0.0,0.0,0.0,0.0,5.48,0.0,0.0,0.0,6.5,0.0,0.0
10.1103/PhysRevB.94.205413,0.89,0.0,0.0,2.82,3.87,0.93,0.78,0.0,0.0,0.0,0.0,2.07,0.0,0.0,0.0,0.0,0.0,0.0,0.0,0.0,0.0,0.0,0.0,0.0,0.0,4.97,0.0,2.13,0.0,0.0,0.0,0.0,1.86,0.0,0.0,2.95,1.88,0.0,0.0,0.0,0.0,0.0,0.0,0.0,0.0,0.0,0.0,10.42,0.0,0.0,0.0,0.0,0.0,0.0,0.0,0.0,0.0,0.0,0.0,0.0,0.0,0.0,0.0
10.1134/S1028335816080048,0.0,0.0,0.0,2.82,1.29,0.93,2.34,0.0,0.0,0.0,0.0,0.0,0.0,0.0,0.0,0.0,0.0,0.0,0.0,0.0,0.0,0.0,0.0,0.0,0.0,0.0,0.0,0.0,0.0,0.0,0.0,0.0,0.0,0.0,0.0,0.0,0.0,0.0,0.0,0.0,0.0,7.39,0.0,0.0,0.0,0.0,0.0,0.0,0.0,0.0,0.0,0.0,0.0,0.0,2.35,0.0,0.0,0.0,4.29,0.0,2.17,0.0,0.0
10.1063/1.4966946,0.0,0.0,0.0,0.0,0.0,0.93,1.56,0.0,0.0,0.0,12.13,0.0,0.0,0.0,1.04,0.0,0.0,0.0,2.15,5.98,0.0,0.0,0.0,0.0,0.0,0.0,0.0,0.0,0.0,0.0,0.0,0.0,0.0,0.0,0.0,0.0,0.0,0.0,0.0,0.0,0.0,0.0,0.0,0.0,0.0,0.0,0.0,0.0,0.0,0.0,0.0,0.0,0.0,0.0,0.0,0.0,0.0,2.17,0.0,0.0,0.0,0.0,0.0
10.1103/PhysRevA.93.010303,2.67,0.0,0.0,0.0,0.0,0.0,0.0,0.0,0.0,0.0,0.0,0.0,0.0,0.0,0.0,1.79,0.0,0.0,0.0,0.0,0.0,0.0,0.0,0.0,0.0,0.0,0.0,0.0,0.0,0.0,11.87,0.0,0.0,0.0,0.0,0.0,0.0,0.0,0.0,0.0,0.0,0.0,0.0,0.0,0.0,0.0,0.0,0.0,0.0,0.0,0.0,0.0,0.0,0.0,0.0,0.0,0.0,0.0,0.0,0.0,0.0,0.0,0.0
10.1103/PhysRevB.93.205434,0.0,2.71,0.0,0.0,0.0,0.0,0.0,0.0,0.0,0.0,0.0,0.0,0.0,0.0,1.04,7.16,0.0,0.0,0.0,0.0,0.0,0.0,0.0,0.0,0.0,0.0,0.0,0.0,0.0,0.0,7.12,0.0,0.0,0.0,0.0,0.0,0.0,1.91,0.0,0.0,0.0,0.0,0.0,0.0,0.0,0.0,0.0,0.0,0.0,0.0,0.0,0.0,0.0,0.0,0.0,0.0,0.0,0.0,0.0,0.0,0.0,0.0,1.98
10.1038/srep19482,1.78,0.0,0.0,0.0,3.22,0.0,0.0,0.0,0.0,0.0,0.0,0.0,6.26,0.0,1.04,0.0,0.0,0.0,0.0,0.0,3.99,2.21,6.76,0.0,0.0,0.0,4.61,0.0,0.0,0.0,0.0,0.0,0.0,0.0,2.09,1.47,0.0,5.73,0.0,0.0,0.0,0.0,0.0,0.0,0.0,0.0,0.0,0.0,0.0,0.0,1.96,0.0,0.0,0.0,0.0,0.0,0.0,0.0,0.0,2.21,2.17,0.0,0.0
10.1088/1367-2630/18/1/013033,0.0,0.0,0.0,0.0,1.29,0.0,0.0,0.0,0.0,0.0,0.0,0.0,0.0,0.0,0.0,0.0,0.0,0.0,0.0,0.0,0.0,0.0,0.0,1.8,0.0,0.0,4.61,0.0,0.0,0.0,0.0,0.0,0.0,0.0,0.0,0.0,0.0,1.91,0.0,0.0,0.0,0.0,0.0,0.0,0.0,0.0,0.0,0.0,0.0,0.0,0.0,0.0,0.0,0.0,0.0,0.0,0.0,0.0,0.0,0.0,0.0,0.0,0.0
10.1088/1367-2630/18/10/103018,3.56,1.36,0.0,1.41,1.29,0.0,0.0,0.0,0.0,1.22,0.0,0.0,0.0,5.69,0.0,0.0,0.0,0.0,0.0,0.0,0.0,0.0,0.0,0.0,0.0,0.0,0.0,0.0,0.0,0.0,0.0,0.0,0.0,4.46,0.0,1.47,0.0,1.91,0.0,0.0,0.0,0.0,0.0,0.0,0.0,0.0,0.0,0.0,2.4,0.0,0.0,0.0,0.0,0.0,0.0,0.0,0.0,0.0,2.15,0.0,4.33,0.0,0.0
10.1103/PhysRevLett.117.170501,0.89,0.0,0.0,0.0,0.0,1.86,0.0,0.0,0.0,12.18,0.0,0.0,0.0,4.27,1.04,0.0,0.0,0.0,0.0,0.0,0.0,0.0,0.0,0.0,0.0,0.0,0.0,0.0,0.0,0.0,0.0,0.0,0.0,0.0,2.09,0.0,0.0,0.0,0.0,0.0,0.0,0.0,0.0,0.0,0.0,0.0,0.0,0.0,0.0,0.0,0.0,0.0,0.0,0.0,0.0,0.0,0.0,0.0,0.0,0.0,0.0,0.0,0.0
10.1021/jacs.5b11641,0.0,0.0,0.0,0.71,0.0,0.0,0.0,0.0,0.0,0.0,0.0,5.17,0.0,0.0,0.0,0.0,0.0,0.0,0.0,0.0,0.0,0.0,0.0,0.0,0.0,0.0,0.0,0.0,0.0,0.0,0.0,0.0,0.0,0.0,0.0,1.47,1.88,0.0,0.0,0.0,0.0,0.0,0.0,0.0,0.0,0.0,0.0,0.0,0.0,0.0,0.0,0.0,0.0,0.0,2.35,2.74,0.0,0.0,0.0,0.0,0.0,0.0,0.0
10.1103/PhysRevLett.117.027402,0.0,0.0,0.0,0.0,0.64,0.0,0.78,0.0,0.0,1.22,0.0,0.0,0.0,0.0,0.0,0.0,3.08,0.0,0.0,0.0,0.0,0.0,0.0,0.0,0.0,0.0,1.54,0.0,0.0,0.0,0.0,0.0,0.0,0.0,0.0,0.0,0.0,0.0,0.0,0.0,0.0,0.0,0.0,2.09,4.82,0.0,0.0,0.0,0.0,0.0,0.0,0.0,0.0,0.0,0.0,0.0,0.0,0.0,0.0,0.0,0.0,0.0,0.0
10.1103/PhysRevA.93.062511,0.0,1.36,0.0,2.12,0.0,4.66,0.0,0.0,0.0,2.44,0.0,0.0,0.0,0.0,0.0,0.0,0.0,0.0,0.0,0.0,0.0,0.0,0.0,0.0,2.93,0.0,1.54,0.0,0.0,0.0,0.0,0.0,1.86,0.0,0.0,0.0,1.88,0.0,0.0,0.0,0.0,0.0,0.0,0.0,0.0,0.0,0.0,0.0,0.0,0.0,0.0,0.0,0.0,0.0,0.0,0.0,0.0,0.0,0.0,0.0,0.0,0.0,0.0
10.1103/PhysRevApplied.5.034011,0.0,0.0,0.0,0.0,0.0,0.0,0.78,0.0,0.0,0.0,0.0,0.0,0.0,0.0,0.0,0.0,1.54,0.0,0.0,0.0,0.0,4.42,0.0,0.0,0.0,0.0,3.08,0.0,1.67,0.0,0.0,0.0,3.73,0.0,0.0,0.0,0.0,0.0,0.0,0.0,0.0,0.0,0.0,0.0,0.0,0.0,0.0,0.0,0.0,0.0,0.0,0.0,0.0,0.0,0.0,0.0,0.0,0.0,0.0,0.0,0.0,0.0,0.0
10.1103/PhysRevLett.117.167401,0.0,0.0,0.0,0.0,0.64,0.0,0.0,2.45,0.0,0.0,7.28,0.0,0.0,2.85,0.0,0.0,0.0,0.0,0.0,0.0,3.99,0.0,0.0,0.0,1.46,0.0,0.0,0.0,0.0,0.0,0.0,0.0,0.0,0.0,0.0,0.0,0.0,1.91,0.0,0.0,0.0,0.0,0.0,0.0,0.0,0.0,0.0,0.0,0.0,0.0,0.0,0.0,0.0,0.0,0.0,0.0,0.0,0.0,0.0,0.0,0.0,0.0,0.0
10.3788/COL201614.062701,1.78,0.0,0.0,0.0,0.0,0.0,0.0,0.0,0.0,0.0,0.0,0.0,4.17,1.42,0.0,0.0,3.08,0.0,0.0,0.0,0.0,0.0,0.0,0.0,0.0,0.0,0.0,0.0,0.0,0.0,0.0,0.0,0.0,0.0,0.0,8.84,0.0,1.91,0.0,0.0,0.0,0.0,0.0,0.0,0.0,0.0,0.0,0.0,0.0,0.0,0.0,0.0,0.0,0.0,0.0,0.0,0.0,0.0,0.0,0.0,2.17,0.0,0.0
10.1063/1.4945736,0.89,0.0,2.85,0.71,0.64,0.93,4.68,2.45,0.0,0.0,0.0,0.0,0.0,0.0,0.0,0.0,1.54,13.35,0.0,0.0,0.0,0.0,0.0,0.0,0.0,0.0,1.54,0.0,0.0,0.0,0.0,0.0,0.0,0.0,0.0,0.0,0.0,0.0,0.0,0.0,0.0,0.0,0.0,0.0,0.0,0.0,0.0,0.0,0.0,0.0,0.0,0.0,2.48,0.0,0.0,0.0,0.0,0.0,0.0,0.0,0.0,0.0,0.0
10.1103/PhysRevB.94.161302,0.0,0.0,1.42,2.82,0.64,0.93,0.0,2.45,0.0,0.0,0.0,0.0,0.0,0.0,0.0,0.0,0.0,0.0,0.0,0.0,0.0,0.0,0.0,0.0,0.0,0.0,0.0,0.0,0.0,0.0,0.0,0.0,7.45,0.0,0.0,0.0,0.0,0.0,0.0,1.98,0.0,0.0,0.0,2.09,0.0,2.23,0.0,0.0,0.0,0.0,0.0,0.0,0.0,0.0,0.0,0.0,0.0,2.17,10.73,0.0,0.0,9.82,0.0
10.1103/PhysRevB.94.205309,2.67,0.0,1.42,1.41,0.64,0.0,0.0,12.27,0.0,1.22,0.0,3.1,0.0,0.0,0.0,1.79,0.0,0.0,0.0,0.0,0.0,2.21,0.0,0.0,1.46,0.0,0.0,0.0,1.67,0.0,0.0,0.0,0.0,0.0,0.0,0.0,0.0,0.0,0.0,0.0,0.0,0.0,0.0,0.0,3.21,0.0,0.0,0.0,4.8,2.28,0.0,0.0,0.0,0.0,0.0,0.0,0.0,0.0,0.0,0.0,0.0,0.0,0.0
10.1103/PhysRevB.94.125204,0.89,0.0,5.69,4.94,0.0,1.86,0.0,19.63,0.0,0.0,0.0,0.0,0.0,0.0,0.0,0.0,0.0,0.0,0.0,7.98,0.0,0.0,0.0,0.0,1.46,0.0,0.0,0.0,0.0,3.01,0.0,0.0,0.0,0.0,0.0,0.0,1.88,0.0,0.0,0.0,0.0,0.0,0.0,0.0,3.21,0.0,0.0,0.0,2.4,0.0,3.92,0.0,0.0,0.0,0.0,0.0,0.0,0.0,0.0,0.0,0.0,0.0,0.0
10.1021/jacs.6b05574,0.89,0.0,0.0,0.71,0.64,0.0,0.0,0.0,0.0,0.0,0.0,1.03,0.0,0.0,0.0,0.0,0.0,0.0,4.29,0.0,0.0,0.0,0.0,0.0,1.46,0.0,1.54,2.13,1.67,0.0,0.0,0.0,0.0,0.0,0.0,0.0,1.88,0.0,11.09,0.0,0.0,0.0,0.0,2.09,0.0,4.46,0.0,2.6,0.0,0.0,0.0,0.0,0.0,0.0,0.0,5.48,0.0,0.0,0.0,0.0,0.0,0.0,0.0
10.1038/nature17404,4.45,2.71,0.0,0.0,1.29,0.0,0.0,0.0,0.0,8.52,0.0,0.0,0.0,0.0,0.0,0.0,0.0,0.0,0.0,0.0,0.0,0.0,0.0,1.8,2.93,0.0,3.08,0.0,0.0,0.0,0.0,0.0,0.0,2.23,4.17,4.42,0.0,0.0,0.0,0.0,0.0,0.0,0.0,2.09,0.0,2.23,0.0,0.0,0.0,0.0,0.0,0.0,0.0,0.0,0.0,0.0,0.0,0.0,0.0,0.0,2.17,0.0,0.0
10.1038/NNANO.2016.114,0.0,1.36,0.0,5.64,0.0,0.0,1.56,0.0,0.0,0.0,0.0,2.07,0.0,0.0,3.12,0.0,0.0,0.0,0.0,0.0,0.0,0.0,0.0,1.8,2.93,0.0,0.0,0.0,0.0,3.01,0.0,2.74,0.0,0.0,0.0,0.0,0.0,0.0,0.0,0.0,0.0,0.0,0.0,0.0,1.61,0.0,0.0,0.0,0.0,0.0,0.0,0.0,0.0,0.0,0.0,2.74,0.0,0.0,0.0,0.0,0.0,0.0,0.0
10.1103/PhysRevB.94.155407,0.89,0.0,0.0,2.12,5.15,0.0,0.0,0.0,0.0,0.0,0.0,2.07,0.0,0.0,0.0,0.0,0.0,0.0,0.0,3.99,0.0,0.0,0.0,0.0,0.0,0.0,0.0,0.0,0.0,1.51,0.0,0.0,0.0,0.0,0.0,0.0,0.0,1.91,0.0,0.0,0.0,0.0,0.0,0.0,0.0,0.0,0.0,0.0,0.0,0.0,0.0,0.0,0.0,0.0,0.0,0.0,0.0,0.0,0.0,0.0,0.0,0.0,0.0
10.1063/1.4959153,0.0,6.78,0.0,0.71,0.0,0.0,0.0,0.0,0.0,0.0,0.0,1.03,0.0,0.0,0.0,0.0,0.0,0.0,0.0,0.0,0.0,0.0,0.0,0.0,2.93,0.0,1.54,0.0,1.67,0.0,0.0,0.0,0.0,0.0,0.0,0.0,0.0,0.0,3.7,0.0,0.0,0.0,0.0,0.0,3.21,0.0,0.0,0.0,0.0,0.0,0.0,0.0,0.0,0.0,0.0,0.0,0.0,0.0,2.15,0.0,0.0,0.0,0.0
10.1002/jcc.24313,0.0,0.0,0.0,0.71,0.0,0.93,0.0,0.0,1.53,0.0,0.0,2.07,0.0,0.0,1.04,0.0,0.0,0.0,0.0,0.0,0.0,0.0,0.0,3.61,0.0,0.0,0.0,0.0,0.0,0.0,0.0,5.48,0.0,0.0,0.0,0.0,0.0,0.0,0.0,0.0,5.41,1.85,0.0,0.0,0.0,0.0,0.0,0.0,0.0,0.0,1.96,0.0,0.0,0.0,0.0,8.23,0.0,0.0,2.15,0.0,0.0,0.0,1.98
10.1103/PhysRevB.93.085301,0.0,0.0,0.0,0.71,0.64,0.0,4.68,0.0,4.58,1.22,0.0,0.0,0.0,0.0,0.0,0.0,0.0,0.0,0.0,0.0,0.0,0.0,0.0,0.0,0.0,0.0,0.0,0.0,0.0,1.51,0.0,0.0,0.0,0.0,0.0,4.42,0.0,0.0,1.85,0.0,0.0,3.7,0.0,0.0,0.0,0.0,0.0,0.0,0.0,6.83,0.0,0.0,2.48,0.0,0.0,0.0,0.0,0.0,0.0,0.0,0.0,0.0,0.0
10.1021/acs.nanolett.5b04356,1.78,0.0,4.27,0.0,0.64,1.86,0.78,0.0,9.16,1.22,0.0,0.0,0.0,0.0,2.08,0.0,0.0,0.0,0.0,0.0,0.0,0.0,0.0,0.0,2.93,4.97,0.0,2.13,0.0,1.51,0.0,0.0,1.86,0.0,0.0,1.47,0.0,0.0,0.0,1.98,0.0,0.0,0.0,0.0,0.0,0.0,0.0,0.0,0.0,0.0,0.0,0.0,0.0,2.28,0.0,0.0,0.0,2.17,0.0,0.0,0.0,0.0,0.0
10.1021/jacs.6b08467,0.0,0.0,0.0,0.71,0.0,0.93,0.0,0.0,0.0,0.0,0.0,0.0,0.0,0.0,2.08,0.0,0.0,0.0,2.15,0.0,1.99,0.0,0.0,0.0,4.39,0.0,0.0,0.0,0.0,0.0,0.0,0.0,0.0,0.0,0.0,1.47,1.88,0.0,0.0,1.98,0.0,0.0,0.0,0.0,1.61,2.23,0.0,0.0,0.0,2.28,0.0,0.0,0.0,2.28,0.0,10.97,0.0,0.0,0.0,0.0,0.0,0.0,0.0
10.1103/PhysRevA.94.042323,8.01,10.85,0.0,0.0,0.0,0.0,0.0,0.0,0.0,0.0,0.0,0.0,0.0,1.42,0.0,5.37,0.0,0.0,0.0,0.0,0.0,0.0,0.0,0.0,0.0,0.0,0.0,0.0,0.0,0.0,0.0,0.0,0.0,4.46,0.0,0.0,0.0,0.0,0.0,0.0,0.0,0.0,0.0,0.0,1.61,2.23,2.19,0.0,0.0,0.0,0.0,2.21,0.0,0.0,0.0,0.0,0.0,0.0,0.0,0.0,0.0,0.0,1.98
10.1038/NMAT4704,0.0,4.07,0.0,0.71,0.64,0.93,0.78,0.0,0.0,0.0,19.42,2.07,0.0,0.0,1.04,0.0,0.0,0.0,0.0,0.0,0.0,0.0,0.0,0.0,0.0,0.0,0.0,0.0,5.01,1.51,0.0,2.74,0.0,0.0,0.0,0.0,0.0,0.0,0.0,0.0,0.0,3.7,0.0,0.0,0.0,0.0,0.0,0.0,0.0,0.0,0.0,0.0,0.0,0.0,0.0,0.0,0.0,0.0,0.0,0.0,0.0,0.0,0.0
10.1103/PhysRevB.94.115404,0.0,1.36,0.0,0.0,0.0,0.0,0.78,0.0,0.0,0.0,0.0,1.03,0.0,0.0,0.0,0.0,0.0,0.0,0.0,0.0,0.0,0.0,6.76,0.0,0.0,0.0,0.0,0.0,0.0,0.0,0.0,0.0,0.0,0.0,0.0,0.0,0.0,3.82,0.0,0.0,0.0,0.0,0.0,2.09,0.0,0.0,0.0,0.0,0.0,0.0,0.0,0.0,0.0,0.0,2.35,0.0,0.0,0.0,0.0,0.0,0.0,0.0,0.0
10.1103/PhysRevLett.116.116801,4.45,5.42,0.0,0.0,0.0,0.93,0.78,0.0,0.0,2.44,0.0,0.0,0.0,0.0,1.04,10.74,1.54,0.0,0.0,0.0,0.0,0.0,0.0,1.8,0.0,0.0,0.0,0.0,0.0,0.0,0.0,0.0,0.0,0.0,0.0,0.0,0.0,1.91,0.0,0.0,0.0,0.0,0.0,0.0,0.0,0.0,0.0,0.0,0.0,0.0,0.0,0.0,0.0,0.0,0.0,0.0,0.0,0.0,0.0,0.0,0.0,0.0,0.0
10.1364/JOSAB.33.000804,1.78,0.0,0.0,0.71,0.0,0.0,0.0,0.0,0.0,0.0,0.0,2.07,2.09,1.42,0.0,0.0,1.54,0.0,0.0,0.0,0.0,0.0,0.0,0.0,0.0,0.0,0.0,0.0,5.01,0.0,0.0,0.0,0.0,2.23,0.0,0.0,0.0,1.91,0.0,0.0,0.0,0.0,5.41,0.0,0.0,0.0,0.0,0.0,0.0,0.0,0.0,0.0,0.0,0.0,0.0,0.0,0.0,2.17,0.0,0.0,2.17,0.0,0.0
10.1039/c6dt02258h,0.0,0.0,0.0,0.0,0.0,0.93,0.0,0.0,0.0,0.0,0.0,0.0,0.0,0.0,0.0,0.0,0.0,0.0,0.0,0.0,0.0,0.0,0.0,0.0,0.0,0.0,0.0,0.0,0.0,0.0,0.0,0.0,0.0,0.0,0.0,0.0,0.0,0.0,0.0,0.0,5.41,0.0,0.0,0.0,0.0,0.0,0.0,0.0,0.0,0.0,0.0,0.0,0.0,0.0,0.0,2.74,0.0,0.0,0.0,0.0,0.0,0.0,0.0
10.1038/ncomms12912,0.0,0.0,0.0,0.0,1.29,0.0,0.0,0.0,0.0,0.0,0.0,1.03,0.0,0.0,2.08,0.0,0.0,0.0,0.0,5.98,0.0,0.0,0.0,0.0,0.0,0.0,0.0,0.0,1.67,0.0,0.0,0.0,0.0,0.0,0.0,1.47,0.0,0.0,0.0,1.98,2.71,1.85,0.0,0.0,0.0,0.0,0.0,0.0,0.0,0.0,0.0,0.0,0.0,2.28,0.0,0.0,0.0,0.0,2.15,0.0,0.0,0.0,0.0
10.1007/s11128-016-1280-5,0.0,0.0,0.0,2.82,1.29,0.0,2.34,0.0,0.0,0.0,0.0,0.0,0.0,0.0,0.0,0.0,1.54,0.0,0.0,0.0,0.0,0.0,4.51,0.0,0.0,0.0,0.0,0.0,0.0,0.0,0.0,0.0,0.0,0.0,0.0,0.0,0.0,0.0,0.0,0.0,0.0,0.0,0.0,0.0,0.0,0.0,0.0,0.0,0.0,0.0,0.0,0.0,0.0,0.0,4.7,0.0,0.0,0.0,0.0,0.0,0.0,0.0,3.95
10.1002/pssr.201600029,0.0,0.0,0.0,0.0,1.93,0.0,0.0,0.0,0.0,0.0,9.71,1.03,0.0,0.0,0.0,0.0,0.0,5.34,0.0,0.0,0.0,0.0,0.0,0.0,0.0,0.0,0.0,0.0,0.0,0.0,0.0,0.0,0.0,0.0,0.0,0.0,0.0,0.0,1.85,3.95,0.0,3.7,0.0,0.0,0.0,0.0,0.0,0.0,0.0,0.0,0.0,0.0,0.0,4.55,0.0,0.0,0.0,0.0,0.0,0.0,0.0,0.0,0.0
10.1021/acs.nanolett.6b02522,2.67,0.0,0.0,0.0,0.0,3.73,3.9,0.0,0.0,0.0,0.0,0.0,0.0,0.0,0.0,0.0,0.0,0.0,0.0,0.0,0.0,0.0,0.0,0.0,0.0,0.0,1.54,0.0,1.67,0.0,0.0,0.0,0.0,0.0,0.0,0.0,0.0,0.0,0.0,0.0,0.0,5.54,0.0,0.0,0.0,0.0,0.0,0.0,0.0,0.0,0.0,0.0,0.0,0.0,0.0,0.0,0.0,0.0,6.44,0.0,0.0,0.0,0.0
10.1038/NPHYS3686,0.0,0.0,0.0,0.0,0.0,0.0,3.12,0.0,0.0,0.0,2.43,0.0,0.0,0.0,0.0,0.0,0.0,0.0,0.0,0.0,0.0,0.0,0.0,0.0,0.0,0.0,0.0,0.0,0.0,1.51,0.0,8.23,1.86,0.0,0.0,0.0,3.76,0.0,0.0,0.0,0.0,0.0,0.0,2.09,1.61,0.0,0.0,0.0,0.0,0.0,0.0,0.0,0.0,0.0,0.0,0.0,0.0,0.0,0.0,0.0,0.0,0.0,0.0
10.1038/srep28996,4.45,8.13,0.0,0.0,0.0,0.0,0.78,0.0,1.53,0.0,0.0,0.0,0.0,1.42,0.0,0.0,0.0,0.0,0.0,0.0,0.0,0.0,0.0,0.0,0.0,0.0,0.0,0.0,0.0,1.51,0.0,0.0,3.73,4.46,0.0,0.0,0.0,0.0,0.0,0.0,0.0,0.0,0.0,0.0,0.0,0.0,4.38,0.0,0.0,0.0,0.0,4.42,0.0,0.0,0.0,0.0,0.0,0.0,0.0,0.0,0.0,0.0,1.98
10.1103/PhysRevB.96.201304,2.67,2.71,1.42,0.71,0.64,0.0,0.78,0.0,1.53,0.0,0.0,1.03,0.0,1.42,4.16,1.79,0.0,0.0,0.0,3.99,0.0,0.0,0.0,0.0,1.46,0.0,0.0,0.0,0.0,3.01,0.0,0.0,0.0,2.23,0.0,1.47,0.0,0.0,0.0,0.0,0.0,0.0,0.0,0.0,1.61,0.0,0.0,0.0,2.4,0.0,0.0,0.0,0.0,0.0,0.0,0.0,0.0,0.0,0.0,0.0,0.0,0.0,0.0
10.1103/PhysRevB.95.144306,0.0,1.36,0.0,0.0,0.0,0.93,0.0,0.0,0.0,0.0,0.0,0.0,0.0,0.0,2.08,0.0,1.54,0.0,0.0,0.0,0.0,0.0,6.76,1.8,2.93,0.0,0.0,0.0,0.0,0.0,0.0,8.23,0.0,0.0,0.0,0.0,0.0,0.0,0.0,0.0,0.0,0.0,0.0,2.09,0.0,2.23,0.0,0.0,0.0,0.0,0.0,0.0,0.0,0.0,0.0,0.0,0.0,0.0,0.0,0.0,0.0,0.0,0.0
10.1103/RevModPhys.89.035002,0.0,0.0,0.0,0.0,0.0,0.93,0.0,0.0,0.0,0.0,0.0,0.0,0.0,0.0,0.0,0.0,0.0,0.0,0.0,0.0,0.0,0.0,0.0,0.0,0.0,0.0,1.54,0.0,1.67,0.0,0.0,0.0,0.0,0.0,0.0,0.0,0.0,0.0,0.0,0.0,0.0,0.0,0.0,0.0,0.0,0.0,0.0,0.0,0.0,0.0,0.0,0.0,0.0,0.0,0.0,0.0,0.0,0.0,0.0,0.0,0.0,0.0,0.0
10.1038/s41467-017-01113-2,0.89,0.0,2.85,2.82,0.64,0.93,3.12,14.73,0.0,0.0,0.0,2.07,0.0,0.0,2.08,0.0,1.54,0.0,0.0,0.0,0.0,0.0,0.0,0.0,0.0,0.0,0.0,0.0,0.0,1.51,0.0,0.0,0.0,2.23,0.0,0.0,0.0,0.0,0.0,0.0,0.0,0.0,0.0,0.0,0.0,0.0,2.19,0.0,0.0,0.0,0.0,0.0,0.0,2.28,0.0,0.0,0.0,0.0,0.0,0.0,0.0,0.0,0.0
10.1038/NNANO.2016.188,0.0,0.0,0.0,0.71,0.64,0.0,0.78,0.0,0.0,0.0,0.0,3.1,0.0,0.0,2.08,3.58,9.23,0.0,0.0,0.0,0.0,0.0,0.0,0.0,1.46,0.0,0.0,0.0,0.0,0.0,0.0,0.0,1.86,0.0,0.0,0.0,0.0,0.0,1.85,0.0,0.0,0.0,0.0,0.0,0.0,0.0,0.0,0.0,0.0,0.0,0.0,0.0,0.0,0.0,4.7,0.0,2.74,0.0,0.0,0.0,2.17,0.0,1.98
10.1103/PhysRevA.95.012312,0.0,1.36,0.0,2.82,0.0,0.93,0.0,0.0,0.0,0.0,0.0,0.0,0.0,1.42,0.0,0.0,0.0,0.0,0.0,0.0,0.0,4.42,0.0,0.0,0.0,0.0,1.54,0.0,0.0,0.0,2.37,0.0,0.0,0.0,0.0,0.0,0.0,7.64,1.85,0.0,2.71,0.0,0.0,0.0,0.0,0.0,0.0,0.0,0.0,0.0,1.96,0.0,0.0,0.0,0.0,0.0,0.0,0.0,0.0,0.0,0.0,0.0,1.98
10.1063/1.4979521,0.0,0.0,0.0,0.0,3.22,0.0,1.56,0.0,1.53,0.0,9.71,0.0,0.0,0.0,0.0,0.0,0.0,0.0,0.0,0.0,0.0,0.0,0.0,0.0,0.0,0.0,1.54,0.0,1.67,0.0,0.0,0.0,0.0,0.0,0.0,0.0,0.0,0.0,0.0,0.0,0.0,0.0,0.0,0.0,0.0,0.0,0.0,0.0,0.0,0.0,0.0,0.0,0.0,0.0,0.0,0.0,0.0,0.0,0.0,0.0,0.0,0.0,0.0
10.1103/PhysRevLett.119.010503,0.0,0.0,0.0,0.71,1.93,0.0,0.78,0.0,0.0,0.0,0.0,0.0,6.26,1.42,0.0,0.0,0.0,0.0,0.0,0.0,0.0,0.0,9.01,0.0,0.0,0.0,1.54,4.25,0.0,1.51,0.0,0.0,0.0,0.0,0.0,1.47,0.0,0.0,0.0,0.0,0.0,0.0,0.0,0.0,0.0,0.0,0.0,0.0,0.0,0.0,0.0,0.0,0.0,0.0,2.35,0.0,0.0,0.0,0.0,0.0,0.0,0.0,0.0
10.1515/zpch-2016-0799,0.89,0.0,0.0,2.82,0.0,0.0,0.0,0.0,0.0,0.0,0.0,0.0,0.0,0.0,0.0,0.0,0.0,0.0,0.0,0.0,0.0,0.0,0.0,0.0,0.0,0.0,1.54,0.0,0.0,0.0,0.0,0.0,0.0,2.23,0.0,2.95,1.88,0.0,0.0,0.0,0.0,1.85,0.0,0.0,0.0,0.0,0.0,0.0,0.0,13.66,0.0,0.0,0.0,0.0,4.7,0.0,0.0,0.0,0.0,0.0,0.0,0.0,0.0
10.1038/s41534-016-0003-1,6.23,1.36,0.0,1.41,0.64,0.93,0.78,0.0,1.53,0.0,0.0,0.0,0.0,7.11,1.04,1.79,4.61,0.0,0.0,0.0,0.0,0.0,0.0,1.8,2.93,0.0,0.0,0.0,0.0,1.51,0.0,0.0,0.0,0.0,0.0,1.47,0.0,0.0,0.0,0.0,0.0,0.0,0.0,0.0,1.61,0.0,0.0,0.0,0.0,0.0,0.0,0.0,0.0,0.0,0.0,0.0,0.0,0.0,0.0,0.0,0.0,0.0,0.0
10.1103/PhysRevB.95.241303,0.0,0.0,0.0,0.0,0.0,1.86,0.0,0.0,0.0,0.0,0.0,0.0,0.0,0.0,0.0,3.58,3.08,0.0,0.0,0.0,0.0,0.0,0.0,0.0,0.0,0.0,0.0,0.0,0.0,3.01,0.0,0.0,0.0,0.0,0.0,0.0,0.0,0.0,0.0,0.0,0.0,0.0,0.0,0.0,3.21,0.0,4.38,0.0,0.0,0.0,0.0,0.0,0.0,0.0,0.0,0.0,0.0,0.0,0.0,0.0,0.0,0.0,0.0
10.22331/q-2017-05-11-11,5.34,0.0,0.0,0.0,0.0,0.0,0.0,0.0,0.0,0.0,0.0,4.14,0.0,2.85,2.08,0.0,0.0,0.0,0.0,0.0,0.0,0.0,0.0,0.0,0.0,0.0,0.0,2.13,0.0,0.0,0.0,0.0,0.0,0.0,0.0,0.0,0.0,0.0,0.0,0.0,0.0,0.0,0.0,0.0,0.0,0.0,0.0,0.0,0.0,0.0,1.96,0.0,0.0,0.0,0.0,0.0,0.0,0.0,0.0,0.0,2.17,0.0,0.0
10.1103/PhysRevB.96.165301,0.0,4.07,0.0,0.0,0.64,1.86,0.0,0.0,3.05,0.0,0.0,0.0,0.0,1.42,0.0,0.0,0.0,0.0,0.0,0.0,0.0,0.0,0.0,5.41,0.0,0.0,0.0,0.0,0.0,0.0,0.0,0.0,0.0,0.0,0.0,0.0,0.0,0.0,0.0,0.0,0.0,0.0,0.0,0.0,0.0,0.0,6.56,0.0,0.0,0.0,0.0,6.63,0.0,0.0,0.0,0.0,0.0,0.0,0.0,0.0,0.0,0.0,0.0
10.1103/PhysRevLett.118.147701,1.78,0.0,0.0,0.0,0.64,1.86,0.0,0.0,0.0,0.0,7.28,2.07,2.09,1.42,0.0,0.0,0.0,0.0,0.0,1.99,1.99,0.0,0.0,0.0,1.46,14.9,0.0,0.0,0.0,0.0,0.0,0.0,1.86,0.0,0.0,0.0,0.0,0.0,0.0,0.0,0.0,0.0,0.0,0.0,1.61,0.0,0.0,0.0,7.2,0.0,0.0,0.0,0.0,0.0,0.0,0.0,0.0,2.17,0.0,0.0,0.0,2.45,0.0
10.1126/sciadv.1602811,0.0,0.0,2.85,3.53,0.0,0.0,0.78,4.91,0.0,0.0,0.0,0.0,0.0,4.27,0.0,0.0,0.0,0.0,2.15,0.0,0.0,6.63,0.0,0.0,0.0,0.0,0.0,0.0,1.67,0.0,0.0,0.0,0.0,0.0,0.0,0.0,0.0,0.0,0.0,0.0,0.0,0.0,0.0,0.0,0.0,0.0,0.0,0.0,0.0,0.0,0.0,0.0,0.0,0.0,0.0,0.0,0.0,0.0,2.15,0.0,2.17,0.0,1.98
10.1038/s41598-017-13308-0,0.89,0.0,0.0,0.71,1.29,0.0,0.78,2.45,0.0,8.52,0.0,0.0,0.0,0.0,0.0,0.0,0.0,0.0,0.0,0.0,0.0,4.42,0.0,0.0,1.46,0.0,0.0,0.0,0.0,0.0,0.0,0.0,0.0,0.0,0.0,0.0,0.0,1.91,0.0,0.0,0.0,0.0,0.0,0.0,0.0,0.0,0.0,0.0,4.8,0.0,0.0,0.0,0.0,0.0,0.0,0.0,0.0,0.0,0.0,0.0,2.17,0.0,0.0
10.1103/PhysRevA.96.042337,1.78,0.0,0.0,0.0,0.64,0.0,0.0,0.0,0.0,0.0,0.0,0.0,0.0,0.0,2.08,0.0,0.0,0.0,0.0,0.0,0.0,0.0,4.51,0.0,0.0,0.0,0.0,0.0,0.0,0.0,2.37,0.0,0.0,0.0,0.0,0.0,0.0,0.0,0.0,0.0,0.0,0.0,0.0,0.0,0.0,0.0,0.0,0.0,0.0,0.0,0.0,0.0,0.0,0.0,0.0,0.0,0.0,0.0,0.0,0.0,0.0,0.0,1.98
10.1103/PhysRevB.96.045302,2.67,0.0,2.85,1.41,0.64,0.93,1.56,0.0,1.53,0.0,0.0,2.07,0.0,0.0,0.0,0.0,0.0,2.67,0.0,1.99,0.0,0.0,0.0,0.0,0.0,0.0,0.0,0.0,1.67,1.51,0.0,0.0,7.45,0.0,0.0,0.0,11.27,0.0,0.0,1.98,0.0,1.85,0.0,0.0,1.61,0.0,0.0,0.0,0.0,0.0,0.0,2.21,0.0,2.28,0.0,0.0,0.0,0.0,0.0,0.0,0.0,0.0,1.98
10.1103/PhysRevB.96.241410,0.0,0.0,0.0,0.71,1.29,0.0,1.56,0.0,0.0,0.0,0.0,0.0,8.35,0.0,0.0,0.0,0.0,0.0,0.0,0.0,0.0,0.0,2.25,1.8,0.0,0.0,1.54,0.0,0.0,0.0,0.0,0.0,0.0,0.0,0.0,0.0,0.0,0.0,0.0,0.0,0.0,1.85,0.0,0.0,0.0,0.0,4.38,0.0,0.0,0.0,0.0,4.42,2.48,0.0,0.0,0.0,5.48,0.0,0.0,0.0,0.0,0.0,0.0
10.1021/acs.jpclett.7b01376,0.0,0.0,0.0,0.0,1.29,0.93,0.0,0.0,0.0,0.0,0.0,0.0,0.0,0.0,0.0,0.0,0.0,0.0,0.0,0.0,0.0,0.0,0.0,0.0,0.0,0.0,0.0,0.0,0.0,0.0,0.0,0.0,0.0,0.0,0.0,0.0,0.0,0.0,0.0,0.0,0.0,1.85,0.0,0.0,0.0,0.0,0.0,0.0,0.0,0.0,0.0,0.0,0.0,0.0,0.0,8.23,8.23,2.17,2.15,0.0,0.0,0.0,0.0
10.1088/1361-648X/aa7f86,0.0,0.0,0.0,0.0,0.0,0.93,2.34,0.0,0.0,0.0,0.0,0.0,0.0,0.0,4.16,0.0,3.08,0.0,0.0,5.98,0.0,0.0,0.0,0.0,0.0,0.0,0.0,0.0,0.0,0.0,0.0,0.0,0.0,0.0,0.0,0.0,0.0,0.0,0.0,0.0,0.0,0.0,0.0,0.0,0.0,0.0,0.0,0.0,0.0,0.0,0.0,0.0,0.0,0.0,0.0,0.0,0.0,0.0,0.0,0.0,0.0,0.0,0.0
10.1103/PhysRevB.95.195316,0.0,0.0,0.0,0.71,0.0,2.8,1.56,0.0,0.0,2.44,16.99,1.03,0.0,0.0,3.12,3.58,1.54,0.0,0.0,3.99,0.0,0.0,0.0,0.0,0.0,0.0,0.0,0.0,0.0,0.0,0.0,0.0,0.0,0.0,0.0,1.47,0.0,0.0,0.0,0.0,0.0,0.0,0.0,0.0,0.0,0.0,2.19,0.0,0.0,0.0,0.0,2.21,0.0,0.0,0.0,0.0,0.0,0.0,0.0,0.0,0.0,0.0,1.98
10.1103/PhysRevLett.118.167204,0.0,0.0,0.0,0.71,0.64,1.86,0.0,0.0,0.0,4.87,0.0,0.0,0.0,0.0,0.0,0.0,0.0,0.0,0.0,0.0,3.99,0.0,0.0,0.0,0.0,0.0,0.0,0.0,0.0,0.0,0.0,0.0,3.73,0.0,4.17,1.47,5.64,0.0,0.0,1.98,0.0,0.0,0.0,0.0,0.0,4.46,0.0,0.0,0.0,0.0,0.0,0.0,0.0,0.0,0.0,0.0,0.0,0.0,0.0,2.21,0.0,2.45,0.0
10.1103/PhysRevB.95.075403,0.89,0.0,5.69,0.71,0.64,1.86,2.34,0.0,0.0,2.44,0.0,2.07,0.0,0.0,0.0,0.0,0.0,2.67,0.0,1.99,0.0,0.0,2.25,0.0,0.0,0.0,0.0,0.0,0.0,1.51,0.0,0.0,1.86,0.0,0.0,0.0,0.0,0.0,0.0,0.0,0.0,0.0,0.0,0.0,0.0,0.0,0.0,0.0,0.0,0.0,0.0,0.0,4.97,0.0,0.0,0.0,0.0,0.0,0.0,0.0,0.0,0.0,1.98
10.1103/PhysRevA.96.012307,7.12,0.0,0.0,0.0,0.0,0.0,0.0,0.0,0.0,0.0,0.0,0.0,0.0,0.0,0.0,0.0,0.0,0.0,0.0,0.0,0.0,0.0,2.25,0.0,0.0,0.0,0.0,0.0,0.0,0.0,0.0,0.0,0.0,0.0,0.0,0.0,0.0,0.0,0.0,0.0,0.0,0.0,0.0,0.0,0.0,0.0,0.0,0.0,0.0,0.0,0.0,0.0,0.0,0.0,0.0,0.0,0.0,0.0,0.0,0.0,2.17,0.0,0.0
10.1016/j.optcom.2017.01.056,0.0,0.0,0.0,0.71,2.58,0.0,1.56,0.0,0.0,0.0,0.0,0.0,6.26,1.42,3.12,0.0,0.0,0.0,0.0,0.0,1.99,0.0,13.52,0.0,0.0,0.0,3.08,0.0,0.0,0.0,0.0,0.0,0.0,0.0,0.0,1.47,0.0,3.82,0.0,0.0,0.0,0.0,18.94,0.0,0.0,0.0,0.0,0.0,0.0,0.0,0.0,0.0,0.0,0.0,0.0,0.0,0.0,0.0,0.0,0.0,0.0,0.0,0.0
10.1007/s11128-016-1480-z,0.89,0.0,0.0,0.71,2.58,0.0,1.56,0.0,0.0,1.22,0.0,0.0,0.0,0.0,0.0,1.79,1.54,0.0,0.0,0.0,0.0,0.0,0.0,0.0,0.0,0.0,0.0,0.0,0.0,0.0,0.0,0.0,0.0,0.0,0.0,0.0,0.0,0.0,0.0,3.95,0.0,0.0,0.0,2.09,0.0,0.0,0.0,0.0,0.0,0.0,0.0,0.0,0.0,0.0,0.0,0.0,0.0,0.0,0.0,0.0,0.0,0.0,0.0
10.1021/acs.nanolett.7b01796,0.89,0.0,2.85,1.41,3.22,0.0,0.0,0.0,6.11,1.22,0.0,0.0,0.0,0.0,0.0,0.0,0.0,0.0,0.0,0.0,5.98,0.0,0.0,0.0,4.39,0.0,0.0,0.0,0.0,0.0,0.0,0.0,0.0,0.0,4.17,1.47,0.0,0.0,0.0,0.0,2.71,0.0,0.0,0.0,0.0,0.0,0.0,0.0,0.0,0.0,0.0,0.0,0.0,0.0,0.0,0.0,0.0,0.0,0.0,2.21,0.0,0.0,0.0
10.1103/PhysRevA.96.042108,0.0,5.42,0.0,0.0,0.0,0.93,0.0,0.0,0.0,0.0,0.0,1.03,0.0,0.0,1.04,0.0,0.0,0.0,0.0,0.0,0.0,0.0,0.0,1.8,2.93,0.0,1.54,0.0,0.0,0.0,2.37,0.0,0.0,0.0,0.0,1.47,0.0,0.0,0.0,0.0,0.0,0.0,0.0,0.0,0.0,0.0,0.0,0.0,0.0,0.0,0.0,0.0,0.0,0.0,0.0,0.0,0.0,0.0,0.0,0.0,0.0,0.0,0.0
10.1134/S1070328417040066,0.0,0.0,0.0,0.71,1.29,0.0,0.0,0.0,0.0,0.0,0.0,0.0,0.0,0.0,1.04,3.58,0.0,0.0,0.0,0.0,0.0,0.0,0.0,0.0,0.0,0.0,0.0,0.0,0.0,0.0,0.0,0.0,0.0,0.0,0.0,0.0,0.0,0.0,1.85,0.0,0.0,1.85,0.0,0.0,0.0,0.0,0.0,0.0,0.0,2.28,0.0,0.0,0.0,0.0,0.0,8.23,0.0,0.0,0.0,0.0,0.0,0.0,0.0
10.1088/1367-2630/aa7faf,3.56,4.07,0.0,0.0,0.0,0.0,0.0,0.0,0.0,0.0,0.0,0.0,0.0,2.85,1.04,0.0,0.0,0.0,0.0,1.99,0.0,0.0,0.0,0.0,0.0,0.0,0.0,0.0,0.0,0.0,0.0,0.0,0.0,2.23,0.0,0.0,0.0,0.0,0.0,0.0,0.0,0.0,0.0,0.0,0.0,0.0,0.0,0.0,0.0,0.0,0.0,0.0,0.0,0.0,0.0,0.0,0.0,0.0,0.0,0.0,0.0,0.0,0.0
10.1038/ncomms15923,5.34,4.07,0.0,0.0,0.64,0.93,0.78,0.0,6.11,0.0,0.0,0.0,0.0,1.42,1.04,0.0,0.0,0.0,0.0,0.0,0.0,0.0,0.0,3.61,1.46,0.0,0.0,0.0,0.0,0.0,2.37,0.0,0.0,0.0,0.0,0.0,0.0,3.82,0.0,0.0,0.0,0.0,0.0,0.0,0.0,0.0,0.0,0.0,0.0,0.0,0.0,0.0,0.0,0.0,0.0,0.0,0.0,0.0,0.0,0.0,0.0,0.0,0.0
10.1038/NNANO.2017.154,0.89,0.0,4.27,1.41,0.0,2.8,0.0,12.27,0.0,2.44,0.0,0.0,0.0,0.0,0.0,0.0,0.0,0.0,0.0,0.0,0.0,0.0,0.0,0.0,0.0,2.48,0.0,0.0,1.67,1.51,0.0,0.0,1.86,0.0,0.0,1.47,1.88,1.91,0.0,1.98,0.0,0.0,0.0,0.0,0.0,0.0,0.0,0.0,0.0,0.0,0.0,0.0,0.0,0.0,0.0,0.0,2.74,0.0,4.29,0.0,0.0,0.0,0.0
10.1063/1.5004147,0.0,0.0,0.0,0.0,3.22,0.0,0.78,0.0,0.0,0.0,0.0,0.0,4.17,0.0,0.0,0.0,1.54,0.0,0.0,0.0,0.0,0.0,0.0,0.0,0.0,0.0,0.0,0.0,0.0,1.51,0.0,0.0,0.0,0.0,0.0,2.95,0.0,1.91,0.0,0.0,0.0,0.0,0.0,0.0,0.0,0.0,0.0,0.0,0.0,2.28,0.0,0.0,0.0,0.0,0.0,0.0,0.0,0.0,0.0,0.0,0.0,0.0,0.0
10.1103/PhysRevB.95.245422,2.67,0.0,0.0,0.0,0.0,0.0,1.56,0.0,1.53,0.0,0.0,2.07,0.0,0.0,1.04,0.0,1.54,0.0,0.0,0.0,0.0,0.0,0.0,0.0,0.0,0.0,0.0,0.0,0.0,0.0,0.0,0.0,0.0,0.0,0.0,0.0,0.0,0.0,0.0,0.0,0.0,0.0,0.0,0.0,0.0,0.0,2.19,0.0,0.0,0.0,0.0,2.21,0.0,0.0,4.7,0.0,0.0,0.0,0.0,0.0,0.0,0.0,0.0
10.1103/PhysRevB.96.235434,0.0,0.0,1.42,1.41,0.0,1.86,2.34,0.0,1.53,0.0,0.0,7.24,12.52,0.0,1.04,0.0,0.0,0.0,0.0,0.0,0.0,2.21,2.25,0.0,0.0,0.0,0.0,0.0,0.0,1.51,0.0,0.0,1.86,0.0,0.0,0.0,0.0,0.0,0.0,0.0,0.0,0.0,5.41,0.0,0.0,0.0,0.0,0.0,0.0,0.0,1.96,0.0,0.0,0.0,2.35,0.0,0.0,0.0,0.0,0.0,0.0,2.45,0.0
10.1103/PhysRevB.96.245426,0.0,0.0,0.0,0.0,0.0,0.93,0.78,0.0,0.0,3.65,7.28,1.03,0.0,2.85,0.0,0.0,1.54,0.0,0.0,0.0,0.0,4.42,0.0,0.0,0.0,0.0,0.0,2.13,0.0,0.0,0.0,0.0,0.0,0.0,0.0,0.0,0.0,0.0,0.0,0.0,0.0,0.0,0.0,0.0,0.0,0.0,0.0,0.0,0.0,0.0,1.96,0.0,0.0,0.0,0.0,0.0,0.0,0.0,0.0,0.0,0.0,0.0,0.0
10.1103/PhysRevB.95.045414,0.0,0.0,0.0,1.41,1.93,0.0,0.78,0.0,7.64,0.0,0.0,1.03,0.0,0.0,1.04,0.0,0.0,0.0,2.15,0.0,0.0,2.21,0.0,0.0,0.0,2.48,0.0,0.0,0.0,0.0,0.0,0.0,3.73,0.0,0.0,0.0,0.0,0.0,1.85,0.0,0.0,0.0,0.0,0.0,0.0,0.0,0.0,0.0,0.0,0.0,1.96,0.0,0.0,0.0,0.0,0.0,0.0,0.0,0.0,0.0,0.0,0.0,1.98
10.1088/1367-2630/aa695f,0.0,0.0,0.0,0.71,0.64,3.73,0.0,0.0,0.0,0.0,9.71,1.03,0.0,0.0,0.0,0.0,0.0,0.0,0.0,1.99,0.0,0.0,0.0,0.0,0.0,0.0,0.0,0.0,0.0,1.51,0.0,0.0,1.86,0.0,0.0,0.0,5.64,0.0,0.0,0.0,0.0,0.0,0.0,0.0,1.61,0.0,0.0,0.0,0.0,0.0,1.96,0.0,0.0,0.0,0.0,0.0,0.0,0.0,0.0,0.0,0.0,0.0,1.98
10.1103/PhysRevLett.118.216802,3.56,5.42,0.0,0.0,0.0,0.0,0.78,0.0,3.05,9.74,0.0,0.0,0.0,1.42,0.0,0.0,0.0,0.0,0.0,0.0,0.0,0.0,0.0,1.8,2.93,0.0,0.0,0.0,0.0,1.51,0.0,0.0,0.0,0.0,0.0,1.47,0.0,0.0,0.0,0.0,0.0,0.0,0.0,0.0,1.61,0.0,6.56,0.0,0.0,0.0,0.0,6.63,0.0,0.0,0.0,0.0,0.0,0.0,2.15,0.0,0.0,0.0,0.0
10.1103/PhysRevA.96.052321,0.0,5.42,0.0,0.0,3.22,0.0,0.0,0.0,4.58,0.0,0.0,0.0,0.0,1.42,0.0,0.0,0.0,0.0,2.15,0.0,0.0,11.05,0.0,0.0,0.0,0.0,0.0,0.0,0.0,1.51,0.0,0.0,0.0,2.23,0.0,0.0,0.0,5.73,0.0,1.98,0.0,0.0,0.0,2.09,1.61,0.0,0.0,0.0,0.0,0.0,0.0,0.0,0.0,0.0,0.0,0.0,0.0,0.0,0.0,0.0,0.0,0.0,0.0
10.1103/PhysRevB.96.180408,0.0,0.0,0.0,0.71,0.0,2.8,0.0,0.0,0.0,0.0,0.0,1.03,0.0,0.0,0.0,0.0,1.54,0.0,0.0,3.99,0.0,0.0,0.0,7.22,0.0,0.0,0.0,0.0,0.0,0.0,0.0,0.0,0.0,0.0,0.0,0.0,3.76,0.0,1.85,0.0,0.0,0.0,0.0,0.0,0.0,0.0,0.0,0.0,0.0,0.0,0.0,0.0,0.0,0.0,0.0,0.0,0.0,0.0,0.0,0.0,0.0,0.0,1.98
10.1038/s41467-017-01905-6,0.89,0.0,2.85,0.71,0.64,0.93,0.78,0.0,1.53,1.22,0.0,0.0,0.0,1.42,1.04,1.79,0.0,0.0,0.0,0.0,0.0,2.21,0.0,0.0,0.0,0.0,0.0,0.0,0.0,1.51,0.0,0.0,0.0,0.0,0.0,0.0,0.0,0.0,0.0,0.0,0.0,0.0,2.71,0.0,0.0,0.0,0.0,0.0,4.8,0.0,0.0,0.0,2.48,2.28,0.0,0.0,0.0,0.0,0.0,0.0,2.17,2.45,0.0
10.1063/1.4984745,0.0,0.0,0.0,2.82,0.0,0.0,2.34,0.0,3.05,1.22,0.0,0.0,0.0,0.0,0.0,1.79,3.08,0.0,0.0,0.0,0.0,0.0,0.0,0.0,0.0,0.0,0.0,0.0,0.0,0.0,0.0,0.0,0.0,0.0,0.0,0.0,0.0,1.91,0.0,0.0,0.0,0.0,0.0,0.0,0.0,0.0,0.0,0.0,0.0,0.0,0.0,0.0,0.0,0.0,0.0,0.0,0.0,6.5,0.0,0.0,0.0,0.0,0.0
10.1103/PhysRevB.95.205420,4.45,0.0,0.0,0.0,0.64,0.0,0.0,0.0,0.0,1.22,0.0,2.07,4.17,0.0,0.0,0.0,0.0,0.0,0.0,0.0,9.97,0.0,0.0,0.0,2.93,0.0,0.0,6.38,0.0,0.0,0.0,0.0,1.86,0.0,4.17,0.0,0.0,0.0,0.0,1.98,0.0,0.0,13.53,0.0,1.61,0.0,0.0,0.0,0.0,0.0,0.0,0.0,0.0,0.0,0.0,0.0,0.0,0.0,0.0,2.21,2.17,0.0,0.0
10.1007/s00723-016-0857-6,0.0,0.0,0.0,2.12,0.0,0.0,0.0,0.0,0.0,0.0,0.0,0.0,0.0,0.0,1.04,0.0,0.0,0.0,4.29,0.0,0.0,0.0,0.0,0.0,1.46,0.0,1.54,2.13,0.0,0.0,0.0,0.0,0.0,0.0,0.0,0.0,0.0,0.0,0.0,0.0,0.0,0.0,0.0,0.0,3.21,2.23,0.0,0.0,0.0,0.0,0.0,0.0,0.0,0.0,0.0,0.0,0.0,0.0,0.0,0.0,0.0,0.0,0.0
10.1016/j.chaos.2017.03.029,0.0,0.0,0.0,0.0,0.0,0.0,1.56,0.0,0.0,0.0,0.0,1.03,0.0,0.0,0.0,0.0,0.0,0.0,0.0,0.0,0.0,0.0,0.0,0.0,0.0,4.97,1.54,0.0,0.0,0.0,0.0,0.0,0.0,0.0,0.0,2.95,0.0,3.82,0.0,0.0,0.0,0.0,0.0,0.0,0.0,0.0,0.0,0.0,0.0,0.0,7.84,0.0,0.0,0.0,0.0,0.0,0.0,0.0,0.0,0.0,2.17,0.0,0.0
10.1016/j.physleta.2017.01.052,0.0,0.0,0.0,2.82,1.93,0.0,1.56,0.0,0.0,0.0,0.0,0.0,6.26,1.42,1.04,0.0,0.0,0.0,0.0,0.0,0.0,0.0,0.0,1.8,0.0,0.0,0.0,0.0,0.0,0.0,0.0,0.0,0.0,0.0,0.0,0.0,0.0,9.55,0.0,0.0,0.0,0.0,10.82,0.0,0.0,0.0,0.0,0.0,0.0,0.0,0.0,0.0,0.0,0.0,0.0,0.0,0.0,0.0,0.0,0.0,0.0,0.0,0.0
10.1007/s11128-016-1499-1,1.78,0.0,0.0,0.0,1.29,0.93,0.0,0.0,0.0,0.0,0.0,2.07,2.09,1.42,0.0,0.0,0.0,0.0,0.0,0.0,0.0,0.0,2.25,1.8,0.0,0.0,0.0,0.0,0.0,0.0,0.0,0.0,0.0,0.0,4.17,0.0,0.0,0.0,3.7,0.0,0.0,0.0,2.71,2.09,0.0,0.0,0.0,0.0,2.4,0.0,0.0,0.0,12.41,0.0,0.0,0.0,0.0,2.17,0.0,2.21,0.0,0.0,0.0
10.1016/j.commatsci.2016.12.032,0.0,0.0,0.0,0.0,1.29,0.93,0.0,0.0,1.53,0.0,0.0,0.0,0.0,0.0,0.0,0.0,0.0,0.0,0.0,0.0,9.97,0.0,0.0,0.0,1.46,0.0,0.0,0.0,0.0,0.0,0.0,0.0,0.0,0.0,0.0,0.0,0.0,1.91,0.0,1.98,0.0,0.0,0.0,0.0,0.0,0.0,0.0,0.0,0.0,2.28,0.0,2.21,0.0,0.0,0.0,0.0,0.0,0.0,0.0,0.0,0.0,0.0,0.0
10.1002/anie.201706181,0.0,0.0,0.0,0.0,0.0,0.93,0.0,0.0,0.0,0.0,0.0,1.03,0.0,0.0,0.0,0.0,0.0,0.0,2.15,0.0,0.0,0.0,0.0,0.0,0.0,0.0,1.54,0.0,0.0,0.0,0.0,0.0,0.0,0.0,0.0,1.47,0.0,1.91,0.0,0.0,0.0,1.85,0.0,0.0,0.0,0.0,0.0,0.0,0.0,0.0,0.0,0.0,0.0,0.0,0.0,0.0,2.74,0.0,2.15,0.0,0.0,0.0,0.0
10.1038/s41598-017-12217-6,0.0,0.0,0.0,0.0,0.64,0.0,2.34,0.0,1.53,0.0,0.0,2.07,0.0,0.0,0.0,0.0,1.54,0.0,0.0,0.0,0.0,0.0,0.0,0.0,0.0,0.0,1.54,0.0,0.0,1.51,0.0,0.0,0.0,0.0,0.0,0.0,0.0,0.0,0.0,0.0,0.0,0.0,0.0,10.43,3.21,2.23,0.0,0.0,0.0,0.0,1.96,0.0,0.0,0.0,0.0,0.0,0.0,0.0,0.0,0.0,0.0,0.0,0.0
10.1103/PhysRevB.96.195424,5.34,6.78,0.0,0.0,0.0,1.86,0.0,0.0,1.53,0.0,0.0,0.0,0.0,0.0,0.0,0.0,0.0,0.0,0.0,0.0,0.0,0.0,0.0,0.0,2.93,0.0,0.0,0.0,0.0,0.0,21.37,0.0,1.86,2.23,0.0,0.0,0.0,1.91,0.0,0.0,0.0,0.0,0.0,0.0,0.0,0.0,4.38,0.0,0.0,0.0,0.0,4.42,0.0,0.0,0.0,0.0,0.0,0.0,0.0,0.0,0.0,0.0,3.95
10.1103/PhysRevA.96.012318,0.0,8.13,0.0,0.71,0.0,0.0,1.56,0.0,6.11,7.31,0.0,0.0,0.0,0.0,2.08,3.58,4.61,0.0,0.0,0.0,0.0,0.0,0.0,0.0,0.0,0.0,0.0,0.0,0.0,1.51,0.0,0.0,0.0,0.0,0.0,0.0,0.0,0.0,0.0,0.0,0.0,1.85,0.0,0.0,0.0,0.0,4.38,0.0,0.0,0.0,0.0,4.42,0.0,0.0,0.0,0.0,0.0,0.0,0.0,0.0,0.0,0.0,1.98
10.1038/NNANO.2016.170,2.67,5.42,0.0,0.71,0.0,0.0,2.34,0.0,0.0,0.0,0.0,0.0,0.0,0.0,1.04,1.79,0.0,0.0,0.0,0.0,0.0,0.0,0.0,0.0,4.39,0.0,0.0,0.0,0.0,0.0,2.37,0.0,7.45,0.0,0.0,0.0,0.0,0.0,0.0,0.0,0.0,0.0,0.0,0.0,1.61,2.23,0.0,0.0,0.0,0.0,0.0,0.0,0.0,0.0,0.0,0.0,0.0,0.0,0.0,0.0,0.0,0.0,0.0
10.1103/PhysRevLett.118.177702,0.0,1.36,0.0,0.71,0.0,0.93,0.0,0.0,0.0,0.0,0.0,0.0,0.0,0.0,0.0,0.0,0.0,0.0,0.0,0.0,0.0,0.0,0.0,0.0,0.0,0.0,0.0,0.0,0.0,0.0,0.0,2.74,7.45,0.0,0.0,0.0,0.0,0.0,0.0,0.0,0.0,0.0,0.0,0.0,3.21,2.23,2.19,0.0,0.0,0.0,0.0,2.21,0.0,0.0,0.0,0.0,0.0,4.33,0.0,0.0,0.0,0.0,0.0
10.1103/PhysRevB.96.125416,0.0,0.0,0.0,0.0,1.93,0.93,0.0,0.0,0.0,0.0,0.0,3.1,0.0,0.0,0.0,0.0,0.0,0.0,0.0,3.99,0.0,0.0,0.0,0.0,0.0,0.0,0.0,0.0,0.0,0.0,0.0,0.0,0.0,0.0,0.0,0.0,0.0,0.0,0.0,1.98,0.0,0.0,0.0,0.0,0.0,0.0,0.0,0.0,0.0,4.55,3.92,0.0,0.0,0.0,0.0,0.0,0.0,0.0,4.29,0.0,0.0,0.0,0.0
10.1038/nmat4959,0.0,0.0,0.0,1.41,1.29,0.0,3.9,0.0,0.0,0.0,0.0,0.0,0.0,0.0,0.0,0.0,0.0,0.0,0.0,0.0,0.0,0.0,0.0,0.0,1.46,0.0,3.08,0.0,0.0,0.0,0.0,0.0,0.0,0.0,0.0,1.47,0.0,0.0,3.7,0.0,0.0,0.0,0.0,0.0,0.0,0.0,0.0,0.0,0.0,0.0,0.0,0.0,0.0,0.0,0.0,0.0,0.0,0.0,0.0,0.0,0.0,0.0,0.0
10.1103/PhysRevLett.119.233602,0.0,1.36,0.0,0.0,2.58,0.0,0.0,0.0,0.0,0.0,0.0,1.03,0.0,0.0,1.04,0.0,0.0,0.0,0.0,0.0,3.99,2.21,0.0,0.0,0.0,7.45,0.0,2.13,0.0,0.0,0.0,0.0,0.0,0.0,0.0,0.0,0.0,1.91,0.0,1.98,0.0,0.0,0.0,0.0,0.0,0.0,0.0,0.0,0.0,0.0,0.0,0.0,0.0,0.0,0.0,0.0,0.0,2.17,0.0,0.0,0.0,0.0,0.0
10.1103/PhysRevB.95.201304,0.0,0.0,0.0,0.0,0.64,0.93,1.56,0.0,0.0,1.22,2.43,0.0,0.0,1.42,0.0,0.0,0.0,0.0,0.0,0.0,0.0,2.21,0.0,0.0,0.0,0.0,4.61,0.0,1.67,0.0,2.37,0.0,0.0,0.0,0.0,0.0,0.0,0.0,0.0,1.98,0.0,1.85,0.0,0.0,1.61,0.0,0.0,0.0,0.0,0.0,0.0,0.0,0.0,0.0,0.0,0.0,0.0,0.0,0.0,0.0,0.0,0.0,1.98
10.1103/PhysRevA.96.012309,0.0,1.36,0.0,0.71,1.29,0.0,2.34,0.0,0.0,0.0,0.0,2.07,0.0,0.0,0.0,0.0,0.0,2.67,0.0,3.99,0.0,0.0,0.0,0.0,0.0,0.0,0.0,0.0,0.0,4.52,0.0,0.0,0.0,15.62,0.0,0.0,0.0,0.0,0.0,0.0,0.0,0.0,0.0,0.0,1.61,0.0,0.0,0.0,0.0,2.28,0.0,0.0,0.0,0.0,0.0,0.0,0.0,0.0,0.0,0.0,2.17,0.0,0.0
10.1103/PhysRevB.95.165429,0.0,1.36,0.0,0.0,2.58,1.86,1.56,0.0,0.0,0.0,0.0,0.0,6.26,0.0,0.0,0.0,0.0,18.69,0.0,7.98,0.0,0.0,0.0,0.0,1.46,0.0,0.0,2.13,0.0,0.0,0.0,0.0,0.0,0.0,0.0,0.0,5.64,0.0,0.0,15.82,0.0,1.85,0.0,0.0,0.0,0.0,0.0,0.0,0.0,0.0,0.0,0.0,0.0,0.0,0.0,0.0,0.0,0.0,0.0,0.0,0.0,2.45,0.0
10.1103/PhysRevA.95.052325,2.67,0.0,0.0,2.12,2.58,0.0,0.78,0.0,0.0,0.0,0.0,2.07,0.0,0.0,4.16,8.95,4.61,0.0,0.0,0.0,0.0,0.0,0.0,0.0,0.0,0.0,0.0,0.0,0.0,0.0,0.0,0.0,0.0,0.0,0.0,0.0,0.0,1.91,0.0,0.0,0.0,7.39,0.0,0.0,0.0,0.0,6.56,0.0,0.0,0.0,1.96,4.42,0.0,0.0,4.7,0.0,0.0,0.0,0.0,0.0,0.0,0.0,3.95
10.1038/s41467-017-01993-4,0.0,0.0,2.85,0.71,3.87,0.0,0.0,0.0,10.69,2.44,0.0,0.0,0.0,0.0,0.0,0.0,0.0,0.0,0.0,0.0,0.0,2.21,0.0,0.0,1.46,0.0,0.0,0.0,0.0,0.0,0.0,0.0,0.0,0.0,0.0,0.0,0.0,0.0,1.85,0.0,0.0,0.0,0.0,0.0,1.61,0.0,0.0,0.0,0.0,0.0,0.0,0.0,0.0,0.0,0.0,0.0,0.0,0.0,0.0,2.21,0.0,0.0,0.0
10.1021/acs.nanolett.7b00927,1.78,0.0,0.0,0.71,1.29,0.0,1.56,0.0,4.58,0.0,0.0,1.03,0.0,0.0,0.0,0.0,0.0,0.0,0.0,0.0,0.0,0.0,0.0,0.0,0.0,0.0,1.54,4.25,1.67,0.0,0.0,0.0,0.0,0.0,0.0,0.0,5.64,0.0,0.0,0.0,0.0,1.85,0.0,0.0,0.0,0.0,0.0,0.0,0.0,0.0,0.0,0.0,0.0,0.0,4.7,0.0,0.0,0.0,8.58,0.0,0.0,0.0,0.0
10.1134/S0012500817030053,0.0,0.0,0.0,0.0,0.0,0.0,0.0,0.0,0.0,0.0,0.0,0.0,0.0,0.0,0.0,0.0,0.0,0.0,0.0,0.0,0.0,0.0,0.0,0.0,0.0,0.0,0.0,0.0,0.0,0.0,0.0,0.0,0.0,0.0,0.0,0.0,0.0,0.0,0.0,0.0,0.0,0.0,0.0,0.0,0.0,0.0,0.0,0.0,0.0,0.0,0.0,0.0,0.0,2.28,0.0,0.0,2.74,0.0,0.0,0.0,0.0,0.0,0.0
10.1103/PhysRevLett.118.067701,0.89,0.0,0.0,0.0,0.0,0.0,0.78,0.0,0.0,0.0,0.0,0.0,0.0,0.0,1.04,0.0,0.0,0.0,0.0,1.99,0.0,0.0,0.0,0.0,0.0,0.0,0.0,0.0,0.0,1.51,0.0,0.0,0.0,0.0,0.0,0.0,0.0,0.0,0.0,0.0,0.0,0.0,2.71,0.0,0.0,0.0,2.19,15.62,0.0,0.0,0.0,2.21,0.0,0.0,0.0,0.0,0.0,0.0,0.0,0.0,0.0,0.0,0.0
10.1021/acs.jpclett.7b00479,0.0,0.0,0.0,0.0,0.64,0.0,0.0,0.0,0.0,0.0,0.0,0.0,0.0,0.0,0.0,0.0,0.0,0.0,4.29,0.0,0.0,0.0,0.0,0.0,0.0,0.0,0.0,0.0,0.0,0.0,0.0,0.0,0.0,0.0,0.0,0.0,0.0,0.0,1.85,0.0,0.0,3.7,0.0,0.0,0.0,0.0,0.0,0.0,0.0,0.0,0.0,0.0,0.0,0.0,0.0,2.74,5.48,0.0,2.15,0.0,0.0,0.0,0.0
10.7567/APEX.10.103004,0.0,0.0,0.0,0.0,0.0,0.93,0.0,0.0,0.0,0.0,0.0,0.0,0.0,0.0,1.04,0.0,0.0,0.0,0.0,0.0,3.99,0.0,0.0,0.0,0.0,0.0,0.0,0.0,0.0,0.0,0.0,0.0,0.0,0.0,4.17,0.0,0.0,0.0,1.85,0.0,0.0,0.0,0.0,0.0,1.61,0.0,0.0,0.0,0.0,0.0,0.0,0.0,0.0,0.0,4.7,0.0,0.0,0.0,0.0,4.42,0.0,4.91,0.0
10.1134/S002136401705006X,0.0,0.0,0.0,1.41,0.0,2.8,0.0,0.0,0.0,0.0,0.0,0.0,0.0,0.0,0.0,0.0,0.0,0.0,0.0,0.0,0.0,0.0,0.0,0.0,0.0,0.0,0.0,0.0,0.0,0.0,0.0,0.0,1.86,0.0,0.0,0.0,7.52,0.0,0.0,0.0,0.0,0.0,0.0,0.0,0.0,0.0,0.0,0.0,0.0,0.0,0.0,0.0,0.0,0.0,0.0,0.0,0.0,0.0,0.0,0.0,0.0,0.0,0.0
10.1134/S1070328417110094,0.0,0.0,0.0,0.0,0.0,0.0,0.0,0.0,0.0,0.0,0.0,0.0,0.0,0.0,1.04,1.79,0.0,0.0,0.0,0.0,0.0,0.0,0.0,0.0,0.0,0.0,0.0,0.0,0.0,0.0,0.0,0.0,0.0,0.0,0.0,0.0,0.0,0.0,0.0,0.0,0.0,1.85,0.0,0.0,0.0,0.0,0.0,0.0,0.0,0.0,1.96,0.0,0.0,2.28,0.0,5.48,0.0,0.0,0.0,0.0,0.0,0.0,0.0
10.1039/c7nj01071k,0.0,0.0,0.0,0.0,0.64,0.0,0.0,0.0,0.0,0.0,0.0,0.0,0.0,0.0,0.0,0.0,0.0,0.0,0.0,0.0,1.99,0.0,0.0,0.0,0.0,0.0,0.0,0.0,0.0,0.0,0.0,0.0,0.0,0.0,0.0,0.0,0.0,0.0,0.0,5.93,0.0,3.7,0.0,0.0,0.0,0.0,0.0,0.0,0.0,0.0,0.0,0.0,0.0,4.55,0.0,5.48,0.0,0.0,0.0,0.0,0.0,0.0,0.0
10.1021/acs.nanolett.7b02627,0.0,0.0,0.0,0.0,1.29,0.0,1.56,0.0,3.05,0.0,12.13,0.0,0.0,0.0,0.0,0.0,0.0,0.0,0.0,0.0,0.0,2.21,0.0,0.0,1.46,0.0,3.08,0.0,0.0,0.0,0.0,0.0,0.0,0.0,0.0,0.0,0.0,0.0,0.0,0.0,0.0,0.0,0.0,0.0,0.0,0.0,0.0,0.0,0.0,6.83,0.0,0.0,0.0,0.0,0.0,0.0,0.0,0.0,0.0,0.0,0.0,0.0,0.0
10.1016/j.jcrysgro.2017.05.008,0.0,4.07,0.0,0.0,0.0,0.0,1.56,0.0,4.58,0.0,4.85,1.03,2.09,0.0,0.0,0.0,0.0,0.0,0.0,0.0,0.0,0.0,0.0,0.0,0.0,0.0,0.0,0.0,0.0,0.0,0.0,0.0,0.0,0.0,0.0,0.0,0.0,0.0,0.0,0.0,0.0,1.85,0.0,0.0,0.0,0.0,0.0,0.0,0.0,0.0,0.0,0.0,0.0,0.0,0.0,0.0,0.0,0.0,0.0,0.0,0.0,0.0,1.98
10.1088/1361-648X/aa6aac,0.89,1.36,0.0,0.0,1.29,0.93,3.12,0.0,0.0,0.0,0.0,0.0,0.0,0.0,0.0,0.0,0.0,5.34,0.0,0.0,0.0,0.0,0.0,0.0,0.0,0.0,0.0,0.0,0.0,0.0,0.0,0.0,0.0,0.0,0.0,0.0,0.0,0.0,0.0,1.98,0.0,0.0,0.0,0.0,0.0,0.0,0.0,0.0,0.0,0.0,0.0,0.0,0.0,0.0,0.0,0.0,0.0,0.0,2.15,0.0,0.0,0.0,0.0
10.1038/s41467-017-00534-3,0.0,0.0,0.0,4.94,0.0,0.0,0.78,0.0,0.0,0.0,0.0,0.0,0.0,0.0,1.04,0.0,0.0,0.0,0.0,0.0,0.0,0.0,0.0,0.0,4.39,0.0,0.0,0.0,0.0,1.51,0.0,0.0,0.0,0.0,0.0,2.95,1.88,0.0,0.0,0.0,0.0,0.0,0.0,0.0,0.0,0.0,0.0,0.0,0.0,0.0,0.0,0.0,0.0,0.0,7.05,0.0,0.0,0.0,2.15,0.0,0.0,0.0,0.0
10.1103/PhysRevB.95.245411,0.0,0.0,0.0,0.0,0.64,2.8,1.56,0.0,0.0,0.0,0.0,4.14,0.0,0.0,0.0,0.0,1.54,10.68,0.0,7.98,0.0,0.0,0.0,0.0,0.0,0.0,0.0,0.0,0.0,0.0,0.0,0.0,0.0,0.0,0.0,0.0,0.0,0.0,0.0,3.95,0.0,0.0,0.0,0.0,0.0,0.0,0.0,0.0,0.0,2.28,0.0,0.0,0.0,4.55,0.0,0.0,0.0,6.5,0.0,0.0,0.0,0.0,0.0
10.1038/s41534-017-0029-z,0.89,1.36,0.0,0.0,0.0,2.8,0.0,0.0,0.0,2.44,0.0,0.0,0.0,0.0,2.08,0.0,0.0,0.0,0.0,0.0,9.97,0.0,0.0,0.0,0.0,0.0,0.0,0.0,0.0,0.0,0.0,0.0,0.0,0.0,2.09,1.47,0.0,0.0,0.0,0.0,0.0,0.0,0.0,0.0,1.61,0.0,0.0,0.0,4.8,0.0,0.0,0.0,0.0,0.0,2.35,0.0,0.0,2.17,0.0,11.05,0.0,4.91,0.0
10.1016/j.scib.2017.04.024,0.0,0.0,0.0,1.41,3.87,0.0,1.56,0.0,4.58,0.0,0.0,2.07,0.0,0.0,0.0,1.79,1.54,0.0,0.0,0.0,0.0,2.21,0.0,0.0,0.0,0.0,1.54,2.13,1.67,0.0,0.0,0.0,0.0,0.0,0.0,0.0,0.0,1.91,0.0,1.98,0.0,0.0,0.0,0.0,0.0,0.0,4.38,0.0,0.0,0.0,1.96,2.21,0.0,0.0,0.0,0.0,0.0,0.0,0.0,0.0,0.0,0.0,0.0
10.1039/c7cp03872k,0.0,0.0,0.0,3.53,0.0,1.86,0.0,0.0,0.0,0.0,0.0,5.17,0.0,0.0,2.08,8.95,0.0,0.0,0.0,0.0,0.0,0.0,0.0,0.0,0.0,0.0,0.0,0.0,0.0,0.0,0.0,0.0,0.0,0.0,0.0,0.0,0.0,0.0,0.0,0.0,0.0,0.0,0.0,0.0,0.0,0.0,0.0,0.0,0.0,0.0,0.0,0.0,0.0,0.0,0.0,0.0,0.0,0.0,0.0,0.0,0.0,0.0,0.0
10.1103/PhysRevX.7.031010,3.56,0.0,0.0,2.12,0.64,5.59,0.0,0.0,1.53,3.65,0.0,3.1,0.0,0.0,1.04,0.0,0.0,0.0,0.0,1.99,0.0,0.0,0.0,0.0,0.0,0.0,0.0,0.0,0.0,0.0,0.0,0.0,0.0,0.0,0.0,0.0,0.0,0.0,0.0,0.0,0.0,0.0,0.0,0.0,3.21,0.0,0.0,0.0,0.0,0.0,1.96,0.0,0.0,0.0,2.35,0.0,0.0,4.33,0.0,0.0,0.0,0.0,0.0
10.1109/JSSC.2017.2737549,0.0,2.71,0.0,1.41,0.64,0.0,0.0,0.0,0.0,2.44,0.0,0.0,0.0,0.0,0.0,0.0,0.0,0.0,0.0,0.0,0.0,4.42,0.0,0.0,0.0,0.0,0.0,0.0,0.0,0.0,0.0,0.0,0.0,0.0,0.0,0.0,0.0,0.0,1.85,0.0,0.0,0.0,0.0,0.0,0.0,0.0,0.0,0.0,0.0,0.0,0.0,0.0,2.48,0.0,0.0,0.0,0.0,0.0,0.0,0.0,0.0,0.0,0.0
10.1038/s41467-018-04340-3,0.89,0.0,2.85,0.0,0.64,0.0,0.0,0.0,0.0,2.44,0.0,1.03,0.0,0.0,2.08,0.0,0.0,0.0,0.0,0.0,0.0,0.0,0.0,1.8,2.93,0.0,0.0,0.0,0.0,0.0,0.0,2.74,0.0,0.0,4.17,0.0,0.0,0.0,3.7,1.98,0.0,0.0,0.0,0.0,0.0,6.69,0.0,7.81,0.0,0.0,0.0,0.0,0.0,0.0,0.0,0.0,0.0,0.0,2.15,4.42,0.0,0.0,0.0
10.1038/nature25766,1.78,0.0,2.85,0.0,1.93,0.0,0.78,0.0,0.0,2.44,0.0,0.0,0.0,2.85,0.0,0.0,3.08,0.0,0.0,0.0,0.0,2.21,2.25,0.0,0.0,0.0,1.54,0.0,1.67,0.0,0.0,0.0,0.0,0.0,0.0,0.0,0.0,0.0,0.0,0.0,0.0,0.0,0.0,0.0,0.0,0.0,0.0,0.0,0.0,0.0,0.0,0.0,0.0,0.0,0.0,0.0,0.0,0.0,0.0,0.0,0.0,0.0,0.0
10.1063/1.5036521,1.78,1.36,0.0,0.0,0.64,1.86,0.0,0.0,0.0,2.44,4.85,5.17,0.0,0.0,1.04,0.0,0.0,0.0,2.15,0.0,0.0,0.0,4.51,0.0,0.0,0.0,0.0,0.0,0.0,0.0,0.0,0.0,0.0,0.0,0.0,0.0,0.0,0.0,0.0,0.0,0.0,0.0,0.0,0.0,0.0,0.0,0.0,2.6,0.0,0.0,0.0,0.0,0.0,0.0,2.35,0.0,0.0,0.0,0.0,0.0,2.17,0.0,0.0
10.1103/PhysRevX.8.041027,0.0,0.0,0.0,0.0,1.93,0.0,0.0,0.0,0.0,0.0,0.0,0.0,0.0,0.0,0.0,0.0,0.0,0.0,0.0,0.0,1.99,0.0,0.0,0.0,0.0,2.48,0.0,0.0,0.0,0.0,0.0,0.0,0.0,0.0,2.09,0.0,0.0,0.0,0.0,1.98,0.0,0.0,0.0,0.0,0.0,2.23,0.0,2.6,4.8,0.0,0.0,0.0,0.0,0.0,0.0,0.0,0.0,0.0,0.0,0.0,0.0,0.0,0.0
10.1038/s41586-018-0365-y,0.0,0.0,0.0,2.12,0.0,0.0,0.78,0.0,0.0,0.0,0.0,9.31,10.43,0.0,1.04,3.58,0.0,0.0,0.0,0.0,0.0,0.0,0.0,5.41,1.46,4.97,0.0,0.0,1.67,0.0,0.0,0.0,0.0,0.0,0.0,2.95,1.88,0.0,0.0,0.0,0.0,0.0,0.0,0.0,0.0,0.0,0.0,0.0,0.0,0.0,0.0,0.0,0.0,0.0,4.7,0.0,0.0,0.0,0.0,0.0,2.17,2.45,0.0
10.1038/s41534-018-0112-0,5.34,16.27,0.0,0.71,0.0,0.0,0.78,0.0,6.11,0.0,0.0,0.0,0.0,0.0,0.0,0.0,0.0,0.0,0.0,0.0,0.0,0.0,0.0,10.82,0.0,0.0,0.0,2.13,0.0,1.51,0.0,0.0,0.0,0.0,0.0,0.0,0.0,0.0,0.0,0.0,0.0,0.0,0.0,0.0,4.82,0.0,0.0,0.0,0.0,0.0,0.0,0.0,0.0,0.0,0.0,0.0,0.0,0.0,0.0,0.0,0.0,0.0,0.0
10.1002/adfm.201801695,0.0,0.0,0.0,0.0,0.64,0.0,0.0,0.0,0.0,1.22,0.0,0.0,0.0,0.0,0.0,0.0,0.0,0.0,0.0,0.0,0.0,0.0,0.0,0.0,0.0,0.0,0.0,0.0,1.67,0.0,0.0,0.0,0.0,0.0,0.0,0.0,0.0,0.0,0.0,0.0,0.0,0.0,0.0,0.0,0.0,0.0,0.0,0.0,2.4,0.0,0.0,0.0,0.0,2.28,0.0,0.0,5.48,0.0,0.0,0.0,0.0,0.0,0.0
10.1103/PhysRevB.98.245409,0.0,4.07,0.0,0.71,0.64,0.93,0.78,0.0,1.53,0.0,0.0,0.0,0.0,0.0,0.0,3.58,0.0,2.67,2.15,1.99,0.0,0.0,0.0,3.61,0.0,0.0,0.0,2.13,0.0,0.0,0.0,0.0,0.0,0.0,0.0,0.0,0.0,0.0,0.0,0.0,0.0,0.0,0.0,0.0,0.0,0.0,0.0,0.0,0.0,0.0,0.0,0.0,0.0,0.0,0.0,0.0,0.0,0.0,0.0,0.0,0.0,0.0,0.0
10.1103/PhysRevB.98.245424,0.0,0.0,4.27,1.41,1.29,5.59,3.12,0.0,0.0,0.0,0.0,1.03,0.0,0.0,2.08,0.0,0.0,10.68,0.0,7.98,0.0,0.0,0.0,0.0,0.0,0.0,0.0,0.0,1.67,0.0,0.0,0.0,0.0,0.0,0.0,0.0,0.0,0.0,0.0,0.0,0.0,0.0,0.0,0.0,1.61,0.0,0.0,0.0,0.0,2.28,0.0,0.0,14.9,0.0,0.0,0.0,0.0,0.0,2.15,0.0,2.17,0.0,1.98
10.1103/PhysRevA.98.012304,0.0,0.0,0.0,0.0,1.29,0.93,0.0,0.0,0.0,0.0,0.0,0.0,4.17,0.0,0.0,0.0,0.0,0.0,0.0,0.0,0.0,0.0,6.76,0.0,0.0,0.0,0.0,0.0,0.0,0.0,0.0,0.0,0.0,0.0,0.0,0.0,0.0,0.0,0.0,1.98,0.0,5.54,0.0,0.0,0.0,0.0,0.0,0.0,0.0,0.0,0.0,0.0,0.0,0.0,0.0,0.0,0.0,0.0,0.0,0.0,0.0,0.0,0.0
10.1038/s41467-018-06418-4,0.0,0.0,0.0,0.0,0.0,0.93,2.34,0.0,0.0,1.22,9.71,0.0,0.0,0.0,0.0,0.0,0.0,0.0,0.0,0.0,0.0,0.0,0.0,0.0,0.0,0.0,0.0,0.0,3.34,0.0,0.0,0.0,3.73,0.0,0.0,0.0,1.88,0.0,0.0,0.0,0.0,0.0,0.0,0.0,0.0,0.0,0.0,0.0,0.0,0.0,0.0,0.0,0.0,0.0,0.0,0.0,0.0,0.0,0.0,0.0,0.0,0.0,0.0
10.1039/c8dt00139a,0.0,0.0,0.0,0.0,0.0,0.0,0.0,0.0,0.0,0.0,0.0,0.0,0.0,0.0,0.0,0.0,0.0,0.0,0.0,0.0,0.0,0.0,0.0,0.0,0.0,0.0,0.0,0.0,0.0,0.0,0.0,0.0,0.0,0.0,0.0,0.0,0.0,1.91,0.0,0.0,0.0,0.0,0.0,0.0,0.0,0.0,0.0,0.0,0.0,0.0,0.0,0.0,0.0,0.0,0.0,2.74,8.23,0.0,0.0,0.0,0.0,0.0,3.95
10.1038/s41467-018-07522-1,2.67,0.0,0.0,0.0,0.0,0.0,0.78,0.0,0.0,1.22,0.0,1.03,0.0,2.85,0.0,1.79,0.0,0.0,0.0,0.0,0.0,4.42,0.0,0.0,1.46,0.0,1.54,2.13,0.0,1.51,0.0,0.0,0.0,2.23,0.0,0.0,0.0,0.0,0.0,0.0,0.0,0.0,0.0,0.0,1.61,0.0,2.19,0.0,2.4,0.0,0.0,2.21,4.97,0.0,0.0,0.0,0.0,0.0,0.0,0.0,2.17,0.0,0.0
10.1038/s41598-018-26633-9,0.0,1.36,0.0,0.71,0.0,1.86,0.0,0.0,0.0,0.0,0.0,0.0,2.09,0.0,2.08,0.0,0.0,0.0,0.0,0.0,5.98,0.0,0.0,0.0,1.46,0.0,1.54,0.0,0.0,0.0,0.0,0.0,1.86,0.0,4.17,0.0,0.0,0.0,1.85,0.0,0.0,0.0,2.71,0.0,1.61,0.0,0.0,0.0,0.0,2.28,0.0,0.0,0.0,0.0,0.0,0.0,0.0,0.0,2.15,4.42,0.0,0.0,0.0
10.1007/s11433-017-9145-6,0.0,0.0,0.0,0.71,3.87,0.0,1.56,0.0,0.0,0.0,0.0,0.0,0.0,0.0,1.04,1.79,1.54,0.0,0.0,1.99,0.0,0.0,0.0,0.0,0.0,0.0,0.0,0.0,0.0,0.0,0.0,0.0,0.0,0.0,0.0,0.0,0.0,0.0,0.0,0.0,0.0,0.0,0.0,0.0,0.0,0.0,0.0,0.0,0.0,0.0,1.96,0.0,0.0,0.0,0.0,0.0,0.0,0.0,0.0,0.0,0.0,0.0,0.0
10.1103/PhysRevB.97.245412,0.0,0.0,2.85,0.0,0.0,0.0,0.78,0.0,0.0,1.22,0.0,4.14,0.0,4.27,0.0,0.0,0.0,18.69,2.15,0.0,0.0,8.84,0.0,0.0,0.0,0.0,1.54,8.5,0.0,0.0,0.0,0.0,0.0,0.0,0.0,0.0,0.0,1.91,0.0,0.0,0.0,1.85,0.0,0.0,0.0,0.0,4.38,0.0,0.0,0.0,0.0,4.42,0.0,0.0,0.0,0.0,0.0,0.0,0.0,0.0,0.0,0.0,0.0
10.1103/PhysRevA.97.012318,3.56,0.0,0.0,0.0,0.0,0.0,0.0,0.0,0.0,0.0,0.0,0.0,0.0,0.0,1.04,0.0,6.15,0.0,0.0,0.0,0.0,4.42,0.0,0.0,0.0,0.0,6.15,2.13,0.0,0.0,0.0,0.0,0.0,11.16,0.0,0.0,0.0,5.73,0.0,0.0,0.0,0.0,0.0,0.0,1.61,0.0,0.0,0.0,4.8,0.0,0.0,0.0,0.0,0.0,0.0,0.0,0.0,0.0,0.0,0.0,0.0,0.0,0.0
10.1103/PhysRevB.97.155433,0.89,0.0,5.69,0.0,0.0,0.93,0.0,0.0,0.0,0.0,0.0,1.03,0.0,0.0,0.0,0.0,1.54,18.69,2.15,1.99,0.0,0.0,0.0,1.8,0.0,0.0,0.0,0.0,1.67,0.0,0.0,0.0,0.0,0.0,0.0,2.95,0.0,0.0,0.0,0.0,0.0,0.0,0.0,0.0,0.0,0.0,0.0,0.0,0.0,0.0,0.0,0.0,0.0,0.0,0.0,0.0,0.0,0.0,0.0,0.0,0.0,0.0,0.0
10.1126/science.aar4054,0.0,0.0,4.27,2.82,0.0,1.86,2.34,0.0,1.53,0.0,0.0,3.1,8.35,0.0,0.0,0.0,1.54,0.0,0.0,0.0,0.0,0.0,0.0,0.0,1.46,2.48,0.0,0.0,0.0,0.0,0.0,0.0,0.0,0.0,0.0,0.0,0.0,0.0,0.0,0.0,0.0,0.0,2.71,0.0,0.0,0.0,0.0,0.0,0.0,0.0,0.0,0.0,0.0,0.0,0.0,0.0,0.0,0.0,0.0,0.0,2.17,4.91,0.0
10.1126/science.aat3581,0.89,0.0,0.0,0.0,2.58,0.93,0.0,0.0,0.0,1.22,0.0,0.0,20.87,0.0,3.12,0.0,0.0,0.0,0.0,0.0,0.0,0.0,0.0,0.0,0.0,0.0,0.0,0.0,5.01,3.01,0.0,0.0,0.0,0.0,0.0,1.47,0.0,0.0,0.0,0.0,0.0,0.0,2.71,0.0,0.0,0.0,0.0,0.0,0.0,0.0,0.0,0.0,0.0,0.0,0.0,0.0,0.0,0.0,0.0,0.0,0.0,0.0,0.0
10.22331/q-2018-05-28-70,0.0,0.0,0.0,0.71,0.64,2.8,3.12,0.0,0.0,0.0,0.0,0.0,0.0,0.0,1.04,0.0,0.0,0.0,10.73,1.99,0.0,0.0,0.0,5.41,0.0,0.0,0.0,0.0,0.0,0.0,0.0,0.0,0.0,0.0,0.0,0.0,0.0,0.0,1.85,0.0,0.0,0.0,0.0,0.0,1.61,0.0,4.38,10.42,0.0,0.0,0.0,4.42,0.0,0.0,0.0,0.0,0.0,4.33,2.15,0.0,0.0,0.0,1.98
10.1103/PhysRevB.98.195307,0.89,0.0,1.42,2.12,3.87,0.93,0.78,14.73,0.0,0.0,0.0,0.0,0.0,0.0,2.08,0.0,1.54,0.0,19.31,1.99,0.0,0.0,0.0,0.0,1.46,0.0,0.0,0.0,0.0,0.0,0.0,0.0,0.0,0.0,0.0,2.95,0.0,0.0,0.0,0.0,0.0,0.0,0.0,0.0,0.0,0.0,0.0,7.81,0.0,0.0,0.0,0.0,7.45,0.0,0.0,0.0,0.0,0.0,0.0,0.0,0.0,0.0,0.0
10.1103/PhysRevB.98.155320,2.67,0.0,1.42,2.12,0.64,0.0,3.12,0.0,0.0,1.22,0.0,6.2,0.0,0.0,0.0,0.0,0.0,0.0,0.0,0.0,0.0,0.0,0.0,0.0,0.0,0.0,0.0,0.0,3.34,1.51,0.0,0.0,0.0,0.0,0.0,0.0,0.0,0.0,0.0,0.0,0.0,0.0,0.0,0.0,1.61,0.0,0.0,0.0,0.0,0.0,0.0,0.0,0.0,0.0,0.0,0.0,0.0,0.0,0.0,0.0,2.17,0.0,0.0
10.1103/PhysRevApplied.9.034003,0.0,6.78,0.0,0.0,0.0,0.0,0.78,0.0,0.0,0.0,0.0,0.0,0.0,0.0,0.0,0.0,0.0,0.0,0.0,0.0,0.0,0.0,0.0,0.0,0.0,0.0,6.15,0.0,0.0,3.01,0.0,0.0,1.86,0.0,0.0,0.0,0.0,0.0,0.0,0.0,0.0,0.0,0.0,0.0,1.61,0.0,0.0,0.0,0.0,0.0,0.0,0.0,0.0,0.0,0.0,0.0,0.0,0.0,0.0,0.0,0.0,0.0,0.0
10.1103/PhysRevApplied.10.044017,0.0,10.85,4.27,0.0,0.0,0.0,2.34,4.91,1.53,1.22,0.0,0.0,0.0,0.0,0.0,0.0,0.0,0.0,0.0,0.0,0.0,0.0,0.0,1.8,1.46,0.0,1.54,0.0,1.67,0.0,0.0,0.0,1.86,0.0,0.0,0.0,0.0,0.0,0.0,0.0,0.0,0.0,0.0,0.0,0.0,8.92,0.0,0.0,0.0,0.0,0.0,0.0,0.0,0.0,0.0,0.0,0.0,0.0,0.0,0.0,0.0,0.0,0.0
10.1016/j.physe.2018.01.024,0.0,0.0,0.0,0.0,0.64,2.8,0.0,0.0,0.0,0.0,0.0,2.07,0.0,0.0,1.04,0.0,0.0,0.0,0.0,0.0,0.0,0.0,0.0,0.0,0.0,0.0,0.0,4.25,0.0,0.0,0.0,2.74,0.0,0.0,0.0,7.37,1.88,0.0,0.0,0.0,0.0,0.0,0.0,0.0,0.0,0.0,0.0,0.0,0.0,0.0,13.72,0.0,0.0,0.0,0.0,0.0,0.0,0.0,0.0,0.0,0.0,0.0,0.0
10.1038/s41598-018-34108-0,0.0,0.0,0.0,1.41,1.93,0.93,0.78,0.0,0.0,0.0,0.0,1.03,6.26,1.42,0.0,0.0,1.54,0.0,0.0,0.0,0.0,0.0,0.0,0.0,1.46,9.93,3.08,0.0,3.34,0.0,0.0,0.0,0.0,0.0,0.0,1.47,0.0,0.0,0.0,0.0,0.0,0.0,0.0,2.09,0.0,0.0,4.38,0.0,2.4,0.0,0.0,4.42,0.0,0.0,2.35,0.0,0.0,0.0,0.0,0.0,0.0,2.45,0.0
10.1126/science.aau4691,0.0,0.0,1.42,0.0,0.64,0.0,0.0,0.0,0.0,0.0,0.0,1.03,4.17,0.0,6.24,0.0,0.0,0.0,0.0,0.0,5.98,0.0,0.0,0.0,0.0,0.0,0.0,0.0,0.0,0.0,0.0,0.0,0.0,0.0,4.17,1.47,1.88,0.0,0.0,1.98,0.0,0.0,8.12,0.0,0.0,0.0,0.0,0.0,0.0,0.0,0.0,0.0,0.0,0.0,0.0,0.0,0.0,0.0,0.0,2.21,0.0,0.0,0.0
10.1038/s41467-018-05664-w,2.67,0.0,0.0,2.12,0.0,0.93,0.0,0.0,0.0,0.0,0.0,0.0,0.0,0.0,0.0,0.0,0.0,0.0,0.0,0.0,0.0,0.0,2.25,0.0,0.0,0.0,0.0,10.63,0.0,0.0,0.0,0.0,0.0,0.0,2.09,0.0,0.0,0.0,1.85,0.0,0.0,0.0,0.0,0.0,0.0,0.0,0.0,0.0,0.0,0.0,0.0,2.21,0.0,0.0,0.0,0.0,0.0,0.0,0.0,2.21,0.0,7.36,0.0
10.1038/s41565-017-0014-x,0.89,5.42,0.0,0.71,0.0,0.0,0.0,0.0,4.58,1.22,0.0,2.07,0.0,2.85,0.0,0.0,1.54,0.0,0.0,0.0,0.0,0.0,0.0,0.0,2.93,0.0,0.0,2.13,0.0,0.0,0.0,0.0,1.86,0.0,0.0,0.0,0.0,0.0,0.0,0.0,0.0,0.0,0.0,0.0,0.0,0.0,0.0,0.0,0.0,0.0,0.0,0.0,0.0,0.0,0.0,0.0,0.0,0.0,0.0,0.0,2.17,0.0,0.0
10.1103/PhysRevApplied.10.054026,1.78,0.0,0.0,0.0,0.0,0.0,0.78,0.0,0.0,0.0,0.0,3.1,0.0,0.0,0.0,0.0,3.08,0.0,0.0,0.0,0.0,0.0,0.0,0.0,0.0,0.0,1.54,0.0,0.0,6.02,0.0,0.0,0.0,0.0,0.0,0.0,0.0,0.0,0.0,0.0,0.0,0.0,0.0,0.0,0.0,0.0,0.0,0.0,0.0,0.0,3.92,0.0,0.0,0.0,0.0,0.0,0.0,0.0,0.0,0.0,0.0,0.0,0.0
10.1103/PhysRevLett.120.137702,1.78,0.0,1.42,0.0,0.0,0.0,0.0,0.0,0.0,0.0,4.85,1.03,0.0,0.0,0.0,0.0,0.0,0.0,0.0,5.98,0.0,0.0,0.0,0.0,0.0,0.0,0.0,0.0,1.67,1.51,0.0,0.0,1.86,0.0,0.0,0.0,0.0,0.0,0.0,0.0,0.0,1.85,0.0,0.0,0.0,0.0,0.0,0.0,0.0,0.0,0.0,0.0,0.0,0.0,0.0,0.0,0.0,0.0,0.0,0.0,0.0,0.0,0.0
10.1038/s41534-018-0059-1,0.89,0.0,7.11,3.53,0.0,0.93,1.56,0.0,0.0,1.22,0.0,2.07,0.0,0.0,0.0,0.0,0.0,2.67,0.0,3.99,0.0,0.0,0.0,0.0,0.0,0.0,0.0,0.0,3.34,1.51,0.0,0.0,0.0,0.0,0.0,0.0,3.76,0.0,0.0,0.0,0.0,0.0,0.0,0.0,0.0,0.0,0.0,0.0,0.0,2.28,0.0,0.0,0.0,0.0,0.0,0.0,0.0,0.0,0.0,0.0,0.0,0.0,0.0
10.1126/sciadv.aaq1459,0.0,0.0,4.27,1.41,0.64,0.0,0.0,19.63,0.0,0.0,0.0,1.03,0.0,1.42,1.04,1.79,0.0,0.0,0.0,0.0,0.0,0.0,0.0,0.0,1.46,0.0,0.0,0.0,1.67,0.0,0.0,0.0,1.86,0.0,0.0,0.0,3.76,0.0,0.0,0.0,0.0,0.0,0.0,0.0,0.0,0.0,0.0,0.0,0.0,0.0,0.0,0.0,0.0,0.0,0.0,0.0,13.71,0.0,0.0,0.0,0.0,0.0,0.0
10.1103/PhysRevLett.121.177701,0.0,4.07,0.0,0.71,0.0,0.0,1.56,0.0,3.05,0.0,0.0,0.0,0.0,0.0,1.04,5.37,0.0,0.0,0.0,0.0,0.0,0.0,0.0,3.61,0.0,0.0,0.0,0.0,0.0,0.0,0.0,0.0,0.0,0.0,0.0,0.0,0.0,0.0,0.0,0.0,0.0,1.85,2.71,0.0,1.61,0.0,0.0,0.0,0.0,0.0,0.0,0.0,0.0,0.0,0.0,0.0,0.0,0.0,0.0,0.0,0.0,2.45,0.0
10.1103/PhysRevX.8.041050,0.0,0.0,0.0,2.82,1.29,0.93,4.68,0.0,1.53,0.0,14.56,0.0,0.0,0.0,2.08,1.79,0.0,0.0,6.44,0.0,0.0,0.0,0.0,0.0,1.46,0.0,1.54,0.0,1.67,1.51,0.0,0.0,0.0,0.0,0.0,0.0,0.0,0.0,0.0,0.0,0.0,0.0,0.0,0.0,0.0,0.0,0.0,0.0,0.0,0.0,0.0,0.0,2.48,0.0,0.0,0.0,0.0,0.0,0.0,0.0,0.0,0.0,0.0
10.1103/PhysRevB.97.045431,4.45,4.07,0.0,0.0,0.0,1.86,0.0,0.0,3.05,0.0,0.0,1.03,0.0,1.42,0.0,0.0,0.0,0.0,0.0,0.0,0.0,0.0,0.0,0.0,0.0,0.0,0.0,0.0,1.67,1.51,4.75,0.0,0.0,6.69,0.0,0.0,0.0,0.0,0.0,0.0,0.0,0.0,0.0,0.0,1.61,0.0,6.56,0.0,2.4,0.0,1.96,6.63,0.0,0.0,0.0,0.0,0.0,0.0,0.0,0.0,0.0,0.0,1.98
10.1103/PhysRevX.8.041018,0.89,0.0,0.0,0.0,0.64,0.93,0.78,0.0,3.05,0.0,0.0,2.07,8.35,0.0,3.12,1.79,3.08,0.0,0.0,0.0,0.0,0.0,0.0,0.0,0.0,7.45,0.0,0.0,0.0,3.01,0.0,0.0,0.0,0.0,0.0,1.47,1.88,0.0,0.0,0.0,0.0,0.0,0.0,0.0,0.0,0.0,0.0,0.0,0.0,0.0,0.0,0.0,2.48,0.0,0.0,0.0,0.0,0.0,0.0,0.0,0.0,2.45,0.0
10.1103/PhysRevX.8.041032,5.34,0.0,4.27,0.0,2.58,0.0,0.78,2.45,0.0,0.0,0.0,0.0,0.0,1.42,0.0,0.0,0.0,0.0,2.15,0.0,0.0,15.46,0.0,0.0,0.0,0.0,3.08,0.0,0.0,0.0,0.0,0.0,0.0,2.23,0.0,0.0,0.0,0.0,0.0,0.0,0.0,0.0,0.0,0.0,0.0,0.0,2.19,0.0,0.0,0.0,0.0,4.42,0.0,0.0,0.0,0.0,0.0,0.0,0.0,0.0,0.0,0.0,0.0
10.1109/TMAG.2018.2815696,0.0,0.0,0.0,0.71,0.0,0.0,0.0,0.0,0.0,0.0,0.0,0.0,0.0,0.0,0.0,0.0,0.0,0.0,0.0,0.0,0.0,0.0,0.0,1.8,0.0,0.0,0.0,0.0,0.0,3.01,0.0,0.0,0.0,0.0,0.0,2.95,0.0,0.0,0.0,0.0,0.0,0.0,0.0,0.0,1.61,0.0,0.0,0.0,12.0,0.0,0.0,0.0,0.0,2.28,0.0,0.0,0.0,0.0,2.15,0.0,0.0,0.0,0.0
10.1140/epjst/e2018-00094-2,0.0,1.36,0.0,0.0,0.0,0.0,0.0,0.0,0.0,0.0,0.0,0.0,0.0,0.0,2.08,0.0,0.0,0.0,0.0,5.98,0.0,0.0,0.0,0.0,0.0,0.0,0.0,4.25,0.0,0.0,0.0,0.0,0.0,0.0,0.0,0.0,0.0,0.0,0.0,0.0,0.0,0.0,0.0,2.09,0.0,0.0,0.0,0.0,0.0,0.0,0.0,0.0,0.0,0.0,0.0,0.0,0.0,0.0,0.0,0.0,0.0,0.0,0.0
10.1103/PhysRevB.98.024404,0.0,0.0,0.0,0.0,1.93,0.93,0.0,0.0,0.0,1.22,0.0,0.0,0.0,0.0,1.04,0.0,0.0,0.0,0.0,0.0,0.0,0.0,0.0,0.0,0.0,0.0,1.54,0.0,0.0,0.0,0.0,0.0,0.0,0.0,0.0,0.0,0.0,0.0,0.0,1.98,8.12,1.85,0.0,0.0,0.0,0.0,0.0,0.0,0.0,2.28,0.0,0.0,4.97,0.0,0.0,0.0,0.0,2.17,4.29,0.0,0.0,2.45,0.0
10.1038/s41565-017-0030-x,1.78,0.0,0.0,0.71,0.0,0.0,0.0,0.0,1.53,4.87,0.0,1.03,0.0,0.0,0.0,0.0,0.0,5.34,0.0,0.0,0.0,0.0,0.0,0.0,0.0,0.0,0.0,0.0,5.01,0.0,0.0,0.0,0.0,0.0,0.0,0.0,0.0,0.0,0.0,1.98,0.0,0.0,0.0,0.0,0.0,0.0,0.0,0.0,0.0,0.0,0.0,0.0,0.0,2.28,0.0,0.0,0.0,0.0,0.0,0.0,0.0,0.0,0.0
10.1103/PhysRevA.98.042302,2.67,0.0,0.0,0.0,0.0,0.0,0.0,0.0,0.0,1.22,0.0,0.0,0.0,0.0,0.0,0.0,0.0,0.0,2.15,0.0,1.99,0.0,0.0,0.0,0.0,0.0,0.0,0.0,0.0,0.0,2.37,0.0,0.0,0.0,2.09,0.0,0.0,3.82,0.0,0.0,0.0,0.0,0.0,0.0,0.0,0.0,0.0,0.0,0.0,0.0,0.0,0.0,0.0,0.0,0.0,0.0,0.0,0.0,0.0,2.21,0.0,0.0,0.0
10.1103/PhysRevApplied.10.044058,0.0,0.0,0.0,0.0,0.64,0.0,0.78,0.0,1.53,1.22,0.0,1.03,0.0,0.0,0.0,3.58,1.54,0.0,0.0,0.0,0.0,0.0,2.25,0.0,0.0,0.0,0.0,0.0,5.01,0.0,0.0,0.0,0.0,0.0,0.0,0.0,0.0,0.0,0.0,0.0,0.0,0.0,0.0,0.0,0.0,0.0,4.38,0.0,7.2,0.0,0.0,4.42,0.0,0.0,0.0,0.0,0.0,0.0,0.0,0.0,0.0,0.0,0.0
10.1142/S0217979218400283,0.89,2.71,0.0,0.0,0.64,0.0,0.0,0.0,0.0,0.0,0.0,0.0,0.0,5.69,1.04,0.0,0.0,0.0,0.0,1.99,0.0,0.0,0.0,0.0,0.0,0.0,0.0,0.0,0.0,0.0,0.0,0.0,0.0,0.0,0.0,0.0,0.0,0.0,0.0,0.0,0.0,1.85,0.0,0.0,0.0,0.0,0.0,0.0,0.0,0.0,0.0,0.0,0.0,0.0,0.0,0.0,0.0,0.0,0.0,0.0,0.0,0.0,0.0
10.1021/jacs.8b06733,0.0,0.0,0.0,0.71,0.0,0.0,0.0,0.0,0.0,1.22,0.0,0.0,0.0,0.0,0.0,0.0,0.0,0.0,4.29,0.0,0.0,0.0,0.0,0.0,1.46,0.0,1.54,0.0,0.0,0.0,0.0,0.0,0.0,0.0,0.0,1.47,1.88,0.0,3.7,0.0,0.0,1.85,0.0,2.09,0.0,0.0,0.0,2.6,0.0,4.55,0.0,0.0,0.0,4.55,4.7,0.0,0.0,0.0,0.0,0.0,0.0,0.0,0.0
10.1103/PhysRevX.8.021046,0.0,0.0,1.42,1.41,0.0,0.0,0.0,4.91,7.64,0.0,0.0,0.0,0.0,9.96,0.0,0.0,1.54,0.0,4.29,0.0,0.0,17.67,0.0,0.0,0.0,0.0,1.54,0.0,0.0,1.51,0.0,0.0,0.0,0.0,0.0,0.0,0.0,0.0,0.0,0.0,0.0,0.0,0.0,0.0,0.0,0.0,0.0,0.0,0.0,0.0,0.0,0.0,0.0,0.0,0.0,0.0,0.0,2.17,0.0,0.0,0.0,0.0,0.0
10.1109/TVLSI.2018.2814041,5.34,0.0,0.0,2.12,0.64,0.0,0.0,0.0,0.0,0.0,0.0,0.0,0.0,2.85,4.16,0.0,0.0,0.0,0.0,0.0,0.0,0.0,0.0,0.0,0.0,0.0,0.0,0.0,0.0,0.0,0.0,0.0,0.0,2.23,0.0,0.0,0.0,0.0,0.0,0.0,0.0,0.0,0.0,0.0,0.0,0.0,0.0,0.0,14.4,0.0,0.0,0.0,0.0,0.0,0.0,0.0,0.0,0.0,0.0,0.0,0.0,0.0,0.0
10.1063/1.5042501,0.0,0.0,0.0,0.0,0.64,0.0,3.12,0.0,0.0,1.22,9.71,0.0,0.0,0.0,0.0,0.0,1.54,0.0,0.0,0.0,0.0,0.0,0.0,0.0,0.0,0.0,0.0,0.0,1.67,0.0,0.0,0.0,0.0,0.0,0.0,0.0,0.0,0.0,0.0,0.0,0.0,0.0,0.0,0.0,0.0,0.0,0.0,0.0,0.0,0.0,0.0,0.0,0.0,0.0,0.0,0.0,0.0,0.0,0.0,0.0,0.0,0.0,0.0
10.1103/PhysRevB.97.155412,5.34,0.0,0.0,0.71,0.0,0.0,2.34,0.0,0.0,0.0,0.0,0.0,0.0,0.0,0.0,0.0,0.0,10.68,0.0,0.0,0.0,0.0,0.0,0.0,0.0,0.0,0.0,0.0,0.0,0.0,0.0,0.0,0.0,0.0,0.0,0.0,0.0,0.0,0.0,0.0,0.0,0.0,0.0,0.0,0.0,0.0,0.0,0.0,0.0,2.28,0.0,0.0,0.0,0.0,0.0,0.0,0.0,0.0,0.0,0.0,0.0,0.0,0.0
10.1038/s41534-018-0105-z,0.89,0.0,0.0,1.41,0.0,0.0,1.56,0.0,0.0,7.31,0.0,0.0,0.0,8.54,0.0,0.0,0.0,0.0,0.0,0.0,0.0,0.0,0.0,1.8,2.93,0.0,0.0,0.0,0.0,0.0,0.0,0.0,7.45,2.23,0.0,0.0,3.76,0.0,0.0,0.0,0.0,0.0,0.0,0.0,1.61,0.0,0.0,0.0,0.0,0.0,0.0,0.0,0.0,0.0,0.0,0.0,0.0,0.0,0.0,0.0,0.0,7.36,0.0
10.1038/s41467-018-03578-1,0.0,0.0,0.0,0.0,0.0,0.93,0.0,0.0,0.0,0.0,0.0,0.0,0.0,0.0,0.0,0.0,0.0,0.0,0.0,0.0,0.0,0.0,0.0,0.0,0.0,0.0,0.0,0.0,0.0,0.0,0.0,0.0,0.0,0.0,0.0,0.0,3.76,0.0,3.7,0.0,0.0,0.0,0.0,0.0,1.61,0.0,0.0,0.0,0.0,0.0,0.0,0.0,0.0,0.0,0.0,0.0,0.0,0.0,0.0,0.0,0.0,0.0,0.0
10.1038/s41467-018-02982-x,0.89,0.0,4.27,1.41,0.64,0.0,0.0,9.82,0.0,1.22,0.0,1.03,0.0,1.42,1.04,3.58,0.0,0.0,2.15,0.0,0.0,2.21,0.0,0.0,0.0,0.0,0.0,0.0,1.67,0.0,0.0,0.0,0.0,0.0,0.0,0.0,0.0,0.0,0.0,0.0,0.0,0.0,0.0,0.0,0.0,0.0,0.0,0.0,0.0,0.0,0.0,0.0,0.0,0.0,2.35,0.0,0.0,0.0,0.0,0.0,2.17,0.0,0.0
10.1103/PhysRevA.97.042324,0.89,5.42,0.0,0.0,0.0,0.0,0.0,0.0,0.0,2.44,0.0,0.0,0.0,0.0,0.0,0.0,0.0,0.0,0.0,0.0,0.0,0.0,0.0,0.0,0.0,0.0,0.0,0.0,0.0,0.0,16.62,0.0,0.0,2.23,0.0,0.0,0.0,0.0,0.0,0.0,0.0,0.0,0.0,0.0,0.0,2.23,6.56,0.0,0.0,0.0,0.0,6.63,0.0,0.0,0.0,0.0,0.0,0.0,0.0,0.0,2.17,0.0,0.0
10.1103/PhysRevA.97.012304,0.89,0.0,0.0,0.0,0.0,0.0,1.56,0.0,0.0,1.22,0.0,2.07,0.0,0.0,3.12,3.58,4.61,0.0,0.0,0.0,1.99,0.0,0.0,0.0,0.0,0.0,0.0,0.0,0.0,0.0,0.0,0.0,0.0,0.0,0.0,0.0,1.88,1.91,0.0,0.0,0.0,0.0,0.0,0.0,0.0,0.0,2.19,0.0,0.0,0.0,0.0,2.21,0.0,0.0,0.0,0.0,0.0,0.0,0.0,0.0,0.0,0.0,0.0
10.1103/PhysRevB.98.165301,5.34,4.07,0.0,0.0,0.0,0.0,0.78,0.0,0.0,0.0,0.0,2.07,0.0,1.42,0.0,3.58,0.0,0.0,0.0,0.0,0.0,0.0,0.0,0.0,0.0,0.0,0.0,4.25,0.0,0.0,11.87,0.0,1.86,6.69,0.0,0.0,0.0,0.0,0.0,0.0,0.0,0.0,0.0,0.0,3.21,0.0,0.0,0.0,0.0,0.0,0.0,0.0,0.0,0.0,0.0,0.0,0.0,0.0,0.0,0.0,0.0,0.0,0.0
10.1103/PhysRevLett.121.183603,0.89,0.0,0.0,0.0,0.0,0.0,0.0,0.0,0.0,0.0,0.0,1.03,6.26,0.0,0.0,0.0,0.0,0.0,0.0,0.0,0.0,0.0,0.0,0.0,0.0,2.48,0.0,0.0,0.0,0.0,0.0,0.0,0.0,0.0,0.0,0.0,0.0,0.0,0.0,0.0,10.82,0.0,2.71,0.0,0.0,0.0,0.0,0.0,0.0,0.0,0.0,0.0,2.48,0.0,0.0,0.0,0.0,0.0,0.0,0.0,0.0,0.0,0.0
10.1103/PhysRevA.98.052348,0.0,0.0,0.0,0.0,0.0,0.0,0.0,0.0,0.0,1.22,0.0,0.0,0.0,0.0,0.0,0.0,0.0,0.0,0.0,0.0,0.0,0.0,0.0,1.8,0.0,0.0,1.54,0.0,0.0,0.0,0.0,0.0,0.0,4.46,0.0,0.0,0.0,3.82,0.0,0.0,0.0,0.0,0.0,2.09,0.0,2.23,0.0,0.0,0.0,0.0,0.0,0.0,0.0,0.0,0.0,0.0,0.0,0.0,2.15,0.0,0.0,0.0,0.0
10.1103/PhysRevB.98.155319,1.78,0.0,1.42,0.71,0.0,6.52,0.0,0.0,0.0,1.22,7.28,0.0,0.0,0.0,0.0,0.0,0.0,0.0,0.0,0.0,0.0,0.0,0.0,0.0,0.0,0.0,0.0,0.0,1.67,1.51,0.0,0.0,11.18,0.0,0.0,0.0,1.88,0.0,0.0,0.0,0.0,0.0,0.0,0.0,0.0,0.0,0.0,0.0,0.0,0.0,0.0,0.0,0.0,0.0,0.0,0.0,0.0,2.17,0.0,0.0,0.0,0.0,3.95
10.1103/PhysRevB.97.235409,4.45,1.36,0.0,0.0,1.93,0.0,0.0,0.0,0.0,0.0,0.0,0.0,0.0,4.27,1.04,0.0,0.0,0.0,0.0,0.0,0.0,0.0,0.0,0.0,1.46,19.86,0.0,4.25,0.0,0.0,0.0,2.74,1.86,0.0,0.0,1.47,0.0,0.0,0.0,0.0,0.0,0.0,0.0,0.0,1.61,0.0,2.19,0.0,0.0,0.0,3.92,2.21,0.0,0.0,2.35,0.0,0.0,0.0,0.0,0.0,0.0,0.0,0.0
10.1002/chem.201804165,0.0,0.0,0.0,1.41,0.0,0.0,0.0,0.0,0.0,0.0,0.0,1.03,0.0,0.0,0.0,0.0,0.0,0.0,2.15,1.99,1.99,0.0,0.0,0.0,0.0,0.0,0.0,4.25,0.0,0.0,0.0,0.0,0.0,0.0,0.0,0.0,0.0,0.0,1.85,0.0,2.71,0.0,0.0,2.09,0.0,0.0,0.0,0.0,0.0,0.0,0.0,0.0,0.0,6.83,0.0,5.48,0.0,0.0,0.0,0.0,0.0,0.0,0.0
10.1063/1.5021491,0.0,0.0,0.0,0.71,0.0,1.86,0.0,0.0,0.0,4.87,0.0,0.0,0.0,0.0,0.0,0.0,0.0,0.0,2.15,0.0,0.0,0.0,0.0,0.0,0.0,0.0,0.0,0.0,0.0,0.0,0.0,0.0,3.73,0.0,2.09,0.0,0.0,0.0,3.7,0.0,0.0,0.0,0.0,0.0,1.61,0.0,0.0,0.0,0.0,0.0,0.0,0.0,0.0,0.0,0.0,0.0,0.0,0.0,0.0,2.21,0.0,0.0,0.0
10.1103/PhysRevA.98.062340,0.0,0.0,0.0,0.0,0.0,0.0,0.0,0.0,0.0,0.0,0.0,0.0,0.0,0.0,0.0,0.0,0.0,0.0,0.0,0.0,0.0,0.0,0.0,0.0,0.0,0.0,0.0,0.0,0.0,0.0,0.0,0.0,0.0,0.0,0.0,1.47,0.0,1.91,0.0,0.0,0.0,0.0,0.0,0.0,0.0,0.0,0.0,0.0,4.8,0.0,0.0,0.0,0.0,0.0,0.0,0.0,0.0,0.0,0.0,0.0,8.67,0.0,0.0
10.1103/PhysRevB.98.214307,0.0,6.78,0.0,0.0,0.0,2.8,0.0,0.0,0.0,2.44,0.0,0.0,0.0,0.0,0.0,0.0,0.0,0.0,0.0,0.0,1.99,0.0,0.0,0.0,4.39,0.0,0.0,0.0,0.0,0.0,2.37,10.97,0.0,0.0,4.17,0.0,0.0,0.0,0.0,0.0,0.0,0.0,0.0,2.09,0.0,13.39,0.0,0.0,0.0,0.0,0.0,0.0,0.0,0.0,0.0,0.0,0.0,0.0,0.0,2.21,0.0,0.0,0.0
10.1021/acs.jpclett.8b01813,0.0,0.0,0.0,0.0,0.64,2.8,0.0,0.0,0.0,0.0,0.0,0.0,0.0,0.0,0.0,0.0,0.0,0.0,0.0,0.0,0.0,0.0,0.0,0.0,0.0,0.0,0.0,0.0,0.0,0.0,2.37,0.0,0.0,0.0,0.0,0.0,1.88,0.0,0.0,0.0,0.0,0.0,0.0,0.0,0.0,0.0,0.0,0.0,0.0,2.28,0.0,0.0,0.0,0.0,0.0,0.0,0.0,0.0,0.0,0.0,0.0,0.0,0.0
10.1063/1.5021349,0.0,0.0,0.0,0.0,0.0,0.0,0.0,0.0,0.0,0.0,0.0,0.0,4.17,0.0,0.0,0.0,0.0,0.0,0.0,0.0,1.99,0.0,0.0,0.0,0.0,0.0,0.0,0.0,0.0,0.0,0.0,0.0,0.0,0.0,8.35,0.0,0.0,1.91,0.0,0.0,0.0,0.0,2.71,0.0,0.0,0.0,0.0,0.0,0.0,0.0,0.0,0.0,4.97,0.0,0.0,0.0,0.0,0.0,0.0,0.0,0.0,0.0,0.0
10.1103/PhysRevB.98.155202,0.0,5.42,0.0,0.71,0.64,0.0,0.0,0.0,0.0,0.0,0.0,0.0,0.0,0.0,0.0,0.0,0.0,0.0,0.0,0.0,5.98,0.0,0.0,5.41,0.0,0.0,0.0,0.0,0.0,0.0,0.0,10.97,0.0,0.0,0.0,1.47,0.0,0.0,0.0,0.0,0.0,0.0,0.0,0.0,0.0,2.23,0.0,0.0,0.0,0.0,0.0,0.0,0.0,0.0,7.05,0.0,0.0,0.0,0.0,0.0,0.0,0.0,0.0
10.1103/PhysRevLett.120.213603,0.0,0.0,2.85,0.0,1.93,0.0,0.0,0.0,0.0,0.0,0.0,0.0,0.0,1.42,0.0,0.0,0.0,0.0,0.0,0.0,5.98,0.0,0.0,0.0,0.0,0.0,0.0,0.0,0.0,0.0,0.0,0.0,0.0,0.0,4.17,1.47,0.0,0.0,0.0,0.0,0.0,0.0,0.0,0.0,0.0,0.0,0.0,10.42,0.0,0.0,0.0,0.0,0.0,0.0,0.0,0.0,0.0,0.0,2.15,4.42,0.0,0.0,0.0
10.1103/PhysRevLett.121.060401,0.0,0.0,0.0,0.71,0.0,0.0,0.0,0.0,0.0,0.0,0.0,0.0,0.0,0.0,0.0,0.0,0.0,0.0,0.0,0.0,1.99,0.0,0.0,1.8,0.0,0.0,1.54,0.0,0.0,0.0,0.0,2.74,0.0,0.0,4.17,0.0,0.0,1.91,0.0,0.0,0.0,0.0,0.0,10.43,0.0,0.0,0.0,0.0,0.0,0.0,1.96,0.0,0.0,0.0,0.0,0.0,0.0,0.0,0.0,2.21,0.0,0.0,0.0
10.1088/2053-1583/aac17f,0.0,0.0,0.0,0.71,0.0,0.0,2.34,0.0,1.53,0.0,0.0,0.0,0.0,0.0,0.0,1.79,1.54,2.67,0.0,1.99,0.0,0.0,0.0,0.0,0.0,0.0,0.0,0.0,0.0,1.51,0.0,0.0,0.0,0.0,0.0,0.0,0.0,0.0,0.0,1.98,0.0,3.7,0.0,0.0,0.0,0.0,0.0,0.0,0.0,0.0,0.0,0.0,0.0,2.28,0.0,0.0,0.0,0.0,0.0,0.0,0.0,0.0,0.0
10.1103/PhysRevLett.121.123604,0.0,0.0,0.0,0.0,3.22,0.0,0.0,0.0,0.0,0.0,0.0,0.0,0.0,0.0,2.08,0.0,0.0,0.0,0.0,0.0,0.0,0.0,0.0,0.0,0.0,2.48,0.0,4.25,0.0,0.0,0.0,0.0,0.0,0.0,0.0,0.0,0.0,0.0,0.0,1.98,0.0,0.0,0.0,0.0,0.0,0.0,0.0,5.21,0.0,0.0,0.0,0.0,0.0,0.0,0.0,0.0,0.0,0.0,0.0,0.0,0.0,0.0,1.98
10.1038/s41467-018-06039-x,0.0,0.0,5.69,0.71,0.0,0.0,1.56,0.0,0.0,7.31,0.0,0.0,0.0,1.42,0.0,1.79,0.0,0.0,0.0,0.0,0.0,2.21,0.0,0.0,1.46,0.0,3.08,0.0,1.67,1.51,0.0,0.0,0.0,6.69,0.0,0.0,5.64,0.0,0.0,0.0,0.0,0.0,0.0,0.0,0.0,0.0,6.56,0.0,0.0,0.0,0.0,6.63,0.0,2.28,0.0,0.0,0.0,0.0,0.0,0.0,2.17,0.0,0.0
10.1021/acs.nanolett.8b03921,0.0,0.0,0.0,0.0,3.87,0.0,0.0,0.0,0.0,0.0,0.0,1.03,0.0,0.0,5.2,0.0,0.0,0.0,0.0,0.0,0.0,0.0,0.0,0.0,1.46,0.0,1.54,0.0,0.0,0.0,0.0,0.0,0.0,0.0,0.0,0.0,0.0,0.0,0.0,0.0,0.0,1.85,0.0,0.0,0.0,0.0,0.0,0.0,0.0,0.0,0.0,0.0,0.0,0.0,0.0,0.0,16.45,0.0,0.0,0.0,0.0,0.0,0.0
10.1039/c8ra03343a,0.0,0.0,0.0,0.0,0.0,0.0,0.0,0.0,0.0,0.0,0.0,1.03,0.0,0.0,0.0,0.0,0.0,0.0,0.0,0.0,0.0,0.0,2.25,0.0,0.0,0.0,0.0,0.0,0.0,0.0,0.0,0.0,0.0,0.0,0.0,1.47,0.0,0.0,0.0,3.95,0.0,0.0,0.0,0.0,0.0,0.0,0.0,0.0,0.0,0.0,0.0,0.0,0.0,4.55,0.0,0.0,0.0,0.0,0.0,0.0,0.0,0.0,0.0
10.1021/acsami.8b00427,0.0,0.0,0.0,0.0,0.0,0.0,0.0,0.0,0.0,4.87,0.0,0.0,0.0,0.0,0.0,0.0,0.0,0.0,0.0,0.0,0.0,0.0,0.0,0.0,0.0,0.0,1.54,0.0,0.0,0.0,0.0,0.0,0.0,0.0,0.0,0.0,0.0,0.0,1.85,0.0,5.41,3.7,0.0,0.0,0.0,0.0,0.0,2.6,0.0,0.0,0.0,0.0,0.0,0.0,0.0,0.0,0.0,0.0,0.0,0.0,0.0,0.0,0.0
10.1021/jacs.7b12170,0.0,0.0,0.0,0.71,1.29,0.0,0.0,0.0,0.0,0.0,0.0,1.03,0.0,0.0,0.0,0.0,0.0,0.0,0.0,0.0,0.0,0.0,0.0,0.0,1.46,0.0,0.0,2.13,0.0,0.0,0.0,0.0,0.0,0.0,0.0,1.47,0.0,0.0,0.0,0.0,2.71,0.0,0.0,0.0,0.0,0.0,0.0,0.0,0.0,0.0,0.0,0.0,0.0,2.28,0.0,0.0,2.74,0.0,2.15,0.0,0.0,0.0,0.0
10.1038/s41534-018-0075-1,0.0,0.0,7.11,0.71,0.0,1.86,1.56,0.0,3.05,1.22,0.0,1.03,0.0,0.0,1.04,0.0,0.0,13.35,0.0,1.99,0.0,0.0,0.0,0.0,1.46,0.0,0.0,0.0,0.0,0.0,0.0,0.0,0.0,0.0,0.0,1.47,1.88,0.0,0.0,0.0,0.0,0.0,0.0,0.0,0.0,0.0,0.0,0.0,0.0,0.0,0.0,0.0,4.97,0.0,0.0,0.0,0.0,0.0,0.0,0.0,0.0,0.0,0.0
10.1088/1361-648X/aadcb8,0.0,1.36,0.0,0.0,0.0,0.0,3.9,0.0,3.05,0.0,0.0,3.1,0.0,0.0,1.04,0.0,0.0,0.0,0.0,5.98,0.0,0.0,0.0,0.0,0.0,0.0,0.0,0.0,0.0,3.01,0.0,0.0,0.0,0.0,0.0,0.0,0.0,0.0,0.0,0.0,0.0,0.0,0.0,0.0,0.0,0.0,0.0,0.0,0.0,0.0,1.96,0.0,0.0,0.0,0.0,0.0,0.0,0.0,0.0,0.0,0.0,0.0,0.0
10.1126/sciadv.aat9199,0.0,0.0,5.69,1.41,0.64,1.86,0.0,0.0,1.53,2.44,12.13,3.1,0.0,0.0,1.04,0.0,0.0,0.0,4.29,5.98,0.0,4.42,0.0,0.0,0.0,0.0,0.0,0.0,0.0,0.0,0.0,0.0,0.0,0.0,0.0,0.0,0.0,0.0,0.0,0.0,0.0,3.7,0.0,2.09,1.61,0.0,0.0,0.0,0.0,0.0,0.0,0.0,0.0,0.0,2.35,0.0,0.0,4.33,4.29,2.21,0.0,0.0,0.0
10.1103/PhysRevB.97.241401,0.0,2.71,2.85,1.41,0.0,0.93,1.56,0.0,1.53,0.0,0.0,0.0,0.0,0.0,2.08,0.0,0.0,0.0,0.0,3.99,0.0,0.0,0.0,1.8,0.0,0.0,0.0,0.0,0.0,0.0,0.0,0.0,0.0,0.0,0.0,0.0,0.0,0.0,0.0,0.0,0.0,0.0,0.0,0.0,1.61,0.0,0.0,0.0,0.0,0.0,0.0,0.0,9.93,0.0,0.0,0.0,0.0,0.0,2.15,0.0,0.0,0.0,0.0
10.1039/c8sc01695j,2.67,0.0,0.0,2.12,0.0,0.0,0.0,0.0,0.0,1.22,0.0,1.03,0.0,0.0,2.08,0.0,0.0,0.0,0.0,0.0,0.0,0.0,2.25,1.8,1.46,0.0,0.0,0.0,0.0,0.0,2.37,0.0,0.0,0.0,0.0,2.95,3.76,0.0,0.0,0.0,0.0,0.0,0.0,2.09,0.0,0.0,0.0,0.0,4.8,0.0,1.96,0.0,0.0,0.0,0.0,2.74,0.0,0.0,0.0,0.0,0.0,0.0,0.0
10.1021/acs.inorgchem.7b02616,0.0,0.0,0.0,0.0,0.64,1.86,0.0,0.0,0.0,2.44,0.0,1.03,0.0,0.0,0.0,0.0,0.0,0.0,10.73,0.0,0.0,0.0,0.0,0.0,0.0,0.0,0.0,0.0,0.0,0.0,0.0,0.0,0.0,0.0,0.0,0.0,0.0,0.0,1.85,0.0,0.0,5.54,0.0,4.17,0.0,0.0,0.0,2.6,0.0,4.55,0.0,0.0,0.0,0.0,0.0,0.0,0.0,0.0,0.0,0.0,0.0,0.0,1.98
10.1038/s41467-018-05700-9,0.89,0.0,5.69,0.0,1.29,0.0,3.12,0.0,0.0,0.0,24.27,0.0,0.0,0.0,1.04,0.0,0.0,0.0,0.0,0.0,0.0,0.0,0.0,0.0,0.0,0.0,0.0,0.0,3.34,3.01,2.37,0.0,0.0,0.0,0.0,0.0,0.0,0.0,0.0,0.0,0.0,0.0,0.0,0.0,0.0,0.0,0.0,0.0,0.0,2.28,0.0,0.0,0.0,4.55,0.0,0.0,0.0,0.0,0.0,0.0,0.0,0.0,0.0
10.1088/1367-2630/aaa910,0.0,0.0,0.0,0.71,0.0,0.0,0.0,0.0,0.0,0.0,0.0,0.0,0.0,0.0,1.04,0.0,0.0,0.0,0.0,0.0,9.97,2.21,0.0,0.0,0.0,0.0,0.0,0.0,0.0,0.0,0.0,0.0,0.0,0.0,6.26,0.0,0.0,0.0,0.0,0.0,0.0,0.0,0.0,0.0,0.0,0.0,0.0,0.0,0.0,0.0,0.0,0.0,0.0,0.0,0.0,2.74,0.0,0.0,0.0,4.42,0.0,0.0,0.0
10.1038/s41586-018-0200-5,0.0,0.0,0.0,0.0,1.93,0.0,0.0,0.0,1.53,1.22,0.0,0.0,4.17,1.42,0.0,0.0,0.0,0.0,0.0,0.0,0.0,0.0,15.78,3.61,0.0,0.0,0.0,0.0,0.0,0.0,0.0,0.0,0.0,0.0,2.09,0.0,0.0,0.0,0.0,0.0,0.0,0.0,0.0,0.0,1.61,0.0,0.0,0.0,0.0,0.0,0.0,0.0,0.0,0.0,0.0,0.0,0.0,0.0,0.0,0.0,0.0,0.0,0.0
10.1103/PhysRevX.8.031049,0.0,0.0,2.85,0.71,0.0,0.0,2.34,14.73,0.0,0.0,0.0,2.07,0.0,0.0,3.12,12.53,3.08,18.69,0.0,0.0,0.0,0.0,0.0,0.0,0.0,0.0,0.0,0.0,0.0,0.0,0.0,0.0,0.0,0.0,0.0,1.47,0.0,1.91,0.0,0.0,0.0,0.0,0.0,0.0,0.0,0.0,0.0,0.0,0.0,0.0,0.0,0.0,0.0,0.0,0.0,0.0,0.0,0.0,0.0,0.0,0.0,0.0,0.0
10.1039/c7sc05464e,0.0,0.0,0.0,0.0,1.93,0.93,0.0,0.0,0.0,0.0,0.0,2.07,0.0,0.0,1.04,0.0,0.0,0.0,8.58,0.0,0.0,0.0,0.0,0.0,0.0,0.0,0.0,2.13,0.0,0.0,0.0,0.0,0.0,0.0,0.0,0.0,0.0,0.0,1.85,0.0,2.71,1.85,0.0,0.0,0.0,0.0,0.0,2.6,0.0,0.0,0.0,0.0,0.0,0.0,0.0,2.74,5.48,0.0,0.0,0.0,0.0,0.0,0.0
10.1021/jacs.8b08105,0.0,0.0,0.0,4.23,0.64,0.93,0.0,7.36,0.0,0.0,0.0,0.0,0.0,0.0,1.04,0.0,13.84,0.0,0.0,0.0,0.0,0.0,0.0,1.8,4.39,0.0,0.0,0.0,0.0,0.0,0.0,0.0,0.0,0.0,0.0,2.95,0.0,0.0,0.0,0.0,0.0,0.0,0.0,4.17,0.0,0.0,2.19,0.0,0.0,2.28,0.0,0.0,0.0,0.0,0.0,0.0,10.97,0.0,0.0,0.0,0.0,0.0,0.0
10.1038/s41467-018-04544-7,0.0,4.07,0.0,1.41,2.58,0.0,0.78,0.0,0.0,0.0,0.0,0.0,0.0,0.0,0.0,0.0,0.0,0.0,0.0,0.0,0.0,0.0,2.25,1.8,1.46,0.0,0.0,0.0,0.0,1.51,0.0,0.0,0.0,0.0,0.0,0.0,0.0,1.91,0.0,1.98,0.0,0.0,0.0,2.09,0.0,2.23,0.0,0.0,0.0,0.0,0.0,0.0,0.0,0.0,0.0,0.0,0.0,0.0,0.0,0.0,0.0,0.0,0.0
10.1103/PhysRevB.98.075201,0.0,0.0,0.0,0.0,1.29,1.86,0.0,0.0,0.0,1.22,0.0,2.07,0.0,0.0,5.2,0.0,0.0,0.0,0.0,0.0,5.98,0.0,0.0,0.0,0.0,0.0,0.0,0.0,1.67,0.0,0.0,0.0,0.0,0.0,4.17,1.47,3.76,1.91,0.0,1.98,0.0,0.0,0.0,0.0,0.0,0.0,0.0,0.0,0.0,0.0,1.96,2.21,0.0,0.0,0.0,0.0,0.0,0.0,0.0,4.42,0.0,0.0,0.0
10.1063/1.5043108,1.78,0.0,0.0,0.0,0.64,0.0,2.34,0.0,6.11,0.0,0.0,0.0,0.0,0.0,0.0,0.0,1.54,0.0,0.0,0.0,0.0,0.0,0.0,0.0,0.0,0.0,0.0,0.0,0.0,0.0,0.0,0.0,0.0,0.0,0.0,0.0,0.0,0.0,0.0,0.0,0.0,0.0,0.0,0.0,0.0,0.0,0.0,0.0,0.0,0.0,0.0,0.0,0.0,0.0,0.0,0.0,0.0,0.0,0.0,0.0,0.0,0.0,5.93
10.1038/s41598-018-24004-y,8.01,0.0,2.85,2.82,0.0,0.0,2.34,0.0,0.0,0.0,0.0,0.0,0.0,0.0,0.0,0.0,1.54,0.0,0.0,0.0,0.0,0.0,0.0,0.0,0.0,0.0,1.54,0.0,1.67,0.0,0.0,0.0,0.0,0.0,0.0,0.0,0.0,0.0,0.0,0.0,0.0,0.0,0.0,0.0,0.0,0.0,0.0,0.0,0.0,0.0,0.0,0.0,0.0,0.0,0.0,0.0,0.0,2.17,0.0,0.0,0.0,0.0,0.0
10.1063/1.5040474,2.67,0.0,5.69,0.0,0.64,3.73,2.34,0.0,1.53,0.0,0.0,0.0,0.0,0.0,0.0,0.0,4.61,10.68,0.0,0.0,0.0,0.0,0.0,0.0,0.0,0.0,0.0,0.0,1.67,0.0,0.0,0.0,0.0,0.0,0.0,0.0,0.0,0.0,0.0,1.98,0.0,0.0,0.0,0.0,0.0,0.0,0.0,0.0,0.0,0.0,0.0,0.0,0.0,0.0,0.0,0.0,0.0,0.0,0.0,0.0,0.0,0.0,0.0
10.1038/s41598-018-19977-9,0.0,0.0,0.0,0.71,0.0,1.86,0.0,0.0,0.0,2.44,0.0,1.03,0.0,0.0,3.12,0.0,0.0,0.0,0.0,0.0,0.0,0.0,0.0,7.22,0.0,0.0,0.0,0.0,0.0,0.0,0.0,10.97,1.86,0.0,0.0,1.47,0.0,0.0,0.0,0.0,0.0,0.0,0.0,4.17,0.0,4.46,0.0,0.0,0.0,0.0,1.96,0.0,0.0,0.0,0.0,0.0,0.0,0.0,0.0,0.0,0.0,0.0,0.0
10.1103/PhysRevB.97.115445,0.0,0.0,0.0,0.71,0.0,0.0,0.0,0.0,0.0,1.22,0.0,1.03,0.0,0.0,0.0,0.0,0.0,13.35,0.0,1.99,0.0,0.0,0.0,0.0,0.0,0.0,0.0,0.0,0.0,0.0,0.0,0.0,0.0,0.0,0.0,1.47,0.0,0.0,1.85,0.0,0.0,0.0,0.0,0.0,0.0,0.0,0.0,0.0,0.0,0.0,0.0,0.0,0.0,0.0,0.0,0.0,0.0,0.0,0.0,0.0,0.0,0.0,0.0
10.1103/PhysRevB.97.241202,0.0,0.0,0.0,0.71,1.93,0.0,0.0,0.0,1.53,0.0,0.0,0.0,0.0,0.0,0.0,0.0,0.0,0.0,0.0,0.0,3.99,2.21,0.0,0.0,0.0,0.0,0.0,0.0,0.0,0.0,0.0,0.0,0.0,0.0,4.17,1.47,1.88,0.0,1.85,0.0,0.0,0.0,0.0,0.0,0.0,0.0,0.0,0.0,0.0,0.0,0.0,0.0,0.0,0.0,0.0,0.0,0.0,0.0,2.15,6.63,0.0,0.0,0.0
10.1103/PhysRevLett.121.256804,0.89,0.0,0.0,0.0,1.93,0.0,0.78,0.0,0.0,0.0,0.0,0.0,0.0,0.0,0.0,0.0,7.69,0.0,0.0,0.0,0.0,0.0,0.0,0.0,0.0,0.0,1.54,0.0,0.0,0.0,0.0,0.0,0.0,0.0,0.0,0.0,0.0,0.0,1.85,0.0,0.0,0.0,0.0,0.0,0.0,0.0,0.0,0.0,0.0,0.0,1.96,0.0,0.0,0.0,0.0,0.0,0.0,0.0,2.15,0.0,0.0,0.0,1.98
10.1103/PhysRevB.98.035432,0.0,0.0,2.85,1.41,0.0,0.93,0.0,4.91,0.0,0.0,0.0,0.0,0.0,0.0,0.0,0.0,0.0,0.0,0.0,0.0,0.0,0.0,0.0,0.0,0.0,0.0,3.08,0.0,1.67,0.0,0.0,0.0,0.0,0.0,0.0,0.0,0.0,0.0,0.0,0.0,0.0,0.0,0.0,0.0,0.0,2.23,0.0,0.0,0.0,0.0,0.0,0.0,2.48,0.0,0.0,0.0,0.0,0.0,0.0,0.0,0.0,0.0,1.98
10.1063/1.5048949,0.0,0.0,5.69,0.0,0.0,0.93,0.0,0.0,0.0,0.0,0.0,0.0,0.0,0.0,0.0,0.0,0.0,0.0,0.0,0.0,0.0,0.0,0.0,0.0,0.0,0.0,0.0,0.0,1.67,0.0,0.0,0.0,0.0,0.0,4.17,0.0,0.0,0.0,1.85,0.0,32.47,1.85,0.0,0.0,0.0,0.0,0.0,0.0,0.0,0.0,3.92,0.0,0.0,0.0,0.0,0.0,0.0,0.0,0.0,0.0,0.0,0.0,0.0
10.1002/qute.201800067,2.67,0.0,0.0,0.71,0.64,0.0,0.0,0.0,0.0,1.22,0.0,0.0,0.0,2.85,0.0,1.79,0.0,0.0,0.0,0.0,0.0,0.0,2.25,0.0,0.0,0.0,0.0,0.0,0.0,0.0,0.0,0.0,0.0,2.23,0.0,2.95,0.0,0.0,0.0,0.0,0.0,0.0,0.0,0.0,0.0,0.0,0.0,0.0,2.4,0.0,1.96,0.0,0.0,0.0,0.0,0.0,0.0,0.0,2.15,0.0,2.17,0.0,0.0
10.3389/fchem.2019.00662,0.0,4.07,0.0,0.0,0.64,0.0,0.0,0.0,0.0,0.0,0.0,0.0,0.0,0.0,0.0,0.0,0.0,0.0,0.0,0.0,0.0,0.0,0.0,1.8,1.46,0.0,0.0,0.0,0.0,0.0,0.0,0.0,0.0,0.0,0.0,2.95,0.0,0.0,0.0,0.0,0.0,1.85,0.0,0.0,0.0,0.0,0.0,0.0,0.0,0.0,0.0,0.0,0.0,0.0,0.0,0.0,5.48,0.0,2.15,0.0,0.0,0.0,0.0
10.1103/PhysRevB.99.205417,0.0,1.36,0.0,0.0,0.64,2.8,0.0,0.0,0.0,0.0,0.0,0.0,0.0,0.0,0.0,0.0,0.0,0.0,0.0,0.0,11.97,0.0,0.0,0.0,1.46,0.0,0.0,0.0,0.0,0.0,0.0,0.0,0.0,0.0,10.43,0.0,0.0,0.0,0.0,1.98,0.0,0.0,0.0,0.0,1.61,0.0,0.0,5.21,0.0,2.28,0.0,0.0,0.0,0.0,0.0,0.0,0.0,0.0,0.0,4.42,0.0,0.0,0.0
10.1038/s41534-019-0169-4,1.78,0.0,0.0,0.0,0.64,0.0,1.56,0.0,0.0,0.0,0.0,3.1,12.52,0.0,1.04,1.79,0.0,0.0,0.0,0.0,0.0,0.0,0.0,1.8,2.93,0.0,0.0,0.0,0.0,0.0,0.0,0.0,0.0,0.0,0.0,1.47,0.0,0.0,0.0,1.98,0.0,0.0,16.23,0.0,0.0,0.0,0.0,0.0,0.0,0.0,0.0,0.0,2.48,0.0,0.0,0.0,0.0,0.0,0.0,0.0,0.0,2.45,0.0
10.1103/PhysRevApplied.12.044054,1.78,0.0,0.0,2.82,0.64,0.0,0.0,0.0,0.0,4.87,0.0,0.0,0.0,5.69,0.0,0.0,0.0,0.0,0.0,0.0,0.0,0.0,0.0,0.0,1.46,0.0,0.0,0.0,0.0,0.0,0.0,0.0,0.0,4.46,0.0,0.0,0.0,0.0,1.85,0.0,0.0,0.0,0.0,0.0,0.0,0.0,0.0,0.0,0.0,0.0,0.0,0.0,0.0,0.0,0.0,0.0,0.0,0.0,0.0,0.0,0.0,0.0,0.0
10.3390/e21111042,2.67,1.36,0.0,2.12,0.0,0.0,0.78,0.0,0.0,2.44,0.0,0.0,0.0,0.0,0.0,0.0,0.0,0.0,0.0,0.0,0.0,0.0,0.0,0.0,0.0,0.0,0.0,0.0,1.67,3.01,2.37,0.0,0.0,0.0,0.0,0.0,0.0,0.0,0.0,0.0,0.0,0.0,0.0,0.0,0.0,0.0,2.19,0.0,2.4,0.0,0.0,2.21,0.0,0.0,0.0,0.0,0.0,0.0,0.0,0.0,2.17,0.0,1.98
10.1038/s41467-019-10848-z,4.45,0.0,4.27,0.0,0.64,0.0,0.78,0.0,0.0,1.22,2.43,1.03,0.0,0.0,0.0,0.0,1.54,0.0,0.0,0.0,0.0,6.63,0.0,0.0,0.0,2.48,0.0,2.13,3.34,0.0,0.0,0.0,0.0,0.0,0.0,0.0,0.0,3.82,0.0,0.0,0.0,0.0,0.0,0.0,0.0,0.0,0.0,0.0,0.0,0.0,0.0,0.0,0.0,0.0,0.0,0.0,0.0,0.0,0.0,0.0,0.0,0.0,0.0
10.1103/PhysRevLett.123.050401,0.0,0.0,0.0,0.71,2.58,0.0,0.0,0.0,0.0,0.0,0.0,0.0,0.0,1.42,0.0,0.0,0.0,0.0,0.0,0.0,0.0,2.21,2.25,0.0,0.0,0.0,4.61,0.0,0.0,0.0,0.0,0.0,0.0,0.0,2.09,1.47,0.0,0.0,0.0,0.0,0.0,0.0,0.0,0.0,0.0,0.0,0.0,0.0,0.0,0.0,0.0,0.0,0.0,0.0,0.0,0.0,0.0,0.0,0.0,0.0,0.0,0.0,0.0
10.1088/1367-2630/ab51f5,0.0,0.0,1.42,0.0,2.58,0.93,0.0,0.0,0.0,0.0,0.0,1.03,2.09,1.42,1.04,0.0,0.0,0.0,0.0,0.0,1.99,0.0,0.0,0.0,0.0,0.0,0.0,4.25,0.0,0.0,0.0,0.0,0.0,0.0,2.09,0.0,0.0,0.0,0.0,0.0,0.0,0.0,8.12,0.0,0.0,0.0,0.0,2.6,0.0,0.0,1.96,0.0,0.0,0.0,0.0,0.0,0.0,0.0,0.0,2.21,0.0,0.0,1.98
10.1038/s41467-019-13000-z,0.0,0.0,0.0,0.0,0.64,0.93,0.78,0.0,0.0,0.0,0.0,2.07,4.17,0.0,2.08,3.58,0.0,0.0,0.0,0.0,0.0,0.0,0.0,0.0,0.0,4.97,0.0,0.0,0.0,0.0,0.0,0.0,1.86,0.0,0.0,0.0,0.0,0.0,0.0,0.0,0.0,0.0,0.0,0.0,1.61,0.0,0.0,0.0,2.4,0.0,0.0,0.0,0.0,0.0,2.35,0.0,0.0,2.17,0.0,0.0,0.0,0.0,0.0
10.1103/PhysRevB.100.064405,0.89,0.0,0.0,1.41,0.0,0.0,0.0,0.0,0.0,0.0,0.0,0.0,0.0,0.0,1.04,0.0,0.0,0.0,0.0,0.0,0.0,0.0,0.0,5.41,1.46,0.0,0.0,2.13,0.0,0.0,0.0,0.0,0.0,0.0,0.0,0.0,0.0,0.0,0.0,3.95,0.0,0.0,0.0,0.0,0.0,0.0,0.0,0.0,0.0,0.0,1.96,0.0,0.0,0.0,0.0,0.0,2.74,0.0,0.0,0.0,0.0,0.0,0.0
10.1103/PhysRevB.99.174416,0.0,1.36,0.0,0.0,0.64,0.93,0.0,0.0,0.0,0.0,0.0,3.1,0.0,0.0,1.04,0.0,0.0,0.0,0.0,0.0,0.0,0.0,2.25,0.0,0.0,0.0,0.0,0.0,0.0,0.0,0.0,0.0,0.0,0.0,0.0,0.0,0.0,0.0,0.0,3.95,0.0,0.0,0.0,0.0,0.0,0.0,0.0,0.0,0.0,0.0,1.96,0.0,0.0,0.0,0.0,0.0,0.0,0.0,0.0,0.0,0.0,0.0,0.0
10.1038/s41565-019-0426-x,0.89,0.0,0.0,2.82,0.64,0.0,0.78,0.0,0.0,1.22,0.0,0.0,0.0,4.27,0.0,1.79,0.0,0.0,4.29,0.0,0.0,0.0,0.0,0.0,0.0,0.0,13.84,0.0,0.0,0.0,0.0,0.0,0.0,0.0,0.0,0.0,0.0,0.0,0.0,0.0,0.0,0.0,0.0,0.0,1.61,0.0,2.19,0.0,0.0,0.0,0.0,2.21,0.0,0.0,0.0,0.0,0.0,0.0,0.0,0.0,0.0,0.0,0.0
10.1109/LED.2018.2880303,0.0,0.0,0.0,1.41,0.0,0.0,0.78,0.0,0.0,0.0,4.85,0.0,0.0,1.42,0.0,0.0,3.08,0.0,0.0,0.0,0.0,2.21,0.0,0.0,0.0,0.0,3.08,0.0,0.0,0.0,0.0,0.0,0.0,0.0,0.0,0.0,0.0,0.0,1.85,0.0,0.0,0.0,0.0,0.0,0.0,0.0,0.0,0.0,0.0,0.0,0.0,0.0,0.0,0.0,0.0,0.0,0.0,0.0,0.0,0.0,0.0,0.0,0.0
10.1103/PhysRevApplied.11.061006,3.56,0.0,1.42,0.71,0.64,0.93,1.56,0.0,1.53,2.44,0.0,1.03,0.0,1.42,0.0,1.79,1.54,0.0,0.0,0.0,0.0,0.0,0.0,0.0,1.46,0.0,0.0,0.0,3.34,0.0,0.0,0.0,0.0,0.0,0.0,0.0,1.88,0.0,0.0,0.0,0.0,0.0,0.0,0.0,0.0,0.0,0.0,0.0,0.0,0.0,0.0,0.0,0.0,0.0,0.0,0.0,0.0,2.17,0.0,0.0,0.0,0.0,0.0
10.1103/PhysRevLett.123.063601,0.0,0.0,0.0,0.71,0.64,0.0,0.0,0.0,0.0,0.0,0.0,0.0,2.09,1.42,0.0,0.0,0.0,0.0,0.0,0.0,0.0,0.0,6.76,0.0,0.0,0.0,1.54,0.0,0.0,0.0,0.0,0.0,1.86,0.0,2.09,0.0,0.0,0.0,0.0,0.0,0.0,0.0,0.0,0.0,0.0,0.0,0.0,0.0,0.0,0.0,0.0,0.0,0.0,0.0,0.0,0.0,0.0,0.0,0.0,2.21,0.0,0.0,0.0
10.1038/s41565-019-0488-9,2.67,1.36,2.85,2.82,1.29,0.0,0.78,0.0,6.11,0.0,0.0,0.0,0.0,2.85,0.0,0.0,1.54,0.0,0.0,0.0,0.0,0.0,0.0,0.0,0.0,7.45,1.54,0.0,0.0,0.0,0.0,0.0,1.86,0.0,0.0,0.0,0.0,0.0,0.0,0.0,0.0,0.0,0.0,0.0,0.0,0.0,0.0,0.0,2.4,0.0,0.0,0.0,0.0,0.0,0.0,0.0,0.0,0.0,0.0,0.0,0.0,0.0,0.0
10.1103/PhysRevB.99.104425,0.0,1.36,0.0,0.0,2.58,0.0,0.0,0.0,0.0,0.0,0.0,0.0,0.0,0.0,0.0,0.0,0.0,0.0,0.0,0.0,0.0,0.0,0.0,0.0,0.0,0.0,0.0,4.25,0.0,0.0,0.0,0.0,0.0,0.0,0.0,0.0,0.0,0.0,1.85,0.0,0.0,3.7,0.0,0.0,0.0,0.0,2.19,0.0,0.0,0.0,1.96,0.0,0.0,0.0,2.35,0.0,0.0,0.0,2.15,0.0,0.0,0.0,0.0
10.1103/PhysRevB.99.205415,1.78,1.36,0.0,0.0,0.64,0.0,1.56,0.0,0.0,0.0,0.0,0.0,2.09,0.0,0.0,0.0,0.0,0.0,0.0,0.0,0.0,0.0,0.0,0.0,0.0,0.0,0.0,0.0,0.0,0.0,0.0,0.0,0.0,0.0,0.0,0.0,0.0,0.0,0.0,0.0,0.0,0.0,0.0,0.0,0.0,0.0,0.0,0.0,0.0,0.0,1.96,0.0,0.0,0.0,0.0,0.0,0.0,0.0,0.0,0.0,0.0,0.0,0.0
10.1103/PhysRevB.100.115435,0.89,5.42,2.85,0.71,0.0,1.86,0.0,2.45,3.05,0.0,0.0,0.0,0.0,0.0,1.04,0.0,1.54,0.0,0.0,1.99,0.0,0.0,0.0,7.22,0.0,0.0,0.0,0.0,0.0,0.0,0.0,0.0,0.0,0.0,0.0,1.47,1.88,0.0,0.0,0.0,0.0,0.0,0.0,0.0,1.61,0.0,0.0,2.6,0.0,0.0,1.96,0.0,0.0,0.0,0.0,0.0,0.0,2.17,0.0,0.0,0.0,0.0,0.0
10.1038/s41928-019-0234-1,3.56,6.78,7.11,0.0,0.64,0.0,2.34,0.0,0.0,0.0,0.0,0.0,0.0,4.27,0.0,0.0,0.0,0.0,0.0,0.0,0.0,0.0,0.0,0.0,2.93,0.0,1.54,0.0,3.34,1.51,0.0,0.0,0.0,11.16,0.0,0.0,0.0,0.0,0.0,0.0,0.0,0.0,0.0,0.0,1.61,2.23,0.0,0.0,2.4,2.28,0.0,0.0,0.0,2.28,0.0,0.0,0.0,0.0,0.0,0.0,2.17,0.0,0.0
10.1103/PhysRevA.99.042310,8.9,5.42,2.85,0.0,0.64,0.0,0.0,0.0,0.0,3.65,0.0,1.03,0.0,5.69,0.0,0.0,3.08,0.0,0.0,0.0,0.0,0.0,0.0,0.0,0.0,0.0,0.0,8.5,0.0,0.0,0.0,0.0,0.0,2.23,0.0,0.0,0.0,0.0,0.0,0.0,0.0,0.0,0.0,0.0,1.61,0.0,0.0,0.0,0.0,0.0,1.96,0.0,0.0,0.0,0.0,0.0,0.0,0.0,0.0,0.0,4.33,0.0,0.0
10.1063/1.5088412,5.34,0.0,0.0,0.0,0.0,0.0,2.34,0.0,0.0,0.0,0.0,0.0,0.0,0.0,0.0,0.0,0.0,0.0,0.0,0.0,0.0,0.0,0.0,0.0,0.0,0.0,1.54,0.0,0.0,3.01,0.0,0.0,0.0,0.0,0.0,0.0,0.0,0.0,0.0,0.0,0.0,0.0,0.0,0.0,0.0,0.0,2.19,0.0,0.0,0.0,1.96,2.21,0.0,0.0,0.0,0.0,0.0,4.33,0.0,0.0,0.0,0.0,1.98
10.1103/PhysRevB.99.115317,0.0,0.0,2.85,0.0,1.29,1.86,1.56,0.0,0.0,0.0,7.28,3.1,0.0,0.0,0.0,0.0,4.61,0.0,0.0,3.99,0.0,0.0,0.0,0.0,0.0,0.0,0.0,0.0,0.0,1.51,0.0,0.0,5.59,0.0,0.0,0.0,0.0,0.0,0.0,0.0,0.0,0.0,0.0,0.0,0.0,0.0,0.0,0.0,0.0,0.0,1.96,0.0,0.0,0.0,0.0,0.0,0.0,6.5,0.0,0.0,0.0,0.0,0.0
10.1038/s41467-019-11160-6,0.0,0.0,0.0,0.71,0.64,0.0,1.56,0.0,0.0,4.87,0.0,0.0,0.0,0.0,1.04,0.0,1.54,0.0,0.0,0.0,0.0,0.0,0.0,1.8,8.78,0.0,0.0,0.0,0.0,0.0,7.12,21.94,0.0,0.0,0.0,0.0,0.0,0.0,0.0,0.0,0.0,0.0,0.0,0.0,0.0,2.23,0.0,0.0,0.0,0.0,0.0,0.0,0.0,0.0,0.0,0.0,0.0,0.0,0.0,0.0,0.0,0.0,0.0
10.1134/S0012500819070036,0.0,0.0,0.0,0.0,0.64,0.0,0.0,0.0,0.0,0.0,0.0,0.0,0.0,0.0,0.0,0.0,0.0,0.0,0.0,0.0,0.0,0.0,0.0,0.0,0.0,0.0,0.0,0.0,0.0,0.0,0.0,0.0,0.0,0.0,0.0,0.0,0.0,0.0,0.0,0.0,0.0,1.85,0.0,0.0,0.0,0.0,0.0,0.0,0.0,0.0,0.0,0.0,0.0,2.28,0.0,8.23,0.0,0.0,0.0,0.0,0.0,0.0,0.0
10.1103/PhysRevB.100.075433,0.0,0.0,0.0,0.71,0.0,0.0,0.78,0.0,1.53,0.0,2.43,1.03,0.0,0.0,0.0,0.0,0.0,0.0,0.0,0.0,0.0,0.0,0.0,0.0,0.0,0.0,0.0,8.5,0.0,0.0,0.0,0.0,0.0,0.0,0.0,0.0,0.0,0.0,0.0,0.0,0.0,1.85,2.71,0.0,0.0,0.0,0.0,0.0,2.4,0.0,0.0,0.0,0.0,0.0,0.0,0.0,0.0,0.0,0.0,0.0,0.0,0.0,0.0
10.1103/PhysRevB.99.245306,1.78,1.36,0.0,0.0,0.0,0.0,0.0,0.0,1.53,0.0,0.0,3.1,0.0,0.0,1.04,0.0,0.0,0.0,0.0,0.0,0.0,11.05,0.0,0.0,0.0,9.93,1.54,0.0,0.0,3.01,0.0,0.0,1.86,0.0,0.0,0.0,0.0,5.73,0.0,0.0,0.0,3.7,2.71,0.0,0.0,0.0,0.0,0.0,0.0,0.0,0.0,0.0,0.0,0.0,0.0,0.0,0.0,0.0,0.0,0.0,0.0,0.0,0.0
10.1103/PhysRevX.9.021011,6.23,0.0,2.85,0.0,0.0,0.0,0.0,0.0,0.0,0.0,0.0,0.0,0.0,8.54,0.0,0.0,0.0,0.0,0.0,0.0,0.0,0.0,0.0,0.0,0.0,0.0,0.0,0.0,1.67,0.0,2.37,0.0,0.0,4.46,0.0,0.0,0.0,0.0,0.0,0.0,0.0,0.0,0.0,0.0,0.0,0.0,0.0,0.0,0.0,0.0,0.0,0.0,0.0,0.0,0.0,0.0,0.0,0.0,0.0,0.0,2.17,0.0,0.0
10.1103/PhysRevApplied.11.044026,0.0,0.0,0.0,0.0,1.29,0.0,0.0,0.0,0.0,0.0,0.0,0.0,0.0,0.0,0.0,0.0,0.0,0.0,0.0,0.0,1.99,0.0,0.0,0.0,0.0,2.48,0.0,0.0,0.0,1.51,0.0,0.0,0.0,0.0,0.0,1.47,0.0,0.0,0.0,0.0,0.0,0.0,0.0,0.0,0.0,0.0,0.0,0.0,0.0,0.0,0.0,0.0,4.97,0.0,0.0,0.0,0.0,0.0,0.0,2.21,2.17,0.0,0.0
10.1021/jacs.8b13155,0.89,0.0,0.0,2.12,1.29,0.0,0.0,9.82,0.0,0.0,0.0,1.03,0.0,0.0,0.0,0.0,1.54,0.0,0.0,0.0,1.99,0.0,0.0,1.8,1.46,0.0,1.54,2.13,0.0,0.0,0.0,0.0,0.0,0.0,0.0,1.47,1.88,0.0,0.0,0.0,0.0,0.0,0.0,2.09,0.0,0.0,2.19,0.0,0.0,0.0,0.0,0.0,0.0,0.0,4.7,0.0,0.0,0.0,0.0,0.0,0.0,0.0,0.0
10.1038/s41598-019-52868-1,0.0,2.71,1.42,0.0,1.29,0.0,0.78,0.0,1.53,0.0,0.0,0.0,0.0,2.85,0.0,0.0,0.0,0.0,0.0,0.0,0.0,8.84,0.0,0.0,0.0,0.0,0.0,0.0,1.67,1.51,0.0,0.0,0.0,2.23,0.0,0.0,0.0,0.0,3.7,0.0,0.0,0.0,0.0,0.0,0.0,0.0,0.0,0.0,0.0,0.0,0.0,0.0,0.0,2.28,0.0,0.0,0.0,0.0,0.0,0.0,0.0,0.0,0.0
10.1103/PhysRevB.100.085419,10.68,1.36,4.27,0.71,0.0,0.0,0.78,0.0,0.0,0.0,0.0,0.0,0.0,2.85,0.0,3.58,0.0,0.0,0.0,0.0,0.0,0.0,0.0,0.0,0.0,0.0,0.0,0.0,0.0,0.0,0.0,0.0,0.0,2.23,0.0,0.0,0.0,0.0,0.0,0.0,0.0,0.0,0.0,0.0,1.61,0.0,0.0,0.0,0.0,0.0,0.0,0.0,0.0,0.0,0.0,0.0,0.0,0.0,0.0,0.0,0.0,2.45,0.0
10.1103/PhysRevB.100.041304,0.0,0.0,0.0,0.0,0.0,0.93,0.78,0.0,0.0,0.0,4.85,0.0,0.0,0.0,0.0,0.0,0.0,0.0,0.0,0.0,0.0,0.0,0.0,0.0,0.0,0.0,1.54,0.0,0.0,0.0,0.0,0.0,0.0,0.0,0.0,0.0,0.0,0.0,0.0,0.0,0.0,0.0,0.0,0.0,0.0,0.0,0.0,0.0,0.0,0.0,0.0,0.0,0.0,0.0,0.0,0.0,0.0,0.0,0.0,0.0,0.0,0.0,0.0
10.1103/PhysRevB.100.245427,0.0,2.71,0.0,0.71,0.64,1.86,0.78,0.0,0.0,1.22,0.0,4.14,4.17,2.85,0.0,0.0,0.0,0.0,4.29,0.0,0.0,13.26,0.0,0.0,1.46,14.9,0.0,0.0,0.0,4.52,0.0,0.0,0.0,0.0,0.0,1.47,0.0,0.0,0.0,1.98,0.0,1.85,0.0,0.0,0.0,0.0,0.0,0.0,0.0,0.0,3.92,0.0,0.0,0.0,2.35,0.0,0.0,0.0,0.0,0.0,0.0,7.36,1.98
10.1038/s41586-019-1381-2,5.34,0.0,7.11,4.23,1.29,0.0,0.78,7.36,0.0,1.22,0.0,2.07,0.0,4.27,3.12,7.16,0.0,0.0,0.0,1.99,0.0,4.42,0.0,0.0,1.46,0.0,0.0,0.0,0.0,0.0,0.0,0.0,0.0,0.0,0.0,0.0,0.0,0.0,0.0,0.0,0.0,1.85,0.0,0.0,0.0,0.0,0.0,0.0,0.0,0.0,0.0,0.0,0.0,0.0,2.35,0.0,0.0,0.0,0.0,0.0,0.0,0.0,0.0
10.1088/2058-9565/aaf3c4,8.9,4.07,1.42,2.12,0.0,0.0,1.56,0.0,0.0,0.0,0.0,0.0,0.0,1.42,0.0,1.79,3.08,5.34,0.0,1.99,0.0,0.0,2.25,1.8,0.0,0.0,3.08,2.13,0.0,1.51,0.0,0.0,0.0,8.92,0.0,0.0,0.0,0.0,0.0,0.0,0.0,0.0,0.0,0.0,0.0,0.0,6.56,0.0,2.4,0.0,0.0,0.0,0.0,0.0,0.0,0.0,0.0,0.0,0.0,0.0,0.0,0.0,0.0
10.1103/PhysRevB.99.140403,0.0,0.0,0.0,0.0,0.64,0.93,0.0,0.0,0.0,0.0,0.0,1.03,0.0,0.0,2.08,0.0,0.0,0.0,0.0,0.0,0.0,0.0,0.0,0.0,0.0,0.0,0.0,0.0,0.0,0.0,0.0,0.0,1.86,0.0,0.0,0.0,0.0,1.91,1.85,0.0,0.0,1.85,0.0,4.17,1.61,0.0,0.0,0.0,0.0,0.0,1.96,0.0,0.0,0.0,0.0,0.0,0.0,0.0,0.0,0.0,0.0,0.0,0.0
10.1103/PhysRevApplied.11.064037,0.0,0.0,0.0,0.0,0.0,0.0,0.0,0.0,0.0,0.0,0.0,4.14,0.0,0.0,0.0,0.0,0.0,0.0,0.0,0.0,0.0,0.0,0.0,0.0,0.0,7.45,0.0,0.0,0.0,0.0,0.0,0.0,0.0,0.0,2.09,0.0,0.0,0.0,0.0,1.98,0.0,0.0,0.0,0.0,0.0,0.0,0.0,2.6,0.0,2.28,0.0,0.0,0.0,0.0,0.0,0.0,0.0,0.0,0.0,0.0,0.0,0.0,0.0
10.1103/PhysRevLett.122.207703,0.89,0.0,2.85,1.41,0.0,0.93,0.0,0.0,0.0,0.0,0.0,0.0,0.0,0.0,0.0,0.0,1.54,0.0,0.0,0.0,0.0,0.0,0.0,0.0,0.0,0.0,0.0,0.0,1.67,0.0,0.0,0.0,1.86,0.0,0.0,0.0,1.88,0.0,1.85,0.0,0.0,5.54,0.0,0.0,0.0,0.0,0.0,0.0,0.0,0.0,0.0,0.0,0.0,0.0,0.0,0.0,0.0,0.0,4.29,0.0,0.0,0.0,0.0
10.1126/science.aaw2906,0.0,0.0,0.0,1.41,1.29,0.0,0.78,0.0,0.0,0.0,0.0,0.0,0.0,0.0,0.0,0.0,1.54,0.0,0.0,0.0,0.0,0.0,0.0,0.0,0.0,0.0,0.0,0.0,0.0,1.51,0.0,0.0,0.0,0.0,0.0,1.47,0.0,0.0,0.0,1.98,0.0,0.0,0.0,0.0,0.0,0.0,0.0,0.0,0.0,0.0,0.0,0.0,4.97,0.0,0.0,0.0,0.0,2.17,0.0,0.0,0.0,0.0,0.0
10.1038/s42005-019-0113-0,0.0,0.0,0.0,0.71,1.93,1.86,0.78,0.0,4.58,0.0,7.28,1.03,0.0,0.0,2.08,0.0,1.54,0.0,6.44,1.99,0.0,0.0,0.0,0.0,1.46,0.0,0.0,0.0,1.67,0.0,0.0,0.0,0.0,0.0,0.0,0.0,0.0,0.0,0.0,0.0,0.0,0.0,0.0,0.0,0.0,0.0,0.0,2.6,0.0,0.0,0.0,0.0,0.0,0.0,0.0,0.0,0.0,0.0,0.0,0.0,0.0,0.0,0.0
10.1103/PhysRevA.99.012347,3.56,2.71,0.0,0.0,0.0,0.93,0.0,0.0,0.0,0.0,0.0,0.0,0.0,2.85,1.04,3.58,3.08,0.0,0.0,0.0,0.0,0.0,0.0,0.0,0.0,0.0,0.0,0.0,0.0,0.0,0.0,0.0,0.0,2.23,0.0,0.0,0.0,0.0,0.0,0.0,0.0,0.0,0.0,0.0,3.21,0.0,2.19,0.0,0.0,0.0,1.96,2.21,0.0,0.0,0.0,0.0,0.0,0.0,0.0,0.0,0.0,0.0,0.0
10.1103/PhysRevA.99.042316,0.0,13.56,0.0,0.0,0.0,0.0,0.0,0.0,0.0,0.0,0.0,0.0,0.0,1.42,0.0,0.0,0.0,0.0,0.0,0.0,0.0,0.0,0.0,0.0,0.0,0.0,0.0,0.0,3.34,0.0,4.75,0.0,0.0,4.46,0.0,0.0,0.0,0.0,0.0,0.0,0.0,0.0,0.0,0.0,0.0,0.0,0.0,0.0,0.0,0.0,0.0,0.0,0.0,0.0,0.0,0.0,0.0,0.0,0.0,0.0,0.0,0.0,0.0
10.1103/PhysRevLett.122.217702,0.89,0.0,2.85,1.41,0.0,0.93,1.56,0.0,0.0,1.22,0.0,1.03,0.0,0.0,4.16,0.0,1.54,0.0,0.0,3.99,0.0,0.0,0.0,1.8,0.0,0.0,0.0,0.0,0.0,0.0,0.0,0.0,0.0,0.0,0.0,0.0,0.0,0.0,0.0,0.0,0.0,0.0,0.0,0.0,0.0,0.0,4.38,0.0,0.0,0.0,0.0,4.42,2.48,0.0,0.0,0.0,0.0,0.0,0.0,0.0,0.0,0.0,0.0
10.1103/PhysRevA.100.022318,1.78,1.36,0.0,0.0,1.93,0.0,0.0,0.0,0.0,0.0,0.0,0.0,0.0,0.0,0.0,0.0,0.0,0.0,0.0,0.0,1.99,0.0,9.01,0.0,1.46,0.0,4.61,0.0,0.0,0.0,0.0,0.0,0.0,0.0,2.09,0.0,0.0,0.0,0.0,0.0,0.0,0.0,0.0,0.0,0.0,11.16,0.0,0.0,0.0,0.0,0.0,0.0,0.0,0.0,0.0,0.0,0.0,0.0,0.0,2.21,0.0,0.0,0.0
10.22331/q-2019-12-09-212,3.56,1.36,4.27,0.71,0.0,0.0,3.12,0.0,9.16,1.22,0.0,0.0,0.0,2.85,0.0,0.0,6.15,0.0,2.15,0.0,0.0,0.0,0.0,0.0,0.0,0.0,0.0,0.0,1.67,1.51,0.0,0.0,0.0,17.85,0.0,0.0,0.0,0.0,0.0,0.0,0.0,0.0,0.0,0.0,0.0,0.0,0.0,0.0,12.0,0.0,0.0,0.0,0.0,0.0,0.0,0.0,0.0,0.0,2.15,0.0,0.0,0.0,0.0
10.1002/qute.201900081,5.34,1.36,0.0,1.41,0.0,0.0,0.78,0.0,0.0,0.0,0.0,1.03,4.17,7.11,0.0,0.0,1.54,0.0,0.0,0.0,0.0,0.0,0.0,0.0,0.0,0.0,0.0,0.0,0.0,1.51,0.0,0.0,0.0,0.0,0.0,1.47,0.0,7.64,0.0,0.0,0.0,0.0,10.82,0.0,0.0,0.0,0.0,0.0,0.0,0.0,0.0,0.0,2.48,0.0,0.0,0.0,0.0,2.17,0.0,0.0,0.0,0.0,0.0
10.1063/1.5082878,0.0,0.0,0.0,0.71,0.0,0.0,0.0,0.0,0.0,0.0,0.0,0.0,0.0,1.42,0.0,0.0,0.0,0.0,0.0,0.0,1.99,0.0,0.0,0.0,0.0,0.0,0.0,0.0,0.0,0.0,0.0,0.0,0.0,0.0,4.17,1.47,0.0,0.0,1.85,0.0,0.0,0.0,0.0,2.09,0.0,0.0,0.0,0.0,0.0,0.0,0.0,0.0,0.0,0.0,0.0,0.0,0.0,0.0,0.0,2.21,0.0,0.0,9.89
10.1021/acs.nanolett.9b02149,2.67,0.0,1.42,0.71,0.0,0.0,1.56,0.0,7.64,0.0,0.0,0.0,0.0,1.42,0.0,0.0,4.61,0.0,0.0,0.0,0.0,4.42,0.0,0.0,0.0,0.0,0.0,0.0,1.67,0.0,0.0,0.0,1.86,0.0,0.0,0.0,0.0,0.0,0.0,0.0,0.0,0.0,0.0,0.0,0.0,0.0,0.0,0.0,0.0,0.0,0.0,0.0,0.0,0.0,0.0,0.0,0.0,0.0,0.0,0.0,0.0,0.0,0.0
10.1088/1361-6528/aafe5a,2.67,0.0,0.0,0.0,0.64,7.46,2.34,0.0,0.0,0.0,0.0,1.03,0.0,0.0,0.0,0.0,0.0,0.0,0.0,3.99,0.0,0.0,0.0,0.0,0.0,0.0,1.54,0.0,1.67,0.0,0.0,0.0,0.0,0.0,0.0,0.0,0.0,0.0,0.0,0.0,0.0,1.85,0.0,0.0,0.0,0.0,4.38,0.0,2.4,0.0,0.0,2.21,0.0,0.0,0.0,0.0,0.0,2.17,0.0,0.0,0.0,0.0,1.98
10.1002/qute.201900017,0.89,0.0,0.0,1.41,1.93,0.0,1.56,0.0,0.0,0.0,0.0,0.0,0.0,0.0,1.04,0.0,0.0,0.0,0.0,0.0,0.0,0.0,0.0,1.8,0.0,0.0,0.0,0.0,0.0,0.0,0.0,0.0,0.0,0.0,0.0,0.0,3.76,0.0,0.0,0.0,2.71,1.85,0.0,0.0,0.0,0.0,0.0,0.0,0.0,0.0,0.0,0.0,0.0,0.0,0.0,0.0,0.0,0.0,2.15,0.0,0.0,0.0,0.0
10.1021/acs.nanolett.9b03254,2.67,0.0,4.27,2.12,0.64,0.0,2.34,0.0,6.11,0.0,0.0,5.17,0.0,2.85,0.0,0.0,0.0,0.0,0.0,0.0,0.0,0.0,0.0,0.0,1.46,0.0,0.0,0.0,1.67,4.52,0.0,0.0,0.0,0.0,0.0,2.95,0.0,0.0,0.0,0.0,0.0,0.0,0.0,0.0,0.0,0.0,0.0,0.0,0.0,0.0,0.0,0.0,0.0,6.83,0.0,0.0,0.0,0.0,0.0,0.0,0.0,0.0,0.0
10.1038/s41467-019-13548-w,0.89,2.71,0.0,0.0,0.64,0.0,0.78,0.0,0.0,0.0,0.0,4.14,0.0,1.42,1.04,0.0,0.0,0.0,0.0,0.0,0.0,0.0,0.0,0.0,0.0,2.48,0.0,0.0,0.0,0.0,0.0,0.0,0.0,0.0,0.0,0.0,0.0,0.0,0.0,1.98,0.0,0.0,2.71,0.0,1.61,2.23,2.19,0.0,0.0,0.0,0.0,2.21,0.0,0.0,0.0,0.0,0.0,2.17,0.0,0.0,0.0,2.45,0.0
10.1038/s41467-019-08970-z,1.78,0.0,7.11,2.12,0.0,0.0,2.34,0.0,3.05,0.0,0.0,2.07,2.09,1.42,0.0,3.58,0.0,0.0,0.0,0.0,0.0,0.0,0.0,0.0,0.0,0.0,0.0,0.0,0.0,0.0,2.37,0.0,0.0,0.0,0.0,0.0,0.0,0.0,0.0,0.0,0.0,0.0,0.0,0.0,0.0,0.0,0.0,0.0,0.0,0.0,0.0,0.0,0.0,0.0,0.0,0.0,0.0,0.0,0.0,0.0,0.0,0.0,0.0
10.1038/s41598-018-36476-z,3.56,0.0,4.27,2.12,0.0,0.93,0.78,0.0,0.0,0.0,0.0,0.0,0.0,0.0,0.0,0.0,0.0,0.0,0.0,0.0,0.0,0.0,0.0,0.0,1.46,0.0,0.0,0.0,0.0,0.0,0.0,0.0,0.0,0.0,0.0,0.0,0.0,0.0,7.39,0.0,0.0,0.0,0.0,0.0,0.0,0.0,0.0,0.0,0.0,0.0,0.0,0.0,0.0,0.0,0.0,0.0,0.0,0.0,0.0,0.0,0.0,0.0,0.0
10.1103/PhysRevB.100.125402,0.0,0.0,4.27,0.0,0.0,1.86,0.78,0.0,0.0,0.0,12.13,4.14,0.0,0.0,0.0,0.0,0.0,0.0,0.0,0.0,0.0,0.0,0.0,0.0,0.0,0.0,0.0,0.0,0.0,1.51,0.0,0.0,0.0,0.0,0.0,0.0,0.0,0.0,0.0,0.0,0.0,0.0,0.0,0.0,0.0,0.0,0.0,0.0,0.0,0.0,0.0,0.0,0.0,0.0,0.0,0.0,0.0,0.0,0.0,0.0,0.0,0.0,0.0
10.1103/PhysRevB.100.035310,0.0,0.0,2.85,0.71,0.64,0.0,2.34,0.0,1.53,0.0,0.0,0.0,0.0,0.0,1.04,0.0,0.0,5.34,6.44,0.0,0.0,0.0,0.0,7.22,0.0,0.0,0.0,0.0,0.0,0.0,0.0,8.23,0.0,0.0,0.0,1.47,0.0,0.0,3.7,0.0,0.0,1.85,0.0,0.0,0.0,4.46,0.0,5.21,0.0,0.0,0.0,0.0,0.0,0.0,0.0,0.0,0.0,0.0,2.15,0.0,0.0,0.0,1.98
10.1103/PhysRevB.100.125430,0.89,2.71,0.0,0.71,0.0,1.86,0.78,0.0,1.53,1.22,0.0,1.03,0.0,1.42,0.0,0.0,3.08,0.0,0.0,1.99,0.0,0.0,0.0,0.0,0.0,0.0,0.0,0.0,0.0,0.0,0.0,0.0,1.86,0.0,0.0,0.0,3.76,0.0,0.0,0.0,0.0,0.0,0.0,0.0,1.61,0.0,0.0,0.0,0.0,0.0,0.0,0.0,0.0,0.0,0.0,0.0,0.0,2.17,0.0,0.0,0.0,0.0,0.0
10.1088/0256-307X/36/10/100303,0.89,0.0,0.0,0.71,1.29,0.0,0.0,0.0,0.0,0.0,0.0,0.0,0.0,1.42,0.0,0.0,0.0,0.0,0.0,0.0,1.99,0.0,0.0,0.0,0.0,0.0,0.0,0.0,0.0,0.0,0.0,0.0,0.0,0.0,2.09,0.0,0.0,0.0,0.0,0.0,0.0,0.0,0.0,2.09,0.0,0.0,0.0,0.0,0.0,0.0,0.0,0.0,0.0,0.0,0.0,0.0,0.0,0.0,0.0,2.21,0.0,0.0,0.0
10.1103/PhysRevX.9.031045,2.67,0.0,0.0,1.41,3.87,0.0,0.0,0.0,0.0,2.44,0.0,0.0,0.0,1.42,0.0,0.0,0.0,0.0,0.0,0.0,1.99,0.0,6.76,1.8,4.39,0.0,0.0,2.13,0.0,0.0,0.0,0.0,0.0,0.0,2.09,1.47,0.0,0.0,0.0,0.0,0.0,0.0,0.0,0.0,0.0,0.0,0.0,0.0,0.0,0.0,0.0,0.0,0.0,0.0,0.0,0.0,0.0,0.0,0.0,2.21,0.0,0.0,0.0
10.1038/s41467-019-13416-7,0.89,0.0,4.27,0.71,0.64,5.59,0.78,0.0,0.0,2.44,0.0,0.0,0.0,2.85,0.0,0.0,0.0,0.0,0.0,0.0,0.0,4.42,0.0,0.0,1.46,0.0,1.54,0.0,1.67,0.0,0.0,0.0,0.0,0.0,0.0,0.0,1.88,0.0,0.0,0.0,0.0,0.0,0.0,0.0,1.61,0.0,2.19,0.0,0.0,0.0,0.0,2.21,0.0,2.28,0.0,0.0,0.0,0.0,0.0,0.0,0.0,2.45,0.0
10.1103/PhysRevB.100.035304,7.12,2.71,1.42,0.71,0.0,0.0,1.56,0.0,0.0,2.44,0.0,0.0,0.0,8.54,0.0,0.0,0.0,0.0,0.0,0.0,0.0,0.0,0.0,0.0,0.0,0.0,0.0,0.0,0.0,0.0,2.37,0.0,1.86,0.0,0.0,0.0,0.0,0.0,0.0,0.0,0.0,0.0,0.0,0.0,0.0,2.23,0.0,0.0,0.0,0.0,1.96,0.0,0.0,0.0,0.0,0.0,0.0,0.0,0.0,0.0,0.0,0.0,0.0
10.1103/PhysRevLett.122.100501,0.0,1.36,0.0,0.0,0.0,4.66,0.0,0.0,0.0,0.0,0.0,0.0,0.0,0.0,0.0,0.0,0.0,0.0,0.0,0.0,1.99,0.0,0.0,0.0,0.0,0.0,0.0,0.0,0.0,0.0,0.0,0.0,7.45,0.0,2.09,0.0,0.0,1.91,0.0,0.0,0.0,0.0,0.0,0.0,0.0,0.0,0.0,0.0,0.0,0.0,0.0,0.0,0.0,0.0,0.0,0.0,0.0,0.0,0.0,0.0,0.0,0.0,0.0
10.1038/s41586-019-1566-8,1.78,0.0,0.0,4.23,3.87,0.0,0.78,0.0,0.0,0.0,0.0,1.03,0.0,0.0,1.04,7.16,0.0,0.0,0.0,0.0,0.0,0.0,0.0,0.0,0.0,0.0,0.0,0.0,0.0,1.51,0.0,0.0,0.0,4.46,0.0,2.95,0.0,0.0,0.0,0.0,0.0,0.0,0.0,0.0,0.0,0.0,0.0,0.0,0.0,0.0,0.0,0.0,0.0,0.0,0.0,0.0,0.0,0.0,0.0,0.0,0.0,0.0,0.0
10.1103/PhysRevB.99.081301,0.0,8.13,0.0,0.0,0.0,0.0,0.78,0.0,4.58,1.22,0.0,0.0,0.0,0.0,0.0,0.0,0.0,0.0,0.0,0.0,0.0,0.0,0.0,0.0,0.0,0.0,0.0,0.0,0.0,1.51,0.0,0.0,5.59,0.0,0.0,0.0,0.0,0.0,0.0,0.0,0.0,0.0,0.0,0.0,0.0,0.0,0.0,0.0,0.0,0.0,0.0,0.0,0.0,0.0,0.0,0.0,0.0,0.0,2.15,0.0,0.0,0.0,0.0
10.1103/PhysRevLett.122.190503,0.0,0.0,2.85,2.82,0.0,0.0,0.0,0.0,0.0,0.0,0.0,1.03,2.09,0.0,0.0,0.0,0.0,0.0,2.15,0.0,3.99,6.63,0.0,0.0,1.46,0.0,0.0,0.0,0.0,0.0,0.0,0.0,0.0,0.0,2.09,0.0,0.0,0.0,0.0,0.0,0.0,0.0,0.0,0.0,0.0,0.0,0.0,0.0,0.0,0.0,0.0,0.0,2.48,0.0,0.0,0.0,0.0,0.0,0.0,4.42,0.0,0.0,0.0
10.1038/s41467-019-13495-6,0.89,0.0,1.42,0.0,1.29,0.0,0.0,0.0,3.05,0.0,0.0,0.0,2.09,1.42,0.0,0.0,0.0,0.0,0.0,0.0,3.99,0.0,0.0,0.0,0.0,0.0,0.0,0.0,0.0,3.01,0.0,0.0,0.0,0.0,0.0,1.47,0.0,0.0,3.7,0.0,0.0,0.0,0.0,0.0,0.0,0.0,0.0,2.6,0.0,0.0,0.0,0.0,0.0,0.0,0.0,0.0,0.0,0.0,0.0,0.0,0.0,0.0,0.0
10.1038/s41565-019-0443-9,2.67,0.0,1.42,2.82,0.0,0.0,0.78,0.0,0.0,2.44,0.0,0.0,0.0,7.11,0.0,1.79,4.61,0.0,0.0,0.0,0.0,6.63,0.0,0.0,0.0,0.0,0.0,0.0,3.34,3.01,0.0,0.0,1.86,2.23,0.0,0.0,0.0,1.91,0.0,0.0,0.0,0.0,0.0,0.0,0.0,0.0,0.0,0.0,0.0,0.0,0.0,0.0,0.0,4.55,0.0,0.0,0.0,0.0,0.0,0.0,0.0,0.0,0.0
10.1103/PhysRevA.100.022343,0.0,0.0,0.0,0.0,0.64,0.0,0.0,0.0,0.0,0.0,0.0,1.03,0.0,0.0,2.08,0.0,0.0,0.0,0.0,0.0,0.0,0.0,0.0,0.0,0.0,0.0,0.0,0.0,0.0,0.0,0.0,0.0,0.0,0.0,0.0,0.0,0.0,0.0,0.0,0.0,0.0,0.0,0.0,0.0,0.0,0.0,0.0,0.0,2.4,4.55,0.0,0.0,0.0,0.0,4.7,0.0,0.0,0.0,0.0,0.0,0.0,0.0,0.0
10.1038/s41467-019-09194-x,0.89,1.36,0.0,1.41,0.0,0.0,3.12,0.0,0.0,0.0,0.0,4.14,0.0,0.0,2.08,7.16,1.54,0.0,0.0,0.0,0.0,0.0,0.0,0.0,1.46,0.0,0.0,0.0,0.0,0.0,0.0,0.0,0.0,0.0,0.0,0.0,0.0,0.0,0.0,0.0,0.0,0.0,0.0,0.0,0.0,0.0,0.0,0.0,0.0,0.0,0.0,0.0,0.0,0.0,0.0,0.0,0.0,2.17,0.0,0.0,0.0,0.0,0.0
10.1103/PhysRevB.100.165305,2.67,9.49,1.42,0.71,0.0,0.93,3.12,0.0,6.11,0.0,0.0,0.0,0.0,0.0,0.0,0.0,4.61,0.0,0.0,0.0,0.0,0.0,0.0,0.0,1.46,0.0,0.0,0.0,0.0,3.01,0.0,0.0,3.73,0.0,0.0,0.0,0.0,0.0,3.7,0.0,0.0,1.85,0.0,0.0,0.0,0.0,0.0,0.0,0.0,0.0,0.0,0.0,0.0,0.0,0.0,0.0,0.0,0.0,4.29,0.0,0.0,0.0,0.0
10.3390/molecules24244582,0.0,0.0,0.0,2.12,0.0,0.0,0.0,0.0,0.0,0.0,0.0,0.0,0.0,0.0,0.0,0.0,0.0,0.0,8.58,0.0,0.0,0.0,0.0,1.8,0.0,0.0,0.0,0.0,0.0,0.0,0.0,0.0,0.0,0.0,0.0,1.47,3.76,0.0,1.85,1.98,8.12,0.0,0.0,0.0,0.0,0.0,0.0,0.0,0.0,0.0,0.0,0.0,0.0,0.0,0.0,10.97,2.74,0.0,0.0,0.0,0.0,0.0,0.0
10.1103/PhysRevLett.122.096801,0.0,0.0,0.0,2.12,0.0,1.86,3.12,0.0,0.0,0.0,0.0,0.0,0.0,0.0,1.04,0.0,3.08,0.0,0.0,0.0,0.0,0.0,0.0,0.0,0.0,0.0,1.54,0.0,0.0,4.52,0.0,2.74,1.86,0.0,0.0,0.0,1.88,0.0,0.0,0.0,0.0,0.0,0.0,0.0,1.61,2.23,0.0,0.0,0.0,0.0,0.0,0.0,0.0,0.0,0.0,0.0,0.0,2.17,0.0,0.0,0.0,0.0,0.0
10.1103/PhysRevLett.123.090404,0.0,0.0,0.0,0.0,0.0,0.0,0.0,0.0,0.0,0.0,0.0,0.0,0.0,0.0,0.0,0.0,0.0,0.0,0.0,0.0,0.0,0.0,0.0,0.0,0.0,0.0,3.08,0.0,0.0,0.0,0.0,0.0,0.0,0.0,0.0,2.95,0.0,0.0,0.0,0.0,0.0,0.0,0.0,0.0,0.0,0.0,0.0,0.0,0.0,0.0,0.0,0.0,0.0,0.0,0.0,0.0,0.0,4.33,0.0,0.0,0.0,0.0,0.0
10.1038/s42005-019-0262-1,0.89,0.0,0.0,0.0,1.29,1.86,0.78,0.0,4.58,0.0,4.85,0.0,0.0,0.0,1.04,0.0,1.54,0.0,0.0,3.99,0.0,0.0,0.0,0.0,0.0,0.0,0.0,0.0,1.67,0.0,0.0,0.0,0.0,0.0,0.0,0.0,1.88,0.0,0.0,0.0,0.0,1.85,0.0,0.0,0.0,0.0,0.0,0.0,0.0,0.0,0.0,0.0,0.0,0.0,0.0,0.0,0.0,2.17,0.0,0.0,0.0,0.0,1.98
10.1103/PhysRevB.100.035416,0.0,0.0,0.0,0.0,1.29,1.86,0.0,0.0,1.53,0.0,0.0,3.1,4.17,0.0,1.04,0.0,0.0,0.0,0.0,0.0,0.0,0.0,0.0,0.0,0.0,12.41,0.0,0.0,3.34,0.0,0.0,0.0,0.0,0.0,0.0,0.0,0.0,0.0,0.0,0.0,0.0,0.0,0.0,0.0,3.21,0.0,2.19,0.0,0.0,0.0,1.96,2.21,0.0,0.0,0.0,0.0,0.0,2.17,0.0,0.0,0.0,2.45,0.0
10.1007/s00723-019-01125-9,0.89,0.0,0.0,0.0,0.0,0.0,0.0,0.0,0.0,0.0,0.0,1.03,0.0,0.0,1.04,1.79,0.0,0.0,2.15,0.0,0.0,0.0,0.0,0.0,0.0,0.0,0.0,0.0,0.0,0.0,0.0,0.0,0.0,0.0,0.0,0.0,0.0,0.0,0.0,0.0,0.0,0.0,0.0,0.0,0.0,0.0,0.0,0.0,0.0,0.0,3.92,0.0,0.0,0.0,7.05,0.0,0.0,0.0,2.15,0.0,0.0,0.0,0.0
10.1088/1402-4896/ab1358,0.0,1.36,0.0,0.0,0.0,6.52,3.12,0.0,1.53,0.0,0.0,0.0,0.0,0.0,1.04,0.0,0.0,0.0,0.0,0.0,0.0,0.0,0.0,0.0,0.0,0.0,0.0,0.0,0.0,1.51,0.0,0.0,0.0,0.0,0.0,0.0,1.88,1.91,1.85,0.0,0.0,0.0,0.0,0.0,0.0,0.0,0.0,0.0,0.0,0.0,0.0,0.0,0.0,0.0,0.0,0.0,0.0,0.0,0.0,0.0,0.0,0.0,1.98
10.1021/acs.jpcb.9b06636,0.0,0.0,0.0,4.23,1.29,0.0,0.0,0.0,0.0,0.0,0.0,0.0,0.0,0.0,1.04,0.0,0.0,0.0,0.0,0.0,1.99,0.0,0.0,0.0,0.0,0.0,0.0,0.0,0.0,0.0,0.0,0.0,1.86,0.0,0.0,0.0,1.88,0.0,5.54,0.0,0.0,0.0,0.0,0.0,0.0,2.23,0.0,0.0,0.0,2.28,0.0,0.0,0.0,0.0,0.0,0.0,0.0,0.0,0.0,0.0,0.0,0.0,1.98
10.1038/s41565-019-0400-7,4.45,0.0,2.85,2.82,1.29,0.0,4.68,0.0,3.05,0.0,0.0,0.0,0.0,1.42,0.0,0.0,0.0,0.0,0.0,0.0,0.0,6.63,0.0,0.0,0.0,0.0,1.54,0.0,0.0,1.51,0.0,0.0,0.0,2.23,0.0,0.0,0.0,0.0,0.0,0.0,0.0,0.0,0.0,0.0,0.0,0.0,0.0,0.0,0.0,0.0,0.0,0.0,0.0,0.0,0.0,0.0,0.0,0.0,0.0,0.0,0.0,0.0,0.0
10.1039/c9cp03052b,0.0,0.0,0.0,0.0,0.0,0.93,0.0,0.0,0.0,0.0,0.0,0.0,0.0,0.0,1.04,0.0,0.0,0.0,8.58,0.0,0.0,0.0,0.0,0.0,0.0,0.0,0.0,0.0,0.0,0.0,0.0,0.0,0.0,0.0,0.0,0.0,0.0,0.0,1.85,0.0,0.0,0.0,0.0,0.0,0.0,0.0,0.0,0.0,0.0,4.55,0.0,0.0,0.0,0.0,0.0,0.0,0.0,0.0,0.0,0.0,0.0,0.0,0.0
10.1103/PhysRevX.9.041003,0.0,8.13,4.27,1.41,0.0,0.0,0.0,2.45,4.58,0.0,0.0,1.03,0.0,4.27,0.0,0.0,0.0,0.0,0.0,0.0,0.0,8.84,0.0,1.8,0.0,0.0,3.08,0.0,0.0,3.01,0.0,0.0,0.0,2.23,0.0,0.0,0.0,0.0,0.0,0.0,0.0,0.0,0.0,0.0,1.61,0.0,0.0,0.0,0.0,0.0,0.0,0.0,0.0,0.0,0.0,0.0,0.0,4.33,0.0,0.0,2.17,0.0,0.0
10.1063/1.5075486,0.0,2.71,2.85,4.23,0.0,0.0,2.34,0.0,4.58,0.0,0.0,0.0,0.0,0.0,0.0,0.0,4.61,2.67,0.0,0.0,0.0,0.0,0.0,0.0,0.0,0.0,3.08,0.0,8.34,0.0,0.0,0.0,1.86,0.0,0.0,0.0,0.0,0.0,0.0,0.0,0.0,1.85,0.0,0.0,0.0,0.0,0.0,0.0,0.0,0.0,0.0,0.0,2.48,4.55,0.0,0.0,0.0,2.17,0.0,0.0,0.0,0.0,0.0
10.1039/c8sc04500c,0.0,0.0,0.0,2.12,0.64,0.0,0.0,0.0,1.53,0.0,0.0,1.03,0.0,0.0,0.0,0.0,1.54,0.0,4.29,1.99,1.99,0.0,0.0,0.0,0.0,0.0,0.0,2.13,0.0,3.01,0.0,0.0,0.0,0.0,0.0,0.0,0.0,0.0,1.85,1.98,5.41,1.85,0.0,0.0,1.61,0.0,0.0,0.0,0.0,2.28,0.0,0.0,0.0,4.55,0.0,10.97,0.0,0.0,0.0,0.0,0.0,0.0,0.0
10.1103/PhysRevX.9.021028,0.89,1.36,5.69,2.12,0.64,2.8,1.56,0.0,0.0,0.0,0.0,0.0,0.0,0.0,8.33,0.0,6.15,0.0,0.0,13.96,0.0,0.0,0.0,0.0,0.0,0.0,0.0,0.0,0.0,1.51,0.0,0.0,0.0,0.0,0.0,0.0,0.0,0.0,0.0,0.0,0.0,0.0,0.0,0.0,0.0,0.0,2.19,0.0,0.0,0.0,0.0,2.21,2.48,2.28,0.0,0.0,0.0,0.0,0.0,0.0,0.0,0.0,1.98
10.1063/1.5096610,0.0,0.0,0.0,0.71,1.29,6.52,0.0,0.0,0.0,0.0,0.0,0.0,0.0,0.0,0.0,0.0,0.0,0.0,0.0,0.0,1.99,0.0,0.0,0.0,0.0,0.0,4.61,21.26,0.0,0.0,11.87,0.0,0.0,0.0,2.09,1.47,0.0,0.0,0.0,0.0,0.0,0.0,0.0,0.0,0.0,0.0,0.0,0.0,0.0,0.0,0.0,0.0,0.0,0.0,0.0,0.0,0.0,0.0,0.0,2.21,0.0,0.0,0.0
10.1063/1.5063741,0.0,0.0,2.85,1.41,0.0,0.0,1.56,0.0,1.53,0.0,0.0,0.0,0.0,0.0,0.0,0.0,0.0,0.0,0.0,0.0,0.0,0.0,0.0,0.0,0.0,0.0,1.54,0.0,5.01,0.0,0.0,0.0,0.0,0.0,0.0,0.0,0.0,0.0,0.0,0.0,0.0,0.0,0.0,0.0,0.0,0.0,0.0,0.0,0.0,0.0,0.0,0.0,0.0,0.0,0.0,0.0,0.0,0.0,0.0,0.0,0.0,0.0,0.0
10.1007/s10773-019-04273-7,0.0,0.0,0.0,0.0,0.0,0.0,0.0,0.0,0.0,0.0,0.0,0.0,0.0,0.0,0.0,0.0,0.0,0.0,0.0,0.0,0.0,0.0,0.0,0.0,0.0,0.0,0.0,0.0,0.0,0.0,0.0,0.0,0.0,0.0,0.0,0.0,0.0,0.0,0.0,0.0,0.0,0.0,0.0,6.26,0.0,11.16,0.0,0.0,0.0,0.0,0.0,0.0,0.0,0.0,0.0,0.0,0.0,0.0,0.0,0.0,0.0,0.0,0.0
10.1088/1361-648X/ab0686,0.0,0.0,0.0,0.0,0.0,0.0,0.0,0.0,0.0,0.0,0.0,0.0,0.0,0.0,0.0,0.0,0.0,0.0,0.0,0.0,0.0,0.0,0.0,0.0,0.0,0.0,0.0,0.0,0.0,0.0,0.0,0.0,0.0,0.0,0.0,0.0,0.0,0.0,0.0,0.0,0.0,0.0,0.0,2.09,0.0,0.0,0.0,0.0,0.0,0.0,0.0,0.0,0.0,0.0,0.0,0.0,2.74,0.0,0.0,0.0,0.0,0.0,0.0
10.1103/PhysRevA.100.012332,0.0,1.36,0.0,0.0,2.58,1.86,0.0,0.0,0.0,2.44,0.0,0.0,0.0,0.0,0.0,0.0,0.0,0.0,0.0,0.0,0.0,0.0,0.0,0.0,0.0,0.0,0.0,0.0,0.0,0.0,0.0,0.0,1.86,2.23,0.0,1.47,0.0,0.0,0.0,0.0,0.0,0.0,0.0,2.09,0.0,0.0,0.0,0.0,0.0,0.0,0.0,0.0,0.0,0.0,0.0,0.0,0.0,0.0,0.0,0.0,0.0,0.0,0.0
10.1063/1.5049506,0.89,0.0,0.0,0.0,0.0,0.93,0.0,0.0,0.0,1.22,0.0,1.03,0.0,0.0,0.0,0.0,0.0,0.0,0.0,0.0,0.0,0.0,0.0,0.0,0.0,0.0,3.08,0.0,0.0,0.0,0.0,0.0,0.0,0.0,0.0,0.0,1.88,0.0,0.0,0.0,16.23,0.0,0.0,0.0,0.0,0.0,0.0,0.0,0.0,0.0,0.0,0.0,0.0,0.0,0.0,0.0,0.0,0.0,0.0,0.0,0.0,0.0,0.0
10.1038/s41534-019-0129-z,0.89,0.0,0.0,0.0,3.22,0.0,0.0,0.0,0.0,0.0,0.0,0.0,0.0,0.0,0.0,0.0,0.0,0.0,0.0,0.0,1.99,0.0,2.25,0.0,0.0,0.0,0.0,0.0,0.0,0.0,2.37,0.0,0.0,0.0,2.09,0.0,0.0,0.0,0.0,0.0,0.0,0.0,0.0,0.0,0.0,0.0,0.0,0.0,0.0,0.0,1.96,0.0,0.0,0.0,0.0,0.0,0.0,0.0,0.0,2.21,2.17,0.0,0.0
10.1021/jacs.9b09101,0.0,0.0,0.0,0.71,0.0,2.8,0.0,0.0,0.0,2.44,0.0,2.07,0.0,0.0,1.04,0.0,3.08,0.0,0.0,0.0,3.99,0.0,0.0,0.0,0.0,0.0,0.0,0.0,0.0,0.0,0.0,0.0,0.0,0.0,0.0,0.0,1.88,0.0,0.0,0.0,0.0,0.0,0.0,2.09,1.61,0.0,0.0,0.0,0.0,0.0,0.0,0.0,0.0,0.0,0.0,0.0,0.0,0.0,0.0,0.0,0.0,0.0,0.0
10.1038/s41534-019-0206-3,0.0,0.0,0.0,2.12,1.93,1.86,0.78,0.0,0.0,6.09,0.0,0.0,2.09,2.85,0.0,0.0,0.0,0.0,0.0,0.0,0.0,0.0,0.0,0.0,1.46,0.0,0.0,2.13,0.0,1.51,7.12,0.0,0.0,0.0,0.0,0.0,7.52,0.0,0.0,0.0,0.0,0.0,0.0,0.0,0.0,0.0,0.0,0.0,0.0,0.0,0.0,0.0,0.0,0.0,0.0,0.0,0.0,0.0,0.0,0.0,0.0,4.91,0.0
10.1103/PhysRevApplied.12.014013,0.0,0.0,0.0,0.0,0.0,0.93,0.0,0.0,0.0,0.0,0.0,0.0,0.0,0.0,0.0,0.0,0.0,2.67,0.0,0.0,0.0,0.0,0.0,0.0,0.0,0.0,0.0,0.0,0.0,0.0,0.0,0.0,0.0,0.0,0.0,0.0,0.0,0.0,1.85,0.0,0.0,1.85,0.0,0.0,0.0,0.0,0.0,0.0,0.0,0.0,0.0,0.0,2.48,0.0,0.0,0.0,0.0,0.0,0.0,0.0,0.0,0.0,0.0
10.1002/smll.201901522,0.0,0.0,0.0,1.41,0.0,0.93,0.0,0.0,0.0,0.0,0.0,0.0,0.0,0.0,0.0,0.0,0.0,0.0,0.0,0.0,0.0,0.0,0.0,0.0,0.0,0.0,0.0,0.0,3.34,0.0,0.0,0.0,0.0,0.0,0.0,0.0,0.0,0.0,0.0,0.0,0.0,0.0,0.0,0.0,0.0,0.0,0.0,0.0,0.0,2.28,0.0,0.0,0.0,4.55,0.0,0.0,5.48,0.0,0.0,0.0,0.0,0.0,1.98
10.3390/ma12152487,0.0,0.0,2.85,0.0,0.0,0.0,0.0,0.0,0.0,0.0,0.0,0.0,0.0,0.0,0.0,0.0,0.0,0.0,0.0,0.0,0.0,0.0,0.0,0.0,0.0,0.0,1.54,0.0,0.0,1.51,0.0,0.0,0.0,0.0,0.0,0.0,0.0,0.0,5.54,0.0,0.0,1.85,0.0,0.0,1.61,0.0,0.0,0.0,0.0,2.28,0.0,0.0,0.0,0.0,0.0,0.0,0.0,0.0,2.15,0.0,0.0,0.0,0.0
10.1103/PhysRevA.100.063840,0.0,0.0,0.0,0.0,0.0,0.0,0.0,0.0,0.0,0.0,0.0,3.1,0.0,0.0,0.0,0.0,0.0,0.0,0.0,0.0,1.99,0.0,0.0,0.0,0.0,2.48,0.0,0.0,0.0,0.0,0.0,0.0,0.0,0.0,0.0,1.47,0.0,0.0,0.0,0.0,0.0,1.85,0.0,0.0,6.43,0.0,0.0,15.62,0.0,0.0,0.0,0.0,0.0,0.0,0.0,0.0,0.0,4.33,2.15,2.21,0.0,0.0,1.98
10.1021/acsaelm.8b00006,0.89,0.0,0.0,0.0,0.0,0.0,0.0,0.0,0.0,0.0,0.0,0.0,2.09,0.0,0.0,0.0,0.0,0.0,0.0,0.0,0.0,0.0,0.0,0.0,1.46,0.0,0.0,0.0,3.34,3.01,0.0,0.0,0.0,0.0,0.0,0.0,0.0,0.0,0.0,0.0,2.71,0.0,0.0,2.09,0.0,2.23,0.0,0.0,0.0,0.0,0.0,0.0,0.0,0.0,0.0,0.0,0.0,0.0,0.0,0.0,0.0,0.0,0.0
10.1103/PhysRevB.99.205306,0.0,1.36,1.42,1.41,1.29,2.8,0.0,14.73,1.53,0.0,0.0,0.0,0.0,0.0,0.0,0.0,0.0,0.0,17.17,0.0,0.0,0.0,0.0,0.0,0.0,0.0,1.54,0.0,8.34,3.01,0.0,0.0,0.0,0.0,0.0,0.0,0.0,0.0,1.85,0.0,2.71,0.0,0.0,0.0,1.61,2.23,0.0,2.6,0.0,2.28,0.0,0.0,0.0,6.83,0.0,0.0,0.0,0.0,0.0,0.0,0.0,0.0,1.98
