DOI,nouns
10.1109/JSSC.2020.3024678,quantum computer|quantum bit|quantum algorithm|cryo|cmos|controller|frequency|control|spin|qubit|transmon|scale|optimization|qubit|control|electron|cmos|control|circuit|temperature|cryo|cmos|proximity|state|qubit|quantum|scalability|number|qubit|cryo|cmos|microwave|signal|generator|frequency|control|qubit|qubit|output|architecture|programmability|phase|amplitude|frequency|output|microwave|pulse|end|ghz|spin|qubit|transmon|controller|qubit|phase|synthesis|end|qubit|control|sideband|end|leakage|qubit|channel|intel|finfet|technology|snr|range|sfdr|ghz|datum|fidelity|qubit|control|chip|instruction|memory|capability|signal|spin|qubit|ghz
10.1016/j.physleta.2020.126352,quantum computer|quantum computer|quantum computing|quantum dot|quantum dot|trapped ion|silicon|term|generation|qubit|technology|semiconductor|ion|photon|principle|alternative|term|scalability|million|qubit|term|view|silicon|spin|qubit|qubit|technology|ground|side|fabrication|technology|nanometric|scale|device|silicon|supply|chain|right
10.1109/TCSI.2020.3019413,quantum computer|quantum computer|quantum bit|soc|fidelity|scale|optimization|qubit|control|electron|controller|state|spin|qubit|transmon|simulation|specification|controller|qubit|gate|fidelity|qubit|simulator|trade|architecture|level|digitization|selection|specification|error|budget|analog|circuit|block|specification|signal|power|linearity|noise|power|controller|power|consumption|estimate|feasibility|nanometer|cmos|technology|node|qubit|calibration|excitation|controller|efficacy|methodology|error|budget|foundation|controller|scale
10.1038/s41586-020-2171-6,quantum computer|quantum computer|quantum computer|quantum dot|quantum dot|quantum dot|quantum bit|quantum processor|quantum processor|gate|silicon|unit|cell|kelvin|computer|simulation|algorithm|number|million|state|qubit|technology|circuit|semiconductor|spin|challenge|qubit|heat|power|dilution|refrigerator|operate|temperature|gate|silicon|unit|cell|qubit|kelvin|electron|reservoir|qubit|tunnelling|electron|qubit|spin|qubit|gate|fidelity|per|cent|coherence|microsecond|gate|spin|qubit|silicon|millikelvin|unit|cell|field|tesla|qubit|control|frequency|gigahertz|qubit|energy|energy|unit|cell|core|build|block|scale|silicon|satisfie|constraint|error|correction|spin|temperature|power|order|magnitude|dilution|refrigerator|integration|control|electron|qubit
10.1039/c9mh01594a,quantum computing|quantum coherence|spin|qubit|array|integration|resonator|spin|qubit|network|spin|qubit|node|mean|control|qubit|localization|orientation|spin|qubit|state|device|metal|framework|vanadyl|porphyrin|node|spin|dynamic|spin|manipulation|spin|qubit|candidate|nanodomain|mof|coordination|plane|air|water|interface|langmuir|schaefer|condition|layer|deposit|variety|substrate|nanodomain|situ|surface|coplanar|resonator|transmission|measurement|resonator|constriction|spin|photon|couple|spin|nanodomain|basis|hybrid|architecture
10.1103/PhysRevX.10.011060,quantum dot|quantum dot|coherence|electron|spin|qubit|noise|coherence|electron|spin|qubit|semiconductor|frequency|noise|decade|effort|noise|material|engineering|enhancement|spin|qubit|role|noise|spin|manipulation|control|fidelity|electron|spin|qubit|coherence|evolution|frequency|charge|noise|noise|semiconductor|device|feedback|control|flip|gate|fidelity|gallium|arsenide|evolution|coherence|noise|rabi|frequency|spectrum|noise|silicon|qubit
10.1088/0256-307X/37/2/020302,quantum dot|quantum dot|quantum processor|measurement|spin|singlet|triplet|qubit|resonator|spin|qubit|platform|computation|requirement|information|process|measurement|measurement|quantum|dot|spin|qubit|transmission|line|resonator|phase|shift|resonator|spin|state|gate|gate|response|resonator|spin|qubit|spin|qubit|state
10.1021/jacs.9b13398,quantum gate|spin|qubit|pair|dna|hairpin|electron|transfer|pair|quantum|electron|spin|spin|qubit|information|manipulation|spin|qubit|address|spin|microwave|pulse|spin|qubit|pair|chromophore|dna|hairpin|spin|qubit|distance|spectroscopy|measurement|hairpin|address|spin|qubit|pair|spin|qubit|pair|coherence|window|spin|manipulation|information|applicability|dna|qubit|context|gate|gate
10.1002/adma.201906523,quantum dot|quantum device|majorana fermion|site|uniform|hut|wire|spin|orbit|couple|semiconductor|nanowire|role|nanoscale|device|realization|spin|qubit|photon|emitter|nanoprocessor|growth|site|nanowire|prerequisite|generation|device|addressability|scalability|nanofabrication|bottom|self|assembly|growth|wire|position|distance|length|structure|growth|strain|relaxation|template|material|combination|transport|measurement|spin|orbit|couple|spin|orbit|length|material|charge|sense|wire|potential|realization|path|qubit|device|nanowire|silicon
10.1103/PhysRevB.101.035204,quantum dot|quantum dot|dipole|spin|resonance|semiconductor|spin|qubit|monolayer|transition|metal|dichalcogenide|tmds|platform|semiconductor|device|crystal|physics|spin|selection|rule|candidate|qubit|band|structure|monolayer|number|degree|freedom|combination|qubit|basis|electron|spin|valley|isospin|combination|spin|orbit|couple|kramer|spin|qubit|monolayer|valley|spin|degenerate|regime|valley|combination|radius|field|tmd|spin|qubit|qubit|rotation|dipole|spin|resonance|wave|approximation|order|schrieffer|wolf|hamiltonian|expression|rabi|frequency|qubit|oscillation|mechanism|parameter|oscillation|mhz|prediction|tmd|qubit|kramer|spin|valley|valley|basis|semiconductor|device
10.1126/sciadv.aba3442,quantum coherence|freeze|spin|bath|atom|spin|qubit|fidelity|electron|spin|qubit|semiconductor|spin|fluctuation|enrichment|spin|isotope|silicon|order|magnitude|expectation|atom|qubit|freeze|dynamic|nucleus|electron|interaction|wait|period|electron|dynamic|value|conclusion|parameter|model|spin|dynamic|degree|backaction|electron|spin|limit|assumption|bath|dynamic|coherence|gate|fidelity|spin|qubit|semiconductor
10.1103/PhysRevB.101.195438,quantum computer|quantum computer|quantum dot|quantum dot|quantum dot|quantum gate|qubit|gate|flop|mode|spin|qubit|achievement|field|gate|semiconductor|concept|spin|node|qubit|circuit|resonator|photon|set|spin|qubit|semiconductor|node|spin|dipole|spin|electron|potential|field|gradient|couple|resonator|photon|power|spin|control|flop|mode|spin|qubit|tunability|qubit|gate|couple|qubit|dephase|infidelity|qubit|gate
10.1021/acs.jpclett.0c00193,quantum computing|quantum state|quantum system|decoherence|electron|spin|qubit|insight|body|simulation|wave|function|phase|role|quantum|interference|entanglement|loss|phase|information|decoherence|interaction|environment|decoherence|obstacle|path|decoherence|molecule|phase|information|electron|spin|qubit|spin|molecule|coherence|molecule|rationalization|spin|diffusion|barrier|experiment|contribution|molecule|decoherence|dependence|separation|distance|molecule|behavior|coherence|coherence|descriptor|coherence|molecule|principle|coherence|spin|qubit
10.1103/PhysRevB.101.035424,quantum dot|quantum dot|quantum dot|state|tomography|spin|qubit|semiconductor|choice|matter|spin|qubit|qubit|tomography|qubit|polarization|matter|spin|tomography|resource|task|tomography|spin|spin|configuration|conduction|band|electron|valence|band|hole|electron|hole|pair|exciton|spin|qubit|pulse|qubit|qubit|decay|photon|tomography|orthogonal|excitation|measurement|degree|polarization|light|qubit|exciton|spin|state|fidelity|accuracy|polarization|analyzer
10.1021/acs.nanolett.9b03847,quantum computer|quantum dot|quantum dot|quantum dot|radio|frequency|charge|silicon|spin|qubit|silicon|platform|coherence|scalability|charge|role|spin|qubit|device|parameter|term|measurement|sensitivity|factor|spin|qubit|experiment|charge|sense|radio|frequency|reflectometry|accumulation|mode|capacitance|accumulation|mode|gate|geometry|reflectometry|measurement|gate|geometry|capacitance|shoot|readout|electron|state|pauli|spin|blockade|condition|integration|value|silicon|signal|noise|ratio|guideline|silicon|spin|qubit|device|fidelity|readout
10.1038/s41598-020-77047-5,quantum computer|quantum coherence|quantum coherence|protection|phase|tunable|image|protection|information|degree|fidelity|gate|qubit|mean|pulse|decouple|qubit|environment|route|floquet|mode|rabi|decay|number|material|spin|hamiltonian|environment|regime|relaxation|route|spin|qubit|spin|ensemble|information|process|storage
10.1103/PhysRevLett.124.023602,quantum network|quantum network|transform|photon|vacancy|spin|diamond|state|quantum|emitter|couple|transition|spin|qubit|spin|property|tin|vacancy|snv|center|diamond|nanostructure|magneto|spin|spectroscopy|inversion|structure|snv|spin|spin|transition|transition|linewidth|measure|electron|spin|lifetime|spin|transition|lifetime|limit|structure|spin|lifetime|phonon|temperature|scale|coherence|spin|bath|limit|spin|property|inversion|color|center|value|millikelvin|temperature|combination|transition|spin|coherence|dilution|refrigeration|snv|candidate
10.1038/s41467-020-14818-8,quantum computing|quantum error correction|quantum state|quantum|demolition|readout|electron|spin|silicon|shoot|detection|silicon|spin|qubit|laboratory|routine|need|scale|device|demolition|qnd|counterpart|qnd|spin|readout|disturbance|probe|spin|polarization|measurement|error|electron|spin|qubit|silicon|demolition|manner|electron|spin|neighbor|dot|ise|qubit|spin|fidelity|readout|repetition|spin|state|measurement|fidelity|qnd|readout|protocol|fidelity|ground|state|preparation|qnd|measurement|preparation|qubit|kind|class|information|protocol|electron|spin|silicon|homogeneity|qubit|silicon|spin|qubit|computation|outcome|author|quantum|demolition|readout|qubit|kind
10.1103/PhysRevApplied.14.014059,superconducting qubit|quantum error correction|resource|estimation|simulation|hubbard|advance|hardware|scale|quantum|nisq|era|task|nisq|machine|quantum|eigensolver|vqe|depth|fermi|hubbard|implication|area|superconductor|detail|gate|sequence|measurement|scheme|error|mitigation|hubbard|vqe|nisq|platform|resource|estimation|silicon|spin|qubit|qubit|simulation|mean|number|qubit|gate|order|circuit|level|aid|error|mitigation|qubit|gate|error|rate|ground|state|day|descent|iteration|min|task|hundred|quantum|unit|qubit|hubbard|vqe|nisq|machine|brink|term|optimization|simulation|scheme|improvement|fidelity|improvement|optimization|scheme|error|mitigation|obstacle|scalability|hardware|platform|runtime|issue|parallelization|silicon|processor|processor
10.1103/PhysRevApplied.13.034068,quantum dot|quantum dot|quantum dot|quantum dot|valley|split|spin|relaxation|mechanism|valley|split|feature|silicon|spin|qubit|heterostructure|valley|split|gate|temperature|scalability|qubit|device|valley|split|gate|beam|epitaxy|valley|split|gate|voltage|displacement|spin|relaxation|field|device|nanomagnet|field|valley|hotspot|phonon|noise|couple|spin|orbit|couple|phonon|bottleneck
10.1103/PhysRevApplied.14.054015,quantum dot|quantum dot|measurement|electron|intervalley|relaxation|presence|nondegenerate|valley|state|silicon|electron|dynamic|silicon|heterostructure|electron|spin|relaxation|spin|valley|couple|context|state|spin|qubit|interplay|spin|valley|degree|freedom|decoherence|mechanism|observation|relaxation|valley|state|ground|state|field|valley|state|readout|valley|tunneling|valley|orbit|couple|intervalley|relaxation|value|field|find|spin|relaxation|spin|valley|spot|relaxation|intervalley|relaxation|prediction|precision|electron|spin|energy|tunneling|improvement|valley|relaxation|measurement|probe|valley|physics|spin|qubit|valley|qubit
10.1038/s41467-020-14560-1,quantum computing|quantum computing|quantum dot|photon|emission|electron|transport|light|distance|transfer|electron|spin|qubit|semiconductor|scale|circuit|electron|spin|photon|polarisation|conversion|technology|space|fibre|transfer|lithography|gaas|quantum|generation|photon|electron|need|self|device|electron|minimum|surface|wave|region|hole|exciton|exciton|photon|electroluminescence|optimisation|yield|photon|electron|limit|histogram|step|electron|photon|spin|polarisation|qubit|conversion|architecture
10.1021/jacs.0c08986,quantum bit|bipyramidal|complex|qubit|candidate|chemistry|bottom|quantum|information|science|atom|qubit|requirement|quantum|technology|qubit|initialization|readout|spin|initialization|read|mechanism|state|defect|molecule|infrastructure|structure|site|spin|triplet|complex|spin|property|spin|coherence|control|spin|qubit|ghz|electron|paramagnetic|resonance|spectrometer|electron|laser|photoluminescence|spin|singlet|state|field|spectroscopy|emission|ground|state|spin|sublevel|component|spin|initialization|readout|complex|candidate|spin|addressability
10.1002/qute.202000011,quantum computer|quantum computing|cluster state|architecture|silicon|donor|qubit|photon|circuit|architecture|protocol|measurement|donor|spin|qubit|entanglement|readout|build|block|protocol|circuit|matter|qubit|build|block|machine|measurement|unitarie|measurement|pauli|operator|source|error|fault|threshold|value|order|literature|component|silicon|circuit|chip|threshold|reach
10.1038/s41534-020-00308-8,nitrogen vacancy|quantum coherence|quantum system|control|spin|rotation|spin|qubit|center|defect|diamond|interest|quantum|sense|network|versatility|environment|challenge|quantum|gate|platform|difficulty|quantum|spin|state|spin|energy|manner|control|spin|rotation|rate|spin|qubit|magnet|hybrid|spin|current|tune|damp|amplitude|dipole|field|micrometer|magnet|control|rabi|oscillation|frequency|spin|potential|center|state|generation|quantum|information|technology|couple|center|spin|wave|insulator|point|possibility|macroscale|entanglement|spin|qubit
10.1038/s42005-020-00405-2,quantum dot|quantum dot|quantum dot|quantum dot|quantum dot|quantum dot|quantum dot|spin|goal|spintronic|spin|injector|detector|electron|element|functionality|semiconductor|spin|split|gate|spin|valve|series|split|gate|magnetoresistance|experiment|spin|valve|conductance|configuration|dot|polarization|value|field|gate|voltage|spin|polarization|spin|filter|element|spin|projection|correlation|experiment|initialization|read|spin|qubit|spin|injection|detection|degree|polarization|requirement|device|spin|degree|freedom|charge|author|semiconductor|spin|injector|detector|spin|polarization|split|gate
10.1103/PhysRevLett.125.247702,quantum gate|quantum network|quantum state|cavity|spin|magnon|couple|spin|spin|interaction|nanoparticle|cavity|microwave|field|subwavelength|volume|field|nanocavitie|spin|emitter|spin|qubit|nanoparticle|surface|regime|range|transfer|spin|emitter|cavity|way|magnon|magnon
10.1038/s41467-020-15472-w,superconducting qubit|wave|resonator|source|quantum|acoustodynamic|state|quantum|qad|platform|information|storage|process|phonon|source|spin|qubit|overtone|wave|resonator|hbar|phonon|source|qad|defect|grain|boundary|surface|roughness|transducer|phonon|relaxation|device|epitaxial|hbar|bottom|electrode|film|substrate|impedance|epi|hbar|power|injection|efficiency|transducer|cavity|interface|defect|density|phonon|loss|gan|sic|epi|hbar|phonon|source|sic|spin|qubit|resonator|qubit|couple|quantum|information|process|author|source|quality|factor|phonon|lifetime|overtone|resonator
10.1088/0256-307X/37/12/120301,quantum computer|quantum computer|quantum computer|quantum computer|quantum computer|quantum computer|adiabatic quantum|adiabatic quantum|adiabatic quantum|adiabatic quantum|range|interaction|thousand|million|spin|range|interaction|spin|qubit|range|interaction|interaction|fidelity|computation|factorization|interaction|enhancement|energy|gap|size
10.1103/PhysRevB.101.165302,quantum dot|quantum dot|quantum dot|control|spin|qubit|gaas|symmetry|potential|influence|symmetry|rabi|frequency|phonon|spin|relaxation|rate|electron|gaas|spin|qubit|dependence|field|direction|choice|potential|orientation|respect|frame|symmetry|impact|shape|spin|qubit|lifetime|wall|triangle|confinement|potential|spin|qubit|lifetime|order|magnitude|increase|triangle
10.1103/PhysRevB.101.155307,quantum dot|quantum dot|control|spin|qubit|insb|nanowire|spin|relaxation|field|impact|field|phonon|spin|relaxation|rate|speed|qubit|gate|insb|nanowire|spin|qubit|factor|field|strength|influence|electron|phonon|scatter|deformation|potential|material|factor|gaas|sige|regime|spin|relaxation|qubit|state|axis|maximization|number|qubit|gate|lifetime|spin|qubit|potential
10.1038/s41467-020-17865-3,quantum dot|loop|control|gaas|singlet|triplet|spin|qubit|gate|fidelity|leakage|semiconductor|spin|qubit|advance|coherence|control|fidelity|qubit|par|qubit|platform|progress|microwave|control|spin|device|silicon|spin|exchange|interaction|ingredient|challenge|fidelity|control|exchange|qubit|gate|electron|spin|qubit|optimization|loop|tune|fidelity|leakage|rate|subspace|perspective|microwave|control|singlet|triplet|qubit|gaas|material
10.1038/s41586-019-1919-3,quantum dot|quantum dot|quantum dot|quantum dot|quantum gate|qubit|logic|hole|germanium|quantum|information|process|execution|qubit|qubit|logic|qubit|spin|qubit|promise|build|block|control|gallium|fidelity|qubit|rotation|qubit|logic|logic|control|step|aspect|hole|germanium|control|tunnel|couple|detune|well|disorder|gate|charge|symmetry|point|qubit|spin|orbit|couple|need|element|qubit|qubit|control|frequency|mhz|qubit|gate|fidelity|per|cent|nanosecond|qubit|logic|gate|nanosecond|planar|germanium|year|material|platform|qubit|logic|material|information|spin|qubit|hole|state|germanium|platform|computation
10.1063/1.5128132,quantum computing|quantum gate|cnot|gate|gate|electron|spin|qubit|pair|qubit|cnot|gate|set|gate|spin|qubit|pair|covalent|donor|chromophore|acceptor|molecule|cnot|gate|fidelity|donor|chromophore|dicarboximide|ani|acceptor|pyromellitimide|photoexcitation|ani|laser|pulse|subnanosecond|formation|center|center|spin|qubit|pair|phase|memory|cnot|gate|sequence|microwave|pulse|sequence|pulse|element|density|matrix|datum|simulation|datum|condition|fidelity|execution|cnot|gate|spin|qubit|pair|temperature|possibility|synthesis|structure|logic|gate|electron|spin
10.1038/s41467-020-16745-0,quantum dot|quantum dot|quantum teleportation|quantum teleportation|quantum error correction|quantum state|teleportation|quantum|dot|spin|state|platform|information|process|electron|spin|semiconductor|coherence|potential|fabrication|year|progress|capability|spin|qubit|electron|spin|challenge|goal|focus|qubit|state|quantum|dot|spin|qubit|evidence|electron|spin|qubit|semiconductor|tomography|teleportation|fidelity|datum|teleportation|spin|eigenstate|entanglement|swap|gate|teleportation|evidence|matter|spin|state|teleportation|capability|exchange|spin|qubit|quantum|information|transfer
10.1038/s41598-020-61976-2,quantum dot|quantum dot|quantum network|quantum state|quantum processor|spin|photon|module|network|architecture|information|transmission|node|network|architecture|quantum|technology|spin|qubit|semiconductor|candidate|information|process|challenge|path|experiment|module|spin|singlet|triplet|qubit|microwave|photon|degree|control|interaction|spin|qubit|field|preparation|photon|efficiency|transfer|entanglement|generation|node|fidelity|spin|photon|module|threshold|error|correction|protocol|architecture
10.1038/s41565-020-0769-3,quantum dot|quantum dot|quantum dot|quantum dot|quantum state|spin|quantum|register|semiconductor|epitaxial|charge|spin|qubit|link|coherence|interaction|ensemble|spin|spin|hardware|strain|gaas|algaas|qubit|quantum|register|epitaxial|qds|charge|spin|qubit|interface|light|semiconductor|nanofabrication|technology|charge|spin|coherence|interaction|ensemble|spin|self|dot|strain|gaas|algaas|qds|qubit|quantum|register|ensemble|spin|hardware|radio|frequency|pulse|storage|microsecond|qubit|qubit|control|gate|fidelity|coherence|fidelity|control|initialization|readout|quantum|computation|search|jozsa|algorithm|nucleus|quantum|information|resource|charge|spin|particle|circuit
10.1103/PhysRevLett.124.117701,singlet|triplet|spin|qubit|silicon|singlet|triplet|spin|qubit|silicon|qubit|electron|antiparallel|spin|state|quantum|control|drive|exchange|interaction|qubit|frequency|qubit|nucleus|noise|thank|gate|micromagnet|zeeman|field|gradient|benchmarke|gate|fidelity|singlet|triplet|qubit
10.1109/LED.2020.3001291,quantum device|silicon|electron|transistor|charge|sensor|spin|information|process|advance|feasibility|spin|computation|silicon|progress|scale|spin|technology|fabrication|yield|device|uniformity|requirement|challenge|prototype|spin|qubit|device|state|art|cmos|step|electron|transistor|feature|size|electron|controllability|control|uniformity|room|temperature|dot|energy|mev|size|agreement|geometry|noise|power|spectrum|noise|amplitude|integration|exploration|silicon|spin|qubit|device|path|investigation|scalability|spin|qubit|device
10.1002/qute.202000005,quantum processor|donor|spin|silicon|technology|atom|semiconductor|technology|property|information|era|nature|scale|object|revolution|article|ion|donor|spin|silicon|quantum|technology|atom|spin|qubit|silicon|state|qubit|pathway|qubit|group|donor|spin|quadrupole|couple|resonance|quantum|chaos|donor|ensemble|cavity|machine|implantation|donor|precision|placement|integration|donor|spin|industry|silicon|fabrication|donor|platform|quantum|revolution
10.1038/s41567-020-0952-3,superconducting qubit|majorana fermion|monitor|superconducte|spin|readout|control|electron|semiconductor|primitive|information|process|state|spin|superconductor|semiconductor|heterostructure|mode|andreev|level|confinement|pair|mode|andreev|level|supercurrent|circuit|quantum|electrodynamic|cqed|field|pair|quasiparticle|andreev|shoot|cqed|readout|spin|quasiparticle|level|semiconductor|nanowire|josephson|element|spin|orbit|interaction|nanowire|spin|flow|supercurrent|element|spin|supercurrent|field|spin|split|range|interaction|quasiparticle|microwave|measurement|resultant|spin|resonator|frequency|demolition|spin|fidelity|quasiparticle|spin|way|spin|qubit|field|domain|measurement|majorana|quasiparticle|level|microwave|resonator|spin|readout|spin|qubit|measurement
10.1103/PhysRevB.101.155311,quantum computing|fidelity|gate|exchange|singlet|triplet|qubit|order|semiconductor|qubit|issue|interqubit|couple|constraint|control|hardware|gate|fidelity|qubit|device|exchange|singlet|triplet|spin|qubit|control|hardware|coulomb|exchange|couple|noise|spectra|control|pulse|qubit|qubit|gate|fidelity|gaas
10.1103/PhysRevA.102.042602,qubit|environment|negativity|fidelity|state|nitrogen|vacancy|center|spin|qubit|environment|evolution|qubit|environment|entanglement|negativity|nitrogen|vacancycenter|spin|qubit|environment|spin|diamond|lattice|evolution|fidelity|state|pointer|state|qubit|tool|decoherence|scenario|quantity|agreement|evolution|range|parameter|conclusion|amount|entanglement|qubit|environment|trace|evolution|environment
10.1088/1361-648X/ab4933,quantum dot|quantum dot|quantum dot|quantum dot|quantum dot|quantum dot|charge|noise|spin|spin|orbit|fluctuate|charge|field|semiconductor|coherence|spin|qubit|interplay|spin|orbit|couple|potential|interaction|spin|qubit|charge|field|charge|noise|spin|eigen|energy|eigenfunction|calculation|spin|dephase|dependence|asymmetry|potential|increase|asymmetry|rate|field|spin|dephase|rate|point
10.1063/5.0031231,quantum dot|quantum dot|quantum dot|axis|control|singlet|triplet|qubit|micromagnet|confinement|axis|qubit|gate|electron|spin|qubit|gaas|gate|sextuple|array|micromagnet|step|qubit|gate|manipulation|singlet|triplet|qubit|larmor|oscillation|dot|site|measurement|site|field|gradient|root|noise|discussion|adequacy|micromagnet|array|limitation|gate|array
10.1039/d0sc03107k,quantum error correction|quantum error correction|qubit|trinuclear|coordination|compound|platform|qubit|code|dephase|error|molecule|analogue|type|qubit|magnetometry|temperature|heat|electron|resonance|measurement|constituent|trimer|parameter|simulation|device|dephase|spin|qubit
10.1103/PhysRevB.101.165308,quantum dot|transport|suppression|field|fluctuation|dot|noise|spin|ensemble|source|decoherence|dot|multielectron|spin|qubit|detail|current|electron|spin|dynamic|regime|pauli|spin|blockade|spin|orbit|couple|flow|electron|spin|polarization|polarization|gradient|neighbor|dot|gradient|component|field|qubit|subspace|way|coherence|multielectron|spin|qubit|order|magnitude
10.1088/2058-9565/ab86c9,quantum dot|resonant|exchange|gate|quantum|dot|qubit|spin|photon|transduction|tqds|semiconductor|spin|qubit|control|exchange|interaction|immunity|fluctuation|qubit|transverse|interaction|photon|exchange|regime|exchange|qubit|axis|fermi|hubbard|complexity|qubit|spin|charge|state|regime|exchange|sige|tqds|configuration|interaction|fci|calculation|device|gate|exchange|gate|regime|challenge|opportunity|spin|photon|couple|impact|device|electrostatic|mass|exchange|operate|point|spin|photon|couple|tqds|feasibility|entanglement|cavity|iswap|protocol|pathway|fidelity|insight|requirement|spin|photon|transduction|necessity|model|exchange|spin|qubit
10.1039/d0cp04056h,quantum computing|spectrum|molecule|magnet|spin|qubit|spin|coherence|gate|qubit|demand|spin|level|qubit|state|dopant|field|space|spin|qubit|level|electron|spin|density|nucleus|dopant|state|divalent|complex|configuration|interaction|spin|degree|freedom|tune|interaction|structure|interaction|nucleus|molecule|magnet|magnetization|relaxation|space|self|field|casscf|spin|orbit|interaction|space|state|interaction|rassi|calculation|energy|state|interaction|parameter|nuclear|spectrum|interaction|order|magnitude|fermi|contact|interaction|spin|electron|spin|density|nucleus|occupation|orbital|response|fermi|contact|term|field|tune|level|separation|spin
10.1021/acs.nanolett.0c02589,quantum dot|quantum dot|quantum dot|quantum dot|quantum dot|spin|relaxation|benchmark|qubit|addressability|hole|hole|spin|relaxation|regime|germanium|array|spin|relaxation|hole|occupation|benchmark|spin|relaxation|hole|qubit|addressability|field|sensitivity|resonance|frequency|dependence|qubit|gate|voltage|resonance|frequency|range|qubit|resonance|frequency|neighbor|gate|hole|qubit|resonance|frequency|plunger|gate|qubit|tunability|spin|relaxation|hole|germanium|fidelity|spin|qubit|array|scale|quantum|information
10.1103/PhysRevX.10.021006,quantum computer|quantum error correction|quantum error correction|quantum|nondemolition|measurement|decode|silicon|spin|qubit|importance|fault|step|quantum|error|code|quantum|nondemolition|measurement|state|qubit|quantum|nondemolition|measurement|qubit|qubit|qubit|ancilla|qubit|rotation|gate|state|qubit|ancilla|readout|ancilla|procedure|readout|fidelity|ancilla|readout|addition|thresholde|signal|process|decode|analog|information|readout|signal|state|qubit|decode|reduction|number|repetition|readout|error|gaussian|noise|instance|readout|signal|noise|ratio|way|spin|qubit|silicon
10.1103/PhysRevLett.125.047701,quantum dot|quantum dot|quantum system|measurement|backaction|electron|spin|gate|spin|bath|decoherence|interaction|environment|concept|transition|quantum|world|limitation|technology|environment|field|dynamic|qubit|description|backaction|qubit|environment|evidence|backaction|electron|spin|qubit|gaas|environment|order|spin|mean|correlation|measurement|backaction|qubit|environment|interaction|duration|qubit|coherence|qubit|spin|bath|state|cycle|qubit|state|correlation|measurement|outcome|qubit|state|action|electron|spin|spin
10.1088/1367-2630/aba462,transformation|rashba|ring|potential|spin|qubit|transformation|protocol|electron|quantum|ring|rashba|interaction|field|dynamic|electron|ring|series|landau|zenner|transition|number|voltage|gate|qubit|transformation|basis|pseudo|spin|state|protocol|change|rashba|interaction|bloch|sphere|challenge|realization|semiconductor|heterostructure
10.1038/s41586-019-1867-y,quantum computing|quantum state|microwave|interaction|electron|microwave|couple|electron|spin|possibility|photon|microwave|frequency|range|qubit|gate|spin|qubit|interaction|hallmark|quantum|information|ability|entanglement|distance|qubit|length|scale|connectivity|step|parallelism|qubit|gate|pair|qubit|scheme|cavity|quantum|possibility|quality|factor|resonator|qubit|interaction|neighbour|spin|architecture|range|exchange|device|technology|silicon|spin|progress|range|spin|spin|couple|interaction|spin|microwave|microwave|couple|electron|spin|millimetre|vacuum|rabi|split|spin|resonance|cavity|interaction|spin|cavity|photon|microwave|frequency|photon|range|qubit|gate|spin
10.1088/2058-9565/ab5e07,quantum computer|control|electron|semiconductor|spin|qubit|relevance|qubit|scale|number|qubit|type|qubit|state|qubit|candidate|scale|number|qubit|challenge|possibility|challenge|qubit|control|circuit|qubit|temperature|feasibility|idea|reference|requirement|electron|spin|qubit|specification|metal|oxide|semiconductor|principle|flow|engineering|estimate|footprint|power|consumption|control|circuit|architecture|control|vicinity|qubit|concept
10.1088/1361-6641/ab516a,quantum dot|quantum dot|quantum dot|quantum dot|electrode|silicon|mos|silicon|metal|oxide|semiconductor|mos|spin|qubit|platform|information|process|demonstration|fidelity|qubit|gate|qubit|fabrication|complexity|density|metal|layer|mos|device|tunnel|barrier|gap|electrode|accumulation|gate|accumulation|gate|electron|reservoir|tunability|tunnel|rate|decade|combination|charge|sensor|electron|count|measurement|transport|valley|split|electron|regime|magneto|spectroscopy|field|estimate|ground|state|gap|characterization|linear|dot|array|electron|shuttle|innovation|mos|scalability|prospect|spin|qubit
10.1038/s41467-020-17211-7,quantum dot|quantum dot|quantum dot|quantum dot|hole|spin|qubit|qubit|prospect|quantum|technology|compatibility|semiconductor|manufacture|electron|demonstration|property|hole|quantum|control|hole|spin|qubit|germanium|integration|shoot|readout|quantum|control|planar|germanium|hole|radio|frequency|reflectrometry|charge|sense|integration|shoot|readout|qubit|gate|rabi|qubit|control|qubit|resonance|frequency|qubit|addressability|spin|relaxation|millisecond|benchmark|hole|qubit|ability|hole|spin|quality|germanium|start|point|construction|hardware|semiconductor|spin|computation|electron|spin|device|hole|spin|property|quantum|author|shoot|readout|control|qubit|hole|spin
10.1103/PhysRevApplied.13.024019,quantum computing|quantum dot|quantum dot|quantum error correction|fidelity|spin|state|readout|reflectometry|silicon|spin|qubit|promise|qubit|platform|fault|fidelity|readout|charge|spin|state|radio|frequency|reflectometry|fidelity|readout|spin|qubit|capacitance|accumulation|gate|electron|gas|accumulation|mode|quantum|dot|device|electron|gas|mobility|radio|frequency|reflectometry|platform|radio|frequency|reflectometry|quantum|dot|device|gate|device|level|change|challenge|charge|state|readout|fidelity|integration|singlet|state|pauli|spin|blockade|charge|latch|mechanism|fidelity|integration|radio|frequency|reflectometry|shoot|readout|spin|state|spin|tunneling|scale|integration
10.1063/5.0004777,quantum dot|quantum gate|quantum coherence|quantum system|quantum system|quantum device|quantum device|hybrid|superconductor|semiconductor|quantum|technology|connectivity|controllability|semiconductor|spin|qubit|control|potential|miniaturization|scale|year|progress|circuit|device|benefit|property|constituent|cavity|quantum|couple|distance|degree|freedom|spin|electron|semiconductor|chip|connectivity|electron|spin|semiconductor|coherence|gate|fidelity|progress|superconducte|hybrid|limitation|direction|experiment|theory|license|aip|publish
10.1103/PhysRevB.101.155301,quantum dot|quantum dot|quantum gate|exchange|couple|silicon|addressability|spin|qubit|silicon|setup|charge|configuration|difference|zeeman|split|electron|difference|wave|approximation|device|regime|exchange|couple|gate|qubit|gate|charge|noise|microwave|source|cross|talk|deviation|wave|approximation|bloch|siegert|shift|level|gate
10.1103/PhysRevB.102.155404,quantum dot|quantum dot|quantum dot|ghz state|ghz state|transport|spin|passage|array|transfer|protocol|spin|state|array|modulation|exchange|interaction|presence|field|protocol|spin|ctap|transport|passage|analogy|protocol|charge|state|transfer|array|insensitivity|protocol|imperfection|advantage|spin|qubit|array|exchange|interaction|array|quantum|version|spin|ctap|transfer|spin|state|middle|array|gate|qubit|noise|robustness|spin|ctap|gate|fidelity|eigenstate|transfer|preparation|device
10.1038/s41534-020-0276-2,quantum dot|frequency|spin|qubit|energy|split|noise|sige|source|frequency|spin|qubit|noise|silicon|device|nanomagnet|spin|echo|decay|power|density|psd|charge|noise|transition|dependence|split|noise|psd|observation|ensemble|spin|dephase|measurement|hour|contact|interaction|nucleus|barrier|dynamic|hour|measurement|scale|charge|noise|field|key|qubit|fidelity|sige
10.1021/acs.jpclett.0c01681,limit|spin|lifetime|state|spin|spin|qubit|quantum|technology|protection|source|temperature|decoherence|vibration|barrier|progress|field|principle|picture|spin|relaxation|phonon|machine|learn|structure|theory|prediction|spin|lifetime|vanadium|qubit|spin|lifetime|temperature|number|thz|vibration|find|understand|spin|relaxation|class|material|avenue|spin
10.1103/PhysRevApplied.14.044019,quantum dot|quadrupole|interaction|self|structure|semiconductor|polarization|dnp|spintronic|quantum|information|process|dnp|rise|spin|polarization|electron|spin|lifetime|overhauser|field|ohf|idea|spin|qubit|quantum|dot|structure|qdss|spin|strain|field|quadrupole|moment|quadrupole|interaction|nqi|dnp|electron|spin|polarization|magneto|anomaly|series|qdss|nqi|dnp|nanostructure|axis|nqi|symmetry|qdss|deviate|growth|direction|tilt|ohf|angle|degree|component|ohf|respect|orientation|influence|spin|dephase|symmetry|confinement|potential|exciton|symmetry|nqi|nucleus|nano|object|optimization|symmetry|confinement|potential|spin|bath|role|nqi|electron|spin|decoherence|depolarization|light|rule|spin|landscape|qdss|dnp|spintronic|quantum|computation
10.1209/0295-5075/130/17003,quantum dot|quantum dot|bias|blockade|transport|property|ttqd|ring|reservoir|derivation|equation|motion|calculation|bias|current|field|couple|spin|gauge|field|current|nonequilibrium|spin|chirality|degeneracy|inversion|symmetry|oscillate|bias|coulomb|blockade|regime|spin|qubit|manipulation|blockade|transport|current|localization|state|function
10.1103/PhysRevA.102.042614,quantum state|quantum repeater|quantum repeater|memory|distance|phase|quantum|distribution|scheme|loss|property|field|phase|quantum|distribution|qkd|channel|transmission|root|memory|station|spin|qubit|beam|splitter|station|detector|scheme|resource|state|state|matter|state|hybrid|scheme|necessity|memory|station|state|matter|memory|qubit|advantage|memory|phase|match|qkd|qkd|threshold|detector|scenario|channel|loss|key|rate|channel|memory|qkd|memory|station|error|count|memory|dephase|depolarization|phase|mismatch|field|concept|phase|state|cutoff|memory|distance|rate|quality|quantum|memory|coherence|detector|efficiency|node|root|detector|spin|coherence|field|qkd|simplification|treatment|notion|nonlinearitie|matter|state|discussion|possibility|threshold|homodyne|detector|comparison|entanglement|distribution
10.1364/OPTICA.394138,oscillation|silicon|carbide|nanophotonic|silicon|carbide|sic|platform|photon|sic|variety|spin|qubit|absorption|photon|quality|factor|multimode|resonator|quality|factor|threshold|oscillation|mode|microcomb|order|mode|demonstration|milestone|device|property|sic|way|integration|photon|spin|quantum|technology|society|america|term|osa|access|publish|agreement
10.1016/j.carbon.2019.10.068,property|adjustment|multi|amination|electron|spin|character|metallofullerene|emfs|surround|opportunity|property|amination|group|tool|tune|property|change|property|temperature|derivative|addition|group|electron|carbon|cage|symmetry|carbon|cage|location|limit|gadolinium|restriction|gadolinium|motion|sensitivity|spin|population|chemical|modification|possibility|spin|qubit|property|control|level|ltd|right
10.1103/PhysRevLett.124.163604,nitrogen vacancy|quantum network|spin|magnetomechanic|micromagnet|transduction|platform|spin|qubit|micromagnet|type|superconductor|proximity|spin|qubit|couple|distance|magnet|superconductor|cooldown|trap|quality|factor|frequency|moment|mass|ratio|oscillator|motion|spin|degree|freedom|center|diamond|path|spin|qubit|motion|quantum|mechanic|object|realization|metrology
10.1103/PhysRevB.101.235133,quantum dot|quantum dot|quantum error correction|bell state|bell state|noise|correlation|qubit|device|coherence|noise|correlation|qubit|device|micromagnet|concept|decoherence|subspace|coherence|noise|measurement|correlation|frequency|noise|qubit|correlation|frequency|noise|spin|noise|nature|simulation|insight|noise|source|qubit|charge|noise|scenario|combination|spin|datum|decoherence|mechanism|code|spin|qubit|array|array
10.7567/1347-4065/ab5b62,quantum dot|quantum dot|fabrication|characterization|crystal|nanocavitie|electrode|gate|state|gate|scalability|controllability|electron|spin|qubit|candidate|quantum|spin|photon|interface|efficiency|spin|photon|interface|couple|gate|qds|crystal|phc|nanocavitie|step|couple|nanocavity|electrode|electrode|surface|phc|nanocavitie|position|accuracy|ten|nanometer|electrode|mode|phc|nanocavitie|photoluminescence|spectroscopy|step|couple|gate|qds|nanocavitie|japan|society|physics
10.1103/PhysRevB.102.075415,quantum dot|quantum dot|hole|interaction|phonon|confinement|encapsulation|material|spin|orbit|qubit|spin|phonon|interaction|mechanism|lifetime|spin|qubit|semiconductor|variance|mechanism|charge|noise|phonon|device|limit|relaxation|qubit|framework|calculation|spin|charge|transition|rate|bulk|phonon|hole|spin|orbit|qubit|band|theory|hole|qubit|silicon|insulator|device|spin|relaxation|device|band|term|hole|phonon|valence|band|deformation|potential|bias|point|field|orientation|number|rabi|oscillation|relaxation|spin|orbit|couple|valence|band|phonon|ten|thousand|phonon|confinement|structure|impact|encapsulation|material|relaxation|rate|spin|lifetime|structure|device|micrometer|length|scale|material|qubit|phonon|engineering|semiconductor|qubit|source|relaxation
10.1063/5.0004454,quantum dot|quantum communication|quantum network|quantum repeater|quantum repeater|quantum repeater|silicon|carbide|spintronic|distance|communication|information|number|particle|transmission|loss|notice|hand|privacy|entanglement|swap|transmission|loss|end|effort|decade|quantum|memory|source|photon|candidate|spin|qubit|state|earth|ion|color|center|diamond|silicon|carbide|sic|perspective|overview|advance|spin|qubit|challenge|view|material|platform|perspective|spin|qubit
10.1103/PhysRevA.101.032320,spin|quantum|entangler|resource|spin|qubit|spin|measurement|measurement|benefit|magnification|target|qubit|state|magnetization|resolution|measurement|entanglement|target|qubit|noninteracte|half|target|qubit|geometry|magnification|control|tool|requirement|state|target|qubit|specification|entanglement|target|qubit|half|light|equivalence|imperfection|entanglement|target|qubit|preparation|spin|qubit|path|entanglement|spin
10.1103/PhysRevA.101.052302,quantum gate|fidelity|gate|silicon|spin|qubit|fidelity|manipulation|realization|fault|quantum|computation|protocol|gate|silicon|spin|qubit|advantage|gate|gate|evolution|loop|construction|phase|evolution|loop|qubit|gate|counterpart|resonance|noise|benchmarke|noise|amplitude|experiment|silicon|noise|fidelity|gate|noise|fidelity|resonance|noise|improvement|fidelity|gate|one|alpha|noise|ratio|alpha|gate|evolution|loop|way|fidelity
10.1103/PhysRevA.101.022329,quantum computing|quantum dot|quantum dot|entanglement|generation|power|swap|gate|electron|spin|qubit|wave|material|electron|spin|qubit|quantum|dot|entanglement|generation|dynamic|device|state|art|graphic|process|unit|wave|function|dynamic|electron|semiconductor|heterostructure|methodology|power|swap|gate|coulomb|interaction|benefit|architecture|way|qubit|potential|architecture|control|pulse|gate|consistency|advantage|qubit|interdot|barrier|height|occupation|energy|dot|hop|energy|parameter|experiment|gaas|algaas|heterostructure|fidelity|root|swap|gate|methodology|component|qubit
10.1038/s41534-020-00306-w,quantum measurement|quantum system|quantum system|quantum phase transition|photon|pulse|response|qubit|dynamic|excitation|rise|phenomenon|quantum|phase|boundary|dynamic|photon|defect|spin|qubit|resource|susceptibility|qubit|order|qpt|absorption|photon|pulse|defect|qubit|shoot|spin|noise|read|concept|shoot|detection|event|parameter|estimation|measurement|step|quantum|signal|defect|qubit|qpt|point|change|range|order|qpt|noise|device|way|dynamic|photon|pulse
10.1038/s41534-020-0247-7,control|fidelity|readout|chromium|ion|silicon|carbide|transition|metal|ion|set|defect|spin|semiconductor|chromium|silicon|sic|ground|state|spin|telecom|interface|quality|control|defect|activation|degree|hole|linewidth|mhz|order|magnitude|improvement|sample|depth|exploration|spin|dynamic|spin|polarization|control|fidelity|temperature|spin|spin|spin|interaction|defect|ensemble|potential|sic|spin|qubit
10.1088/1367-2630/abd2e5,coherence|protection|decay|mechanism|qubit|ensemble|ensemble|spin|qubit|quantum|coherence|protection|decouple|qubit|noise|gate|gate|noise|drive|drive|principle|insight|dynamic|floquet|theory|state|protection|parameter|scheme|mode|evolution|control|control|nitrogen|vacancy|ensemble|spin|improvement|coherence|state|improvement|state|sideband|band|mollow|triplet|coherence|gain|parameter|account|noise|bloch|equation|scenario|noise|source|decay|mechanism|ensemble|drive|strength|coherence|qubit|coherence|protection|drive|bath|drive|quantum|sense
10.1103/PhysRevApplied.14.064024,quantum dot|charge|noise|error|readout|charge|spin|majorana|qubit|state|qubit|mechanism|reflectometry|readout|scheme|charge|qubit|singlet|triplet|spin|qubit|majorana|qubit|readout|error|charge|noise|overdrive|amplitude|probe|field|error|charge|spin|qubit|readout|fidelity|probe|strength|majorana|qubit|probe|strength|readout|fidelity|existence|readout|error|resonancelike|fashion|strength|error|probe|multiphoton|transition|guideline|readout|way|gate|reflectometry|device|characterization
10.1103/PhysRevB.101.144109,mode|vacancy|spin|qubit|silicon|carbide|platform|quantum|spin|property|point|defect|material|property|crystal|vibration|relationship|behavior|spin|qubit|mode|vacancy|spin|qubit|sic|microwave|spectroscopy|contribution|type|defect|center|phonon|line|replicas|principle|calculation|photoluminescence|line|shape|agreement|datum|calculation|accuracy|computation|force|constant|machine|algorithm|mode|lattice|vibration|electron|emission|vacancy|resonance|phonon|energy|mev|waller|factor|activation|energy|spin|polarization|energy|find|insight|couple|state|mode|spin|qubit|spin|property|variety|spin|defect|contribution|sic|material
10.1039/d0cc04841k,quantum communication|quantum repeater|couple|resonator|spin|ensemble|presence|exchange|couple|qubit|contrast|spin|qubit|spin|ensemble|couple|photon|spin|mode|couple|strength|interaction|spin|ensemble
10.1038/s42004-020-00422-w,quantum computing|quantum processor|coordination|dimer|spin|qubit|spin|processor|applicability|space|qubit|ability|quantum|gate|author|dimer|qubit|artificial|molecule|spin|qubit|scale|algorithm|order|spin|processor|space|gate|dissymetric|dimer|ion|sensitivity|gadolinium|anisotropy|coordination|rise|field|split|metal|site|lagd|complex|realization|spin|qudit|level|dimer|property|interaction|level|degeneracy|level|energy|window|spin|hamiltonian|dimer|set|gate|electron|spin|qudit|qubit|electron|resonance|experiment|resonant|transition|spin|state|coherence|time|order|interaction|coordination|complex|quantum|functionality|build|block|computation|simulation|hybrid|platform
10.1103/PhysRevA.102.033701,quantum system|photon|count|entanglement|generation|state|spin|qubit|master|equation|dynamic|scheme|entanglement|spin|qubit|state|scheme|entanglement|spin|degree|freedom|photon|number|bin|polarization|degree|freedom|photon|evolution|entanglement|generation|dynamic|master|equation|set|propagation|superoperator|detector|photon|count|density|operator|efficiency|fidelity|spin|spin|state|spin|decoherence|dephase|diffusion|photon|loss|phase|error|detector|dark|count|detector|photon|number|resolution|limitation|limit|fidelity|scheme|wave|overlap|photon|source|bind|scheme|scheme|function|distance|spin|qubit
10.1038/s41565-019-0587-7,quantum computing|quantum dot|quantum dot|quantum dot|quantum dot|quantum dot|quantum dot|quantum dot|silicon|quantum|dot|spin|qubit|spin|qubit|range|interaction|author|spin|electron|initialization|readout|entanglement|electron|spin|coherence|electron|transfer|spin|state|platform|coherence|measurement|electron|atom|crystal|range|interaction|dopant|defect|interdot|electron|tunnelling|couple|electron|spin|qubit|neighbour|compatibility|semiconductor|fabrication|number|qubit|future|interaction|nucleus|electron|silicon|metal|oxide|semiconductor|interaction|spin|coherence|spin|flexibility|scalability|fidelity|projective|readout|control|spin|qubit|entanglement|electron|spin|spin|electron|spin|coherence|electron|range|nuclear|entanglement|electron|spin|resource|quantum|process
10.1021/acs.nanolett.0c01466,quantum dot|quantum dot|field|split|hole|state|cotunnele|spectroscopy|field|spin|triplet|manifold|hut|wire|state|spin|direction|spin|triplet|state|spin|orbit|couple|class|hole|quantum|dot|hole|spin|qubit
10.1103/PhysRevB.102.125406,quantum dot|quantum dot|quantum dot|electron|silicon|electron|gate|silicon|gate|geometry|tunnel|barrier|gate|chain|accumulation|mode|gate|voltage|potential|hamiltonian|simulation|control|sequence|adiabaticity|condition|tool|device|geometry|transport|velocity|state|valley|spin|degree|freedom|constraint|account|speed|adiabaticity|spin|transport|spin|orbit|valley|term|hamiltonian|member|singlet|pair|fidelity|device|material|parameter|shuttle|speed|range|spin|entanglement|fidelity|tunneling|energy|zeeman|energy|fidelity|interdot|valley|phase|difference|threshold|ratio|tunneling|zeeman|energy|spin|valley|orbit|mix|regime|source|infidelity|spin|rotation|principle|proposal|scale|spin|qubit|processor|silicon|shuttle|spin|information|node
10.1007/s11128-020-02803-5,entanglement|dynamic|spin|spin|bath|field|dynamic|spin|spin|environment|field|function|bmml|tmml|interaction|spin|field|preparation|bath|spin|state|bath|decoherence|manner|dynamic|entanglement|state|spin|bath|couple|constant|strength|field|lambda|literature|field|function|field|function|role|entanglement|generation|spin|qubit|protection|operator|primakoff|transformation|dynamic|density|matrix|spin|qubit|finite|number|bath|spin|concurrence|measure|entanglement|density|matrix|spin|condition|information|decoherence|distribution|lambda|beta|simulation|field
10.1021/acs.nanolett.0c02342,nitrogen vacancy|nitrogen vacancy|manipulation|excitation|emitter|creation|center|silicon|carbide|silicon|carbide|sic|player|realization|technology|ability|spin|qubit|wafer|size|sample|resonance|odmr|excitation|ground|state|energy|level|center|sic|manipulation|center|sic|rabi|ramsey|oscillation|generation|characterization|center|ion|implantation|role|center|sic|candidate|information|process
10.1103/PhysRevLett.124.223601,quantum communication|quantum network|control|nitrogen|vacancy|center|spin|silicon|carbide|room|temperature|state|color|center|manipulatable|spin|qubit|telecom|fluorescence|platform|computation|nitrogen|vacancy|center|spin|silicon|carbide|room|temperature|telecom|wavelength|emission|concentration|optimization|implantation|condition|control|center|spin|room|temperature|coherence|investigation|fluorescence|property|center|room|temperature|photon|source|telecom|range|advantage|material|experiment|center|silicon|carbide|platform|scale|quantum|photon|distance
10.1016/j.ssc.2020.114014,spin|coherence|function|depth|density|ensemble|silicon|vacancy|proton|sic|defect|band|gap|semiconductor|pathway|information|state|material|silicon|vacancy|silicon|carbide|candidate|spin|qubit|material|benefit|nitrogen|vacancy|diamond|coherence|silicon|vacancy|proton|irradiation|function|implantation|depth|evidence|interaction|silicon|vacancy|spin|environment|crystal|route|fabrication|silicon|carbide|device|spin|interaction|density|ensemble|defect
10.1038/s41467-019-13822-x,quantum system|quantum system|control|silicon|vacancy|spin|diamond|phonon|transducer|ability|variety|state|point|defect|spin|quantum|memory|inversion|defect|diamond|silicon|vacancy|center|siv|feature|spin|qubit|strain|response|power|control|siv|spin|ramsey|interferometry|spin|spin|control|path|spin|phonon|couple|phonon|hybrid
10.1039/d0sc01187h,quantum coherence|quantum system|clock|transition|spin|qubit|spin|qubit|nanoobject|loss|information|decoherence|situation|clock|transition|anticrosse|spin|energy|level|spin|state|noise|point|transition|energy|field|resilience|distortion|tool|chemical|optimization|ground|state|spin|qubit|cross|interaction|complex|band|setup|symmetry|distortion|holmium|polyoxotungstate|formula|importance|distortion|anticrosse|cube|ground|spin|multiplet|equipment|band|band|distortion|symmetry|anticrosse|source|phenomenon|kind|generalization|impact|spin|science|field|photophysic|photochemistry
10.1021/acs.nanolett.9b05295,quantum dot|quantum dot|quantum dot|quantum dot|quantum dot|electron|bilayer|transport|measurement|bilayer|electron|regime|help|back|gate|gate|finger|gate|number|charge|carrier|gate|tunability|device|requirement|device|build|block|spin|qubit|electron|regime|interdot|tunnel|rate|order|ghz|interdot|tunnel|couple|interdot|increase|dot|occupation|transition|finite|bias|magneto|measurement|state|spectra|electron|agreement|spin|valley|interdot|tunneling
10.1088/1367-2630/ab9bc0,fidelity|electron|nuclear|spin|gate|center|decouple|sequence|color|center|solid|nitrogen|vacancy|center|diamond|electron|spin|quantum|technology|coherence|nucleus|quantum|register|color|center|sequence|protocol|electron|spin|gate|memory|qubit|carr|purcell|meiboom|gill|cpmg|sequence|protocol|cpmg|sequence|gate|term|fidelity|spin|control|range|selectivity|expression|sequence|protocol|efficacy|nitrogen|vacancy|center|diamond|color|center|number|spin|qubit
10.1007/s11128-019-2497-x,quantum computing|quantum dot|quantum dot|quantum gate|quantum gate|spin|qubit|possibility|state|set|electron|spin|qubit|gate|toffoli|gate|fredkin|gate|scheme|target|qubit|control|qubit|electron|spin|microcavitie|mirror|scheme|spin|photon|reflection|microcavity|way|detection|photon|feasibility|scheme|fidelity|gate|couple|couple|regime|technology|scheme|perspective|state|quantum|computation|quantum|information|process
10.1021/acs.nanolett.9b04495,generation|vacancy|center|diamond|ion|implantation|diamond|overgrowth|group|color|center|diamond|interest|potential|state|spin|qubit|utilization|emitter|site|emitter|generation|quality|nanophotonic|device|task|color|center|group|impurity|atom|spin|coherence|dilution|refrigerator|vacancy|center|site|color|center|generation|diamond|surface|bulk|spectra|feature|site|center|spectra|ion|implantation|mask|layer|diamond|vapor|deposition|color|center|quantum|device|fabrication
10.1103/PhysRevB.101.121302,quantum device|signature|zeeman|transport|property|zeeman|interaction|spin|spin|qubit|identification|zeeman|interaction|plane|field|ultralow|temperature|practicality|spin|device|semiconductor|hole|spin|orbit|interaction|zeeman|interaction|spin|field|momentum|term|number|mechanism|zeeman|term|transport|tunable|mean|density|plane|field|signature|property|hole|manifestation|transport|quantum|mechanic|observation|implication|quantum|technology
10.1021/jacs.9b12797,incorporation|keggin|polyoxometalate|chemical|labile|conformation|ion|magnet|property|pom|coordination|site|stabilization|ion|herein|member|keggin|archetype|keggin|anion|alpha|coordination|pom|property|pom|chemistry|molecule|ion|magnet|sim|spin|qubit|majority|pom|sim|date|ion|sim|relaxation|magnetization|quantum|tunneling|singleion|behavior|energy|barrier|reversal|magnetization|metal|sim|keggin|anion|foundation|area|pom|chemistry
10.1021/jacs.0c06073,quantum dot|quantum dot|quantum dot|core|shell|polarize|qubit|tunability|flexibility|spin|physics|semiconductor|qds|candidate|information|science|spin|relaxation|colloidal|functionality|spin|state|qds|spin|polarization|ligand|molecule|cdse|core|shell|qds|naphthalenediimide|ndi|electron|molecule|electron|transfer|dynamic|qds|ndi|ligand|function|thickness|number|ndi|epr|spectroscopy|qds|ndi|anion|context|pair|triplet|mechanism|spin|polarization|step|qds|radical|spin|relaxation|spin|qubit|information|science
10.1063/5.0023722,quantum device|topological quantum|measurement|spin|orbit|interaction|nanosheet|temperature|transport|gate|planar|field|device|wurtzite|crystal|ina|nanosheet|nanosheet|beam|epitaxy|field|device|gate|transfer|measurement|field|orientation|transport|measurement|measurement|device|property|electron|transport|nanosheet|nature|field|magnetoconductance|measurement|device|gate|voltage|temperature|transport|length|phase|length|spin|orbit|length|path|nanosheet|spin|orbit|length|nanosheet|order|presence|spin|orbit|interaction|ina|nanosheet|ina|nanosheet|semiconductor|nanostructure|platform|spintronic|spin|qubit
10.1002/qute.201900123,valley|spin|qubit|bid|qubit|candidate|platform|spin|qubit|state|form|factor|semiconductor|process|material|control|challenge|state|spin|qubit|spin|electrode|contaminant|contribute|spin|decoherence|decade|valleytronic|revival|discovery|valley|spin|monolayer|transition|metal|dichalcogenide|valley|spin|inversion|asymmetry|reversal|symmetry|candidate|qubit|report|progress|qubit|introduction|attraction|qubit|date|brief|status|step|advancement|report|perspective|milestone|spin|valley|qubit
10.1103/PhysRevA.101.032322,quantum gate|quantum gate|quantum gate|scheme|computation|scheme|engineering|quantum|computation|liu|phy|rev|lett|quantum|computation|scheme|variability|control|parameter|evolution|path|phase|cycling|evolution|basis|evolution|path|realization|quantum|computation|level|type|condition|control|parameter|scheme|spin|qubit|quantum|dot|simulation|scheme|robustness|error|noise|scheme|perspective|realization|quantum|computation
10.1038/s41524-020-00448-7,principle|calculation|interaction|energy|quadrupole|couple|donor|silicon|spin|qubit|donor|silicon|quantum|information|technology|scalability|existence|silicon|infrastructure|theory|donor|structure|power|reliance|parameter|initio|accuracy|size|donor|wavefunction|simulation|cell|density|theory|functional|tandem|gap|principle|accuracy|energy|mev|bismuth|mev|fit|parameter|mhz|mhz|parameter|importance|strain|structure|mass|theory|mechanism|symmetry|donor|charge|density
10.1103/PhysRevB.102.085413,quantum dot|quantum system|quantum annealing|dynamic|spin|state|state|competition|dissipative|dynamic|competition|spin|ancilla|spin|spin|relaxation|ancilla|spin|length|expression|state|term|dissipation|rate|state|value|dissipation|rate|curve|enhancement|state|size|cost|state|initialization|spin|qubit|impurity|spin|polarization|protocol|intuition|benefit|error|correction|protocol
10.1038/s41467-020-20280-3,quantum dot|quantum dot|quantum dot|quantum dot|quantum dot|quantum algorithm|quantum processor|electron|gate|foundry|array|silicon|spin|part|prospect|fabrication|mass|electron|silicon|electron|gate|device|room|electron|occupation|split|gate|silicon|device|foundry|gate|voltage|pulse|frequency|reflectometry|gate|electrode|electron|gate|array|shoot|detection|electron|tunneling|adjustability|tunneling|gate|electrode|aspect|array|electron|permutation|permutation|semiconductor|spin|qubit|cmos|architecture|capacity|semiconductor|industry|author|step|electron|gate|array|foundry
10.1038/s41563-020-00802-6,entanglement|control|spin|silicon|carbide|isotope|engineering|silicon|carbide|control|spin|divacancy|centre|electron|spin|coherence|spin|state|cause|decoherence|resource|spin|qubit|control|spin|silicon|carbide|sic|state|divacancy|spin|register|engineering|sic|control|spin|initio|fraction|number|memory|fidelity|electron|spin|control|coherence|hahn|increase|ramsey|spin|purification|importance|environment|state|link|photon|emitter|register|material
10.1103/PhysRevLett.124.067701,quantum computing|quantum dot|quantum dot|quantum device|fast|gate|readout|silicon|josephson|parametric|amplification|spin|silicon|candidate|scale|gate|sense|spin|qubit|readout|fidelity|improvement|sensitivity|fidelity|threshold|measurement|timescale|feedback|error|correction|protocol|radio|frequency|gate|sense|mhz|josephson|amplifier|mhz|band|integration|state|silicon|transistor|signal|noise|ratio|singlet|triplet|shoot|readout|fidelity|requirement|fault|readout|josephson|parametric|amplifier|josephson|parametric|amplifier|gate|radio|frequency|power|signal|noise|ratio|noise|temperature|contribution|josephson|parametric|amplifier|amplifier|resonator|route|readout|speed
10.1039/d0nr00775g,quantum system|ambipolar|transport|semiconductor|insb|nanowire|transport|measurement|field|transistor|insb|nanowire|vapor|deposition|transistor|ambipolar|transport|characteristic|gate|voltage|region|region|fermi|level|bandgap|resistance|dependence|temperature|gate|voltage|gate|voltage|device|electron|transport|regime|resistance|temperature|transport|measurement|datum|device|nanowire|diameter|energy|mev|state|current|device|measurement|noise|temperature|device|state|current|circumference|state|hole|current|device|knowledge|ambipolar|transport|characteristic|insb|nanowire|cmos|electron|electron|hole|hole|spin|qubit
10.1103/PhysRevB.102.195418,quantum dot|quantum dot|quantum dot|quantum dot|quantum processor|quantum device|spin|silicon|transport|information|node|functionality|context|spin|qubit|requirement|electron|spin|semiconductor|version|spin|end|dynamic|electron|sweep|silicon|electron|possibility|limitation|spin|transport|spin|orbit|interaction|zeeman|field|role|spin|shuttle|interaction|couple|position|spin|valley|degree|freedom|number|cross|spectrum|transition|path|outcome|spin|protocol|mean|simulation|landau|zener|spin|infidelity|level|velocity|alpha|choice|parameter|interference
10.1103/PhysRevB.101.035303,quantum computing|quantum dot|quantum dot|quantum dot|quantum dot|quantum dot|quantum dot|quantum dot|electron|charge|transfer|presence|noise|transfer|electron|chain|gaas|sige|open|prospect|spin|qubit|one|way|distance|communication|register|architecture|electron|transfer|tunnel|control|detune|energy|level|dot|account|fluctuation|detune|type|noise|semiconductor|nanostructure|influence|probability|transfer|electron|spin|eigenstate|calculation|probability|electron|noise|detune|sigma|noise|amplitude|tunnel|couple|upsilon|sweep|rate|noise|error|charge|transfer|noise|parameter|experiment|silicon|probability|charge|transfer|failure|pair|dot|noise|order|order|charge|charge|noise|device|tunnel|couple|order|transfer|exposure|noise|landau|zener|excitation
10.1038/s42005-021-00767-1,quantum bit|quantum bit|nitrogen vacancy|quantum repeater|entanglement|photon|qubit|diamond|nature|photon|polarization|spin|polarization|field|quanta|vacuum|matter|qubit|noise|resilience|qubit|photon|spin|qubit|emission|help|spin|orbit|entanglement|nitrogen|vacancy|center|diamond|spin|qubit|subsystem|spin|triplet|electron|microwave|experiment|state|fidelity|emission|absorption|entanglement|matter|frequency|space|mode|match|way|noise|network|internet|entanglement|gate|quantum|technology|nature|spin|diamond|fidelity|entanglement|photon
10.1038/s41565-021-00925-0,quantum computing|quantum computing|quantum computing|quantum algorithm|quantum entanglement|quantum entanglement|quantum entanglement|quantum error correction|quantum state|quantum state|quantum system|trapped ion|quantum|tomography|qubit|state|silicon|property|resource|scale|error|accumulation|concept|step|error|correction|creation|multipartite|entanglement|benchmark|platform|nitrogen|vacancy|centre|diamond|candidate|scale|device|silicon|spin|qubit|nanofabrication|capability|scale|coherence|fidelity|temperature|spin|qubit|greenberger|zeilinger|state|disorder|array|spin|qubit|silicon|state|fidelity|measurement|greenberger|zeilinger|class|state|potential|silicon|spin|qubit|platform|multiqubit
10.1038/s41565-021-00846-y,quantum computer|quantum computing|quantum computing|quantum dot|quantum bit|quantum circuit|spin|entanglement|electron|quest|scale|path|scalability|experiment|neighbour|entanglement|electron|spin|qubit|semiconductor|chip|distance|entanglement|versatility|core|unit|potential|surface|wave|transfer|pair|electron|spin|electron|displacement|spin|rotation|spin|quantum|interference|contrast|interference|signature|preservation|entanglement|procedure|separation|spin|distance|route|chip|interconnection|semiconductor|chip|distance|entanglement|spin|qubit|semiconductor|connectivity|core|unit|potential|surface|wave|spin|entanglement|separation
10.1063/5.0052131,quantum bit|quantum communication|state|control|silicon|vacancy|divacancy|silicon|carbide|color|center|silicon|carbide|sic|silicon|vacancy|divacancy|qubit|variety|effort|spin|qubit|instability|charge|state|issue|electron|resonance|charge|state|defect|type|purity|type|sic|carrier|compensation|window|fermi|level|equilibrium|ensemble|type|type|concentration|vacancy|vacancy|vacancy|pair|charge|state|control|emitter|type|layer|concentration|vacancy|material|repumpe|charge|state|control|emitter
10.1103/PhysRevB.104.L041402,quantum computing|quantum dot|quantum bit|phase|entanglement|hole|spin|qubit|microwave|cavity|hole|spin|semiconductor|structure|defect|realization|gate|state|hole|field|microwave|cavity|interplay|berry|phase|field|cavity|photon|manipulation|detection|range|entanglement|hole|spin|qubit|absence|field|structure|scheme|noise|hole|spin|qubit|hole|spin|qubit|mean
10.3390/nano11102486,quantum dot|quantum dot|quantum dot|quantum dot|quantum dot|quantum dot|gate|guide|mos|spin|qubit|year|silicon|attention|community|readout|manipulation|storage|neighbor|range|couple|spin|qubit|spin|qubit|mos|first|structure|mos|setup|property|charge|stability|diagram|state|valley|state|lever|arm|electron|temperature|tunneling|rate|spin|lifetime|spin|charge|conversion|elzerman|readout|pauli|spin|blockade|readout|detail|resonance|frequency|spin|qubit|manipulation|rabi|oscillation|gate|guide|follower|field|spin|qubit|mos
10.1039/d0nr05070a,quantum dot|quantum dot|quantum dot|quantum bit|behavior|electrode|charge|control|gate|charge|stability|spin|qubit|gate|potential|gate|electrode|model|structure|simulation|fermi|heterostructure|target|model|depth|discussion|electron|reservoir|control|shape|charge|confinement|spin|qubit|manipulation|inaccuracy|control|bias|symmetry|rabi|cycle|spin|qubit|robustness|logic|gate|connection|simulation|model|stack|functionality|structure|logic|gate|device|knowledge|engineering|detail|guideline|device
10.1038/s41534-021-00378-2,quantum dot|quantum dot|quantum dot|quantum dot|quantum dot|limit|electron|spin|qubit|lifetime|self|control|spin|lifetime|coherence|challenge|state|spin|qubit|tunnel|couple|electron|fermi|reservoir|charge|state|control|semiconductor|relaxation|electron|spin|mechanism|understand|contribution|tunnelling|phonon|spin|relaxation|mechanism|tunnelling|couple|range|limit|experiment|limit|trade|spin|dynamic|tunnelling|electron|spin|qubit|lifetime|spin|initialisation|fidelity|auger|recombination|understand|electron|spin|relaxation|roadmap|operate|condition|spin|qubit
10.1038/s41563-021-01022-2,quantum dot|quantum processor|singlet|triplet|hole|spin|qubit|planar|spin|qubit|candidate|group|hole|spin|qubit|ease|gate|compatibility|technology|addition|option|superconductor|semiconductor|integration|hole|spin|qubit|field|field|plane|hole|factor|planar|qubit|singlet|triplet|state|factor|difference|exchange|rotation|frequency|mhz|echo|singlet|triplet|qubit|state|art|gaas|singlet|triplet|qubit|addition|rotation|frequency|coherence|spin|qubit|singlet|triplet|qubit|field|potential|chip|integration|technology|singlet|triplet|spin|qubit|hole|quantum|field|millitesla
10.1038/s41567-021-01364-3,quantum computing|nitrogen vacancy|quantum network|quantum network|quantum memory|interface|telecom|photon|range|metrology|cornerstone|network|interface|telecom|photon|quantum|memory|spin|memory|cavity|optomechanic|susceptibility|spin|qubit|spin|centre|diamond|photon|telecommunication|wavelength|band|transition|diffusion|state|qubit|variety|material|toolbox|information|process|connection|quantum|memory|link|frequency|range|device|strain|dependence|colour|centre|spin|spin|optic|interface|room|temperature
10.1103/PhysRevA.104.032407,dicke|state|spin|ensemble|phase|estimation|dicke|state|preparation|scheme|control|spin|qubit|scheme|phase|estimation|algorithm|eigenvalue|operator|scheme|dicke|state|spin|ancilla|qubit|interaction|ancilla|qubit|measurement|preparation|dicke|state|spin|ensemble|sense|realization|ensemble|spin|diamond|nitrogen|vacancy|center|flux|qubit|noise|limitation|scheme
10.1021/acs.jpcb.1c00946,quantum|sense|electron|transfer|pathway|photosynthesis|field|electron|paramagnetic|resonance|electron|resonance|membrane|reaction|center|protein|capture|sunlight|energy|charge|separation|series|electron|transfer|step|electron|transfer|spin|qubit|pair|information|interaction|structure|dynamic|protein|environment|charge|separation|event|electron|spin|qubit|spin|protein|environment|resolution|ghz|electron|paramagnetic|resonance|epr|electron|resonance|endor|interrogation|observation|probe|proton|electron|transfer|pathway|membrane|electron|pair|donor|pair|bacteriochlorophyll|acceptor|spectroscopic|hydrogen|bond|interaction|route|light|electron|protein|charge|separation
10.1103/PhysRevB.104.235411,quantum computing|quantum dot|quantum dot|computation|protocol|spin|field|spin|qubit|contender|computation|coherence|variety|material|control|frequency|address|spin|resonance|challenge|qubit|resonance|control|spin|frequency|number|spin|qubit|crosstalk|array|spin|resonance|field|field|spin|qubit|background|field|fluctuation|control|electron|spin|electron|impurity|gate|spin|state|qubit|state|initialization|pauli|spin|blockade|qubit|control|basis|limitation|qubit|variability
10.1103/PhysRevB.103.035301,quantum computing|quantum dot|quantum dot|gate|spin|qubit|curvature|couple|cavity|gate|energy|curvature|couple|spin|qubit|cavity|qubit|response|gate|voltage|variation|qubit|qubit|gate|phase|couple|gate|ten|nanosecond|qubit|cavity|dipole|moment|qubit|resonator|spot|spin|qubit|interest|electron|exchange|qubit|singlet|triplet|qubit|exchange|qubit|spot|gate|gate|charge|noise|qubit|qubit|couple|gate|error|diffusion|johnson|noise|resonator|charge|noise|qubit|gate|dephase|noise|couple|qubit|frequency|shift|photon|fluctuation|resonator|spin|resonator|frequency|shift|curvature|couple|nonzero|energy|curvature|quantum|capacitance|spin|echo|error|suppression|regime|gate|infidelity|parameter|scheme|spin|spin|entanglement|spin|qubit|cluster|spin|qubit|resource
10.1038/s41467-021-23437-w,quantum dot|quantum dot|quantum dot|quantum dot|quantum dot|quantum dot|quantum processor|bell state|bell state|entanglement|state|tomography|silicon|electron|molecule|error|million|qubit|advantage|device|footprint|silicon|device|dimension|disorder|level|uniformity|spin|qubit|silicon|molecule|shell|structure|occupancy|electron|valence|electron|electron|occupancy|screen|field|level|disorder|multielectron|wavefunction|overlap|neighbour|qubit|electron|space|exchange|gate|electrode|gate|field|gradient|micromagnet|qubit|gate|gate|voltage|barrier|qubit|gate|exchange|couple|gate|preparation|multielectron|qubit|fidelity|qubit|state|tomography|spin|parity|measurement|multielectron|platform|spin|qubit|demonstration|qubit|gate|author|gate|qubit|tomography|occupancy|silicon
10.1103/PhysRevApplied.16.064019,quantum computing|exchange|measurement|qubit|gate|semiconductor|quantum|dot|qubit|measurement|mbqc|computation|compatibility|error|correction|code|cost|increase|qubit|mbqc|twoqubit|gate|hand|semiconductor|spin|qubit|qubit|gate|exchange|interaction|benefit|mbqc|spin|measurement|exchange|scheme|qubit|control|semiconductor|quantum|dot|spin|qubit|protocol|cluster|state|mbqc|singlet|triplet|qubit|field|gradient|protocol|measurement|replacement|gate|gate|need|field|gradient|protocol|qubit|control|combination|interqubit|intraqubit|exchange|measurement|singlet|triplet|basis|scheme|qubit|spin|state|leakage|error|gate|phase|pauli|correction
10.1126/science.abf0345,quantum dot|manipulation|andreev|spin|qubit|architecture|state|quantum|information|process|electron|spin|semiconductor|mode|circuit|qubit|number|electron|advantage|couple|semiconductor|spin|qubit|electron|inmicroscopic|volume|aspect|platform|andreev|spin|qubit|spin|degree|freedom|quasiparticle|supercurrent|level|josephson|semiconductor|nanowire|spin|manipulation|shoot|circuit|quantum|electrodynamic|readout|spin|raman|transition|spin|spin|coherence|nanosecond|regime|supercurrent|spin|photon|couple|quantum|level
10.1038/s41467-021-24371-7,quantum computer|quantum dot|quantum dot|quantum dot|quantum state|quantum processor|spin|qubit|transport|silicon|fault|qubit|neighbour|cost|overhead|qubit|qubit|overhead|qubit|chip|connectivity|neighbour|fidelity|transport|electron|spin|qubit|silicon|qubit|precession|tunnelling|regime|impact|qubit|transport|ramsey|interferometry|tomography|polarization|transfer|fidelity|transfer|fidelity|element|fidelity|chip|quantum|information|distribution|prospect|silicon|spin|qubit|range|spin|qubit|transfer|semiconductor|understand|control|error|author|fidelity|state|transfer|prospect|scale
10.1103/PhysRevB.104.235304,quantum dot|quantum dot|control|hole|spin|qubit|nanowire|rashba|spin|orbit|couple|core|shell|nanowire|manipulation|hole|spin|qubit|fact|fabrication|property|nanowire|orientation|cross|section|presence|strain|goal|material|geometry|qubit|manipulation|speed|rabi|frequency|nanowire|cross|section|cnws|drive|hole|spin|qubit|qds|profile|nanowire|snws|orientation|nanowire|spin|orbit|calculation|rabi|frequency|hole|spin|qubit|snw|strength|field|maximum|rabi|frequency|field|setup|hole|spin|qubit|strain|core|shell|nanowire|rabi|frequency|cnw|snw|impact|strain|tune|field|strength
10.1038/s41534-021-00403-4,quantum dot|quantum dot|quantum dot|quantum algorithm|quantum algorithm|quantum entanglement|quantum teleportation|quantum teleportation|teleportation|spin|qubit|electron|spin|semiconductor|computation|fidelity|qubit|gate|qubit|protocol|exploit|primitive|scheme|entanglement|measurement|electron|spin|qubit|pauli|exclusion|principle|state|spin|polarization|input|qubit|output|qubit|fidelity|singlet|triplet|mix|device|parameter|number|semiconductor|spin|qubit
10.1038/s41534-021-00470-7,quantum dot|quantum dot|noise|classification|shoot|electron|spin|readout|network|shoot|readout|charge|state|charge|sensor|quantum|point|contact|technology|gate|semiconductor|spin|qubit|fidelity|shoot|readout|condition|signal|noise|ratio|temperature|parameter|threshold|value|charge|scheme|environment|fault|computation|architecture|shoot|classification|noise|network|classifier|spin|spin|trace|noise|environment|parameter|dataset|charge|transition|signal|line|classification|environment|comparison|classification|charge|state|measurement|experiment
10.1038/s41563-020-0743-3,quantum system|quantum system|topological quantum|spin|coherence|spin|orbit|qubit|silicon|spin|qubit|spin|orbit|couple|coherence|coherence|strain|hole|state|acceptor|silicon|electron|spin|qubit|coherence|quantum|technology|spin|orbit|couple|promise|spin|qubit|scalability|functionality|qubit|photon|phonon|capacitance|realization|hybrid|interest|date|coherence|coherence|hole|spin|orbit|couple|yield|momentum|hole|acceptor|silicon|wavefunction|symmetry|crystal|strain|control|dipole|decoherence|electron|spin|qubit|spin|orbit|qubit|pathway|functionality|scalability|spin|quantum|technology
10.1103/PhysRevB.103.165431,quantum computing|body|localization|exchange|electron|spin|qubit|spin|spin|correlation|body|localization|mbl|chain|exchange|spin|qubit|presence|exchange|noise|semiconductor|state|platform|addition|measure|mbl|level|ratio|entanglement|entropy|quantity|spin|spin|correlation|function|experiment|semiconductor|electron|spin|qubit|measure|phase|spin|spin|correlation|function|memory|state|value|deviate|value|memory|measure|phase|counterintuitive|tendency|localization|charge|noise|spin|experiment|semiconductor|spin|qubit
10.1103/PRXQuantum.2.010341,quantum computing|formalism|gate|multiqubit|ability|gate|multiqubit|importance|advancement|information|technology|control|pulse|noise|gate|intractability|equation|multiqubit|issue|formalism|error|gate|curve|space|cancelation|noise|error|order|closure|curve|condition|equation|property|formalism|recursion|relation|control|field|curvature|hamiltonian|dimension|utility|formalism|pulse|noise|error|qubit|ise|interaction|qubit|rotation|qubit|gate|transmon|qubit|semiconductor|quantum|dot|spin|qubit|formalism|error|suppression|gate|gate
10.1063/5.0048399,quantum sensor|substrate|dynamic|spin|qubit|van|der|waal|material|coherence|dynamic|spin|qubit|material|van|der|waal|heterostructure|function|host|thickness|composition|environment|quantum|technology|decoherence|interaction|spin|qubit|spin|hahn|echo|coherence|interplay|source|decoherence|qubit|host|environment|turn|noise|evolution|regime|composition|thickness|van|der|waal|heterostructure|qubit|host|coherence|dynamic|bath
10.1103/PhysRevA.103.052421,quantum dot|quantum dot|quantum network|w state|w state|w state|w state|w state|w state|w state|w state|preparation|spin|photon|interaction|spin|silicon|nitrogen|vacancy|center|diamond|molecule|cavity|element|node|network|creation|network|preparation|size|spin|gate|qubit|qubit|qubit|interaction|qubit|gate|type|podolsky|rosen|epr|pair|qubit|pair|size|state|gate|build|block|scale|qubit|size|gate|nitrogen|vacancy|center|diamond|spin|setup|photon|spin|qubit|photon|photon|interaction|setup|spin|qubit|photon|imperfection|gate|fidelity|setup|postmeasurement|state|spin|qubit|setup|technology|science|technology
10.1021/acs.nanolett.1c01003,quantum computing|sensitivity|charge|sensor|silicon|qubit|silicon|spin|qubit|temperature|demonstration|requirement|state|readout|mechanism|charge|sense|island|electron|transistor|siset|sensitivity|broaden|electron|distribution|reservoir|tunneling|state|island|electron|transistor|set|charge|sensor|improvement|signal|noise|ratio|order|magnitude|siset|shoot|charge|fidelity|khz|improvement|model|temperature|transport|type|set|hardware|sensor|qubit|fidelity|charge|kelvin|temperature
10.1103/PhysRevApplied.16.064008,anisotropic|quantum|rabi|spin|qubit|progress|technology|relie|platform|computation|communication|task|researcher|platform|spin|qubit|exchange|ferromagnet|magnon|degree|squeeze|rabi|isotropic|jayne|cumme|limit|strength|regime|nature|magnon|excitation|spin|qubit|magnet|qubit|greenbergerhorne|zeilinger|state|shor|quantum|error|correction|code|advantage|platform|effort
10.1038/s41524-021-00525-5,intersystem|cross|exciton|defect|couple|spin|defect|boron|nitride|recognition|host|material|photon|emitter|spin|qubit|nature|quantum|defect|roadblock|defect|issue|framework|defect|bandgap|static|property|spin|qubit|discovery|body|interaction|defect|exciton|couple|state|property|defect|phonon|decay|intersystem|cross|rate|evaluation|screen|defect|principle|calculation|photon|emitter|qubit|boron|nitride|principle|framework|defect|material
10.1103/PhysRevB.104.195305,quantum dot|quantum dot|quantum dot|body|molecularization|spin|qubit|coulomb|interaction|spectrum|wave|function|electron|hole|potential|coulomb|repulsion|formation|state|molecule|particle|anisotropy|potential|molecularization|spin|qubit|particle|band|approximation|setup|suppression|singlet|triplet|gap|anisotropy|molecularization|semiconductor|material|pauli|spin|blockade|exchange|interaction|qubit|gate
10.1038/s41534-021-00386-2,quantum computing|quantum dot|gate|point|hole|spin|orbit|qubit|spin|orbit|interaction|hole|quest|spin|qubit|manipulation|power|quantum|computation|extent|spin|orbit|couple|qubit|noise|decoherence|group|gate|hole|spin|qubit|gate|point|gate|field|rate|vanishe|order|field|noise|direction|space|electron|dipole|spin|resonance|strength|relaxation|field|existence|gate|point|group|crystal|symmetry|property|rashba|spin|orbit|interaction|wisdom|gate|lifetime|group|hole|spin|qubit|platform
10.1103/PRXQuantum.2.020320,quantum simulator|topological quantum|quantum|characterization|simulation|phase|order|band|inversion|phase|issue|field|matter|dimension|reduction|concept|order|band|inversion|surface|biss|scheme|equilibrium|phase|equilibrium|quantum|dynamic|simulation|characterization|phase|invariant|order|biss|nth|order|bis|interface|momentum|space|phase|regime|order|surface|correspondence|quantum|dynamic|pattern|nth|order|biss|equilibrium|phase|postquench|hamiltonian|order|surface|correspondence|scheme|advantage|state|order|biss|dimension|detection|phase|measurement|spin|qubit|insulator|momentum|order|surface|correspondence|advantage|characterization|order|biss
10.1038/s41467-021-22416-5,quantum computing|quantum computing|quantum dot|quantum error correction|quantum state|adiabatic quantum|adiabatic quantum|adiabatic quantum|adiabatic quantum|transfer|semiconductor|quantum|dot|spin|chain|semiconductor|quantum|dot|spin|qubit|platform|quantum|computation|coherence|order|potential|fidelity|information|transfer|mechanism|algorithm|evidence|transfer|chain|semiconductor|quantum|dot|electron|spin|exchange|couple|spin|state|electron|spin|state|transfer|spin|chain|simulation|probability|spin|eigenstate|spin|singlet|state|parameter|future|state|tomography|transfer|qubit|state|fidelity|transfer|pulse|error|initialization|state|distribution|spin|qubit|array|gate|possibility|semiconductor|quantum|dot|spin|qubit|demonstration|spin|state|transfer|chain|motion|electron|sequence|swap|gate|author|evolution|advantage|term|robustness|noise|error
10.1021/acs.inorgchem.1c01474,quantum device|relaxation|pathway|spin|qubit|sparse|spectra|vibration|role|relaxation|spin|qubit|state|loss|information|determination|couple|spin|dynamic|nano|object|limit|miniaturization|herein|magneto|property|spin|qubit|dot|constraint|pattern|crystal|field|level|excitation|decoherence|pathway|field|change|term|symmetry|vibration|crystal|field|excitation|extent|couple|dot|couple|order|transparency|window|density|state|vibration|level|find|understand|couple|magnet|clock|transition|spin|qubit|coherence|lifetime
10.1103/PhysRevApplied.16.034031,quantum dot|quantum dot|microwave|spectroscopy|silicon|hole|gate|fidelity|transferability|cmos|technology|silicon|spin|qubit|option|strive|computation|architecture|spin|qubit|operate|condition|view|tool|device|layout|importance|tone|spectroscopy|access|energy|level|spectrum|hole|split|gate|silicon|device|gigahertz|frequency|tone|dipole|spin|resonance|valence|band|spinorbit|couple|frequency|tone|mhz|readout|reflectometry|response|response|jayne|cumme|parameter|factor|tunnel|spin|orbit|couple|occupation
10.1103/PhysRevB.104.085309,quantum dot|quantum dot|quantum algorithm|relaxation|electron|spin|qubit|silicon|presence|interface|step|valley|envelope|function|theory|configuration|interface|step|miscut|qubit|relaxation|interface|roughness|theory|valley|dipole|matrix|element|valley|split|spin|valley|couple|function|field|sige|spin|qubit|theory|measurement|spin|relaxation|set|parameter|sample|dependence|spin|relaxation|condition|spin|valley|couple|vanishe|turn|valley|qubit|decay|presence|interface|step|rise|behavior|spin|relaxation|gate|plane|field|spin|valley|spot|spot|relaxation|spin|relaxation|order|fluctuation|field|tunability|demand|qubit|reset|initialization|error|correction|scheme|valley|degree|freedom|advantage|spin|qubit
10.1039/d1dt01832a,insight|couple|vibration|lattice|phonon|nanomagnet|spin|lattice|relaxation|spin|dynamic|molecule|magnet|spin|qubit|couple|spin|state|vibration|vibration|spin|relaxation|energy|bath|couple|mode|wavelength|phonon|clock|spin|qubit|crystal|polyoxometalate|mode|temperature|lattice|phonon|energy|transfer|vibration|spin|relaxation|implication|spin|phonon|couple|mgo|substrate|methodology|spin|relaxation|surface|material
10.1039/d1nr02842a,quantum dot|quantum dot|nano|chevron|spin|qubit|property|hbn|hbn|heterostructure|potential|gate|interaction|cobalt|nano|chevron|dipole|spin|resonance|electron|valley|monolayer|rotation|influence|ghz|drive|field|operate|condition|control|spin|qubit|device|property|silicon|spin|qubit|device|material|cobalt|theory|structure|material|proximity|exchange|interaction|material
10.1038/s41534-021-00500-4,quantum computing|quantum dot|quantum gate|spin|valley|micromagnet|electron|spin|qubit|silicon|promise|information|process|scalability|coherence|ingredient|progress|employment|micromagnet|spin|orbit|couple|soc|fidelity|spin|manipulation|interaction|electron|spin|cavity|photon|challenge|valley|degree|freedom|spin|qubit|manipulation|spin|qubit|interference|spin|valley|mix|quality|spin|control|spin|noise|spin|valley|mix|competition|control|strength|spin|dephase|spot|quality|factor|spin|qubit|soc|spin|relaxation|silicon|experiment
10.1103/PhysRevB.103.L161409,charge|noise|suppression|singlet|triplet|spin|qubit|field|charge|noise|hurdle|fidelity|gate|qubit|gate|semiconductor|quantum|dot|spin|qubit|spot|charge|noise|type|spin|qubit|existence|singlet|triplet|qubit|configuration|interaction|calculation|range|spot|singlet|triplet|qubit|field|spot|sequence|shortcut|adiabaticity|gate|fidelity|charge|noise|phonon|decoherence|realization|fidelity|qubit|gate|singlet|triplet|qubit
10.1103/PRXQuantum.2.040306,quantum dot|quantum processor|gate|array|singlet|triplet|qubit|quantum|computation|error|correction|scheme|ability|qubit|array|neighbor|couple|gate|qubit|site|semiconductor|spin|qubit|coherence|gate|speed|qubit|fidelity|error|correction|threshold|multiqubit|gate|array|fabrication|gate|challenge|array|singlet|triplet|qubit|gallium|gate|qubit|measurement|exchange|oscillation|frequency|shoot|measurement|multielectron|center|array|interqubit|link|spin|exchange|qubit|material|path|gate|spin|qubit
10.1021/acsami.1c16988,principle|prediction|plane|group|dimer|symmetry|spin|defect|boron|nitride|boron|nitride|variety|point|defect|candidate|photon|source|state|quantum|nanophotonic|spin|qubit|focus|potential|computation|communication|number|symmetry|spin|defect|spin|qubit|density|theory|dft|quantum|theory|plane|xnyi|dimer|defect|class|spin|triplet|defect|defect|ground|state|state|state|state|state|defect|identification|xnyi|dimer|defect|characterization|defect|term|spin|property|phonon|line|spin|triplet|xnyi|defect|range|field|split|dimer|spin|ghz|ghz|scope|spin|defect|candidate|spin|state|quantum|technology|boron|nitride
10.1063/5.0072414,quantum dot|quantum dot|electron|spin|resonance|meanderline|spin|control|scale|qubit|control|electron|spin|qds|scale|spin|qubit|manipulation|electron|spin|qds|electron|spin|resonance|esr|spin|control|qubit|architecture|line|scale|spin|qubit|meanderline|scale|qds|simulation|field|field|meanderline|fidelity|noise|control|electron|spin|qubit|reflection|coefficient|esr|meanderline|wafer|microwave|measurement|loss|qubit|device|range|ghz
10.1557/s43577-021-00147-8,josephson junction|quantum computing|quantum dot|material|semiconductor|heterostructure|insulator|purity|state|material|role|technology|information|process|qubit|spin|state|material|year|science|article|opportunity|class|material|qubit|technology|spin|state|challenge|fabrication|semiconductor|heterostructure|spin|qubit|gate|benchmark|gaas|platform|qubit|logic|nontrivial|material|structure|device|qubit|insulator|film|crystal|material|pbsnte|integration|advance|novel|fabrication|characterization|direction|material|progress|qubit|technology
10.1103/PhysRevLett.127.057701,quantum dot|quantum dot|quantum dot|quantum dot|isotropic|anisotropic|factor|correction|gaas|isotropic|anisotropic|factor|correction|electron|zeeman|split|tunnel|rate|spin|state|plane|field|strength|direction|zeeman|energy|dependence|field|strength|factor|factor|term|spin|orbit|interaction|isotropic|anisotropic|correction|bulk|factor|detection|identification|band|structure|factor|significance|spin|qubit|gaas
10.1103/PhysRevB.103.235314,tone|pulse|sequence|tone|pulse|silicon|spin|qubit|exchange|quantum|computation|fidelity|qubit|qubit|gate|platform|silicon|spin|qubit|platform|realization|goal|qubit|gate|chain|spin|qubit|exchange|couple|donor|silicon|device|gate|charge|noise|length|error|tone|pulse|shape|pulse|fidelity|fluctuation|exchange|pulse|amplitude|improvement|pulse|fidelity|fluctuation|exchange|amplitude
10.1038/s41534-021-00449-4,quantum dot|quantum dot|qubit|spot|exchange|spin|qubit|fidelity|qubit|gate|bottleneck|progress|computation|semiconductor|qubit|couple|spin|qubit|decoherence|subspace|exchange|spin|qubit|gate|sequence|cphase|cnot|gate|existence|qubit|spot|parameter|space|qubit|gate|gate|advantage|charge|noise|couple|parameter|qubit|decoherence|noise|spectrum|qubit|gate|fidelity|information|noise|threshold|fault|tolerance|qubit|gate|parameter|exchange|exchange|aeon|qubit|qubit|gate|fidelity|position|parameter|space|qubit|spot|aeon|route|realization|fidelity|quantum|computation
10.1021/jacs.0c12645,quantum state|interaction|spin|qubit|electron|spin|dna|design|spin|qubit|information|science|qis|pair|spin|qubit|pair|sqp|candidate|coherence|dna|control|energetic|specificity|scaffold|multispin|interaction|series|dna|naphthalenediimide|ndi|hairpin|linker|photoexcitation|ndi|subnanosecond|oxidation|guanine|duplex|stilbenediether|end|ndi|center|dot|ndi|center|dot|sqps|oxyl|tempo|radical|hairpin|distance|sqp|spin|tempo|sqp|formation|decay|dynamic|epr|spectroscopy|spin|spin|interaction|sqp|tempo|ability|spin|manipulation|ndi|center|dot|dna|hairpin
10.1007/s10773-021-04885-y,speedup|dynamic|channel|behavior|dynamic|spin|qubit|subject|action|environment|dynamic|crossover|markovian|speedup|speedup|energy|mismatch|environment|role|dynamic|transition|transition|number|spin|couple|strength|kind|decoherence|channel|increase|number|decoherence|channel|amount|speed|evolution|spin|qubit
10.1103/PhysRevApplied.16.064058,quantum sensor|magnon|current|magnon|nitrogen|vacancy|center|diamond|magnon|potential|computer|device|conversion|technology|detection|insulator|yttrium|iron|garnet|temperature|gradient|electron|spin|nitrogen|vacancy|center|diamond|magnon|current|rabi|oscillation|frequency|spin|beam|diamond|magnon|distance|nanodiamond|alteration|spin|relaxation|rate|temperature|gradient|nonresonant|excitation|condition|demonstration|magnon|current|magnon|spin|state|basis|device|platform|caloritronic|spin|qubit
10.1063/5.0074320,quantum bit|quantum communication|quantum device|spin|qubit|nitrogen|vacancy|center|analog|diamond|compound|nitrogen|vacancy|center|diamond|role|quantum|technology|center|implantation|contrast|diamond|compound|boron|vacancy|center|analog|density|functional|phonon|line|zpl|energy|experiment|density|calculation|potential|center|analog|spin|qubit|information|process|center|analog|property|center|diamond|bandgap|spin|orbit|couple|state|spin|density|triplet|ground|state|interaction|property|center|diamond|qubit|center|analog|zpl|energy|telecommunication|band|group|element|group|element|compound|compound|family|center|analog|range|zpl|energy|property|host|qubit|quantum|technology|compound|group|element|silicon|germanium|semiconductor|process|opportunity|qubit|host|material|novel
10.1103/PhysRevX.11.041041,quantum network|quantum network|quantum|control|vacancy|spin|qubit|diamond|group|color|center|diamond|matter|interface|device|vacancy|center|snv|spin|orbit|couple|protection|phonon|cyclicity|transition|spin|photon|entanglement|scheme|multiaxis|control|snv|spin|qubit|raman|drive|ground|state|population|spin|resonance|access|qubit|spin|rabi|oscillation|rate|mhz|ramsey|interferometry|spin|pulse|decouple|spin|coherence|transform|photon|integration|nanostructure|snv|spin|photon|build|block
10.1103/PhysRevB.104.045420,quantum computing|quantum dot|qubit|qubit|gate|spin|qubit|array|spin|qubit|fidelity|qubit|qubit|gate|gate|fidelity|silicon|realization|qubit|array|crosstalk|neighbor|qubit|account|qubit|fidelity|crosstalk|qubit|qubit|gate|neighbor|qubit|condition|field|rabi|oscillation|crosstalk|neighbor|synchronization|choice|field|strength|exchange|interaction|gate|condition|set|parameter|value|crosstalk|cnot|gate|pathway|device
10.1038/s41565-020-00828-6,quantum computer|quantum computer|quantum computing|hole|spin|qubit|gate|tunable|spin|orbit|switch|functionality|promise|task|computer|breakthrough|chemistry|material|science|machine|learn|control|number|qubit|coherence|qubit|hole|spin|germanium|silicon|nanostructure|spin|orbit|interaction|qubit|mode|manipulation|coherence|addressability|millivolt|gate|voltage|change|rabi|frequency|hole|spin|qubit|germanium|silicon|nanowire|mhz|coherence|factor|spin|orbit|switch|functionality|ratio|gate|control|qubit|drive|regime|spin|flip|control|number|qubit|coherence|gate|hole|spin|qubit|nanowire|principle|mode|control|coherence
10.1038/s41467-021-24494-x,quantum gate|quantum processor|quantum processor|quantum device|quantum device|quantum device|room|temperature|control|readout|nitrogen|vacancy|spin|spin|semiconductor|candidate|quantum|technology|computation|communication|spin|diamond|coherence|nitrogen|vacancy|centre|qubit|qubit|temperature|entanglement|link|concept|condition|diamond|semiconductor|unit|spin|electron|manner|nanoscale|electron|theory|ingredient|photoelectric|gate|readout|qubit|register|demonstration|step|diamond|readout|area|distance|diffraction|limit|scalability|interaction|spin|qubit|proximity|spin|diamond|technology|coherence|author|readout|spin|diamond|couple|electron|spin|center|step|room|temperature|nanoscale|diamond
10.1103/PhysRevB.104.115425,quantum computer|quantum dot|quantum dot|hole|spin|qubit|gate|power|hole|spin|qubit|planar|heterostructure|frontrunner|spin|orbit|interaction|qubit|control|modification|planar|device|interaction|order|magnitude|power|qubit|gate|ghz|range|potential|direction|confinement|spin|orbit|interaction|detail|device|growth|direction|demand|state|art|qubit
10.1007/s11128-020-02935-8,scheme|detection|qubit|environment|entanglement|qubit|scheme|detection|qubit|environment|entanglement|gate|measurement|qubit|reach|state|art|scheme|type|interaction|dephase|qubit|qubit|state|scheme|sense|detection|entanglement|tau|initialization|qubit|superposition|state|measurement|qubit|tau|comparison|evolution|evolution|scheme|qubit|state|respect|environment|choice|center|spin|qubit|charge|qubit|environment|equilibrium|evolution|decoherence|qubit|manipulation|preparation|state
10.1021/acs.nanolett.0c03980,quantum network|integration|silicon|device|lithium|wavelength|conversion|information|processor|demand|technology|resonator|intermediary|microwave|field|signal|spin|qubit|processor|state|telecom|wavelength|device|structure|noise|conversion|efficiency|property|material|transduction|device|fabrication|procedure|integration|place|idea|device|component|material|device|precision|alignment|monitor|silicon|lithium|device|state|art|wavelength|conversion|characteristic
10.1007/s11467-021-1069-6,quantum computing|neutral atom|neutral atom|quantum memory|rydberg|quantum|computation|spin|electron|alkaline|earth|ael|atom|valence|electron|nonzero|spin|state|ael|ground|state|split|ghz|scale|split|rydberg|excitation|field|ghz|scale|split|field|noise|experiment|challenge|datum|ael|isotope|theory|spin|qubit|state|state|delta|mhz|scale|delta|field|order|ratio|delta|omega|qubit|state|rydberg|state|theory|state|photon|rydberg|excitation|spin|qubit|state|theory|magnitude|field|theory|mean|computation|applicability|rydberg|blockade|advantage|spin|electron
10.1063/5.0055318,magnet|assembly|qubit|experiment|temperature|field|tool|toolbox|physicist|characterization|material|polarization|spin|resonance|electron|resonance|experiment|field|magnitude|task|magnet|assembly|field|strength|air|gap|length|assembly|halbach|array|neodymium|magnet|inclusion|material|supermendur|field|strength|air|gap|simulation|characterization|magnet|assembly|field|stability|drift|rate|measurement|assembly|spin|qubit|experiment|dilution|refrigerator|solenoid
10.1063/5.0049372,quantum computing|quantum computing|quantum computing|quantum computing|cluster state|silicon|photon|spin|qubit|promise|today|information|society|hardware|platform|path|platform|circuit|photon|way|measurement|quantum|computation|array|coherence|state|spin|qubit|challenge|architecture|build|block|constraint|spin|qubit|circuit|component|requirement|fault|consideration|candidate|platform|roadmap|silicon|photon|circuit|platform|measurement|fault|article|content|common|attribution|license
10.1103/PhysRevB.104.115308,quantum dot|photon|gate|spin|qubit|advance|electron|silicon|spin|qubit|possibility|range|gate|microwave|photon|swap|iswap|gate|tune|qubit|energy|resonance|fidelity|charge|noise|photon|gate|capability|tune|gate|sequence|error|noise|cross|iswap|gate
10.1103/PhysRevA.103.062426,dynamic|spin|qubit|dipole|trap|investigation|dynamic|spin|qubit|sublevel|metal|atom|dipole|trap|qubit|clock|transition|zeeman|state|projection|spin|momentum|motion|atom|fluctuation|field|scatter|qubit|dynamic|treatment|motion|limit|close|ground|state|cool|number|excitation|comparison|experiment|correspondence|parameter
10.1126/sciadv.abg9158,quantum dot|quantum processor|electron|spin|resonance|device|field|spin|silicon|quantum|circuit|platform|quantum|computation|manufacturability|semiconductor|device|coherence|spin|silicon|qubit|device|qubit|fault|gate|challenge|ability|microwave|signal|scale|qubit|control|resonator|microwave|signal|nano|circuit|microwave|source|control|signal|million|qubit|field|spin|resonance|electron|silicon|device|feasibility|spin|qubit|control
10.1103/PhysRevApplied.16.054034,quantum dot|quantum dot|hole|spin|qubit|mosfet|planar|cmos|technology|hole|spin|semiconductor|route|qubit|qubit|mosfet|potentiality|term|integration|control|electron|term|scalability|future|scale|device|control|quantum|component|circuit|hole|spin|qubit|channel|mosfet|structure|silicon|insulator|device|calculation|formation|hole|channel|possibility|control|rabi|frequency|order|mhz|field|value|role|channel|aspect|ratio|presence|parameter|range|qubit|manipulation
10.1088/1367-2630/ac22ea,quantum computer|quantum system|axis|rotation|noise|frequency|noise|obstacle|road|majority|state|qubit|platform|circuit|spin|semiconductor|noise|control|noise|decouple|sequence|decouple|sequence|pulse|identity|gate|control|field|need|protocol|gate|lab|control|field|protocol|control|field|axis|rotation|frequency|noise|control|axis|versatility|set|control|pulse|control|singlet|triplet|spin|qubit|robustness|control|pulse|noise|noise|quantum|bath|pulse|decouple|sequence
10.1103/PhysRevB.104.115302,nitrogen vacancy|control|protocol|fidelity|spin|rotation|center|diamond|silicon|vacancy|vacancy|defect|diamond|interest|qubit|center|property|availability|transition|defect|asset|fidelity|coherence|control|control|scheme|defect|qubit|rotation|electron|spin|qubit|absence|presence|field|account|error|rotation|excess|siv|snv|presence|relaxation|leakage|error
10.1063/5.0035300,quantum dot|quantum dot|quantum dot|interdot|couple|electron|bilayer|device|bilayer|device|architecture|gate|finger|interdot|tunnel|couple|couple|charge|occupation|energy|dot|size|tune|range|tunnel|couple|regime|silicon|spin|qubit|device
10.1103/PRXQuantum.2.040314,opportunity|range|entanglement|spin|qubit|resonant|couple|ability|entanglement|qubit|quantum|information|process|nitrogen|vacancy|center|diamond|qubit|platform|qubit|gate|challenge|end|magnon|entanglement|proposal|attention|range|spin|propagation|device|geometry|gate|protocol|scheme|distance|couple|magnon|mode|cooperativitie|unity|waveguide|structure|resonant|transduction|resonant|magnon|exchange|protocol|suitability|state|temperature|condition|experiment|spin|qubit|solid|excitation
10.1103/PhysRevA.104.032409,quantum dot|quantum dot|quantum error correction|quantum error correction|quantum processor|fidelity|spin|singlet|triplet|basis|resonator|pulse|electron|spin|semiconductor|platform|qubit|step|spin|qubit|ability|state|error|spin|basis|fidelity|way|scheme|spin|singlet|triplet|readout|resonator|detector|spin|sequence|procedure|spin|state|fidelity|spin|pulse|resonator|signal|field|improvement|spin|readout|addition|readout|qubit|readout|error|way|spin|qubit
10.1103/PhysRevLett.127.190501,quantum computer|quantum computer|quantum dot|quantum dot|interaction|hole|spin|qubit|hole|spin|qubit|frontrunner|platform|state|art|device|noise|interaction|defect|interaction|anisotropy|device|field|tunability|spot|noise|order|magnitude|material|qubit|charge|noise|spin|orbit|interaction|qubit|gate|noise|dynamic|qubit|fidelity|qubit|gate|find|guideline|qubit
10.1063/5.0055908,quantum dot|perspective|exchange|quantum|dot|spin|chain|electron|spin|semiconductor|platform|quantum|information|process|quantum|phase|coherence|neighbor|electron|spin|exchange|couple|exchange|couple|interplay|confinement|potential|pauli|exclusion|principle|electron|number|exchange|couple|host|capability|generation|type|qubit|gate|way|connectivity|quantum|dot|spin|qubit|route|body|phenomenon
10.1063/5.0036520,quantum computing|quantum dot|quantum dot|quantum dot|quantum dot|quantum circuit|quantum circuit|self|gate|silicon|silicon|spin|qubit|potential|scale|similarity|transistor|platform|formation|control|gate|device|complexity|hinder|upscale|challenge|integration|gate|stack|silicon|device|self|alignment|gate|length|layer|layer|alignment|prospect|device|host|hole|spin|qubit|spin|control|spin|orbit|interaction|hole|transport|rectification|pauli|spin|blockade|field|lift|spin|blockade|presence|spin|orbit|interaction|magnitude|singlet|triplet|anticrosse|field|spin|orbit|energy|spin|orbit|length|way|qubit|control|license|aip|publish
10.1103/PRXQuantum.2.010348,quantum computer|quantum computing|hole|spin|qubit|finfet|spin|orbit|couple|spot|charge|noise|spin|orbit|couple|hole|spin|qubit|gate|susceptibility|qubit|noise|noise|challenge|semiconductor|hole|field|transistor|finfet|cmos|technology|spot|charge|noise|presence|spot|interplay|anisotropy|material|triangular|shape|finfet|cross|section|fine|tune|electrostatic|device|spot|finfet|axis|detail|behavior|device|change|area|aspect|ratio|qubit|way|spin
10.1038/s41467-020-20424-5,quantum computer|quantum computer|quantum processor|quantum|gate|exchange|donor|spin|qubit|silicon|device|silicon|nanoelectronic|device|qubit|quantum|logic|gate|fidelity|spin|electron|donor|atom|silicon|ion|implantation|quantum|information|sensitivity|exchange|interaction|couple|qubit|control|electron|spin|qubit|exchange|pair|donor|silicon|couple|strength|mhz|precision|couple|electron|hyperfine|approximate|mhz|electron|qubit|rotation|gate|electron|spin|resonance|pulse|scheme|value|scale|donor|silicon|metal|oxide|semiconductor|fabrication|protocol|electron|industry|donor|silicon|dependence|couple|donor|position|author|rotation|gate|exchange|electron|spin|exchange|regime|requirement|precision
10.1038/s41598-021-85231-4,quantum dot|quantum dot|quantum dot|quantum dot|quantum dot|radio|frequency|electron|transistor|silicon|phase|response|radio|frequency|reflectometry|spin|qubit|semiconductor|phase|response|practice|radio|frequency|electron|transistor|silicon|insulator|gate|structure|radio|frequency|reflectometry|measurement|account|component|device|admittance|coulomb|peak|amplitude|phase|reflection|coefficient|phase|signal|degree|circuit|impedance|match|detune|resonance|frequency|reflectometry|circuit|qubit|sensitivity|speed
10.35848/1347-4065/abd533,quantum dot|quantum dot|quantum communication|quantum state|quantum memory|quantum repeater|quantum repeater|characterization|surface|plasmon|antenna|gate|interface|photon|qubit|memory|qubit|distance|gate|qds|platform|aptitude|spin|qubit|feasibility|transfer|photon|polarization|electron|spin|photoelectron|excitation|probability|repeater|protocol|photoexcitation|probability|surface|plasmon|antenna|spa|qds|spa|transmission|qds|illumination|setup|refrigerator|antenna|photocurrent|room|temperature|japan|society|physics
10.1116/6.0000549,quantum dot|quantum dot|quantum dot|layer|metal|oxide|semiconductor|qubit|fabrication|characterization|metal|gate|layer|metal|oxide|semiconductor|mos|device|breakdown|prototype|qubit|device|term|goal|qubit|platform|intercomparison|material|line|diagnostic|testbe|measurement|coherence|stage|wafer|chip|architecture|measurement|capability|report|batch|silicon|mos|device|gate|layer|failure|gate|voltage|excursion|control|gate|layer|formation|charge|sense|channel|electron|temperature|spin|qubit|cost|benefit|trade|device|fabrication|efficiency|opportunity|improvement
10.1038/s41598-021-95562-x,quantum error correction|post|process|shoot|spin|qubit|detection|event|network|error|detection|qubit|readout|neural|network|collection|shoot|spin|detection|event|readout|signal|qubit|measurement|readout|signal|peak|bayesian|inference|filter|gaussian|noise|network|algorithm|train|network|shoot|readout|trace|network|measurement|trace|term|detection|error|speed|bayesian|inference|filter|network|fluctuation|signal|offset|length|delay|signal|noise|ratio|increase|visibility|rabi|oscillation|network|readout|trace|signal|noise|setup|contribution|role|software|hardware|network|spin|qubit|processor|architecture
10.1038/s41534-021-00377-3,quantum processor|learn|spin|detection|detection|spin|electron|spin|opportunity|quantum|sense|quantum|information|process|proof|principle|experiment|scale|image|spin|sample|register|sample|scale|spin|learn|identification|spin|electron|spin|nitrogen|vacancy|center|diamond|sensor|network|algorithm|noise|recovery|procedure|train|sequence|spectra|identification|spin|center|parameter|spin|range|electron|interaction|strength|way|image|spin|sample|characterization|spin|qubit|register
10.1103/PhysRevLett.126.017701,quantum computing|quantum dot|distance|superexchange|semiconductor|quantum|dot|electron|spin|coherence|potential|scalability|semiconductor|quantum|dot|spin|qubit|promise|information|process|connectivity|quantum|dot|spin|qubit|array|neighbor|couple|challenge|scale|evidence|distance|spinchain|couple|electron|spin|qubit|semiconductor|couple|electron|spin|end|site|spin|chain|spin|state|chain|oscillation|end|spin|dynamic|end|spin|chain|measurement|simulation|superexchange|distance|couple|quantum|dot|spin|qubit
10.1103/PhysRevApplied.15.044042,quantum dot|quantum dot|quantum dot|quantum system|spin|orbit|couple|silicon|field|spin|orbit|couple|ssoc|challenge|gas|superconductor|semiconductor|ssoc|anisotropy|spin|valley|resonance|silicon|field|plane|behavior|resonance|amplitude|ssoc|spin|orbit|couple|isoc|behavior|plane|transverse|field|gradient|ssoc|field|quality|factor|spin|qubit|orientation|plane|field|work|point
10.1063/5.0039521,quantum computer|quantum annealing|spin|qubit|gate|structure|field|transistor|size|transistor|order|proposal|spin|qubit|metal|oxide|semiconductor|transistor|spin|qubit|wire|number|qubit|jungle|wire|qubit|chip|herein|wiring|spin|qubit|field|transistor|finfet|device|spin|qubit|gate|electrode|finfet|interaction|qubit|ruderman|kittel|kasuya|yosida|interaction|channel|finfet|possibility|machine|addition|proposal
10.1002/qute.202100002,quantum dot|quantum dot|quantum dot|quantum dot|quantum network|quantum|dot|molecule|device|situ|electron|beam|lithography|self|semiconductor|level|potential|quantum|technology|instance|emitter|quantum|light|source|functionality|interest|singlet|triplet|spin|qubit|spin|photon|interface|cluster|state|generation|molecule|qdm|device|property|device|qdms|pin|diode|structure|qdms|structure|bragg|grating|situ|electron|beam|lithography|photon|extraction|efficiency|agreement|simulation|couple|character|qdms|bias|voltage|spectroscopy|couple|qdm|charge|state|agreement|theory|qdm|device|photon|emission|property|suppression|metric|qdm|build|block|hardware
10.1140/epjp/s13360-021-01974-z,quantum phase transition|quantum phase transition|quantum critical point|markovianity|spin|interaction|quantum|speed|limit|spin|qubit|behavior|speed|limit|qsl|spin|qubit|markovianity|spin|chain|spin|interaction|potentiality|quantity|qpt|temperature|measure|markovianity|qsl|derivative|qsl|derivative|markovianity|respect|parameter|point|value|derivative|point|linear|behavior|size|spin|chain|spin|phase|environment|computation|purpose|spin|phase
10.1557/s43577-021-00139-8,quantum computing|quantum computing|quantum computing|quantum computing|quantum error correction|precision|manufacture|material|synthesis|precision|manufacture|apam|route|silicon|nanoelectronic|precision|impact|tool|scheme|spin|qubit|scale|qubit|gate|fidelity|threshold|fault|route|manufacture|multiqubit|device|mean|interqubit|pitch|range|spin|interaction|angstrom|scale|precision|apam|circuit|number|qubit|tutorial|apam|material|impact|challenge|path|architecture|opportunity|apam
10.1103/PRXQuantum.2.010353,quantum dot|quantum dot|quantum processor|readout|cmos|gate|reflectometry|spin|tunneling|silicon|spin|qubit|candidate|scale|host|material|prospect|silicon|device|fabrication|industry|measurement|electron|spin|gate|cmos|wafer|scale|readout|spin|tunneling|footprint|lead|quantum|dot|charge|sensor|gate|reflectometry|spin|readout|device|valley|split|range|mev|state|spectroscopy|electron|spin|relaxation|lifetime|silicon|geometry|fabrication|deal|promise|qubit|device|spin|readout|variety|architecture
10.1103/PhysRevLett.126.250505,entanglement|spin|qubit|oscillator|spin|qubit|state|platform|storage|manipulation|information|room|temperature|ability|spin|challenge|today|scheme|parity|measurement|decoherence|subspace|entanglement|generation|spin|qubit|oscillator|fidelity|entanglement|temperature|parameter|pair|gate|spin|door|quantum|process|architecture|variety|state|spin|qubit
10.1103/PhysRevB.103.125201,quantum dot|quantum dot|quantum gate|theory|hole|spin|qubit|germanium|property|hole|quantum|field|qubit|mev|split|hole|band|light|plane|mass|mobility|tunnel|rate|dot|size|constraint|device|fabrication|electron|hole|qubit|presence|quantum|level|valley|state|spin|qubit|spin|orbit|couple|quantum|well|dipole|spin|resonance|gate|nanosecond|qubit|rotation|mechanism|spin|orbit|couple|implication|dipole|spin|resonance|importance|term|crystal|field|foundation|advance|hole|spin|qubit
10.1002/chem.202101922,quantum coherence|site|vibration|spin|lattice|relaxation|metallofullerene|spin|qubit|spin|qubit|control|couple|vibration|spin|state|principle|structure|coordination|chemistry|end|factor|spin|relaxation|topic|investigation|spin|dynamic|series|metallofullerene|emfs|difference|metal|cage|site|parameter|complex|role|energy|metal|vibration|spin|lattice|relaxation|temperature|dependence|frequency|energy|vibration|behavior|emfs|difference|rigidity|spin|vibration|couple|emf|qubit|candidate
10.1038/s41567-021-01344-7,quantum dot|quantum dot|quantum dot|quantum|correlation|ensemble|electron|spin|qubit|ensemble|spin|proxy|qubit|platform|body|coherence|regime|excitation|electron|spin|qubit|semiconductor|interface|spin|ensemble|spin|specie|electron|property|environment|statistic|field|interaction|polarization|mean|variance|spin|state|ensemble|response|spin|excitation|species|reconstruction|field|range|mean|field|population|ensemble|state|sum|specie|polarization|prediction|deviation|spin|ensemble|coherence|witness|formation|body|state|atom|semiconductor|spin|ensemble|degree|freedom|electron|spin|nucleus|semiconductor|creation|entanglement|ensemble
10.1103/PhysRevMaterials.5.074602,nitrogen|vacancy|center|sic|principle|calculation|resonance|experiment|property|nitrogen|vacancy|center|sic|spin|qubit|conjunction|measurement|sensitivity|symmetry|phonon|line|zpls|agreement|trend|function|location|crystal|zpls|configuration|ground|state|supercell|atom|decoherence|basal|center|field|configuration|spin|abundance|field|hahn|echo|coherence|basal|configuration|divacancy
10.1103/PRXQuantum.2.020347,quantum dot|quantum dot|spin|cavity|spin|coherence|environment|property|information|spin|readout|transmission|microwave|resonator|electron|silicon|device|microwave|resonator|dipole|couple|field|field|scenario|electron|spin|defect|spin|interaction|influence|spin|state|microwave|transmission|cavity|spin|readout|state|art|device|readout|point|signal|contrast|spin|readout|potential|excitation|exchange|spin|qubit|cavity|photon
10.1063/5.0055630,experiment|ramsey|sequence|measurement|ramsey|sequence|phase|measurement|spin|qubit|ramsey|measurement|measurement|efficiency|selection|set|phase|accumulation|set|tau|experiment|protocol|fidelity|ramsey|measurement|adaptive|protocol|quantum|phase|estimation|algorithm|choice|workflow|measurement|calculation|computation|measurement|precession|frequency|parameter|factor|relative|heuristic|iota|choice|quantum|phase|estimation|algorithm|parameter|experiment|tau|choice|sensitivity|bayesian
10.1021/acs.jpcc.1c03549,mechanism|electron|beam|manipulation|atom|silicon|position|atom|crystal|lattice|area|state|sense|quantum|computation|probe|tool|manipulation|surface|atom|disadvantage|need|tip|contact|sample|interest|electron|beam|proof|principle|experiment|bismuth|manipulation|silicon|principle|model|exchange|mechanism|electron|impact|dopant|precision|silicon|lattice|mechanism|group|donor|vacancy|configuration|configuration|spin|qubit|electron|beam
10.1007/s11128-021-03063-7,quantum computing|w state|preparation|spin|eigenstate|dicke|state|interaction|architecture|entanglement|resource|information|process|task|spin|eigenstate|subset|resource|dicke|state|symmetry|state|pairwise|exchange|couple|pair|qubit|product|state|spin|eigenstate|qubit|state|spin|eigenstate|evolution|expansion|dicke|state|step|improvement|cost|preparation|circuit|depth|sharma|tulapurkar|phy|algorithm|iteration|spin|momentum|amplitude|amplification|search|scheme|spin|qubit|reservoir|qubit|reservoir|qubit|exchange|interaction|pair
10.1039/d1nr02877d,quantum device|quantum sensor|spin|qubit|spin|bath|yig|silicon|vacancy|vsi|color|center|sic|electron|spin|qubit|spin|spin|qubit|dynamic|one|vsi|spin|qubit|surface|energy|ion|implantation|layer|vsi|spin|bath|hahn|echo|decay|decouple|electron|electron|resonance|experiment|coherence|cool|spin|bath|relevance|peldor|processor|spin|sense|shift|vsi|resonance|line|field|yig|film
10.1088/2058-9565/ac107f,quantum|point|contact|resonator|shoot|noise|band|amplifier|charge|dynamic|solid|insight|transport|phenomenon|detection|event|amplifier|sensitivity|bandwidth|amplifier|quantum|point|contact|transmission|line|resonator|charge|amplification|resonator|aluminium|coplanar|waveguide|geometry|mode|ghz|power|resonator|amplitude|conductance|change|quantum|point|contact|channel|sideband|amplitude|signal|conductance|sensitivity|sensitivity|unit|signal|noise|measurement|variation|conductance|noise|characteristic|device|mhz|signal|frequency|sensitivity|photon|shoot|noise|electron|tunnelling|qpc|channel|optimization|parameter|device|bandwidth|mhz|rise|sensitivity|order|report|addition|device|sensitivity|frequency|mhz|sensitivity|shoot|noise|detection|gate|nanosecond|scale|circuit|qed|architecture|scheme|choice|charge|detection|experiment|spin|qubit|readout|metrology
10.1103/PhysRevB.103.L081404,quantum dot|quantum dot|quantum dot|quantum dot|quantum dot|gate|spectroscopy|electron|spin|state|bilayer|graphene|bilayer|host|spin|qubit|coherence|improvement|electron|bilayer|spin|valley|texture|particle|spectrum|detail|relaxation|dynamic|transport|frequency|gate|electron|bilayer|spectroscopy|electron|spin|state|bind|spin|relaxation|step|investigation|spin|coherence|graphene|spin|qubit
10.1103/PhysRevMaterials.5.014601,enrichment|silicon|fluence|ion|implantation|spin|semiconductor|vacuum|qubit|candidate|coherence|substrate|epilayer|decoherence|pathway|perturbation|spin|nat|abundance|surface|layer|nat|fluence|implantation|phosphorus|donor|layer|kev|ion|fluence|electron|spin|resonance|donor|activation|decay|hahn|echo|signal|depletion|coherence|nat|dope|concentration|concentration|future|simulation|enrichment|ion|kev|fluence|nat|surface|layer|volume|donor|qubit|surface|region|depletion|ion|mass|spectrometry|impurity|content|crystal|kinetic|phase|epitaxy|layer|crystal|transmission|electron|microscopy|enrichment|promise|incorporation|fabrication|flow|spin|qubit|device
10.1103/PhysRevB.104.075301,quantum dot|quantum dot|quantum dot|quantum dot|quantum dot|quantum dot|quantum dot|quantum dot|preparation|spin|qubit|droplet|gaas|quasiresonant|excitation|spin|preparation|state|resonance|droplet|gaas|achievement|investigation|spin|qubit|quantum|memory|gaas|material|platform|observation|excitation|spectra|range|transition|property|energy|level|shell|polarization|excitation|detection|context|quasiresonant|excitation|spectroscopy|determination|spin|preparation|fidelity|orientation|laboratory|polarization|eigenbase|spin|preparation|fidelity|ground|state|decay|function|ground|state|excitation|resonance|excitation|power|level|decay|shell|state|transition|correlation|spectroscopy|excitation|scheme|impact|environment|transition|brightness
10.1103/PhysRevB.103.035430,quantum computer|quantum dot|range|exchange|interaction|spin|qubit|link|finite|field|state|spin|qubit|candidate|realization|coherence|manipulation|spin|spin|interaction|gate|range|tunneling|neighbor|scalability|proposal|interaction|range|electron|transport|dot|couple|range|setup|extension|superconductor|quantum|mediator|gap|superconductor|tunnel|barrier|impact|spin|orbit|couple|field|geometry|superconductor|spin|tunneling|dot|superconductor|couple|exchange|interaction|bulk|addition|field|strength|exchange|interaction|geometry|link|lot|room|interaction|range|gain|order|magnitude|film|strip|superconductor|couple|aluminum|exchange|rate|mhz|micron|scale|range|setup|presence|field|order
10.1103/PhysRevB.104.235303,quantum dot|quantum dot|quantum dot|quantum dot|control|tensor|hole|silicon|mos|hole|semiconductor|platform|spin|qubit|technology|tunability|factor|hole|mechanism|spin|control|complexity|hole|spin|state|hole|spin|physics|hole|silicon|planar|metal|oxide|semiconductor|mos|nonuniform|strain|scale|variation|hole|hole|split|nonuniform|strain|split|region|field|hole|nonuniform|strain|profile|mechanism|modulation|hole|tensor|mechanism|tune|hole|factor|addition|spot|configuration|spin|decoherence|noise|path|technology|engineering|nonuniform|spin|device
10.1021/acs.jpcc.1c08998,quantum computing|quantum dot|quantum dot|quantum dot|quantum dot|quantum dot|quantum dot|spin|transport|colloidal|charge|spin|transport|semiconductor|renaissance|advance|nanofabrication|realization|candidate|structure|calculation|master|equation|transport|electron|hole|voltage|bias|competition|energy|space|energy|level|strength|exchange|interaction|spin|state|energy|level|density|electron|state|spin|singlet|energy|electron|state|contrast|density|state|exchange|interaction|spin|triplet|energy|hole|state|exchange|interaction|spin|blockade|transport|property|temperature|colloidal|calculation|find|preparation|manipulation|singlet|spin|qubit|state|voltage|bias
10.22331/q-2021-06-17-478,quantum entanglement|quantum entanglement|quantum entanglement|quantum coherence|localisation|mediator|form|correlation|quantum|particle|gate|communication|increment|probe|mediator|classicality|mediator|assumption|state|entanglement|gain|probe|mediator|assumption|state|entanglement|probe|interaction|mediator|entanglement|probe|rest|mediator|probe|entanglement|gain|mediator|state|nmr|spectroscopy|growth|correlation|spin|qubit|mediator|qubit|state|dephase|mediator|order|character|entanglement|correlation|probe|qubit|necessity|feature|state|entanglement|gain|probe|figure|merit|mediator|quantum|optomechanic|quantum|biology|quantum|gravity
10.1103/PhysRevB.103.205402,quantum dot|treatment|multiqubit|dynamic|exchange|semiconductor|spin|qubit|noise|obstacle|information|technology|semiconductor|spin|qubit|calculation|charge|noise|ring|exchange|disorder|return|probability|state|coherence|disorder|strength|interaction|strength|arrangement|qubit|return|probability|oscillation|frequency|oscillation|manner|difference|energy|level|hamiltonian|value|gate|target|fidelity|decoherence|number|qubit|insight|charge|noise|dynamic|spin|qubit
10.1021/acs.nanolett.0c04771,quantum dot|quantum dot|quantum gate|exchange|couple|chain|quantum|dot|spin|qubit|silicon|spin|qubit|exchange|interaction|electron|contact|interaction|overlap|wave|function|neighbor|dot|route|exploration|superexchange|couple|spin|electron|distance|exchange|couple|evidence|neighbor|superexchange|array|electron|spin|qubit|silicon|electron|spin|resonance|frequency|spectra|model|device|geometry|exchange|couple|neighbor|dot|neighbor|couple|tail|wave|function|dot
10.1103/PRXQuantum.2.020309,quantum dot|quantum dot|quantum dot|quantum dot|variation|intervalley|tunnel|couple|silicon|electron|silicon|exhibit|spin|valley|degree|freedom|valley|degree|freedom|originate|band|structure|silicon|minima|degeneracy|silicon|quantum|well|confinement|valley|split|valley|scale|disorder|valley|split|spin|qubit|addition|understand|intervalley|tunnel|couple|valley|gap|energy|level|diagram|fidelity|charge|spin|transfer|protocol|silicon|quantum|dot|array|microwave|spectroscopy|variation|valley|split|intervalley|tunnel|couple|couple|dot|variation|ratio|intervalley|tunnel|couple|interdot|tunnel|barrier|theory|interaction|valley|state|neighbor|dot|inhomogeneity|silicon|quantum
10.1103/PhysRevB.104.085421,quantum dot|line|shape|dipole|spin|resonance|pauli|spin|blockade|dipole|spin|resonance|edsr|tool|manipulation|spectroscopy|quantum|dot|spin|qubit|edsr|experiment|transport|setup|pauli|spin|blockade|mean|spin|state|read|resonant|response|leakage|current|information|level|structure|line|shape|resonance|experiment|experiment|peak|dip|understand|line|shape|edsr|resonance|leakage|current|regime|spin|blockade|line|shape|mechanism|edsr|investigation|expression|insight|physics|play|mean|information|parameter|spin|qubit|edsr|experiment|level|structure|location|resonance
10.1103/PRXQuantum.2.010321,quantum dot|quantum dot|quantum dot|quantum dot|electron|electron|gas|proof|principle|experiment|spin|qubit|gaas|control|tunneling|barrier|degree|freedom|realization|quality|electron|gas|control|electron|regime|kondo|singlet|triplet|spin|blockade|factor|magnitude|field|spin|orbit|length|order|magnitude|nanostructure|quantum|well|property|electron|gas|map|host|aspect|spin|qubit|spin|orbit|couple|material|rashba|coefficient|avenue|engineering|structure|spin|orbit|couple|space
10.1103/PhysRevA.103.052430,transmission|tomography|spin|qubit|spin|qubit|spin|channel|scheme|state|qubit|qubit|purpose|qubit|exchange|interaction|transmission|coefficient|function|density|matrix|element|gate|state|qubit
10.1088/1367-2630/ac2dab,shear|conductivity|fermi|liquid|spinon|fermi|surface|state|detection|spin|qubit|noise|magnetometry|property|fermi|liquid|conductivity|value|omega|limit|wavevector|regime|path|fermi|momentum|value|dimension|measure|radius|curvature|fermi|surface|momentum|space|spin|liquid|spinon|conductivity|spin|liquid|metal|regime|transport|experiment|fluctuation|frequency|noise|spin|qubit|nitrogen|vacancy|center|diamond|distance|metal|spin|liquid|noise|omega|perimeter|momentum|space|combination|constant|nature|observable|geometry|detail|quasi|particle|mass|interaction|behavior|size|metal|smoke|gun|probe|presence|spinon|regime|reach|center|spinon|candidate|material
10.1103/PhysRevX.11.011019,quantum computing|electron|room|temperature|microwave|paul|trap|electron|millimeter|quadrupole|paul|trap|ghz|room|temperature|vacuum|setup|electron|trap|ionization|calcium|rydberg|state|microwave|field|ten|millisecond|fraction|electron|loss|measurement|excitation|motion|frequency|range|ten|hundred|mhz|electron|paul|trap|environment|platform|electric|electron|spin|qubit
10.1002/adts.202100254,pycce|package|cluster|correlation|expansion|simulation|spin|qubit|dynamic|pycce|source|python|library|dynamic|spin|qubit|spin|bath|cluster|correlation|expansion|pycce|module|spin|bath|parameter|principle|structure|code|user|simulation|python|library|calculation|hahn|echo|coherence|nitrogen|vacancy|diamond|calculation|coherence|basal|divacancy|silicon|carbide|cross|calculation|field|orientation|dynamic|donor|silicon|documentation|tutorial|installation|instruction
10.1039/d0sc05856d,chemical|tune|spin|clock|transition|monomer|spin|existence|quantum|tunnelling|split|spin|level|mononuclear|complex|level|anti|clock|transition|gap|heat|capacity|experiment|comparison|derivative|tunnelling|symmetry|clock|transition|suppression|spin|spin|interaction|addition|quantum|tunnelling|split|chemical|tune|modification|ligand|shell|crystal|field|anisotropy|property|spin|qubit|resilience|decoherence|interface|qubit|control|circuit|ability
10.3390/nano11010072,color|center|laser|semiconductor|color|center|silicon|carbide|technology|photon|source|spin|qubit|sense|femtosecond|laser|silicon|carbide|gallium|nitride|vacancy|color|center|rise|photoluminescence|wavelength|laser|array|silicon|vacancy|defect|silicon|carbide|localization|diffraction|limit|material|damage|number|color|center|power|law|scale|laser|fabrication|energy|color|center|ionization|simplicity|flexibility|laser|fabrication|color|center|array|material|quantum
10.1126/sciadv.abj5030,spin|spin|center|qubit|quantum|technology|manipulation|spin|qubit|state|spin|control|interaction|strain|field|surface|wave|state|spin|silicon|vacancy|silicon|carbide|order|magnitude|ground|state|spin|ground|state|trap|spin|direction|frequency|spin|resonance|coherence|spin|state|relaxation|ground|state|manipulation|spin|ground|state|opportunity|chip|quantum|information|protocol|sense
10.1016/j.nanoen.2021.106310,majorana fermion|polarization|rashba|spin|orbit|interaction|zno|cdo|quantum|spin|orbit|interaction|soi|spin|momentum|quantum|spin|hall|spin|orbit|qubit|inversion|symmetry|spin|orbit|interaction|rsoi|manipulation|spin|movement|field|rsoi|conduction|electron|stress|polarization|field|zno|cdo|quantum|polarization|field|band|inversion|electron|hole|peak|coefficient|order|magnitude|gaas|qws|manipulation|spin|qubit|quantum|research|interest|quantum|device
10.1103/PhysRevB.103.174106,nitrogen vacancy|nitrogen vacancy|spin|spin|interaction|spin|cavity|coherence|center|spin|diamond|advantage|information|process|realization|couple|spin|interaction|spin|diamond|cavity|presence|point|subsystem|couple|spin|frequency|polariton|cavity|mode|couple|spin|frequency|polariton|stark|shift|spin|frequency|polariton|bus|couple|center|couple|quantum|information|exchange|spin|qubit|spin|cavity
10.1364/OME.434083,investigation|photon|emitter|boron|nitride|color|center|boron|nitride|hbn|interest|platform|nanoscale|sense|quantum|information|process|structure|percentage|emitter|property|spin|qubit|fluorescence|microscopy|temperature|class|point|defect|cerium|ion|implantation|hbn|flake|fraction|emitter|room|temperature|emission|stability|formation|point|defect|density|theory|dft|emission|property|candidate|emitter|cevb|center|interlayer|atom|boron|vacancy|route|engineering|property|earth|ion|versatility|material|host|society|america|term|osa|access|publish|agreement
10.1103/PhysRevApplied.15.L031002,quantum dot|quantum dot|quantum dot|quantum dot|quantum network|shoot|readout|state|spin|decoherence|subspace|photon|emission|capability|molecule|platform|information|process|molecule|decoherence|subspace|spin|qubit|coherence|spin|state|subspace|cycling|transition|triplet|manifold|molecule|stage|spinreadout|protocol|decoherence|subspace|shoot|readout|microwave|pulse|cycling|transition|fluorescence|spin|state|protocol|readout|fidelity|scheme|excitation|transition|ground|state|initialization|transition|protocol|spin|readout|fidelity|shoot|readout|photon|collection|efficiency|readout|photon|collection|condition|decoherence|subspace|potential|molecule|block
10.1103/PhysRevApplied.15.064010,tune|vacancy|center|diamond|group|color|center|diamond|attention|state|spin|qubit|spin|property|color|center|tin|vacancy|center|interest|ground|state|split|spin|coherence|temperature|color|center|broaden|nanofabrication|strain|quantum|node|photon|strain|raman|tune|tune|mismatch|group|color|center|control|emission|intensity|tune|center|diamond|tune|range|ghz|dependence|apply|electric|field|tune|field|tune|joule|heating|stark|tune|avenue|detune|emitter|realization|quantum|node
10.1021/acs.inorgchem.0c02573,symmetry|spin|economy|principle|spin|qubit|selection|spin|qubit|coherence|task|quantum|technology|measurement|procedure|factor|loss|coherence|property|spin|hydrogen|role|investigation|spin|dynamic|complex|benchmark|phthalocyanine|deserve|detail|class|compound|relaxation|property|complex|ligand|hydrogen|structure|calculation|vibration|mode|spin|lattice|relaxation|contribution|symmetry|mode|enhancement|hydrogen|ligand
10.1021/jacs.1c07058,quantum coherence|porphyrin|carbon|nanotube|computation|spintronic|scale|reproducibility|tunability|molecule|candidate|spin|qubit|spintronic|challenge|spin|circuit|geometry|spin|way|formation|porphyrin|dimeric|ring|carbon|nanotube|mmint|bond|porphyrin|core|contact|carbon|nanotube|structure|combination|geometry|dimer|formation|macrocycle|mmint|core|selection|spin|location|mmint|suitability|mmint|qubit|formation|ring|monomer|scale|mmint|carbon|nanotube|vessel|molecule|circuit|family|molecule|size|composition|macrocycle|interaction|core|asymmetry|dimer|molecule|qubit
10.1021/acs.jpcc.1c06473,photoredox|sensitization|dopant|perovskite|nanocrystal|ion|orbital|state|emission|spin|coherence|lifetime|host|spin|qubit|state|photosensitization|absorption|cross|section|mechanism|photosensitization|ion|perovskite|nanocrystal|host|matrix|examination|ion|dependence|band|edge|photoluminescence|potential|couple|presence|charge|transfer|sensitization|mechanism|absorption|experiment|defect|photoexcitation|yield|photosensitization|step|photosensitization|electron|transfer|picosecond|charge|state|form|specie|hole|transfer|understand|sensitization|framework|combination|host|matrix|specie|photosensitization
10.1021/acsnano.0c10601,defect|state|material|molecule|material|precision|scale|quantum|defect|defect|atom|spin|qubit|interaction|couple|atom|presence|lattice|warrant|investigation|formation|molecule|solid|chemical|degree|freedom|control|material|monolayer|hexagonal|boron|nitride|distance|dissociation|curve|hybridization|orbital|bandgap|bond|orbital|energy|energetic|cis|plane|defect|chb|chb|plane|defect|pair|plane|defect|pair|interact|plane|pair|chemical|degree|freedom|distance|cbvn|change|peak|absorption|wavelength|band|chemical|degree|freedom|complex|tune|defect|property|engineering|quantum|memory|quantum|emitter|information|science
10.1063/5.0056648,quantum dot|quantum dot|quantum device|quantum device|quantum device|quantum device|quantum device|cryogen|scan|gate|microscope|characterization|milli|kelvin|temperature|silicon|fabrication|semiconductor|spin|qubit|conduction|band|valley|degeneracy|silicon|date|characterization|valley|state|valley|state|device|cryogen|scan|gate|microscope|characterization|temperature|instrument|cryogen|scan|gate|microscope|device|gate|structure|ability|microwave|line|control|experiment|microscope|pan|walker|position|piezostack|scan|piezotube|microscope|tip|tune|fork|control|tip|sample|distance|vibration|noise|tube|cool|vibration|isolation|mechanism|root|noise|microscope|proof|concept|microscope|charge|occupation|range|possibility|exploration|material|article|content|common|attribution|license
10.1038/s41467-021-23471-8,quantum network|control|state|spin|qubit|excitation|state|color|center|spin|qubit|platform|information|process|quantum|sense|readout|color|center|spin|state|resonance|odmr|technology|stoke|excitation|energy|laser|emission|photon|excitation|odmr|signal|silicon|vacancy|defect|spin|silicon|carbide|laser|energy|photon|laser|power|microwave|power|temperature|dependence|odmr|behavior|odmr|contrast|linewidth|stoke|excitation|odmr|contrast|stoke|excitation|control|silicon|vacancy|spin|excitation|room|temperature|spin|coherence|property|stoke|excitation|signal|contrast|spin|contrast|excitation|experiment|excitation|odmr|information|process|quantum|sense|resonance|defect|spin|stoke|excitation|excitation|energy|photon|author|regime|excitation|vacancy|spin|sic|improvement|contrast
10.1103/PhysRevB.104.075439,quantum dot|quantum dot|quantum dot|quantum dot|quantum dot|quantum dot|quantum dot|interplay|charge|noise|phonon|electron|transfer|distance|transfer|information|architecture|spin|qubit|scalability|way|goal|electron|register|control|electron|chain|tunnel|energy|detune|character|nature|electron|reservoir|source|fluctuation|field|lattice|vibration|electron|transfer|voltage|electron|phonon|scatter|interaction|source|johnson|charge|noise|detune|tunnel|couple|electron|phonon|scatter|charge|noise|dynamic|detune|sweep|electron|dot|anticrosse|tunnel|state|competition|charge|noise|landau|existence|sweep|rate|probability|electron|gaas|hand|couple|phonon|transfer|emission|absorption|dominate|transition|charge|noise|probability|electron|sweep|rate|range|rate|silicon|sweep|account|limitation|transfer|need|preservation|electron|spin|coherence|probability|electron|order|magnitude|temperature|tunnel|couple
10.1109/JPHOT.2021.3136502,quantum computing|quantum computing|quantum computing|quantum dot|quantum network|trapped ion|trapped ion|trapped ion|trapped ion|entanglement|state|analyzer|film|lithium|niobate|platform|candidate|coherence|ability|photon|fidelity|qubit|gate|entanglement|state|analyzer|platform|fidelity|entanglement|ion|entanglement|state|analyzer|film|lithium|platform|polarization|qubit|device|fidelity|entanglement|fidelity|coupler|polarization|power|split|ratio|variety|technology|device|spin|qubit|color|center|diamond|earth|ion
10.1063/5.0096467,quantum computing|quantum bit|quantum processor|quantum processor|dress|protocol|qubit|control|silicon|state|spin|array|gate|scale|shift|paradigm|control|proof|principle|demonstration|qubit|protocol|level|modulation|field|robustness|frequency|noise|amplitude|fluctuation|coherence|order|magnitude|improvement|spin|clifford|gate|fidelity|qubit|gate|potential|scalability|protocol|relaxation|engineering|constraint|scale|spin|qubit|array|microwave|control|gate|addressability|robustness|inhomogeneity|license|aip|publish
10.1038/s41586-021-04273-w,quantum bit|quantum algorithm|quantum processor|quantum device|logic|spin|qubit|surface|code|threshold|fidelity|control|execution|tolerance|ability|error|requirement|fault|tolerance|term|error|threshold|threshold|detail|target|error|threshold|surface|qubit|gate|fidelity|goal|semiconductor|spin|qubit|qubit|scale|semiconductor|spin|silicon|qubit|qubit|gate|fidelity|gate|set|tomography|qubit|gate|fidelity|crosstalk|error|neighbour|qubit|fidelity|gate|set|task|ground|state|energy|quantum|barrier|qubit|gate|fidelity|semiconductor|qubit|path|tolerance|era|scale
10.1038/s41586-021-04182-y,quantum computer|quantum computer|quantum computer|quantum gate|quantum error correction|trapped ion|fault|tolerance|threshold|silicon|fault|error|correction|code|surface|gate|fidelity|error|correction|threshold|qubit|platform|nitrogen|vacancy|centre|requirement|electron|spin|qubit|scale|nanofabrication|capability|qubit|gate|fidelity|per|cent|qubit|gate|fidelity|cent|qubit|gate|fidelity|cent|silicon|spin|qubit|control|micromagnet|field|qubit|couple|qubit|rotation|speed|strength|fidelity|gate|jozsa|search|algorithm|success|rate|gate|set|gate|fidelity|fault|tolerance|threshold|silicon
10.1007/s00723-021-01392-5,quantum computer|quantum bit|quantum gate|quantum state|quantum system|optimization|spin|state|control|electron|spin|qubit|microwave|pulse|quantum|control|spin|qubit|control|concept|quantum|technology|cybernetic|field|shell|entity|testing|ground|quantum|control|technology|spin|spin|qubit|spin|electron|spin|electron|spin|bus|client|qubit|control|spin|qubit|client|spin|couple|issue|state|control|client|qubit|control|spin|radio|wave|pulse|control|interaction|microwave|pulse|electron|spin|qubit|latter|literature|indirectness|advantage|interaction|qubit|environment|spin|optimization|condition|fidelity|control|scheme|electron|esr|hyperfine|resonance|state|client|spin|interaction|crystal|potassium|hydrogen|maleate|khm|malonyl|spin|qubit|importance|symmetry|tensor|property|collinearity|axis|couple|tensor|equivalency|spin|issue|fidelity
10.1103/PhysRevB.106.115411,quantum dot|quantum dot|quantum gate|quantum gate|spin|qubit|spin|orbit|interaction|spin|qubit|andreev|spin|qubit|benefit|qubit|qubit|qubit|spin|degree|freedom|supercurrent|spin|qubit|superconductor|qubit|interaction|spin|qubit|tunneling|regime|spin|orbit|interaction|soi|semiconductor|tune|parameter|interaction|spin|qubit|ise|moriya|interaction|phase|difference|tunnel|barrier|strength|parameter|josephson|current|spin|orientation|interaction|phase|flip|gate|fidelity|network|spin|qubit|surface|code
10.1088/2058-9565/ac82c3,electron|spin|coherence|neon|surface|electron|surface|gas|liquid|spin|qubit|coherence|thank|purity|electron|spin|coherence|helium|surface|electron|spin|coherence|neon|surface|realization|electron|charge|qubit|spin|decoherence|mechanism|susceptibility|phonon|current|metal|electrode|spin|ensemble|temperature|device|electron|spin|decoherence|mechanism|electron|spin|spin|interaction|abundance|semiconductor|quantum|dot|spin|qubit|hahn|echo|coherence|electron|spin|qubit|spin|qubit
10.1038/s41467-022-28328-2,quantum dot|quantum dot|quantum communication|quantum communication|quantum network|charge|injection|control|quantum|dot|spin|qubit|telecom|distance|qubit|telecom|band|photon|author|state|spin|qubit|hole|semiconductor|photon|telecom|band|state|quantum|emitter|spin|qubit|platform|matter|interface|emission|telecom|band|distance|state|spin|qubit|hole|ina|gaas|buffer|layer|photon|band|hole|spin|degeneracy|field|hole|injection|initialization|control|picosecond|pulse|state|spin|qubit|platform|fiber|network
10.1103/PhysRevB.105.L121402,fidelity|cnot|gate|spin|qubit|drive|gate|experiment|qubit|gate|fidelity|semiconductor|spin|qubit|fidelity|cnot|gate|resonant|drive|term|hamiltonian|contribution|fidelity|improvement|order|magnitude|drive|description|gate|capacitance|fidelity|cnot|crosstalk|reduction|spin|qubit|device|array
10.1109/JLT.2022.3210466,quantum communication|quantum communication|quantum network|quantum error correction|diamond|quantum|nanophotonic|spin|photon|phonon|device|diamond|potential|quantum|distance|quantum|information|process|quantum|sense|device|diamond|combination|property|bandgap|diamond|host|variety|spin|qubit|build|block|quantum|technology|experiment|diamond|spin|qubit|demonstration|entanglement|memory|spin|register|fault|realization|multinode|advance|diamond|forefront|state|material|platform|information|process|diamond|nanofabrication|route|scale|experiment|life|quantum|technology|progress|diamond|quantum|device|emphasis|spin|photon|interface|cavity|device|spin|phonon|transduction|prospect|challenge|diamond|technology
10.1038/s41928-022-00727-9,quantum computer|quantum computing|quantum dot|quantum dot|quantum dot|qubit|semiconductor|manufacture|silicon|spin|qubit|semiconductor|manufacture|facility|lithography|process|scale|integration|million|qubit|potential|semiconductor|manufacture|need|silicon|fabrication|electron|beam|lithography|exception|lift|yield|uniformity|interface|semiconductor|manufacture|facility|lithography|process|nanoscale|gate|pattern|yield|regime|tunnel|barrier|control|feature|fault|qubit|gate|spin|qubit|gate|resonance|electron|regime|relaxation|coherence
10.1103/PhysRevB.105.075313,rashba|spin|orbit|couple|manipulation|hole|spin|qubit|germanium|dipole|spin|resonance|edsr|spin|orbit|couple|soc|dipole|transition|spin|control|way|aspect|progress|germanium|hole|spin|qubit|puzzle|centrosymmetric|dresselhaus|soc|element|proposal|hole|edsr|finite|rashba|soc|hole|hole|spin|control|edsr|rabi|frequency|agreement|range|field|rabi|frequency|mhz|gate|field|ghz|replacement|well|find|understand|hole|spin|qubit|manipulation|principle|gate|speed
10.1038/s41467-022-31231-5,quantum dot|quantum dot|quantum dot|spin|relaxation|electron|graphene|relaxation|electron|spin|parameter|state|spin|qubit|lifetime|information|thank|spin|orbit|interaction|couple|graphene|bilayer|blg|platform|spin|qubit|electron|blg|qds|spin|valley|texture|relaxation|dynamic|spin|relaxation|electron|state|blg|qds|gate|spectroscopy|relaxation|field|value|dependence|spin|split|field|measurement|signal|noise|ratio|relaxation|order|magnitude|carbon|qds|graphene|host|material|spin|qubit|graphene|host|spin|qubit|demonstration|spin|relaxation|qubit|author|measurement|electron|spin|relaxation|bilayer
10.1038/s41586-022-04821-y,quantum network|observation|spin|silicon|quantum|internet|telecommunication|band|photon|matter|interface|photon|matter|interface|subset|demand|effort|silicon|host|scale|state|quantum|technology|platform|photon|microelectronic|industry|host|record|spin|potential|silicon|quantum|platform|detection|photon|spin|interface|silicon|centre|photon|spin|qubit|silicon|structure|spin|telecommunication|band|transition|opportunity|silicon|telecommunication|band|quantum|information|network
10.1364/OL.460836,field|ensemble|nitrogen|vacancy|center|diamond|generation|field|nanoscale|spin|qubit|quantum|memory|challenge|decay|field|spin|density|field|ensemble|nitrogen|vacancy|center|diamond|field|interaction|excitation|center|spin|rotation|bloch|sphere|degree|control|spin|qubit|optica|publish|group
10.1103/PhysRevApplied.17.024022,variability|electron|hole|spin|qubit|interface|roughness|charge|trap|semiconductor|spin|qubit|device|device|variability|presence|spinorbit|mechanism|interface|roughness|charge|trap|inhomogeneity|space|wave|function|spin|property|qubit|order|variability|constraint|quality|material|fabrication|variability|qubit|property|rabi|frequency|disorder|interface|roughness|charge|trap|metal|oxide|semiconductor|device|electron|qubit|spin|orbit|couple|field|micromagnet|qubit|spin|orbit|couple|charge|trap|limit|interface|roughness|rabi|frequency|order|magnitude|implication|spin|qubit|choice|material
10.1038/s41467-022-33453-z,quantum dot|quantum dot|quantum dot|quantum processor|quantum processor|quantum processor|quantum processor|quantum processor|shuttle|qubit|logic|gate|silicon|control|entanglement|qubit|qubit|gate|function|computation|qubit|platform|spin|qubit|silicon|scale|integration|nanofabrication|capability|silicon|qubit|gate|spin|qubit|range|exchange|couple|neighbor|qubit|gate|spin|qubit|spin|shuttle|technology|silicon|coherence|shuttle|spin|qubit|switch|exchange|couple|ratio|spin|coherence|shuttle|neighbor|dot|mode|exchange|control|qubit|phase|gate|fidelity|benchmarke|combination|phase|shuttle|qubit|array|path|link|silicon|requirement|scale|quantum|computation
10.1103/PhysRevB.105.024507,superconductor|nanoscale|noise|magnetometry|spin|qubit|magnetometry|spin|qubit|probe|superconductor|material|field|noise|qubit|location|spin|fluctuation|sample|polarization|decay|qubit|noise|fluctuation|function|temperature|sample|probe|distance|information|transition|phase|pair|symmetry|superconductor|temperature|contribution|noise|fluctuation|mode|monolayer|plasmon|bilayer|josephson|plasmon|noise|spin|fluctuation|spin|structure|wave|function|route|physics|superconductor
10.1038/s41467-022-31618-4,quantum dot|quantum dot|quantum system|quantum device|quantum memory|body|spin|environment|coherence|storage|fidelity|shoot|qubit|nuclear|electron|spin|spin|coherence|author|coherence|spin|ensemble|electron|spin|qubit|semiconductor|interest|state|spin|electron|spin|qubit|qubit|spin|coherence|electron|spin|ingaas|semiconductor|spin|coherence|couple|electron|spin|decoherence|mechanism|diffusion|fluctuate|electron|spin|understand|body|coherence|spin|electron|spin|qubit|demonstration|gate|electron|spin|state|spin|coherence|shoot|readout|electron|spin|qubit|fidelity
10.1038/s41467-022-28133-x,defect|qubit|monolayer|transition|metal|material|platform|state|spin|qubit|throughput|initio|simulation|author|defect|center|monolayer|group|transition|metal|dichalcogenide|potential|qubit|control|material|paradigm|realization|qubit|fabrication|gate|room|temperature|information|science|defect|transition|metal|dichalcogenide|tmds|state|spin|qubit|throughput|simulation|defect|tmds|lie|band|gap|triplet|ground|state|depth|presence|transition|triplet|singlet|intersystem|cross|defect|qubit|initialization|principle|qubit|interlayer|interaction|structure|qubit|isolation|protection|qubit|device|pathway|room|temperature|spin|qubit|tmds
10.1103/PhysRevB.106.155412,quantum dot|spin|resonance|bichromatic|spin|resonance|edsr|tool|semiconductor|spin|qubit|frequency|variant|edsr|tone|drive|frequency|resonance|condition|spin|larmor|frequency|sum|drive|frequency|flop|mode|gate|electron|spin|orbit|interaction|parameter|dependence|rabi|frequency|bloch|siegert|shift|control|spin|qubit|architecture|edsr|scheme|qubit|gate
10.1038/s41467-021-27880-7,quantum dot|quantum dot|quantum dot|control|hole|spin|qubit|germanium|hole|spin|qubit|germanium|candidate|qubit|control|author|rabi|oscillation|record|frequency|mhz|hole|germanium|hut|wire|spin|orbit|interaction|hole|gate|speed|coherence|core|measure|viability|qubit|spin|orbit|interaction|soi|interaction|hole|germanium|candidate|spin|qubit|control|spin|manipulation|hole|germanium|hut|wire|ghw|soi|rabi|frequency|mhz|field|record|spin|qubit|control|semiconductor|soi|hole|ghw|spin|orbit|length|gate|gate|potential|control|hole|spin|qubit|requirement|criterion|information|processor
10.1038/s41534-022-00645-w,quantum computer|quantum computer|quantum dot|quantum algorithm|quantum processor|control|electron|spin|qubit|silicon|field|silicon|spin|qubit|progress|silicon|device|fabrication|century|scale|scalability|advantage|silicon|technology|million|qubit|challenge|qubit|microwave|dielectric|resonator|way|field|spin|qubit|control|quantum|chip|microwave|source|spin|resonance|electron|microwave|field|spin|rabi|oscillation|electron|spin|qubit|planar|simos|device|field|chip|observation|qubit|control|resonator|pathway|scale|control|spin
10.1038/s41928-022-00722-0,quantum computing|quantum computing|hole|spin|qubit|field|transistor|kelvin|challenge|scalability|computer|issue|silicon|chip|billion|field|transistor|device|quantum|temperature|electron|hole|gate|spin|qubit|hardware|control|electron|chip|qubit|gate|temperature|heat|dissipation|silicon|fin|field|transistor|spin|qubit|control|hole|spin|frequency|mhz|qubit|gate|fidelity|fault|tolerance|threshold|rabi|oscillation|quality|factor|device|industry|compatibility|quality|way|fin|transistor|hole|spin|qubit|temperature|scale|electron|package
10.1103/PhysRevB.106.075415,quantum dot|quantum dot|quantum gate|theory|silicon|spin|qubit|relaxation|spin|orbit|field|theory|electron|silicon|spin|qubit|relaxation|presence|field|gradient|field|gradient|chip|micromagnet|spin|qubit|valley|envelope|function|theory|electron|wave|function|silicon|roughness|interface|presence|layer|step|interface|presence|field|spin|mechanism|model|measurement|qubit|relaxation|silicon|presence|micromagnet|field|gradient|edsr|rabi|frequency|quality|factor|silicon|spin|qubit|detail|interface|roughness|interface|micromagnet|rise|reduction|edsr|frequency|interval|field|strength
10.1103/PhysRevLett.129.040501,quantum dot|visibility|singlet|triplet|qubit|gate|energy|tunneling|estimation|energy|tunneling|readout|parameter|estimation|electron|spin|qubit|gaas|array|optimization|readout|fidelity|shoot|measurement|adaptive|initialization|qubit|frequency|estimation|realtime|bayesian|inference|qubit|gate|frequency|mode|increase|coherence|polarization|frequency|feedback|oscillation|visibility|shoot|measurement|fidelity|gate|fidelity|improvement|capability|gaas|spin|qubit|sensitivity|energy|tunneling|spin|conversion|limit|control|protocol|error|mitigation|scheme|qubit|parameter|calibration|signal|noise|ratio
10.1103/PhysRevMaterials.6.086201,principle|transition|metal|dopant|spin|qubit|center|state|material|role|information|science|spin|qubit|year|resonance|odmr|ground|state|spin|transition|metal|dopant|transition|metal|ion|spin|qubit|ligand|field|theory|requirement|type|spin|qubit|scheme|density|theory|transition|metal|ligand|structure|host|feasibility|charge|transition|level|excitation|state|structure|relaxation|energy|mxn|show|valence|state|state|level|structure|spin|transition|emission|lifetime|structure|spin|polarization|transition|rate|suggestion|transition|metal|ion|solid
10.1007/s12034-021-02621-0,quantum dot|quantum device|silicon|qubit|technology|progress|prospect|advancement|field|nanofabrication|qubit|technology|forefront|computation|thank|silicon|foundation|computation|candidate|metal|oxide|semiconductor|quantum|architecture|review|article|physics|qubit|gate|article|overview|state|art|technology|progress|field|charge|spin|qubit|heterostructure|decade|emphasis|challenge|accomplishment|field|charge|spin|qubit|technology|article|prospect|qubit|technology|measure|realization
10.1109/JSSC.2022.3174605,quantum dot|cryo|cmos|wideband|quadrature|receiver|frequency|synthesizer|readout|silicon|spin|qubit|article|cryo|cmos|receiver|synthesizer|readout|qubit|radio|frequency|reflectometry|readout|silicon|semiconductor|spin|spin|qubit|readout|chip|noise|amplifier|lna|quadrature|mixer|filter|pair|phase|quadrature|frequency|amplifier|chain|type|charge|pump|phase|loop|frequency|divider|oscillator|signal|noise|optimization|lna|quadrature|mixer|mode|voltage|oscillator|vco|power|phase|noise|frequency|tune|range|circuit|modification|consideration|temperature|gate|measurement|receiver|gain|noise|figure|ghz|image|rejection|ratio|power|consumption|cryo|cmos|receiver|frequency|synthesizer|spin|qubit|readout|step|qubit|readout|control
10.1038/s41467-022-28519-x,quantum dot|quantum dot|quantum dot|quantum dot|quantum dot|quantum gate|charge|noise|spectroscopy|exchange|oscillation|electron|spin|silicon|qubit|coherence|fabrication|potential|control|charge|noise|host|semiconductor|obstacle|fidelity|qubit|gate|device|charge|noise|spectrum|singlet|triplet|qubit|decade|frequency|combination|exchange|oscillation|pulse|qubit|evolution|charge|noise|frequency|range|measurement|exponent|change|frequency|charge|noise|spectrum|conductance|measurement|sensor|oscillation|singlet|triplet|qubit|transport|measurement|charge|noise|frequency|range|sige|charge|noise|limitation|fidelity|semiconductor|qubit|author|charge|noise|spectroscopy|electron|spin|qubit|silicon|decade|frequency
10.1103/PhysRevA.106.022608,quantum computing|quantum computing|quantum gate|trapped ion|picosecond|ion|qubit|manipulation|spin|phonon|entanglement|resonant|laser|pulse|spin|phonon|entanglement|spin|momentum|kick|sdks|gate|robustness|scalability|sdks|nanosecond|timescale|resonant|raman|transition|laser|pulse|sequence|perturbation|pulse|pattern|realization|qubit|manipulation|spin|phonon|entanglement|picosecond|sdks|resonant|laser|pulse|field|qubit|state|experiment|sdks|noise|ion|spin|qubit|improvement|speed|order|magnitude|need|pattern|sequence|perturbation|pulse|noise|scale|ion|sdks
10.1109/JETCAS.2022.3201980,quantum dot|quantum system|methodology|silicon|spin|qubit|control|cryo|cmos|electron|year|growth|advancement|qubit|technology|hardware|platform|era|scale|quantum|nisq|challenge|qubit|amount|cmos|circuit|qubit|instantiation|control|readout|temperature|methodology|simulation|silicon|spin|qubit|cryo|cmos|circuit|spin|qubit|addition|procedure|integration|flow|usability|practice|readout|qubit|cmos|chip|way|simulation|environment|capture|qubit|cryo|cmos|circuit|opportunity|future
10.1039/d2dt01564a,quantum computer|change|relaxation|mononuclear|complex|advance|magnetism|construction|nanomagnet|qubit|utilization|density|datum|storage|material|mononuclear|coordination|compound|spin|value|candidate|endeavour|knowledge|construction|spin|center|relaxation|magnetisation|environment|scaffold|depth|insight|difference|relaxation|monometallic|transition|metal|complex|proof|principle|complex|ion|ligand|environment|property|difference|symmetry|relaxation|series|symmetry|distortion|crystal|pack|relaxation|behaviour|platform|construction|transition|metal|ion|future|investigation|relaxation|distortion
10.1038/s41467-022-32236-w,quantum computer|quantum dot|quantum dot|couple|impedance|resonator|semiconductor|singlet|triplet|spin|qubit|qubit|resonator|mechanism|distance|gate|spin|material|spin|photon|couple|interaction|spin|qubit|resonator|singlet|triplet|qubit|impedance|resonator|couple|qubit|resonator|frequency|energy|split|qubit|function|amplitude|frequency|microwave|signal|resonator|antinode|resonator|frequency|couple|amplitude|drive|regime|couple|mhz|mechanism|qubit|resonator|couple|stone|fidelity|qubit|gate|resonator|couple|qubit|resonator|interaction|qubit|author|couple|singlet|triplet|qubit|semiconductor|impedance|resonator
10.1063/5.0088155,quantum computer|quantum entanglement|quantum repeater|bell state|bell state|measurement|diamond|spin|symmetry|field|symmetry|space|spin|qubit|role|manipulation|information|field|spin|manipulation|readout|symmetry|competition|quantization|axis|field|purity|entanglement|entanglement|field|competition|quantization|axis|fidelity|measurement|core|element|quantum|process|carbon|spin|vicinity|diamond|nitrogen|vacancy|center|demonstration|entanglement|manipulation|phase|microwave|field|quantization|axis|field|scheme|fidelity|entanglement|process|field|integration|spin|qubit|way|fault|network
10.1103/PhysRevB.106.235309,quantum computer|quantum dot|quantum dot|state|initialization|spin|qubit|measurement|feedback|control|measurement|quantum|feedback|protocol|spin|state|initialization|gate|spin|qubit|cavity|protocol|state|initial|ization|spin|fidelity|fidelity|feature|qubit|initialization|protocol|herein|temperature|effort|number|qubit
10.1038/s41699-022-00336-2,quantum sensor|principle|theory|spin|qubit|coherence|boron|nitride|boron|vacancy|boron|nitride|qubit|platform|material|state|quantum|spin|coherence|microsecond|spin|bath|host|coherence|property|spin|qubit|potential|spin|qubit|candidate|material|engineering|spin|body|computation|density|theory|cluster|correlation|expansion|boron|atom|isotope|coherence|enhancement|spin|factor|addition|factor|curvature|herein|curvature|strain|quadrupole|interaction|spin|flip|flop|dynamic|bath|combination|enrichment|engineering|spin|qubit|potential|material|platform|precision|quantum|spin|register|quantum|magnet
10.1103/PhysRevA.105.032611,quantum dot|quantum dot|quantum dot|spin|charge|degree|freedom|semiconductor|manuscript|scheme|electron|semiconductor|spin|qubit|electron|semiconductor|charge|qubit|quantum|dot|configuration|electron|semiconductor|charge|qubit|spin|qubit|zeeman|sublevel|qubit|gate|gate|swap|gate|semiconductor|spin|qubit|memory|semiconductor|charge|qubit
10.1021/acsphotonics.1c01775,silicon|carbide|photon|quantum|technology|decade|bulk|growth|silicon|carbide|sic|advance|rise|device|highpower|frequency|sic|property|device|sic|material|property|material|range|fluorescence|color|center|photon|emitter|spin|qubit|computation|communication|network|quantum|sense|combination|property|device|sensor|technology|domain|perspective|progress|trend|prospect|science|technology|device|step|quality|component|challenge|face|relevance|technology|potential|gap|quantum|photon|outlook|photon|electron|spintronic
10.1038/s41467-022-35510-z,quantum dot|quantum dot|quantum|well|concentration|scale|array|quantum|dot|spin|qubit|sige|quantumwell|energy|split|valley|state|conduction|band|minima|proposal|valley|split|interface|modification|quantum|well|barrier|heterostructure|wiggle|whosekey|feature|isge|concentration|oscillation|quantum|quantum|ability|electron|valley|split|calculation|tunability|valley|split|concentration|fluctuation|presence|heterostructure|enhancement|concentration|oscillation|prediction|heterostructure|point|valley|split|qubit|device
10.1021/acs.nanolett.2c01561,quantum communication|enhancement|erbium|ion|silicon|nanocavitie|state|defect|telecom|transition|photon|emitter|qubit|distance|network|telecom|defect|erbium|photon|emission|rate|enhancement|cavity|host|erbium|ion|incorporation|photon|platform|fabrication|qubit|device|cmos|telecom|qubit|erbium|titanium|dioxide|film|silicon|insulator|substrate|heterostructure|crystal|cavity|quality|factor|excess|purcell|emission|rate|erbium|ensemble|excess|material|platform|step|telecom|quantum|memory|qubit|architecture|silicon|technology
10.1103/PhysRevB.106.115439,quantum dot|quantum dot|quantum dot|quantum dot|quantum dot|quantum system|charge|susceptibility|nonequilibrium|state|qubit|quest|information|qubit|interest|charge|response|gate|voltage|charge|susceptibility|quantity|nonequilibrium|expression|existence|line|maxima|function|dot|level|energy|action|bias|voltage|frequency|limit|capacitance|charge|relaxation|resistance|quantum|circuit|difference|range|variation|series|parallel|triplet|state|order|situation|spin|resonator|phase|response|agreement|observation|spin|qubit|wealth|information|knowledge|charge|susceptibility|spin|qubit
10.1103/PhysRevLett.129.066801,quantum computing|quantum dot|quantum dot|quantum processor|spin|photon|interaction|spin|qubit|silicon|platform|spin|qubit|micrometer|distance|challenge|architecture|transversal|interaction|qubit|microwave|resonator|spin|state|photon|interaction|backaction|qubit|yield|qubit|qubit|couple|gate|fidelity|couple|spin|photon|interaction|photon|couple|phase|qubit|spin|photon|interaction|state|art|hole|spin|qubit|transversal|field|direction|way|interaction|protocol|fidelity|qubit|gate|protocol|temperature|way|scale
10.1364/JOSAB.435409,nitrogen vacancy|quantum state|quantum system|quantum system|center|flux|qubit|resonator|hybrid|flux|qubit|spin|center|diamond|quality|resonator|namr|motion|namr|spin|flux|qubit|couple|strength|namr|spin|flux|qubit|khz|order|magnitude|spin|qubit|couple|transfer|decoherence|way|information|process|state|society|america
10.1103/PhysRevX.12.021026,quantum dot|spin|spin|couple|microwave|photon|couple|electron|spin|distance|microwave|photon|spin|silicon|end|resonator|spin|photon|couple|mhz|spin|resonance|photon|cross|spin|linewidth|exchange|mhz|addition|photon|number|state|shift|mhz|spin|frequency|observation|regime|circuit|quantum|electrodynamic|spin|spin|spin|couple|photon|range|qubit|gate|spin|qubit|network|spin|qubit|chip
10.1103/PhysRevB.105.165308,quantum computing|quantum computing|origin|valley|split|silicon|quantum|well|superlattice|barrier|valley|split|sige|heterostructure|silicon|spin|qubit|sige|heterostructure|feature|monolayer|layer|silicon|quantum|valley|split|mev|challenge|valley|split|realization|none|complexity|heterostructure|substrate|superlattice|barrier|sacrifice|valley|split|value|mev|number|period|mev|spin|qubit|mechanism|valley|split|barrier|presence|barrier|exception|barrier|miniband|state|couple|valley|find|foundation|valley|split|issue|heterostructure|experiment
10.1038/s41565-022-01196-z,hole|spin|coherence|silicon|gate|spot|decouple|hole|spin|qubit|silicon|charge|noise|control|spin|coherence|semiconductor|spin|qubit|spin|orbit|state|field|excitation|qubit|control|spin|susceptibility|qubit|noise|coherence|spin|orbit|qubit|hole|silicon|metal|oxide|semiconductor|device|field|orientation|existence|gate|spot|impact|charge|noise|dipole|spin|control|extension|hahn|echo|coherence|order|magnitude|value|hole|spin|qubit|state|art|electron|spin|qubit|spin|orbit|couple|silicon|find|prospect|silicon|hole|spin|qubit|information|process
10.1126/sciadv.abn5130,quantum error correction|quantum processor|quantum processor|quantum processor|quantum processor|qubit|silicon|gate|fidelity|silicon|spin|qubit|criterion|information|process|demonstration|fidelity|state|preparation|readout|fidelity|qubit|gate|qubit|sige|state|preparation|fidelity|qubit|control|fidelity|gate|gate|tomography|benchmarke|potential|silicon|spin|qubit|technology|scale
10.1103/PhysRevApplied.18.064028,quantum algorithm|quantum error correction|quantum system|fidelity|state|preparation|quantum|control|readout|silicon|spin|qubit|fidelity|order|control|fidelity|silicon|spin|qubit|state|fidelity|electron|temperature|amplifier|qubit|readout|visibility|threshold|device|qubit|control|fidelity|silicon|spin|qubit|gate|fidelity
10.1038/s41563-021-01148-3,quantum network|fabrication|nanophotonic|waveguide|integration|silicon|carbide|colour|centre|spin|coherence|colour|centre|quantum|information|platform|coherence|degradation|integration|nanostructure|scalability|author|waveguide|centre|spin|coherence|fidelity|spin|qubit|gate|spin|defect|silicon|carbide|sic|platform|information|process|nanofabrication|device|control|semiconductor|industry|scalability|scale|demand|integration|structure|spin|photon|interface|degradation|spin|coherence|integration|structure|potential|centre|platform|implantation|silicon|vacancy|centre|sic|deterioration|spin|property|lifetime|photon|emission|spin|coherence|defect|bulk|waveguide|reactive|ion|advantage|spin|coherence|centre|waveguide|gate|spin|qubit|step|fault|information|distribution|cavity|quantum|electrodynamic
10.1103/PhysRevApplied.17.054006,quantum computer|quantum dot|quantum dot|flop|mode|dipole|spin|resonance|phosphorus|donor|qubit|silicon|spin|qubit|phosphorus|donor|silicon|candidate|scale|coherence|control|hurdle|scale|challenge|frequency|field|control|nanometre|scale|proposal|flop|mode|dipole|spin|resonance|qubit|electron|spin|state|phosphorus|donor|advantage|donor|number|donor|nucleus|multidonor|dot|spin|state|multielectron|occupation|field|gradient|charge|noise|device|qubit|gate|qubit|interaction|spin|gate|error|rate|noise|charge|noise|environment|epitaxial|phosphorus|silicon|qubit|realization|couple|qubit|microwave|cavity|distance|qubit|gate
10.1103/PhysRevB.106.L201305,quantum computer|topological quantum|interference|parity|blockade|transport|majorana|box|majorana|box|nanowire|superconductor|build|block|device|physics|architecture|charge|transport|majorana|box|current|majorana|couple|lead|parity|analogy|pauli|spin|blockade|spin|qubit|parity|blockade|fidelity|qubit|initialization|readout|current|measurement|decoherence|transport|majorana|box|box|majorana|andreev|state
10.3390/electronics11040526,circuit|electron|spin|qubit|today|electron|spin|qubit|silicon|platform|fabrication|quantum|microprocessor|thousand|qubit|silicon|order|supremacy|barrier|microelectronic|engineer|cmos|technology|manipulation|electron|circuit|circuit|rfic|vco|lna|mixer|availability|qubit|role|rfic|report|circuit|electron|spin|qubit|limitation
10.1103/PhysRevApplied.18.L061003,quantum dot|quantum dot|quantum network|cluster state|cluster state|cluster state|generation|molecule|generation|step|realization|measurement|computation|protocol|proposal|generation|state|source|photon|emission|conversion|protocol|photon|emission|source|challenge|term|conception|generation|spin|photon|interface|hole|spin|qubit|molecule|protocol|difficulty|proposal|way|realization|multiqubit|state|production|rate|fidelity|scheme
10.1038/s41534-022-00639-8,quantum computer|quantum dot|quantum error correction|quantum error correction|phase|flip|code|semiconductor|spin|qubit|fault|gate|qubit|requirement|spin|qubit|potential|number|compatibility|semiconductor|manufacture|code|qubit|array|germanium|swap|gate|gate|toffoli|qubit|gate|qubit|phase|flip|code|state|datum|qubit|refocus|pulse|ancilla|qubit|addition|phase|flip|code|qubit|toffoli|gate|correction|step|quality|quantity|qubit|improvement|fault|tolerance|capability|code|hardware|software|code|property|spin|qubit|advance|fabrication|gate|semiconductor|quantum|technology
10.1038/s41586-022-04819-6,quantum algorithm|quantum network|quantum error correction|quantum processor|fault|gate|qubit|diamond|state|spin|qubit|platform|computation|experiment|quality|control|elementary|error|scale|error|qubit|fault|computation|imperfection|way|challenge|quantum|fault|gate|qubit|spin|qubit|diamond|qubit|code|flag|protocol|tolerance|total|qubit|protocol|measurement|encode|scheme|manipulate|qubit|set|qubit|clifford|gate|stabilizer|measurement|process|outcome|measurement|fault|improvement|fidelity|number|qubit|error|rate|error|rate|realization|fault|protocol|qubit|level|step|information|process|state|spin
10.1109/TASC.2022.3148965,quantum computing|quantum dot|quantum dot|impedance|amplifier|readout|sensor|amplifier|band|gigahertz|improvement|prospect|ultralow|noise|limitation|integration|amplifier|experiment|speed|impedance|engineering|flux|josephson|parametric|amplifier|jpa|mhz|impedance|transformer|transformer|jpa|state|art|value|mhz|gain|amplifier|readout|sensor|reflectometry|spin|qubit
10.1145/3474222,quantum computing|superconducting qubit|quantum circuit|quantum algorithm|quantum algorithm|quantum processor|quantum processor|openql|programming|framework|quantum|accelerator|potential|algorithm|level|language|hardware|detail|task|programming|language|programming|interface|algorithm|compiler|program|target|hardware|constraint|quantum|gate|qubit|connectivity|control|electron|limitation|article|programming|framework|openql|level|quantum|programming|language|quantum|compiler|programming|interface|openql|layer|compiler|portability|qubit|technology|experiment|openql|execution|level|algorithm|qubit|technology|spin|qubit|code|openql|quantum|assembly|code|technology|simulator
10.1038/s42005-022-01041-8,quantum computer|quantum computing|quantum gate|quantum algorithm|quantum|control|spin|qubit|nanomagnet|qubit|gate|component|address|qubit|qubit|point|region|lattice|spin|qubit|nanoscale|challenge|difficulty|divergence|field|volume|space|herein|spin|qubit|voltage|control|nanoscale|magnetism|voltage|control|anisotropy|frequency|nanomagnet|field|frequency|spin|volume|phase|drive|qubit|fidelity|fault|qubit|gate|gate|ten|femto|joule|gate|gate|lossless|field|control|realization|manufacture
10.1103/PhysRevApplied.18.054090,quantum computing|quantum dot|quantum dot|quantum|control|hole|spin|qubit|hole|spin|qubit|semiconductor|qds|candidate|information|process|couple|spin|orbit|couple|gate|control|hole|spin|qubit|drive|protocol|fidelity|protocol|ramp|pulse|landau|passage|drive|spin|orbit|couple|charge|noise|qubit|manipulation|robustness|qubit|initialization|twoqubit|gate|cnot|gate|hole|spin|fidelity|capability|hole|gate
10.1016/j.physe.2022.115199,quantum system|engineering|shortcut|gate|nitrogen|vacancy|spin|qubit|photon|drive|control|significance|information|process|state|engineering|scheme|shortcut|gate|nitrogen|vacancy|spin|qubit|photon|drive|spin|qubit|cavity|field|state|subspace|interaction|drive|invariant|shortcut|adiabaticity|state|swap|pulse|cosine|waveform|generation|state|rabi|pulse|rate|qubit|decoherence|photon|decay|gate|noise|avenue|shortcut|gate|spin|photon
10.1103/PhysRevApplied.18.064082,control|cavity|iswap|gate|silicon|spin|qubit|semiconductor|spin|qubit|cavity|qubit|gate|fidelity|gate|variety|error|mechanism|charge|noise|phonon|cavity|loss|transition|state|electron|silicon|excitation|valley|eigenstate|error|source|valley|degree|freedom|cavity|qubit|iswap|gate|valley|split|relative|interdot|tunnel|couple|qubit|valley|excitation|limiter|fidelity|qubit|gate|addition|trade|exposure|error|source|operate|regime|device|improvement|impact|fidelity|cavity|spin|iswap|gate|impact|charge|noise|relaxation|favor|gate|regime|qubit|sensitivity|source|noise|combination|noise|valley|physics|shift|regime|qubit|spin|photon|couple|gate|regime|limitation|need|landau|transition|gate
10.1103/PhysRevB.106.L180406,bell state|bell state|entanglement|state|generation|spin|qubit|couple|dynamic|spin|qubit|medium|framework|qubit|magnet|hybrid|term|state|property|medium|couple|spin|qubit|entanglement|environment|absence|couple|qubit|state|scheme|postselection|situation|evolution|entanglement|hamiltonian|phase|point|resultant|perturbation|preparation|state|information|science|quantum|spintronic|quantum|correlation
10.1103/PhysRevApplied.17.054007,quantum dot|spin|photon|couple|qubit|device|silicon|spin|component|semiconductor|quantum|process|architecture|spin|qubit|manipulation|longdistance|entanglement|microwave|photon|spin|dipole|spin|orbit|mechanism|qubit|couple|microwave|photon|donor|spin|qubit|device|silicon|interaction|donor|spin|orbit|couple|electron|tunnel|donor|pair|spin|photon|couple|assumption|experiment|dqds|silicon|difference|spin|photon|couple|device|condition|need|field|gradient
10.1021/acs.nanolett.2c03034,quantum dot|quantum dot|quantum dot|quantum dot|quantum state|quantum simulator|nanotube|multi|device|environment|interest|information|science|technology|carbon|nanotube|crystal|atom|structure|arrangement|surface|multielectrode|circuit|condition|growth|nanotube|gate|electrode|ridge|charge|fluctuator|substrate|quality|charge|stability|diagram|transport|measurement|range|tunneling|electron|leave|way|realization|generation|matter|device|environment|spin|qubit|qubit
10.1103/PhysRevLett.128.067702,quantum dot|quantum dot|quantum dot|pauli|blockade|electron|spin|valley|state|graphene|pauli|blockade|mechanism|carrier|transport|selection|rule|manifestation|pauli|exclusion|principle|mechanism|spin|qubit|pauli|spin|blockade|gaas|qds|degree|freedom|valley|quantum|number|carbon|material|silicon|experiment|bilayer|spin|valley|state|observation|electron|blockade|physic|dot|switch|ground|state|gate|field|tune|switch|selection|rule|spin|triplet|valley|singlet|ground|state|valley|blockade|spin|singlet|valley|triplet|ground|state|spin|blockade
10.1007/s11128-022-03707-2,quantum computer|quantum computer|quantum measurement|spin|hold|sense|spin|spin|spin|interaction|experiment|factor|quantum|spin|tunneling|quantum|limit|approximate|spin|qubit|spin|energy|spin|qubit|expense|spin|relaxation|piece|puzzle|quantum|erasure|term|spin|quantum|limit
10.1103/PhysRevA.106.L030402,quantum communication|emitter|spin|ground|state|exciton|znse|defect|band|gap|semiconductor|qubit|candidate|computation|semiconductor|host|material|band|gap|potential|purification|spin|background|type|photon|emitter|electron|spin|qubit|impurity|znse|quantum|well|energy|donor|emission|photon|emission|lifetime|ground|state|donor|complex|electron|electron|satellite|emission|electron|state|zeeman|split|exciton|transition|polarization|spectroscopy|emitter|impurity|photon|source|interface
10.1103/PhysRevB.105.085414,quantum gate|quantum processor|qubit|gate|spin|qubit|array|challenge|semiconductor|presence|crosstalk|error|control|gate|neighbor|qubit|spin|qubit|array|qubit|qubit|gate|gate|qubit|gate|qubit|gate|cnot|gate|impact|crosstalk|drive|qubit|gate|cnot|cphase|gate|cnot|gate|arrangement|cnot|gate|crosstalk|crosstalk|error|control|protocol
10.1098/rsta.2021.0275,quantum dot|quantum dot|quantum dot|adiabatic quantum|control|array|exchange|decomposition|semiconductor|spin|qubit|range|exchange|couple|spin|way|quantum|gate|qubit|exchange|voltage|gate|electrode|value|applicability|protocol|device|dot|spin|state|transfer|chain|manner|decomposition|way|invariant|pulse|device|control|extensibility|shuttle|spin|state|lattice|article|part|theme|issue|shortcut|adiabaticity|interdisciplinary|perspective
10.1103/PhysRevApplied.18.024053,quantum computer|quantum computer|spiderweb|array|spin|qubit|array|bottleneck|pursuit|scale|chip|number|control|signal|qubit|size|number|terminal|chip|control|electron|quantum|dot|spin|qubit|architecture|chip|control|electron|reduction|number|connection|chip|boundary|qubit|array|space|sampleand|hold|circuit|inhomogeneity|landscape|array|majority|control|signal|qubit|gate|circuit|model|software|draw|component|layout|feasibility|scheme|floor|plan|estimate|footprint|quantum|electron|rout|signal|line|chip|interconnect|layer|demultiplexe|circuit|signal|connection|scale|rent|exponent|asp|datum|state|art|spin|qubit|microelectronic|technology|circuit|simulation|gate|frequency|power|consumption|qubit|array|architecture|scheme|quantum|hardware|challenge|fault|quantum|computation|gap|cmos
10.1103/PhysRevB.105.075308,quantum dot|quantum dot|hole|spin|qubit|nanowire|interplay|field|growth|direction|hole|spin|qubit|quasi|structure|platform|information|process|spin|orbit|interaction|soi|device|soi|semiconductor|field|value|qubit|field|response|spin|qubit|hole|influence|field|device|description|renormalization|factor|spot|nanowire|factor|charge|noise|energy|dependence|soi|field|property|nws|cross|section|one|gate|channel|heterostructure|band|ground|state|field|gate|factor|spot|calculation|spot|maximum|soi|qubit|rabi|frequency|factor|nws|symmetry|axis|semiconductor|growth|direction|nonisotropic|nws|axis|soi|isotropic|approximation
10.1038/s41467-022-28302-y,quantum dot|quantum dot|silicon|singlet|triplet|qubit|spin|valley|couple|spin|orbit|electron|silicon|heterointerface|mean|electron|spin|qubit|complexity|chip|micromagnet|coplanar|stripline|singlet|triplet|qubit|mode|qubit|evolution|frequency|excess|mhz|mean|control|logic|gate|orthogonality|qubit|mode|experiment|charge|noise|power|spectrum|silicon|metal|oxide|semiconductor|addition|qubit|frequency|drift|timescale|frequency|noise|charge|noise|power|density|mhz|dependence|order|magnitude|noise|frequency
10.1063/5.0088576,wafer|scale|disorder|sige|sige|heterostructure|pressure|chemical|vapor|deposition|stack|layer|barrier|degree|sige|heterostructure|field|transistor|semiconductor|dielectric|interface|electron|gas|transport|property|wafer|mobility|percolation|density|shubnikov|haas|oscillation|particle|relaxation|mobility|quantum|level|dingle|ratio|range|impurity|disorder|environment|spin|qubit
10.1038/s41928-021-00687-6,quantum computer|quantum dot|quantum dot|quantum dot|quantum dot|quantum device|cryo|cmos|chip|silicon|readout|electron|circuit|industry|metal|oxide|semiconductor|technology|silicon|address|analogue|readout|electron|complexity|technology|spin|qubit|silicon|scalability|spin|metal|oxide|semiconductor|cmos|electron|principle|chip|quantum|circuit|industry|cmos|technology|millikelvin|circuit|cmos|technology|silicon|quantum|dot|array|support|electron|architecture|array|architecture|microwave|element|resonator|sense|charge|state|transistor|column|row|distribution|chip|frequency|division|multiplexing|resource|footprint|readout
10.1021/jacs.2c08729,ligand|field|contribution|qubit|spin|relaxation|anisotropy|electron|spin|relaxation|transition|metal|complex|limitation|growth|information|science|observable|spin|relaxation|mechanism|proliferation|spin|relaxation|anisotropy|electron|resonance|probe|spin|dynamic|library|complex|spin|hamiltonian|anisotropy|spin|relaxation|anisotropy|spin|orbit|wave|function|theory|anisotropy|anisotropy|compound|compound|deviation|anisotropy|ligand|field|state|couple|spin|relaxation|density|theory|anisotropy|spin|relaxation|anisotropy|understand|spin|phonon|couple|relaxation|mechanism|temperature|relaxation|rate|metric|spin|qubit
10.1103/PRXQuantum.3.040328,quantum bit|quantum sensor|spin|dynamic|diamond|surface|dynamic|environment|realization|information|process|metrology|nitrogen|vacancy|center|diamond|dynamic|spin|ensemble|diamond|surface|density|surface|spin|contribution|decoherence|center|spin|qubit|surface|spin|space|center|depth|surface|spin|contribution|center|induction|decay|expo|power|observation|position|surface|spin|measurement|measurement|tran|sition|gaussian|decay|transition|competition|decay|contribution|spin|couple|spin|surface|observation|potential|sensor|pathway|spin|qubit|surface
10.1038/s41534-022-00647-8,quantum gate|qubit|gate|pair|clock|qubit|molecule|coherence|spin|qubit|clock|transition|field|molecule|direction|crystal|kind|inversion|molecule|herein|possibility|field|qubit|qubit|space|couple|molecule|crystal|evolution|operate|point|point|view|phonon|sequence|microwave|field|pulse|control|qubit|operate|space|qubit|state|spin|bath|phonon|bath|decoherence|qubit|gate|correspondence|stimulus|gate|evolution|qubit|state|qubit|subspace|interaction|clock|molecule
10.1103/PhysRevB.105.245308,qubit|gate|charge|noise|silicon|crosstalk|network|fidelity|qubit|gate|silicon|spin|qubit|charge|noise|charge|noise|qubit|echo|pulse|crosstalk|complication|network|component|pulse|sequence|qubit|gate|robust|charge|noise|error|crosstalk|account|scenario|scenario|electron|dipole|spin|resonance|drive|crosstalk|sequence|order|magnitude|improvement|cosine|pulse|scenario|electron|spin|resonance|drive|crosstalk|control|field|optimization|network|order|magnitude|improvement|crosstalk
10.1002/qute.202200044,bell state|symmetry|level|center|spin|photon|interface|qubit|candidate|nisq|technology|advance|scale|quantum|nisq|era|color|center|semiconductor|spin|localization|spin|qubit|candidate|nisq|technology|color|center|prerequisite|context|symmetry|level|qubit|set|center|symmetry|qubit|noise|triplet|qubit|hamiltonian|coulomb|interaction|spin|orbit|couple|spin|spin|interaction|combination|principle|calculation|group|theory|spin|phonon|interface|spin|polarization|loop|interrogation|information|level|way|quantum|information|science|center|qubit|candidate|nisq|era
10.1103/PhysRevLett.128.126803,quantum dot|quantum dot|dynamic|hole|singlet|triplet|qubit|factor|difference|spin|orbit|interaction|state|spin|qubit|field|hole|qubit|manipulation|depth|understand|interaction|hole|rashba|spin|orbit|interaction|mix|spin|state|singlet|triplet|oscillation|planar|landau|zener|field|direction|spin|orbit|spin|term|site|anisotropic|tensor|insight|hole|spin|orbit|interaction|qubit|experiment
10.1002/adma.202206688,quantum|advantage|engine|fluctuation|energy|theory|experiment|quantum|mechanic|heat|information|engine|efficiency|carnot|limit|engine|source|spintronic|quantum|engine|quantum|asset|chain|spin|qubit|paramagnetic|center|phthalocyanine|molecule|electron|spin|interface|density|calculation|transport|fluctuation|interface|spin|coherence|center|host|spin|flip|nanodevice|generation|output|power|room|temperature|signature|engine|record|spin|polarization|current|interface|electron|spin|selection|feedback|control|current|barrier|quantum|engine|insight|information|technology|spintronic|information|technology|chain|transition|energy
10.1103/PhysRevB.105.245413,quantum dot|charge|noise|multiqubit|decoherence|exchange|spin|qubit|array|interqubit|charge|noise|decoherence|exchange|spin|qubit|array|size|number|multiqubit|geometry|return|probability|behavior|return|probability|quantity|spin|hamming|distance|entanglement|entropy|start|state|spin|arrow|arrow|arrow|power|law|behavior|gamma|fit|chain|ring|geometry|function|number|qubit|exponent|gamma|multiqubit|geometry|expectation|value|spin|hamming|distance|entanglement|proxy|return|probability|find|term|perturbation|theory|breakdown
10.1103/PhysRevX.12.021028,quantum gate|quantum gate|neutral atom|gate|gate|spin|qubit|tweezer|array|atom|array|platform|science|alkaline|earth|atom|aeas|interest|level|structure|opportunity|demonstration|set|gate|spin|qubit|line|cool|image|wavelength|lambda|spin|initialization|qubit|gate|coherence|qubit|gate|fidelity|qubit|gate|rydberg|blockade|control|gate|gate|shift|ion|core|transition|step|tweezer|array
10.1038/s41586-022-04986-6,quantum computer|quantum computing|quantum computing|quantum error correction|quantum error correction|silicon|spin|qubit|scale|qec|information|candidate|platform|device|compatibility|nanofabrication|technology|silicon|spin|qubit|promise|challenge|device|size|prototype|today|scale|advance|silicon|qubit|quality|qubit|qubit|demonstration|qec|qubit|qubit|measurement|feedback|challenge|qubit|phase|code|silicon|qubit|state|phase|flip|error|qubit|correction|state|qubit|rotation|step|itoffoli|gate|error|correction|error|qubit|phase|flip|dephase|phase|noise|qec|potential|silicon|platform|scale
10.1038/s41534-022-00523-5,impact|charge|noise|electron|exchange|interaction|semiconductor|electron|exchange|interaction|medium|entanglement|spin|qubit|semiconductor|speed|qubit|gate|quality|gate|presence|noise|defect|level|fluctuator|date|charge|noise|distribution|exchange|interaction|frequency|qubit|couple|charge|noise|exchange|interaction|reality|couple|linear|approximation|tunnel|couple|qubit|magnitude|charge|noise|expression|spectra|exchange|oscillation|couple|charge|noise|decoherence|profile|exchange|oscillation|experiment|charge|noise|couple|consideration|optimise|exchange|gate
10.1103/PhysRevApplied.17.024068,quantum computing|quantum state|bayesian|tomography|qubit|gate|silicon|benchmarke|logic|gate|device|self|tomography|bayesian|tomography|fbt|qubit|gate|silicon|spin|qubit|device|fbt|self|linearization|approximation|error|advantage|self|fbt|information|benchmarke|characterization|measurement|estimate|matrix|datum
10.1002/anie.202207947,flexibility|potential|qubit|herein|synthesis|interact|centre|value|electron|resonance|epr|electron|spin|qubit|ring|nitroxide|strength|interaction|orientation|relaxation|modulation|enhancement|ridme|spectrum|ring|relationship|resonance|nitroxide|ring|correlation|switchability|interaction|relaxation|dynamic|handle|epr|information|process|qip
10.1126/sciadv.abq0455,measurement|fidelity|spin|qubit|state|preparation|measurement|electron|spin|qubit|spin|charge|conversion|spin|charge|transition|electron|charge|sensor|fidelity|readout|qubit|energy|temperature|temperature|range|measurement|initialization|measurement|voltage|ramp|voltage|state|charge|readout|fidelity|qubit|energy|measurement|fidelity|electron|spin|temperature|gate|number|benefit|energy|readout|feedback|alignment|procedure
10.1063/5.0118582,molecule|material|path|spintronic|quantum|nanodevice|perspective|article|state|perspective|spintronic|spintronic|material|role|chirality|spin|selectivity|chirality|spin|state|spin|qubit|state|challenge|potential|biomolecule|modification|material|purpose
10.1038/s41586-022-04697-y,quantum teleportation|quantum teleportation|quantum network|quantum network|quantum network|quantum network|qubit|teleportation|node|quantum|internet|power|ability|information|transfer|information|node|presence|network|demonstration|node|requirement|entanglement|qubit|readout|coherence|node|network|node|state|spin|qubit|teleporter|entanglement|link|entanglement|swap|node|storage|memory|qubit|preparation|teleporter|qubit|state|fidelity|bind|unit|efficiency|innovation|qubit|readout|procedure|memory|qubit|protection|entanglement|generation|herald|entanglement|infidelity|build|block|door|teleportation|protocol
10.3390/photonics9090617,quantum dot|quantum circuit|prisoner|dilemma|spin|photon|interaction|access|resource|prisoner|dilemma|prisoner|prisoner|dilemma|game|circuit|qubit|gate|spin|photon|interaction|setup|reach|technology|setup|spin|player|qubit|nitrogen|vacancy|center|diamond|cavity|game|photon|logic|gate|cavity|spin|qubit|realization|qubit|gate|game|revival|dilemma|emergence|equilibrium
10.1103/PhysRevA.105.052438,rydberg|ground|architecture|alkaline|atom|array|readout|control|fidelity|rydberg|entanglement|platform|range|quantum|science|property|atom|clock|transition|spin|property|qubit|ground|spin|qubit|atom|control|omg|architecture|couple|state|entanglement|generation|spin|series|rydberg|state|constituent|electron|nucleus|manifold|spin|configuration|spin|qubit|series|spin|configuration|quantum|defect|theory|dynamic|spin|state|clock|rydberg|transition|rabi|frequency|khz|mhz|field|laser|polarization|intensity|purity|gate|fidelity|singlebeam|raman|rotation|spin|qubit|polarization|angle|respect|field|rotation
10.1038/s41534-022-00615-2,quantum computing|quantum dot|conveyor|mode|electron|shuttle|architecture|spin|qubit|register|electron|quantum|computation|qubit|electron|register|choice|fidelity|link|overhead|control|signal|proof|principle|electron|wave|potential|quantum|channel|conveyor|mode|length|sinusoidal|control|signal|tune|signal|parameter|smoothness|electron|motion|mapping|disorder|electron|fidelity|reversal|direction|device|fabrication|sige|qubit|chip|way|signal|fanout|semiconductor|quantum|architecture
10.1038/s41586-021-04292-7,quantum computing|quantum coherence|quantum processor|quantum processor|bell state|precision|tomography|qubit|donor|silicon|spin|platform|information|scale|footprint|potential|lack|qubit|device|gate|fidelity|fault|quantum|computation|logic|gate|pair|ion|donor|nucleus|silicon|device|qubit|gate|phase|electron|fidelity|gate|gate|set|tomography|qubit|gate|fidelity|qubit|gate|fidelity|qubit|preparation|measurement|fidelity|metric|spin|silicon|fault|entanglement|nucleus|electron|greenberger|zeilinger|qubit|state|fidelity|electron|spin|qubit|semiconductor|route|information|process|donor|nuclear|electron|spin
10.35848/1882-0786/ac7030,nitrogen vacancy|creation|center|phthalocyanine|ion|implantation|center|diamond|state|spin|qubit|room|temperature|center|dipole|dipole|interaction|potential|register|room|temperature|phthalocyanine|ion|implantation|dipole|center|photon|count|resonance|spectra|center|spot|histogram|photon|count|poisson|distribution|ratio|spot|potential|center|creation
10.1103/PhysRevX.12.031028,spin|coherence|qubit|host|matrix|control|spin|platform|information|science|combination|qubit|spin|interface|qubit|control|readout|ability|spin|qubit|architecture|environment|bottom|synthesis|spin|coherence|qubit|host|environment|chromium|qubit|host|matrix|noise|clock|transition|field|split|host|host|matrix|engineering|spin|coherence|spin|qubit|electron|spin|environment|dependence|spin|coherence|field|split|principle|prediction|spin|interface|qubit|parameter|linewidth|spin|lattice|relaxation|ability|qubit|structurefunction|relationship|platform|opportunity|qubit|quantum|sense|environment
10.1021/acs.nanolett.2c00358,quantum computing|hole|transport|area|nanowire|network|germanium|nanowire|platform|spin|qubit|logic|top|spin|orbit|couple|qubit|gate|geometry|orientation|charge|noise|interaction|nanowire|silicon|substrate|germanium|nanowire|network|slit|vapor|phase|epitaxy|temperature|transport|measurement|nanowire|hall|device|hole|dope|path|quantum|transport|phenomenon|conductance|fluctuation|antilocalization|magneto|transport|measurement|coherence|spin|orbit|length|order
10.1103/PhysRevB.105.155411,dissipation|gate|time|error|gate|qubit|dissipation|gate|time|error|fidelity|sequence|swap|gate|chain|qubit|comparison|interqubit|interaction|interqubit|interaction|noise|gate|time|error|qubit|platform|dissipation|multivalley|semiconductor|spin|qubit|qubit|dissipation|valley|leakage|hamiltonian|qubit|exchange|qubit|chain|strength|exchange|interaction|distance|qubit|dissipation|term|gamma|hamiltonian|gamma|intervalley|tunneling|randomness|dissipation|parameter|swap|gate|fidelity|circuit|noise|interqubit|interaction|gate|time|error|fidelity|realization|set|parameter|fidelity|strength|exchange|couple|swap|gate|dissipation|fidelity|swap|gate|noise|interqubit|interaction|gate|time|error|value|infidelity
10.3390/electronics11152327,quantum dot|quantum dot|estimation|polytope|discovery|charge|state|transition|array|spin|array|material|fabrication|imprecision|behaviour|device|account|shape|polytope|algorithm|count|shape|size|facet|polytope|measurement|phase|phase|measurement|algorithm|polytope|device|spin|qubit|array|facet|polytope|facet|size|order|measurement|precision
10.1063/5.0118391,quantum dot|domain|measurement|charge|sense|transimpedance|amplifier|speed|noise|domain|measurement|scheme|electron|mobility|transistor|transimpedance|amplifier|tia|scheme|measurement|semiconductor|spin|qubit|readout|tia|input|impedance|room|temperature|tia|tia|frequency|noise|floor|trade|feedback|resistance|speed|measurement|cutoff|frequency|mhz|noise|floor|noise|measurement|mhz|domain|measurement|peak|peak|wave|output|spin|qubit|readout|charge|sense|signal|noise|ratio|snr|resolution|value|radio|frequency|reflectometry|resolution|cost|snr|reduction|noise|figure|band|pass|filter|scheme|readout|electron|sensor|resolution|sensitivity
10.1088/1367-2630/ac430c,quantum computing|quantum dot|quantum dot|quantum dot|spin|manipulation|decoherence|spin|orbit|couple|symmetry|control|spin|qubit|spin|orbit|couple|soc|crystal|lattice|heterostructure|micro|magnet|experiment|micromagnet|soc|couple|spin|qubit|field|spin|relaxation|dephase|spin|manipulation|spin|photon|couple|electron|soc|spin|orbit|mix|difference|spin|dynamic|presence|soc|soc|relaxation|soc|deformation|phonon|emission|johnson|noise|dependence|field|contrast|dependence|soc|charge|noise|spin|order|soc|contrast|spin|dephase|soc|difference|reversal|symmetry|symmetry|soc|soc|symmetry|soc|micro|magnet|van|vleck|cancellation|finite|couple|couple|spin|field|turn|spin|dephase|choice|field|orientation|dipole|spin|resonance|soc|spin
10.1103/PhysRevApplied.18.064040,quantum dot|quantum dot|quantum dot|quantum processor|estimation|coulomb|diamond|measurement|array|ground|state|coulomb|energy|spin|qubit|con|transition|ground|state|significance|control|information|array|qubit|initialization|gate|dot|array|ground|state|raster|measurement|control|space|array|number|measurement|gate|voltage|hypercube|information|hardware|detection|reflectometry|measure|ment|transition|ground|state|measurement|voltage|space|line|search|learn|algorithm|software|hardware|algorithm|polytope|coulomb|blockade|boundary|array|silicon
10.1063/5.0088840,quantum dot|quantum dot|quantum dot|quantum dot|quantum dot|micromagnet|spin|manipulation|scale|semiconductor|array|interest|scale|spin|computation|technology|array|manipulation|electron|spin|micromagnet|field|spin|manipulation|dipole|spin|resonance|array|micromagnet|symmetry|dot|array|dimension|field|gradient|zeeman|difference|dot|qubit|addressability|field|gradient|dot|array|spin|manipulation|experiment|step|realization|spin|qubit|gate|array
10.1021/acs.jpca.2c04730,multireference|vanadium|qubit|candidate|electron|spin|qubit|manipulation|scheme|candidate|quantum|technology|value|compound|viability|spin|initialization|readout|triplet|gap|field|split|zfs|parameter|value|magnitude|qubit|tren|space|self|field|casscf|space|order|perturbation|theory|multi|pair|density|theory|pdft|pdft|hmc|pdft|singlet|triplet|gap|zfs|parameter|accuracy|hmc|pdft|complex|ligand|ligand|spin|property|molecule|qubit|candidate|qubit|term|initio|ligand|field|theory|ailft|influence|ligand|singlet|triplet|gap|zfs|parameter
10.1038/s41534-022-00576-6,quantum dot|anisotropy|respect|field|spin|qubit|decoherence|electron|spin|qubit|platform|computation|noise|gate|qubit|relaxation|phi|source|noise|location|source|type|source|anisotropy|phi|respect|direction|field|aspect|noise|anisotropy|pattern|charge|noise|evanescent|wave|johnson|noise|noise|device|sample|benefit|anisotropy|pattern|anisotropy|sige|device
10.1103/PhysRevB.105.075303,quantum dot|quantum dot|quantum dot|anisotropic|tensor|hole|role|transverse|direction|qubit|spin|state|hole|semiconductor|effort|spin|information|process|absence|nucleus|sample|yield|coherence|couple|spin|momentum|valence|band|spin|orbit|qubit|control|modulation|hole|tensor|understand|aspect|interplay|spin|orbit|couple|potential|field|hole|spin|qubit|platform|manifestation|tensor|mass|hole|hole|gas|anisotropy|hamiltonian|role|orientation|transverse|potential|expression|anisotropic|tensor|way|correction|tensor|hole|type|spin|orbit|interaction|rashba|term|understand|point|parameter|space|hole|spin|qubit|confinement|spin|orbit|control|spin|state
10.1038/s41467-022-29977-z,neutral atom|assembly|control|register|spin|qubit|generation|register|qubit|prerequisite|computation|qubit|spin|state|atom|coherence|minute|scale|register|qubit|coherence|combination|shielding|trap|gate|decouple|coherence|qubit|parallel|manipulation|qubit|register|coherence|excess|length|gate|second|spin|qubit|advance|array|fidelity|gate|realization|scale|quantum|information|processor
10.1103/PhysRevApplied.17.034047,quantum dot|quantum dot|spin|valley|couple|anisotropy|noise|cmos|advantage|silicon|spin|qubit|state|qubit|scalability|compatibility|metal|oxide|semiconductor|cmos|fabrication|technology|semiconductor|industry|readout|gate|fidelity|detection|electron|spin|energy|readout|cmos|device|charge|detector|valley|split|mev|mev|device|anisotropy|spin|valley|mix|dependence|symmetry|confinement|disorder|region|charge|noise|spin|valley|couple|regime|fluctuation|qubit|energy|range|root
10.1103/PhysRevLett.128.213602,quantum network|entanglement|emitter|state|quantum|emitter|candidate|realization|spin|memory|fidelity|gate|connectivity|range|entanglement|difference|environment|state|emitter|range|transition|frequency|entanglement|emitter|pair|emitter|transition|linewidth|electro|optic|modulator|photon|parity|measurement|pair|spin|qubit|protocol|silicon|vacancy|center|diamond|nanophotonic|cavity|transition|ghz|emitter|qubit|control|entanglement|emitter|step|information|process
10.1021/acs.jpcb.2c07096,initialization|qubit|spin|state|exchange|couple|triplet|ability|electron|spin|qubit|state|criterion|information|goal|chromophore|triplet|state|polarize|series|fullerene|derivative|alpha|bisdiphenylene|beta|phenylallyl|bdpa|photoexcitation|enhancement|bdpa|spin|polarization|electron|paramagnetic|resonance|spectroscopy|room|temperature|sign|spin|polarization|nature|spacer|bdpa|addition|absorption|spectroscopy|measurement|bdpa|spin|polarization|spin|polarization|transfer|triplet|state|exchange|couple|distance
10.1038/s41534-022-00646-9,quantum computing|quantum dot|quantum dot|optimisation|electron|spin|qubit|multi|forefront|progress|computation|spin|qubit|dipole|moment|electron|dipole|spin|resonance|edsr|donor|hyperfine|interaction|spin|gate|edsr|rabi|ratio|edsr|axis|rabi|ratio|sensitivity|telegraph|noise|charge|defect|location|defect|qubit|noise|charge|anti|entanglement|exchange|order|magnitude|dipole|dipole|couple|find|way|power|donor|dot
10.1038/s41586-021-04293-6,quantum network|quantum network|quantum system|quantum memory|bell state|spin|wave|quantum|state|qubit|state|spin|resource|host|spin|bath|qubit|spin|host|exploration|range|material|information|mode|spin|ensemble|basis|quantum|storage|resource|spin|qubit|qubit|spin|yttrium|orthovanadate|quantum|control|protocol|spin|state|lattice|ion|spin|exchange|interaction|spin|ensemble|spin|excitation|preparation|measurement|spin|quantum|platform|register|qubit|framework|structure|spin|bath|way|scale|earth|ion
10.1103/PRXQuantum.3.010339,quantum computer|quantum computer|structure|spin|defect|calculation|state|energy|spin|defect|solid|quantum|protocol|nitrogen|vacancy|center|diamond|vacancy|sic|interest|realization|quantum|technology|principle|quantum|theory|point|defect|crystal|hamiltonian|qubit|mean|parity|transformation|quantum|eigensolver|vqe|quantum|subspace|expansion|ground|state|spin|qubit|noise|mitigation|noise|extrapolation|constraint|electron|occupation|state|vqe|algorithm|term|architecture|state|property|spin|defect
10.1103/PhysRevApplied.17.064043,quantum dot|quantum dot|quantum dot|quantum dot|measurement|tunnel|couple|charge|sense|valley|degree|freedom|valley|split|dot|valley|orbit|phase|complexity|energy|electron|dynamic|tunnel|couple|knob|charge|spin|qubit|manipulation|valleyorbit|couple|dot|level|valley|state|ground|state|tunnel|information|scheme|charge|measurement|dot|equilibrium|protocol|dot|dicarlo|phy|rev|lett|theory|intervalley|tunnel|couple|accuracy|uncertainty|parameter|valley|split
10.1038/s41534-022-00552-0,coherence|charge|vacancy|spin|diamond|quantum|information|process|qip|state|spin|qubit|initialisation|qubit|charge|state|vacancy|centre|diamond|platform|qip|protocol|spin|coherence|helium|temperature|lifetime|transition|usefulness|termination|fluorescence|excitation|charge|cycle|group|vacancy|centre|initialisation|charge|state|snv|centre|term|resonance|addition|coherence|coherence|ground|state|spin|mean|population|spin|proof|principle|shoot|spin|state|readout|necessity|field|symmetry|axis|defect
10.1103/PhysRevX.12.041008,quantum computing|quantum state|quantum system|limit|qubit|initialization|demon|fault|quantum|register|state|state|thermalization|reservoir|initialization|fidelity|temperature|fiducial|confidence|limit|monitor|qubit|measurement|equivalent|maxwell|demon|experiment|appearance|qubit|energy|state|electron|spin|qubit|silicon|ground|state|initialization|fidelity|reduction|initialization|error|fidelity|improvement|bandwidth|amplifier|chain|rate|electron|tunneling|reservoir|spin|ancilla|quantum|nondemolition|mode|value|electron|initialization|fidelity|fidelity|electron|readout|ancilla|execution|need|resource|initialization|fidelity|picture|spin|electron|tunneling|datum|maxwell|demon|range|demand|control|detection|hardware
10.1103/PhysRevB.106.174113,principle|defect|candidate|beryllium|oxide|beryllium|oxide|beo|host|defect|band|gap|principle|investigation|point|defect|beo|density|theory|functional|beryllium|oxygen|vacancy|defect|defect|interstitial|antisite|formation|energy|point|defect|candidate|defect|spin|state|transition|oxygen|vacancy|spin|qubit|photon|emitter|stability|complex|acceptor|antisite|spin|property|property|host|material|beo|host|defect|candidate
10.1038/s41467-022-35048-0,quantum device|spin|defect|qubit|transition|metal|dichalcogenide|telecom|state|quantum|defect|candidate|information|semiconductor|device|hybrid|diamond|nitrogen|vacancy|center|defect|position|center|diamond|challenge|defect|property|bulk|crystal|defect|comparison|semiconductor|transition|metal|dichalcogenide|tmds|platform|defect|property|possibility|position|control|defect|family|spin|qubit|realization|tmds|defect|transition|metal|atom|chalcogen|site|spin|triplet|ground|state|field|split|ten|ghz|phonon|couple|transition|telecom|band
10.1103/PhysRevB.105.174412,sound|mode|magnon|fluid|spin|magnetometer|noninteracte|magnon|gas|description|ferromagnet|finite|magnon|density|momentum|collision|magnon|description|spin|symmetry|phase|signature|collision|regime|sound|mode|dynamic|frequency|magnon|sound|mode|excitation|spin|component|frequency|spin|wave|continuum|ferromagnet|spin|qubit|magnetometer|presence|exchange|interaction|symmetry|ferromagnet|regime|galilean|symmetry|insulator|energy|temperature|window|interaction|experiment|gas
10.1021/acs.nanolett.2c03161,sandwich|qubit|electron|delocalization|pack|sandwich|complex|molecule|manipulation|experiment|compound|sandwich|interest|spin|qubit|coherence|chemical|property|monolayer|level|tunneling|microscopy|adsorption|orientation|ratio|xps|datum|evidence|fraction|molecule|electron|transfer|gold|stand|molecule|experience|charge|delocalization|surface|phenomenon|interaction|pack|monolayer|orientation|molecule|surface|hybridization|perspective|control|molecule|substrate|spin|delocalization|interface
10.1021/acsphotonics.2c00076,identification|creation|room|temperature|coherentlycontrollable|spin|center|diamond|hundred|state|defect|promise|spin|qubit|room|temperature|nitrogen|vacancy|center|diamond|spin|property|spin|ground|state|spin|nature|center|demand|oxygen|lattice|vacancy|constituent|center|involvement|oxygen|experiment|sample|creation|efficiency|degree|oxygen|implantation|energy|kev|addition|vacancy|activate|oxygen|center|nitrogen|center|configuration|creation|compete|formation|ovh|defect|fabricationof|center|way|room|temperature|hybrid|qubit|spin|gate
10.1038/s41467-022-35458-0,quantum dot|quantum dot|quantum dot|quantum processor|fluctuation|energy|degeneracy|electron|spin|quantum|well|conduction|band|valley|spin|degree|freedom|formation|qubit|attempt|valley|energy|split|interface|valley|split|fluctuation|qubit|uniformity|valley|split|integration|level|property|theory|transport|concentration|fluctuation|atom|landscape|interface|spread|valley|split|measurement|device|belief|alloy|composition|fluctuation|atom|quantum|valley|split|spin|qubit|variability|valley|split|device|scalability|characterization|author|variability|fluctuation|valley|split
10.1103/PhysRevB.105.165201,boron|vacancy|center|diamond|impurity|vacancy|complex|diamond|family|spin|defect|platform|quantum|boron|diamond|boron|vacancy|complex|charge|state|observation|center|spin|qubit|electron|resonance|epr|spectrum|diamond|fermi|level|tune|fingerprint|spin|multiplicity|symmetry|field|split|mhz|addition|hyperfine|interaction|spin|polarization|excitation|center|photoluminescence|resonance|temperature|jahn|teller|instability|triplet|state|center|property
10.1103/PhysRevB.106.235312,quantum dot|quantum device|quantum device|detail|spin|orbit|couple|pauli|spin|blockade|spin|orbit|interaction|soi|role|semiconductor|hybrid|field|semiconductor|spin|qubit|soi|ingredient|qubit|control|manifestation|soi|device|connection|leakage|current|pauli|spin|blockade|soi|expression|leakage|current|feature|magnitude|orientation|spin|orbit|field|carrier|interest|hole|pauli|blockade|hole|spin|transverse|potential|limit|expression|field|couple|hole|spin|bath|information|spin|orbit|couple|parameter|hole|spin|device|fraction|nonzero|spin
10.1021/jacs.1c12414,quantum state|coherence|quintet|multiexciton|singlet|fission|crystal|multiexciton|quintet|state|semiconductor|singlet|fission|quantum|spin|information|science|factor|spin|coherence|state|pack|molecule|crystal|tchs|tetracene|state|spin|qubit|property|coherence|population|lifetime|stability|room|temperature|crystal|platform|alignment|spin|addressability|sublevel|transition|decoherence|mechanism|exciton|diffusion|couple|interaction|principle|temperature|spin|bath|viability|singlet|fission|electron|spin|generation|quantum|technology
10.1038/s41467-022-32807-x,electron|spin|control|control|fly|spin|qubit|functionality|manipulation|exchange|information|location|chip|gate|field|perturbation|control|location|control|electron|spin|gate|spin|concept|electron|spin|dot|surface|wave|strain|electron|site|amplitude|contactless|gate|precession|frequency|spin|spin|orbit|interaction|degree|precession|control|dot|exceed|transport|order|magnitude|strain|contribution|spin|orbit|interaction|spin|gate|realization|polarization|modulator|electron|spin|transport|element|chip|spin|information|process|interface
10.1103/PhysRevB.106.235426,quantum dot|quantum dot|quantum dot|hole|spin|manipulation|field|spin|manipulation|semiconductor|potential|dimension|drive|field|field|gate|device|inhomogeneity|manipulation|hole|spin|semiconductor|heterostructure|field|plane|field|gesi|quantum|illustration|lack|separability|plane|motion|rise|spin|orbit|couple|mechanism|linear|momentum|rashba|term|axis|hole|gyromagnetic|matrix|nonseparability|mechanism|order|magnitude|rashba|type|interaction|spin|manipulation|field|plane|heterostructure|dot|disk|rabi|oscillation|field|variety|factor|modulation|implication|model|understand|hole|spin|qubit|device
10.1073/pnas.2211786119,scale|interference|molecule|cage|monolayer|discovery|interference|advance|electron|opportunity|molecule|device|presence|spin|qubit|coherence|film|step|step|molecule|length|scale|device|molecule|assembly|charge|transport|cage|dipyridylbenzene|dpb|ligand|block|quantum|interference|dqi|dipyridylfuran|dpf|control|build|block|interference|cqi|molecule|break|junction|area|junction|experiment|calculation|cqi|ligand|block|cage|monolayer|film|cage|ligand|cage|atom|monolayer|quantum|interference|phase|distance
10.1002/qute.202200049,quantum dot|quantum dot|quantum dot|cluster state|molecule|device|control|charge|status|control|tunnel|pair|molecule|possibility|property|matter|couple|spin|singlet|triplet|qubit|coherence|basis|spin|field|noise|gate|voltage|charge|occupancy|dot|couple|gate|qubit|condition|field|tunable|qdm|hole|demand|phase|field|control|sequence|preparation|charge|state|control|couple|charge|pump|electron|tunnel|ionization|hole|efficiency|charge|state|preparation|set|couple|control|spin|qubit|demand|generation|photon|transduction|microwave|photon
10.1103/PhysRevLett.128.247701,quantum dot|charge|noise|resilience|electron|heterostructure|valley|degree|freedom|present|challenge|opportunity|silicon|spin|qubit|consideration|singlet|triplet|state|presence|triplet|valley|excitation|triplet|operate|regime|valley|triplet|protection|charge|noise|protection|dot|confinement|advantage|silicon|multielectron|qubit
10.1103/PhysRevB.106.235408,field|hole|nanowire|semiconductor|nanowire|platform|spin|qubit|majorana|state|qubit|spin|orbit|interaction|soi|property|cross|section|strain|field|detail|dependence|soi|factor|field|field|axis|renormalization|factor|value|field|hole|nws|energy|field|detail|role|strain|growth|direction|energy|valence|band|architecture|core|shell|nws|gate|channel|planar|quantum|well|nws|growth|direction|isotropic|approximation|quantum|well|factor|soi|field|majorana|state|contrast|field|quantity|field|hole|spin|qubit|well|approximation|charge|noise|coherence
10.1038/s41534-022-00554-y,quantum dot|impact|valley|orbit|couple|exchange|gate|spin|qubit|silicon|mix|conduction|band|valley|role|spectrum|dynamic|silicon|nanostructure|valley|orbit|couple|exchange|interaction|silicon|exchange|split|finite|valley|phase|difference|dot|valley|phase|dress|ground|state|coulomb|exchange|integral|valley|split|exchange|energy|dynamic|valley|state|state|exchange|split|exchange|gate|spin|qubit
10.1103/PhysRevApplied.18.054017,quantum dot|quantum circuit|quantum circuit|charge|detection|van|der|waal|monolayer|charge|detection|component|semiconductor|readout|charge|spin|qubit|information|protocol|quantum|sense|van|der|waal|device|nanoconstriction|monolayer|charge|detector|demonstration|charge|detection|transition|metal|dichalcogenide|detection|sensitivity|material|charge|detector|graphene|possibility|charge|detection|scheme|material
10.1103/PhysRevApplied.17.034046,spin|readout|silicon|carbide|room|temperature|defect|spin|qubit|silicon|carbide|attention|extraction|spin|information|presence|noise|measurement|amount|resource|parameter|wave|resonance|odmr|spectra|rabi|oscillation|consumption|noise|ratio|network|resonance|peak|odmr|spectra|period|rabi|oscillation|output|prediction|field|environment|microwave|intensity
10.1103/PhysRevB.105.205435,control|spin|diamond|control|readout|electron|spin|center|diamond|literature|prospect|memory|node|spin|qubit|spin|information|process|coherence|control|spin|nmr|kilohertz|rate|ratio|control|electron|spin|orbit|speed|megahertz|control|spin|impact|spin|precession|frequency|gate|possibility|spin|control
10.1088/1612-202X/aca02c,quantum memory|quantum memory|siv|center|nanodiamond|possibility|cavity|resonant|raman|ensemble|silicon|vacancy|center|diamond|kalachev|laser|phy|signal|noise|ratio|unity|photon|input|pulse|level|split|ground|state|color|center|strain|coherence|branch|ground|state|possibility|storage|nanodiamond|suppression|electron|phonon|transition|diamond|nanocrystal|coherence|qubit|order|magnitude
10.1126/sciadv.abm5912,quantum state|coherence|spin|shoot|readout|silicon|carbide|hurdle|defect|spin|qubit|silicon|carbide|sic|shoot|readout|measurement|shoot|readout|defect|sic|spin|charge|conversion|defect|spin|state|charge|state|fidelity|postselection|signal|noise|ratio|spin|coherence|decouple|sequence|host|material|spin|second|order|magnitude|mapping|spin|state|charge|shoot|readout|node|opportunity|readout|integration|semiconductor|device
10.1103/PhysRevB.105.L020405,quantum gate|augmentation|spin|diamond|spin|solid|coherence|ratio|couple|expense|gate|information|process|sense|nitrogenvacancy|center|diamond|spin|nitrogen|defect|center|diamond|lattice|ratio|spin|couple|electron|spin|couple|radio|frequency|control|field|variation|field|regime|control|spin|foundation|inquiry|control|spin|qubit|room|temperature
10.1038/s41534-022-00534-2,quantum communication|structure|sic|qubit|spin|photon|interface|state|spin|qubit|build|block|quantum|technology|type|silicon|vacancy|sic|polytype|state|structure|sic|polarization|dependency|emission|symmetry|selection|rule|deformation|spin|orbit|interaction|spin|photon|entanglement|scheme|structure|behavior|spin|readout|contrast|lattice|cool|spin|pump|mechanism|insight|spin|property|scale|qubit|sic|information|process
10.1103/PRXQuantum.3.020343,quantum dot|quantum dot|quantum device|shoot|spin|graphene|bilayer|graphene|platform|spin|qubit|coherence|spin|orbit|couple|spin|density|decay|state|measurement|pulse|sequence|occupation|ground|state|state|decay|order|microsecond|charge|sensor|dynamic|state|elzerman|shoot|readout|level|signal|noise|ratio|relaxation|spin|state|field|dependence|value|field|step|quantum|information|processor|graphene
10.1038/s41524-022-00862-z,transition|metal|impurity|silicon|search|semiconductor|qubit|semiconductor|platform|qubit|adoption|scalability|operate|temperature|nitrogen|vacancy|center|diamond|goal|point|defect|center|silicon|scalability|integration|device|transition|metal|impurity|silicon|defect|series|koopman|condition|potential|spin|qubit|impurity|triplet|triplet|transition|silicon|band|gap|step|silicon|qubit|operate|temperature|quantum|sense|point|defect|spin|photon|interface|silicon|qubit|device|space|communication
10.1103/PhysRevLett.129.116805,quantum computer|quantum dot|quantum dot|quantum dot|quantum dot|quantum processor|quantum processor|field|split|hole|spin|qubit|energy|split|spin|triplet|state|field|germanium|field|split|couple|tunnel|build|block|state|art|spin|implication|field|split|rashba|spin|orbit|interaction|momentum|interaction|hole|nanostructure|field|silicon|germanium|field|split|range|theory|simulation|source|field|split|find|range|architecture|spin|qubit|understand|material|way|generation
10.1016/j.commatsci.2021.111041,initio|investigation|defect|disulfide|density|theory|dft|property|point|defect|monolayer|calculation|electron|bond|vacancy|ion|site|presence|charge|supercell|set|defect|state|ion|instance|level|hybridization|orbital|character|calculation|absorption|spectrum|function|wavelength|set|transition|host|concentration|spin|nucleus|nature|host|property|platform|spin|qubit|device
10.1117/1.AP.4.6.066003,quantum dot|quantum network|quantum network|interference|photon|source|fiber|quest|semiconductor|qds|advantage|photon|efficiency|indistinguishability|repetition|rate|ten|gigahertz|enhancement|interconnectivity|spin|qubit|chip|platform|decade|visibility|interference|qds|limit|distance|meter|kilometer|interference|photon|qds|fiber|photon|qds|microcavitie|quantum|frequency|conversion|inhomogeneity|emission|wavelength|telecommunication|band|interference|visibility|filter|improvement|distance|step|distance|state
10.1007/s10909-022-02749-1,observation|rydberg|resonance|surface|electron|helium|channel|observation|microwave|intersubband|rydberg|resonance|surface|electron|helium|channel|resonance|surface|electron|melt|microwave|absorption|transition|frequency|electron|range|thz|microwave|source|experiment|shift|energy|level|voltage|channel|electrode|resolution|transition|line|depth|channel|broaden|resonance|order|ghz|distribution|field|microchannel|agreement|finite|element|model|calculation|electron|charge|spin|qubit
10.7566/JPSJ.91.044004,quantum computer|power|broadband|esr|quantum|control|stripline|resonator|type|pulse|pulse|microwave|frequency|comb|home|band|esr|spectrometer|waveform|generator|stripline|resonator|broadband|type|pulse|error|experiment|sample|sample|linewidth|mhz|pulse|length|error|rabi|frequency|mhz|control|microwave|power|initialization|electron|spin|qubit|microwave|frequency|comb|spin|packet|sample|pulse|excitation|spectrum|sample|mhz|anticipation|number|qubit|qubit|frequency|domain
10.1063/5.0094900,activation|density|spin|density|atom|candidate|state|qubit|date|activation|density|activation|density|regime|resistance|profile|ion|mass|spectrometry|activation|ion|function|temperature|density|condition|activation|temperature|degree|activation|fluence|degree|damage|defect|carrier|degree|surface|roughen|loss|ion|activation|fluence|condition|density|atom|spin|qubit|license|aip|publish
10.1016/j.mejo.2023.106015,quantum computing|quantum dot|quantum dot|quantum bit|simulation|formation|qubit|device|silicon|qds|carrier|qubit|size|fabrication|environment|accuracy|stability|gate|device|silicon|metal|oxide|semiconductor|mos|generation|spin|qubit|technology|computer|tcad|simulation|impact|device|dimension|oxide|layer|thickness|channel|length|spacer|length|structure|temperature|interface|trap|concentration|formation|circuit|energy|qds|parameter|structure|level|size|electron|mev|qds
10.1038/s41524-023-01135-z,quantum bit|carbon|tetramer|spin|qubit|boron|nitride|point|semiconductor|potential|scale|vacancy|defect|forefront|resolution|sense|hand|impurity|defect|structure|rise|feature|quantum|dimension|carbon|tetramer|cluster|boron|nitride|spin|qubit|chemistry|spin|property|defect|nitrogen|carbon|tetramer|rise|state|signal|strain|intersystem|cross|rate|couple|defect|spin|environment|electron|spin|resonance|linewidth|sensitivity
10.1063/5.0139670,quantum gate|nanomagnet|spin|qubit|chain|chip|micromagnet|electron|spin|qubit|concept|number|qubit|term|drive|gradient|addressability|spin|qubit|chain|direction|chain|nanomagnet|side|qubit|chain|nanomagnet|qubit|magnet|shape|anisotropy|orient|magnetization|qubit|chain|field|qubit|chain|stray|field|component|addressability|drive|field|simulation|rate|qubit|quality|factor|concept|spin|electron|microscopy|nanomagnet|silicon|substrate|agreement|simulation|feature|spin|qubit|drive|gradient|crosstalk|gate|field
10.1016/j.physb.2023.415196,quantum dot|quantum dot|control|spin|switch|graphene|electron|spin|qubit|spin|qubit|carbon|material|energy|spectra|triangular|graphene|electron|shell|spin|realization|spin|qubit|spin|phase|diagram|evolution|spin|change|field|spin|switch|field|strength|range|addition|perspective|spin|qubit|control|spin|switch|find|possibility|carbon|spin|qubit|field
10.1021/acs.nanolett.3c00213,quantum computing|quantum dot|quantum dot|rabi|frequency|germanium|hut|wire|hole|spin|qubit|hole|spin|qubit|germanium|spin|orbit|interaction|soi|qubit|gate|speed|rabi|frequency|rabi|hole|spin|qubit|hut|wire|energy|gate|voltage|frabi|contrary|rabi|change|field|soi|contribution|state|frabi|rabi|ghz|soi|device|discovery|frabi|hole|spin|qubit|semiconductor
10.1038/s41524-023-01082-9,spin|phonon|decoherence|state|defect|principle|defect|diamond|boron|nitride|combination|spin|property|state|qubit|coherence|spin|qubit|spin|phonon|relaxation|understand|initio|spin|dynamic|simulation|temperature|dependence|spin|relaxation|coherence|frequency|phonon|modulation|field|split|spin|relaxation|decoherence|point|nature|vibration|material|culprit|coherence|interpretation|spin|phonon|decoherence|state|defect|way|spin|qubit
10.1038/s41567-023-02071-x,josephson junction|quantum computing|quantum dot|superconducting qubit|manipulation|spin|qubit|transmon|qubit|spin|qubit|semiconductor|platform|device|multiqubit|interaction|distance|spin|qubit|alternative|qubit|spin|degree|freedom|level|andreev|spin|qubit|spin|supercurrent|couple|advance|circuit|quantum|electrodynamic|realization|andreev|spin|qubit|qubit|state|link|decay|subspace|qubit|manipulation|need|transition|energy|spin|ground|state|qubit|frequency|range|ghz|field|qubit|spin|manipulation|microwave|drive|rabi|frequency|mhz|andreev|spin|qubit|transmon|qubit|qubit|qubit|couple|step|architecture|aspect|semiconductor|qubit|semiconductor|qubit|challenge|qubit|superconductor|semiconductor|qubit|couple|device|issue
10.1021/acs.jpca.3c03827,state|copper|qubit|candidate|structure|spin|variety|advantage|qubit|quantum|computation|tunability|pathway|synthesis|metal|spin|qubit|structure|field|interaction|electron|correlation|feature|model|specie|challenge|structure|structure|complex|room|temperature|spin|qubit|space|electron|correlation|interaction|metal|orbital|sigma|orbital|term|spin|density|state|order|spin|delocalization|consideration|orbital|state|spectrum|complex|inclusion|orbital|space|interaction|spin|qubit|motif|role|spin|decoherence|insight|interaction|electron|delocalization|complex
10.1063/5.0137259,quantum computer|quantum dot|quantum dot|quantum dot|flop|mode|spin|qubit|mos|spin|qubit|silicon|metal|oxide|semiconductor|mos|qds|platform|scale|spin|qubit|qds|dipole|spin|resonance|edsr|year|electron|charge|state|flop|mode|edsr|sige|qds|flop|mode|spin|qubit|elzerman|shoot|readout|detune|drive|power|shape|spin|resonance|frequency|order|magnitude|improvement|spin|rabi|frequency|spin|dephase|route|scale|spin|qubit|control|fidelity|mos|qds
10.1103/PhysRevApplied.19.064038,quantum computing|quantum computing|quantum dot|quantum gate|quantum gate|quantum gate|quantum circuit|quantum system|limit|fidelity|field|vacuum|fluctuation|fidelity|gate|spin|qubit|gate|antenna|qubit|gate|initialization|fluctuation|field|evanescent|wave|johnson|noise|ewjn|field|vacuum|fluctuation|noise|decoherence|spin|qubit|gate|fidelity|quantum|electrodynamic|theory|ewjn|dynamic|spin|qubit|circuit|volume|equation|ewjn|strength|vicinity|gate|geometry|limit|spin|qubit|gate|fidelity|ewjn|relaxation|platform|silicon|nitrogen|vacancy|center|diamond|engineering|control|sequence|engineering|influence|vacuum|fluctuation|leverage|electromagnetic|electrodynamic|field|vacuum|fluctuation|limit|spin|qubit|gate|fidelity
10.1103/PRXQuantum.4.020345,quantum computing|pipeline|qubit|lattice|device|platform|layout|concept|pipeline|advantage|lattice|device|concept|leverage|feature|platform|semiconductor|spin|qubit|ion|qubit|architecture|hardware|requirement|stack|qubit|array|stack|height|scheme|nisq|era|error|mitigation|code|protocol|state|space|resource|cost|copy|variety|code|structure|code|transversal|cnot|assumption|space|cost|state|distillation|order|magnitude|numerical|model|noise|architecture|benefit|reduction|code|threshold
10.1103/PhysRevApplied.19.044078,quantum dot|response|crosstalk|silicon|spin|qubit|micromagnet|dipole|spin|resonance|path|term|scale|array|silicon|spin|qubit|gate|coherence|control|fidelity|array|qubit|drive|understand|mechanism|fidelity|mechanism|rabi|frequency|qubit|drive|qubit|observation|consideration|qubit|control
10.1140/epjqt/s40507-023-00199-6,quantum computer|quantum processor|impedance|resonator|environment|impedance|resonator|contender|distance|gate|spin|qubit|fabrication|spin|qubit|gate|dielectric|quality|resonator|loss|mechanism|impedance|resonator|vicinity|layer|deposition|resonator|field|temperature|quality|factor|couple|resonator|level|oxide|quality|factor|impedance|resonator|oxide|configuration|configuration|resonator|spin|qubit|device|oxide|spin|qubit|device|fabrication|integration|impedance|resonator|spin|experiment|way|scale|spin
10.1038/s41534-023-00716-6,quantum gate|control|spin|qubit|surface|tunneling|microscopy|stm|fabrication|spin|surface|precision|stm|electron|spin|resonance|esr|spin|quantum|electron|spin|qubit|control|spin|qubit|surface|control|direction|radio|frequency|pulse|phase|difference|transformation|component|bloch|vector|quantization|axis|esr|stm|detection|ability|superposition|state|spin|qubit|axis|control|scheme|datum|agreement|simulation|axis|control|decouple|scope|stm|esr|potential|gate|electron|spin|qubit|surface
10.1103/PRXQuantum.4.030303,quantum computing|quantum dot|quantum dot|quantum dot|quantum dot|quantum dot|quantum dot|electron|spin|silicon|array|link|qubit|ten|micrometer|architecture|spin|qubit|link|space|chip|control|electron|qubit|array|wiring|bottleneck|link|spin|qubit|spin|array|array|tunnel|heterostructure|quantum|link|electron|spin|array|potential|gate|electron|array|distance|estimate|spin|probability|hop|experiment|hop
10.1103/PhysRevB.108.035206,quantum computing|quantum dot|computation|spin|parity|measurement|spin|qubit|measurement|pauli|observable|tool|control|protection|information|recipe|measurement|choice|qubit|rotation|pauli|parity|qubit|measurement|ancilla|qubit|language|measurement|singlet|triplet|spin|qubit|spin|parity|dot|neighbor|qubit|exchange|interaction|leakage|measurement|gate|set|pauli|correction|spin|parity|measurement|spin|parity|measurement|measurement|scheme|leakage|measurement|step|spin|qubit|control|leakage|resource|measurement|control|spin|qubit|processor|device
10.1038/s41534-023-00679-8,quantum processor|compilation|silicon|connectivity|challenge|silicon|quantum|hardware|spin|qubit|architecture|compilation|architecture|silicon|nanowire|split|gate|transistor|chain|spin|qubit|execution|qubit|gate|neighbor|silicon|junction|nanowire|arrangement|spin|swap|gate|sparse|spin|qubit|architecture|unit|cell|square|nanowire|edge|junction|corner|scale|quantum|nisq|demonstrator|architecture|compilation|chain|scale|property|trading|compilation|colocation|control|electron|square|length|feature|architecture|manufacturability|metal|oxide|semiconductor|cmos|fabrication
10.1063/5.0155448,relaxation|anneal|heterostructure|qubit|misfit|dislocation|formation|plastic|strain|relaxation|quantum|layer|sige|heterostructure|spin|qubit|qubit|behavior|dislocation|formation|quantum|well|layer|order|qubit|dislocation|propagation|kinetic|interaction|layer|beam|epitaxy|temperature|degree|layer|degree|layer|dislocation|electron|contrast|image|misfit|dislocation|propagation|interaction|dislocation|interaction|strain|relaxation|calculation|observation|dislocation|formation|temperature|sige|heterostructure|epitaxy|sige|spin|qubit|article|content|common|attribution|license
10.1103/PhysRevB.107.155301,quantum computing|quantum computing|quantum gate|quantum gate|acceptor|qubit|silicon|strain|coherence|compatibility|semiconductor|fabrication|spin|qubit|silicon|platform|year|hole|spin|qubit|advantage|couple|spin|noise|spin|orbit|couple|soc|fidelity|hole|spin|qubit|acceptor|density|gate|investigation|tunability|strain|fault|acceptor|qubit|tunability|dipole|spin|resonance|edsr|acceptor|hole|spin|qubit|strain|tunability|hole|hole|split|spin|hole|couple|shc|kind|strain|field|spot|gate|acceptor|qubit|relaxation|edsr|couple|field|strain|spot|order|spot|quality|factor|qubit|gate|tolerance|field|variation|qubit|gate|acceptor|qubit|dipole|dipole|interaction|fidelity|qubit|gate|quality|factor|qubit|gate|qubit|gate|strain|tunability|spin|qubit|property|acceptor|strain|route|spin
10.1063/5.0160847,quantum computer|quantum dot|quantum dot|quantum dot|quantum dot|quantum dot|quantum dot|array|planar|semiconductor|spin|qubit|attention|platform|fault|demonstration|spin|qubit|array|variety|semiconductor|material|spin|qubit|logic|silicon|silicon|array|dimension|advantage|quality|heterostructure|gate|pattern|tunnel|array|sige|heterostructure|electron|charge|state|tunnel|couple|pair|dot|polarization|line|range|barrier|gate|voltage|tunnel|couple|experiment|information|array|step|gate|spin|qubit|sige|dimension|article|content|common|attribution|license
10.1002/ejic.202300125,relaxation|complex|spin|qubit|molecule|material|candidate|spin|qubit|spin|relaxation|behavior|kind|transition|metal|complex|spin|qubit|spin|spin|relaxation|spin|qubit|property|spin|complex|compound|relaxation|behavior|value|kind|spin|complex|condition|tetraazacyclotetradecane|structure|mnt|planar|structure|relaxation|presence|bias|field|electron|spin|resonance|esr|spectroscopy|complex|complex|candidate|molecule|spin|qubit
10.1103/PhysRevA.107.052408,quantum dot|quantum dot|quantum algorithm|quantum coherence|quantum coherence|quantum coherence|quantum coherence|entanglement|electron|rashba|interaction|fidelity|level|spin|orbit|couple|electron|rashba|spin|orbit|couple|presence|field|scenario|entanglement|electron|charge|spin|qubit|latter|rashba|couple|expression|concurrence|coherence|density|matrix|formalism|goal|understand|temperature|parameter|addition|find|rashba|entanglement|fidelity|behavior|role|entanglement|coherence|correlation|coherence|entanglement|coherence|entanglement
10.1103/PhysRevB.107.125415,quantum dot|quantum dot|quantum processor|model|spin|decoherence|hole|qubit|charge|fluctuator|spin|qubit|semiconductor|device|knowledge|noise|source|coherence|qubit|importance|noise|fluctuation|charge|hole|spin|qubit|set|gate|silicon|nanowire|channel|calculation|poisson|equation|relaxation|dephase|hole|spin|function|telegraph|signal|level|range|frequency|configuration|frequency|fluctuator|behavior|phase|coherence|fluctuator|state|description|threshold|frequency|omega|level|react|distribution|fluctuator|state|threshold|frequency|orientation|field|gate|qubit|line|term|perturbation|hamiltonian|hand|simulation|spin|relaxation|couple|energy|hole|level|spin|decoherence|simulation|couple|phonon|relaxation|phenomenon|type|qubit
10.1021/acsaelm.3c00472,quantum computing|quantum system|spin|qubit|device|integration|molecule|state|device|progress|moleculescontainingtransition|metal|ion|state|device|spin|qubit|spin|qubit|numerousadvantage|material|platform|energy|level|varietyof|chemical|quantitieswith|precision|integration|moleculesinto|spin|qubit|device|msqds|thatoffer|initialization|control|readout|quantum|spinstate|bottleneck|way|applicationsof|technology|theevolution|field|msqds|implementationof|qubit|gate|molecule|transistor|basedon|molecule|merge|electron|circuit|quantumelectrodynamic|cqed|spin|state|microwave|frequency|photon|resonator|device|operatingvia|couple|resonator|spin|ensemble|sample|film|molecule|cqed|device|advantage|thatit|possibility|benefit|initialization|readout|spin|state|thisapproach|pump|forthe|initialization|change|photoluminescence|readoutof|spin|ensemble|field|msqds|togetherprogress|chemistry|electron|cqed|measurement|infancy|proof|concept|experiment|device|architecture|realization|advance|msqds|openhorizon|quantum|technology
10.1103/PRXQuantum.4.030337,quantum circuit|readout|control|spin|qubit|atom|fidelity|measurement|spin|qubit|array|atom|qubit|state|spin|probability|tweezer|array|cyclicity|spin|qubit|state|state|field|spin|probability|photon|fluorescence|readout|state|discrimination|fidelity|state|readout|survival|resonant|scatter|state|measurement|contrast|rotation|spin|qubit|field|scenario|noncommutativity|measurement|basis|zeno|mechanism|measurement|evolution|feedforward|qubit|direction|basis|measurement|basis|capability|step|adaptive|atom|array
10.1039/d2nh00375a,quantum decoherence|template|nanopatterne|spin|spin|platform|information|process|structure|environment|electron|spin|assembly|number|qubit|spin|architecture|challenge|integration|qubit|state|device|interaction|substrate|distribution|spin|scale|couple|qubit|nanofabrication|realization|array|phthalocyanine|vopc|spin|qubit|nanoarchitecture|top|monolayer|titanyl|phthalocyanine|tiopc|spin|vopc|substrate|tiopc|interlayer|template|space|spin|qubit|scale|nanometer|tunneling|microscopy|ray|dichroism|density|theory|range|order|combination|charge|transfer|substrate|tiopc|interlayer|spin|characteristic|route|integration|spin|qubit|state|device
10.1002/adma.202201625,quantum computing|exchange|atom|qubit|scale|field|sensor|phosphorus|atom|silicon|platform|electron|spin|quantum|information|control|electron|spin|interplay|qubit|gate|exchange|gate|donor|electron|spin|field|qubit|precision|scale|exchange|oscillation|electron|spin|qubit|qubit|phosphoru|donor|frequency|spectrum|exchange|oscillation|show|change|field|qubit|site|couple|electron|qubit|spin|ability|field|spin|exchange|interaction|metrology|arrangement|phosphorus|atom|silicon|crystal|qubit|knowledge|environment|field|qubit|fidelity|qubit|gate
10.1016/j.xcrp.2023.101693,quantum coherence|quantum sensor|phase|room|temperature|tetrathiafulvalene|electron|spin|candidate|qubit|decomposition|pathway|spin|lattice|relaxation|spin|decoherence|synthesis|electron|spin|qubit|candidate|coherence|lifetime|question|coherence|condition|employment|tetrathiafulvalene|qubit|candidate|character|spin|bridge|ligand|air|water|scaffold|electron|spin|decoherence|hundred|nanosecond|temperature|spin|solvent|candidate|room|temperature|phase|quantum|technology|electron|spin|qubit|candidate
10.1021/acs.nanolett.2c04552,quantum dot|noise|spectroscopy|state|spin|noise|spectroscopy|noise|source|spin|tool|spin|qubit|coherence|information|process|communication|noise|spectroscopy|microwave|field|microwave|power|rotation|spin|noise|spectroscopy|rotation|spin|state|time|phase|carr|purcell|meiboom|gill|pulse|sequence|spin|dynamic|sequence|noise|spectrum|ensemble|spin|spin|bandwidth|mhz|spin|dynamic|decoherence|range|state|spin|qubit
10.1021/acsami.2c17395,quantum processor|nanoscale|mapping|strain|tensor|germanium|quantum|spin|qubit|device|quantum|sige|substrate|hole|spin|qubit|synchrotron|scan|ray|diffraction|bravais|lattice|parameter|dependence|strain|tensor|component|resolution|scale|strain|field|fluctuation|proximity|qubit|fluctuation|bandwidth|action|metal|electrode|qubit|finite|element|simulation|strain|fluctuation|temperature|fluctuation|order|dislocation|substrate|energy|variation|hole|energy|maxima|order|mev|electrode|dislocation|insight|material|inhomogeneity|model|optimization|scale|microelectronic|technology
10.1103/PRXQuantum.4.020305,quantum dot|blueprint|spin|qubit|shuttle|device|qubit|transfer|sige|silicon|spin|qubit|coherence|compatibility|fabrication|control|electron|architecture|link|electron|qubit|register|fan|blueprint|link|length|spin|qubit|shuttle|array|gate|number|set|set|voltage|control|line|number|set|number|control|signal|length|link|gate|mode|spin|qubit|shuttle|qubit|conveyor|minimum|bucket|brigade|electron|series|tunnel|passage|device|disorder|defect|layer|charge|noise|qubit|transfer|fidelity|conveyor|mode|detail|narrow|interplay|valley|excitation|relaxation|presence|factor|valley|state|electron|spin|hotspot|transfer|fidelity|sige|speed|valley|split|inhomogeneity|bind|gate|field|material|engineering|valley|split|fidelity|transfer
10.1038/s41467-023-36951-w,quantum dot|quantum dot|quantum dot|quantum dot|quantum processor|charge|noise|silicon|quantum|well|charge|noise|host|semiconductor|spin|qubit|obstacle|material|stack|gate|charge|noise|semiconductor|dielectric|interface|quantum|well|sige|heterostructure|connection|charge|noise|disorder|host|semiconductor|hall|nmthick|quantumwell|improvement|property|uniformity|electron|gas|wafer|correspond|reduction|charge|noise|value|charge|noise|gate|fidelity|order|magnitude|environment|fidelity|spin|qubit
10.1038/s41467-023-39334-3,quantum computing|quantum dot|quantum processor|qubit|drive|semiconductor|spin|qubit|fault|threshold|size|scale|characterization|error|crosstalk|qubit|author|novel|protocol|gate|fidelity|hole|spin|qubit|array|germanium|qubit|hinge|ability|number|qubit|fidelity|platform|compatibility|semiconductor|manufacture|fidelity|gate|qubit|qubit|qubit|benchmarke|array|spin|qubit|gate|fidelity|qubit|gate|qubit|benchmarke|copy|benchmarke|gate|fidelity|estimation|copy|fidelity|neighbor|pair|error|characterization|qubit|gate|quality|information|technology
10.1038/s41467-023-41632-9,formation|spin|defect|principle|realization|spin|qubit|quantum|technology|ability|formation|spin|defect|semiconductor|insulator|protocol|synthesis|point|defect|level|spin|qubit|silicon|carbide|divacancy|structure|calculation|density|theory|sample|principle|dynamic|anneal|temperature|formation|temperature|fermi|level|material|defect|yield|polytype|silicon|carbide|agreement|datum|insight|point|defect|formation|annihilation|function|temperature
10.1021/acs.nanolett.2c04446,quantum computing|quantum dot|quantum dot|quantum dot|quantum dot|quantum dot|quantum system|quantum processor|control|uniformity|device|spin|qubit|semiconductor|technology|platform|scale|size|environment|degree|uniformity|landscape|shift|gate|voltage|characteristic|tune|pinch|voltage|device|hundred|millivolt|hour|voltage|plunger|gate|array|spread|pinch|voltage|order|magnitude|tool|tune|device|perspective|spin|qubit|array
10.1038/s41467-023-36031-z,spin|qubit|carbon|nanotube|spin|carbon|nanotube|spin|relaxation|qubit|confinement|spin|author|electron|spin|nanotube|control|electron|spin|state|promise|spin|information|process|device|carbon|nanotube|swcnt|carbon|material|spin|environment|spin|orbit|couple|promise|spin|coherence|degree|freedom|range|functionality|requirement|spin|qubit|swcnt|confinement|spin|creation|electron|spin|swcnt|coherence|spin|lattice|relaxation|spin|qubit|demonstration|quantum|control|gate|rabi|oscillation|investigation|decoherence|mechanism|coherence|ten|millisecond|find|crystal|route|quantum|material|qubit
10.1007/s11128-023-04193-w,quantum measurement|quantum memory|quantum memory|quantum memory|quantum memory|quantum memory|quantum memory|entropic|uncertainty|spin|qubit|presence|spin|qutrit|spin|qubit|quantum|memory|spin|chain|entropic|uncertainty|relation|qma|eur|uncertainty|particle|aid|particle|measurement|precision|observable|qma|eur|qubit|qubit|qubit|qubit|spin|chain|quantum|memory|entropic|uncertainty|qma|eus|bind|lbs|spin|qubit|subsystem|spin|qutrit|spin|qubit|quantum|memory|numerical|spin|qutrit|memory|subsystem|amount|qma|eus|lbs|spin|qubit|measurement|subsystem|limit|entropic|uncertainty|relationship|subsystem|suppression|spin|couple|value|qma|eus|lbs|equilibrium|temperature|couple|parameter|spin|couple|regulation|value|qma|eus|lbs|subsystem|spin|qutrit|spin|qubit|parameter|condition|spin|qutrit|memory|subsystem|qma|eus|lbs|spin|qubit|memory|dimension|subsystem|subsystem|qma|eus|lbs|uncertainty|game
10.1103/PhysRevB.107.155302,quantum dot|quantum gate|cavity|dot|donor|spin|spin|coherence|isolation|environ|ment|challenge|spin|qubit|difficulty|spin|qubit|realization|qubit|gate|qubit|couple|electron|spin|microwave|resonator|photon|microwave|resonator|couple|electron|spin|resonant|regime|microwave|resonator|electron|spin|qubit|gate|reach|find|interaction|microwave|resonator|gate|donor|atom|host|material|frequency|mismatch|donor|spin|split|mhz|regime|resonator|frequency|ghz|regime|spin|photon|couple|couple|spin|microwave|resonator|root|resonator|spin|qubit|iswap|gate|fidelity
10.1103/PhysRevB.108.125414,quantum dot|quantum dot|superconducting qubit|quantum processor|cnot|spin|qubit|element|realization|couple|node|connectivity|neighbor|interaction|mediate|interaction|bus|cavity|photon|bus|community|spin|qubit|architecture|couple|regime|exhibit|spin|spin|interaction|exchange|photon|qubit|gate|gate|regime|cavity|loss|role|entangle|drive|rotation|framework|cnot|gate|spin|qubit|mode|resonator|gate|fidelity|technology
10.1103/PhysRevLett.131.197001,quantum processor|phase|hole|spin|qubit|spin|orbit|interaction|spin|qubit|spin|transition|rabi|oscillation|microwave|field|qubit|frequency|drive|mechanism|spin|orbit|interaction|hole|spin|qubit|field|couple|qubit|phase|phase|drive|radio|frequency|order|magnitude|microwave|qubit|frequency|nontrivial|spin|dynamic|rabi|resonance|condition|qubit|silicon|fin|field|transistor|suppression|rabi|oscillation|revival|tunable|sideband|sideband|qubit|control|scheme|field|pulse|scale|qubit|qubit|addressability|phase|drive|rabi|oscillation|noise|floquet|spectrum|floquet|fidelity|gate
10.1103/PhysRevB.108.235301,quantum dot|quantum dot|quantum dot|quantum simulation|phase|bilayer|quantum|dot|hubbard|plaquette|spin|qubit|matter|phenomenon|hubbard|coulomb|blockade|ferromagnetism|material|bilayer|arrangement|dot|layer|ground|state|behavior|hubbard|range|coulomb|interaction|configuration|coulomb|interaction|strength|ground|state|layer|phase|diagram|intralayer|coulomb|interaction|strength|layer|contrast|electron|hole|electron|hole|bilayer|correlation|physics|configuration|dot|semiconductor|bilayer|structure|assessment|device|context|spin|qubit|analog
10.1103/PhysRevApplied.20.044058,potential|simulation|gate|layout|spin|qubit|gate|layout|spin|qubit|device|device|qubit|number|device|complexity|increase|device|layout|yield|simulation|tool|semiconductor|industry|structure|size|electron|number|spin|qubit|device|layout|gate|voltage|heterostructure|dope|reservoir|source|drain|bias|challenge|spin|qubit|device|impact|quantum|dot|parameter|couple|gate|reservoir|robustness|fabrication|limit|target|potential|gate|layout|challenge|landscape|transport|measurement
10.1088/1367-2630/acf2bd,spin|qubit|relaxation|spin|qubit|metrology|information|process|spin|echo|measurement|state|spin|qubit|qubit|timescale|principle|structure|redfield|quantum|master|equation|spin|qubit|theory|spin|tensor|spin|lattice|interaction|field|interaction|lattice|spin|vanadium|spin|qubit|qubit|population|decoherence|function|temperature|field|bath|density|number|measurement|theory|datum|range|condition|generalization|potential|ability|temperature|dependence|ratio|novel|molecule|quantum|magnetometer
10.1038/s41534-023-00699-4,quantum dot|quantum entanglement|qubit|interaction|regime|parameter|estimation|gate|qubit|couple|measurement|pair|electron|spin|qubit|noise|quadruple|array|rabi|oscillation|qubit|decay|mhz|drive|frequency|estimator|qubit|interaction|mhz|pulse|state|frequency|shift|qubit|interaction|regime|prediction|ratio|coherence|phase|flip|possibility|fidelity|spin|qubit|interaction
10.1140/epjp/s13360-023-04267-9,quantum state|bure|metric|state|manifold|spin|qubit|flux|qubit|interplay|geometry|physics|quantum|information|science|interest|year|bure|sjoqvist|metric|manifold|state|spin|qubit|flux|qubit|metric|metric|limit|temperature|infinity|metric|temperature|limit|discrepancy|flux|metric|presence|behavior|noncommutativity|neighbor|noncommutativity|turn|metric|manner|consequence|discrepancy|metric|behavior|interest|information|science
10.3390/nano13050950,quantum dot|quantum dot|quantum dot|coherence|characteristic|hole|spin|qubit|shoot|readout|coherence|property|hole|spin|qubit|gaas|device|spin|readout|latch|element|spin|readout|window|register|spin|state|information|spin|qubit|sequence|microwave|burst|amplitude|duration|rabi|ramsey|hahn|echo|cpmg|measurement|qubit|manipulation|protocol|latch|spin|qubit|coherence|rabi|microwave|excitation|amplitude|detune|parameter
10.1103/PhysRevA.107.033708,quantum dot|quantum dot|quantum error correction|fidelity|parity|measurement|spin|qubit|pulse|qubit|semiconductor|candidate|computation|step|spin|qubit|capability|fidelity|parity|measurement|coherence|entanglement|parity|measurement|scheme|spin|qubit|pulse|resonator|detector|distinction|spin|parity|state|fidelity|measurement|combination|parity|measurement|feedback|control|preparation|spin|state|addition|parity|measurement|surface|code|spin|qubit|way|fault|computation|spin|qubit
10.1088/2058-9565/acf786,framework|fidelity|gate|gate|semiconductor|spin|qubit|qubit|gate|fidelity|qubit|subspace|characterization|crosstalk|error|space|qubit|gate|charge|noise|qubit|exchange|interaction|error|source|bandwidth|control|signal|diabaticity|error|microwave|crosstalk|transfer|function|fidelity|framework|optimization|dynamic|concentration|reuse|signal|shape|set|gate|gate|framework|gate|gate|spin|qubit|pulse|shape|gate|gate|presence|error|source|qubit|gate|fidelity|xue|nature|qubit|gate|pulse|shape|derivation|simulation|gate|fidelity|duration|difference|qubit|frequency
10.1002/adma.202208998,superconducting qubit|quantum system|quantum device|surface|array|qubit|quest|quantum|technology|promise|computation|sense|understand|particle|spin|qubit|candidate|coherence|synthesis|platform|challenge|spin|qubit|integration|film|monolayer|surface|proof|survival|property|qubit|surface|change|spin|dynamic|qubit|bulk|monolayer|bottom|qubit|group|self|monolayer|sam|surface|self|organization|chemistry|coherence|demonstrate|qubit|property|monolayer
10.1063/5.0177857,quantum dot|quantum dot|quantum dot|quantum dot|crosstalk|gate|sense|spin|qubit|gate|sense|response|resonator|gate|radio|frequency|signal|readout|spin|qubit|tune|array|expense|susceptibility|resonator|signal|fluctuation|potential|tank|circuit|inductor|quality|factor|interdot|barrier|gate|silicon|device|transition|transport|radio|frequency|crosstalk|ring|resonator|neighbor|plunger|gate|component|resonator|frequency|complicate|gate|scale|quality|factor|resonator|capacitance|device|gate|electrode|inverse|capacitance|ground|qubit|frequency|resonator|frequency|type|crosstalk
10.1021/acs.nanolett.3c04056,cavity|emission|silicon|center|silicon|center|possibility|spin|qubit|silicon|device|color|center|state|lifetime|waller|factor|emitter|efficiency|phonon|line|cavity|emission|phonon|line|cavity|emission|center|cavity|order|magnitude|increase|brightness|phonon|line|waveguide|emitter|collection|efficiency|emitter|fiber|emission|efficiency|phonon|line|lifetime|enhancement|purcell|factor|emission|sideband|way|spin|photon|interface|silicon|photon
10.1039/d3nr03844k,quantum dot|quantum dot|quantum dot|quantum dot|quantum dot|quantum dot|quantum dot|quantum dot|quantum dot|quantum system|state|spectroscopy|split|layer|transition|metal|dichalcogenide|tmdc|material|spin|qubit|gate|spin|qubit|knowledge|land|eacute|factor|energy|spectrum|tmdc|control|quality|measurement|state|spectroscopy|factor|layer|size|tmdc|energy|level|electron|transport|energy|level|layer|environment|gate|geometry|energy|level|mev|ground|state|state|transition|thank|contact|resistance|omega|gate|voltage|energy|separation|ground|state|factor|spin|sequence|field|testbe|parameter|evaluation|spin|valley|qubit|tmdc|semiconducte|tmdc
10.1103/PhysRevB.108.205404,quantum dot|spin|evolution|subharmonic|dipole|spin|resonance|level|landau|majorana|subharmonic|dipole|spin|resonance|edsr|landau|stuckelberg|majorana|tunneling|transition|zeeman|level|spin|orbit|couple|gaas|hole|regime|spin|qubit|dot|dot|element|functionality|spin|qubit|spin|rotation|rate|tunnel|couple|dot|edsr|frequency|subharmonic|spin|timescale|spin|manipulation|subharmonic|scheme|spin|control|qubit|device|field|harmonic|hardware|limitation
10.1021/jacs.2c11784,spin|qubit|candidate|polymer|spin|qubit|candidate|information|science|chemical|spin|qubit|polymer|possibility|interaction|coherence|prerequisite|utility|spin|qubit|diimide|subunit|amount|spin|density|resonance|spectroscopy|spin|density|spin|lattice|spin|spin|relaxation|range|temperature|value|value|spin|density|sample|spin|density|temperature|cross|relaxation|interaction|spin|phonon|couple|spin|density|temperature|dependence|difference|competition|hyperfine|interaction|electron|spin|decoherence|interaction|spin|density|temperature|increase|investigation|spin|qubit|control|interaction|decoherence
10.1103/PRXQuantum.4.010319,quantum computer|quantum dot|quantum dot|quantum dot|quantum dot|quantum dot|quantum dot|shoot|readout|donor|electron|spin|gate|sensor|proposal|scale|semiconductor|spin|fidelity|shoot|qubit|error|correction|qubit|register|end|computation|device|qubit|number|sensor|qubit|chip|challenge|footprint|sensor|range|sensor|qubit|fidelity|shoot|electron|spin|lead|sensor|qubit|gate|sensor|epitaxial|silicon|donor|spin|qubit|device|shoot|readout|donor|electron|spin|fidelity|device|confinement|potential|donor|need|gate|interaction|sensor|donor|scale|couple|sensor|dot|sensor|dot|distance|gate|device|qubit|size|capaci|tive|interaction|epitaxial|donor|device|sensor|shoot|readout|qubit|array|qubit|sensor|gate|device|potential|spin|qubit|device|sensor|density
10.1021/acsnano.3c10633,quantum coherence|control|nitrogen|vacancy|center|nanoscale|domain|wall|motion|control|readout|qubit|foundation|generation|information|science|technology|nitrogen|vacancy|center|level|spin|context|fidelity|gate|functionality|range|condition|contender|edge|quantum|technology|domain|wall|motion|control|measurement|spin|property|field|environment|center|reconfigurable|domain|wall|motion|photoluminescence|spin|level|energy|coherence|transport|response|device|dipole|interaction|center|nanoscale|structure|platform|information|transfer|spin|qubit|memory
10.1039/d3mh01201h,quantum coherence|quantum processor|quantum processor|quantum processor|dilute|particle|spin|qubit|integration|spin|hardware|device|mean|manipulation|alternative|dilute|crystal|nano|scale|deposit|molecule|particle|hydroxycarbonate|particle|number|spin|carrier|control|particle|size|dope|property|wave|domain|spectroscopy|particle|qubit|monolayer|particle|surface|resonator|particle|localization|group|particle|dip|pen|nanolithography|dispersion|ink|material|methodology|hybrid|sub|particle|spin|qubit|carrier|number|qubit|particle|control|device|hybrid
10.1587/transele.2022FUS0001,contact|pad|consideration|semiconductor|qubit|device|chip|microwave|crosstalk|chip|microwave|crosstalk|spin|qubit|integration|crosstalk|reduction|inte|gration|chip|microwave|crosstalk|gate|pad|trench|contact|pad|contact|pad|size|feature|advan|density|integration|semiconductor|qubit|crosstalk|ghz|introduction|chip|bond
10.1103/PhysRevApplied.20.054024,quantum dot|noise|correlation|neighbor|spin|qubit|correlation|qubit|energy|fluctuation|qubit|frequency|noise|correlation|coefficient|neighbor|qubit|pair|correlation|charge|sensor|signal|noise|origin|measurement|decay|correlation|interqubit|distance|range|correlation|noise|quantum|dot|spin|qubit|array|scalability|tolerance
10.1103/PhysRevB.107.085428,quantum device|qubit|environment|entanglement|decoherence|interaction|spin|architecture|interaction|electron|spin|qubit|spin|environment|source|decoherence|review|advance|description|qubit|decoherence|dynamic|qubit|environment|entanglement|negativity|measure|state|environment|dynamic|function|environment|size|number|nucleus|spin|nucleus|field|qubit|environment|timescale
10.1103/PhysRevA.107.033516,quantum state|interface|spin|magnon|distance|spin|magnon|couple|state|quantum|information|process|qubit|manipulation|spin|magnon|couple|cavity|spin|magnon|cavity|frequency|resonator|quantum|interface|mode|position|position|couple|mode|cavity|repre|sentation|spin|photon|magnon|photon|photon|photon|couple|strength|branch|polariton|lbp|ubp|mode|cavity|property|lbp|couple|spin|qubit|magnon|lbp|couple|spin|qubit|magnon|ubp|regime|spin|magnon|couple|lbp|exchange|proposal|platform|magnon|state|quantum|information|process|interface
10.1039/d3cc04770a,crystal|relaxation|crystal|porphyrinato|complex|relaxation|candidate|force|spin|qubit|crystal|relaxation|behaviour|alkyl|porphyrin|ion
10.1021/jacs.3c04786,crystal|array|copper|porphyrin|qubit|ion|framework|spin|qubit|potentialfor|inquantum|information|science|structure|canbe|chemistry|integration|class|material|ion|framework|formationof|array|spin|qubit|ion|pairedframework|density|micron|crystal|characterizationby|crystal|ray|diffraction|electron|paramagnetic|spectroscopy|spin|coherence|material|attemperature|crystal|cudistance|spin|spin|relaxation|spin|lattice|relaxation|temperature|spin|phonon|couple|distance|value|cross|relaxation|qubit|couple|framework|distance|exhibitedlower|value|increasedinteraction|qubit|framework|spin|qubit|ion|framework|control|ofcomposition|interqubit|interaction|rationalmean|spin|relaxation
10.1038/s41534-023-00719-3,quantum error correction|feedback|reset|spin|qubit|silicon|feedback|control|qubit|information|protocol|fault|reset|silicon|spin|qubit|feedback|control|reset|demolition|qnd|readout|qubit|feedback|readout|hardware|datum|process|readout|reset|protocol|initialization|fidelity|limitation|shoot|qnd|readout|fidelity|reset|protocol|pathway|initialization|fidelity|fault|quantum|computation|fidelity|qubit|gate|device
10.1002/andp.202200452,correlation|speed|limit|spin|article|qubit|spin|spin|bath|property|spin|bath|speed|limit|qsl|evolution|impact|size|spin|bath|speed|limit|qubit|spin|correlation|spin|qubit|behavior|qsl|condition|qsl|dynamic|quantum|correlation
10.35848/1347-4065/acbb0e,quantum dot|mode|reflectometry|reduction|crosstalk|reflectometry|spin|qubit|scale|qubit|combination|multiplexing|gate|readout|challenge|accuracy|readout|qubit|crosstalk|readout|line|mode|reflectometry|crosstalk|effectiveness|field|simulation|simulation|possibility|influence|crosstalk|mode
10.1103/PhysRevB.108.245301,quantum dot|gate|planar|hole|spin|qubit|plane|field|hole|spin|qubit|group|semiconductor|platform|spin|manipulation|thank|spin|orbit|couple|understand|spin|dynamic|stage|plane|field|majority|experiment|theory|spin|physics|planar|hole|plane|field|term|role|qubit|physic|comparison|measurement|dependence|spin|resonance|spin|gate|phonon|relaxation|existence|coherence|spot|choice|field|orientation|difference|property|hole|spin|qubit|plane|field|field|strength|field|edsr|rabi|frequency|field|parallel|field|vanishe|field|term|plane|factor|dot|agreement|measurement|telegraph|noise|noise|plane|field|field|term|qubit|component|field|find|guideline|experiment|hole|spin|qubit
10.1103/PhysRevB.107.L161406,quantum network|hole|gate|spin|orbit|qubit|confinement|hole|lhs|quantum|gate|spin|qubit|dipole|spin|resonance|qubit|size|factor|dipole|moment|parameter|modulation|qubit|dipole|moment|order|magnitude|hole|qubit|behavior|spin|split|action|spin|orbit|interaction|lhs|qubit|relaxation|rate|spin|orbit|interaction|behavior|group|band|gap|qubit|platform|qubit|photon|interface|range|entanglement|distribution
10.1021/jacs.3c01243,quantum gate|quantum gate|quantum algorithm|quantum state|gate|electron|spin|qubit|pair|electron|transfer|donor|acceptor|pair|electron|spin|singlet|spin|qubit|pair|sqp|spin|qubit|addressability|ion|couple|hfc|addition|anisotropy|overlap|radical|factor|electron|difficulty|microwave|pulse|bandwidth|spin|cnot|issue|donor|molecule|hfc|peri|xanthenoxanthene|naphthalenemonoimide|nmi|derivative|photoexcitation|nmi|step|electron|transfer|center|nmi|center|sqp|alignment|center|nmi|center|liquid|crystal|temperature|resonance|electron|spin|qubit|gate|qubit|cnot|gate|gate|gaussian|microwave|pulse|detection|spin|state|gate|gate
10.1126/science.ade5050,quantum device|scale|platform|electron|spin|solid|candidate|science|technology|assembly|couple|atom|atom|construction|gate|readout|electron|spin|qubit|tunneling|microscope|control|qubit|tunnel|junction|electron|spin|field|atom|magnet|readout|sensor|qubit|tunnel|junction|electron|spin|resonance|qubit|gate|fashion|angstrom|scale|qubit|platform|functionality|electron|spin|array|atom|atom|surface
10.1103/PhysRevApplied.19.044094,quantum dot|entangle|gate|space|curve|fidelity|gate|computation|gate|pulse|waveform|one|optimization|understand|space|waveform|target|gate|gate|waveform|respect|amplitude|constraint|qubit|pulse|target|gate|evolution|space|curve|condition|curve|order|gate|power|waveform|curvature|curve|cnot|gate|silicon|spin|qubit|fidelity|fidelity|requirement|pulse|guess|optimization|routine
10.35848/1347-4065/acbcdd,quantum computer|quantum gate|quantum device|device|structure|fabrication|silicon|spin|qubit|variation|swap|gate|gate|technology|device|structure|gate|fabrication|bias|gate|spin|qubit|robustness|qubit|swap|gate|gate|variation|simulation|type|qubit|device|benefit|technology|swap|gate|fidelity|technology|robustness|swap|gate|gate|variation|sigma|yield|swap|gate|gate|fidelity|device|size|fluctuation|roadmap|device|ird|target|technology|silicon
10.1103/PhysRevB.108.125405,quantum computer|quantum dot|valley|split|quantum|well|silicon|silicon|germanium|heterostructure|advantage|spin|qubit|valley|split|energy|split|conduction|band|valley|challenge|qubit|reliability|distribution|valley|split|chip|interplay|quantum|well|imperfection|valley|split|variability|interface|step|interface|self|accounting|germanium|concentration|fluctuation|valley|split|path|qubit|uniformity|silicon
10.1038/s41565-022-01282-2,quantum dot|quantum dot|quantum dot|quantum communication|refocus|spin|qubit|interaction|spin|control|matter|couple|opportunity|semiconductor|property|spin|coherence|nucleus|inhomogeneity|measurement|microsecond|inhomogeneity|lattice|gaas|algaas|device|decouple|electron|spin|qubit|visibility|pulse|gate|pulse|coherence|scale|refocus|interaction|electron|spin|ensemble|noise|promise|lifetime|spin|coherence|find|material|science|challenge|device|remedy|basis|spin|photon|interface
10.1103/PhysRevApplied.19.024068,quantum computer|fidelity|cnot|gate|donor|electron|spin|qubit|silicon|donor|dot|phosphorus|atom|silicon|host|electron|spin|qubit|confine|potential|wave|function|ground|state|candidate|scale|qubit|fidelity|shoot|readout|coherence|second|qubit|gate|fidelity|fidelity|qubit|gate|platform|charge|noise|limit|factor|charge|noise|fluctuation|exchange|couple|electron|spin|logic|gate|error|field|difference|qubit|donor|spin|nanomagnet|field|gradient|mhz|qubit|sensitivity|noise|error|qubit|cnot|gate|gate|framework|noise|source|cnot|gate|rotation|multidonor|dot|qubit|number|location|donor|dot|couple|energy|difference|electron|spin|qubit|cnot|gate|error|rate|factor|multidonor|dot|donor|roadmap|cnot|fidelity|environment|parameter|multidonor|dot|qubit
10.1039/d3sc04375d,pdi|trityl|dyad|spin|qubit|candidate|field|information|science|triplet|conjugate|amount|attention|compound|chromophore|radical|initialisation|photoexcitation|spin|quartet|state|spin|qubit|candidate|diimide|chromophore|phenylene|linker|counterpart|spectroscopy|electron|resonance|epr|absorption|measurement|chromophore|triplet|state|formation|scale|pdi|trityl|dyad|state|deactivation|pdi|nitroxide|analogue|investigation|spin|property|epr|quartet|state|formation|triplet|spin|mix|dyad|suitability|pdi|trityl|dyad|spin|qubit|candidate|trityl|counterpart|spin|polarisation|room|temperature|quartet|state|coherence|improvement
10.1039/d3sc03089j,quantum coherence|quantum coherence|spin|qubit|zirconium|mof|composite|dilution|fullerene|encapsulation|control|quantum|technology|electron|spin|qubit|candidate|quantum|information|process|modularity|tunability|search|tool|introduction|spin|qubit|form|zirconium|mof|polymorph|pair|encapsulation|fullerene|synthesis|framework|amount|fullerene|framework|channel|addition|template|role|incorporation|fullerene|electron|spin|lattice|phase|memory|relaxation|amount|spin|solvent|guest|qubit|relaxation|density|state|fullerene|encapsulation
10.1063/5.0174588,quantum computing|quantum dot|resonant|tunneling|silicon|spin|qubit|spin|qubit|candidate|array|researcher|energy|difference|spin|spin|state|detection|qubit|state|importance|field|wire|qubit|integration|qubit|wire|issue|measurement|array|tunneling|transistor|number|measurement|coherence|backaction|measurement|characteristic|tunneling|measurement|article|content|common|attribution|license
10.1038/s41467-023-42169-7,quantum computer|quantum algorithm|quantum state|quantum state|title|realisation|gate|electron|resonance|quantum|information|process|promise|computer|task|counterpart|set|logic|gate|gate|measurement|qubit|state|electron|spin|qubit|mesqs|criterion|synthesis|tune|property|production|structure|qubit|gate|state|tomography|procedure|multifrequency|pulse|electron|paramagnetic|resonance|epr|mesq|structure|nitroxide|spin|centre|principle|light|hurdle|demonstration|entanglement
10.1021/jacs.3c10772,coherence|chromophore|qubit|qudit|criterion|quantum|gate|qubit|coherence|influence|structure|coherence|spin|qubit|qudit|series|molecule|perylenediimide|pdi|chromophore|nitroxide|radical|electron|paramagnetic|resonance|spectroscopy|photoexcitation|pdi|quartet|state|spin|ground|state|promise|spin|qudit|qubit|structure|spin|qudit|qubit|candidate|deuteration|motion|coherence|coherence|enhancement|protocol|coherence|spin|qubit
10.1103/PhysRevApplied.19.044039,quantum dot|quantum dot|gate|spin|readout|hole|site|factor|progress|hole|spin|qubit|group|semiconductor|potential|scalability|compatibility|manufacture|standard|ease|gate|addressability|drive|spin|orbit|interaction|variability|anisotropy|qubit|control|parameter|lande|characterization|qubit|gate|hole|silicon|spin|readout|gate|reflectometry|feature|phase|signal|convey|information|site|factor|dot|model|parameter|calculation|prospect|information|factor|reflectometry|measurement
10.35848/1347-4065/acb4f8,quantum dot|spice|electron|spin|qubit|finfet|semiconductor|qubit|attention|field|device|physic|coherence|electron|hole|qubit|requirement|miniaturization|transistor|spin|qubit|finfet|fin|field|transistor|spice|simulation|program|circuit|emphasis|simulator|qubit|qds|fin|structure|order|qubit|number|electron|finfet|circuit|transport|property|finfet|electron|phenomena|spice|simulation|electron|current|function|finfet|parameter|channel|length|width|gate|temperature
10.1002/adma.202208557,quantum computing|quantum dot|quantum dot|quantum dot|quantum dot|quantum dot|quantum system|quantum processor|jellybean|silicon|qubit|couple|chip|quantum|chemistry|size|integrability|silicon|metal|oxide|semiconductor|simos|spin|qubit|control|electron|chip|qubit|architecture|array|qubit|architecture|qubit|chip|mediate|short|distance|charge|spin|characteristic|jellybean|prospect|qubit|qubit|coupler|charge|transport|charge|sense|magneto|measurement|simos|device|temperature|simulation|electron|occupancy|disorder|electron|electron|interaction|dominate|potential|datum|formation|dot|tunable|molecule|dot|gate|edge|electron|occupancy|dot|dot|spin|state|dot|potential|qubit|coupler|architecture
10.1103/PhysRevApplied.19.064046,isotope|purification|reduction|spin|relaxation|spin|coherence|semiconductor|defect|spin|source|decoherence|relaxation|state|qubit|point|spin|semiconductor|degree|depletion|spin|coherence|noise|isotope|purification|level|electron|spin|vicinity|qubit|spin|state|art|tool|silicon|vacancy|qubit|spin|environment|couple|qubit|spin|bath|point|defect|lattice|isotope|purification|shorten|spin|relaxation|turn|coherence|spin|qubit|point|qubit|nitrogen|vacancy|center|diamond|divacancy|silicon|carbide
10.1021/acsnano.3c06668,quantum computing|quantum computing|quantum gate|engineering|qubit|speed|fidelity|qubit|qubit|gate|qubit|addressability|decoherence|error|processor|gate|electron|spin|qubit|phosphorus|donor|atom|silicon|coherence|fidelity|platform|qubit|addressability|interaction|electron|wave|function|field|coefficient|mhz|date|speed|neighbor|qubit|power|antenna|qubit|donor|atom|qubit|root|swap|gate|spin|relaxation|way|selectivity|qubit|resonance|frequency|device|donor|space|axis|orientation|stm|lithography|shift|mhz|mhz|factor|difference|nemo|calculation|coefficient|mhz|molecule|donor|pulse|shape|qubit|gate|rotation|fidelity|qubit|gate|neighbor|qubit|qubit|gate|order|magnitude|simulation|qubit|control|fidelity
10.1103/PRXQuantum.4.010329,quantum dot|quantum dot|readout|electron|spin|state|spin|state|readout|electron|electrometer|protocol|shoot|measurement|pauli|spin|blockade|ability|timescale|detune|interdot|tunnel|couple|ghz|regime|sequence|manipulation|measurement|spin|state|procedure|overhead|spin|readout|challenge|spin|qubit|platform
10.1364/OE.487467,semiconductor|diamond|cavity|spin|optomechanic|cavity|tool|quantum|information|process|structure|resonance|localization|device|leakage|energy|quantum|material|diamond|nanofabrication|integration|component|heating|challenge|alternative|semiconductor|diamond|platform|mode|undercut|crystal|cavity|couple|dissipation|platform|couple|qubit|diamond|substrate|property|promise|platform|quantum|information|process|device|spin|phonon|photon|interaction
10.1109/JSSC.2023.3237603,quantum computing|quantum computing|quantum processor|cryo|cmos|sar|adc|article|loop|sar|analog|converter|adc|bit|resolution|speed|frequency|input|spin|qubit|reflectometry|readout|circuit|device|behavior|temperature|mode|switch|scheme|calibration|cmos|technology|signal|distortion|ratio|sndr|input|figure|merit|fomw|conv|step|power|consumption|clock|receiver|conv|step|power|consumption|core|adc|specification|adc|readout|qubit|channel|power|consumption|qubit|integration|readout|scale
10.1088/1674-1056/acf208,quantum computing|quantum dot|quantum device|quantum device|spread|valley|split|quantum|well|rearrangement|interface|achievement|scalability|uniformity|silicon|electron|spin|qubit|challenge|fluctuation|valley|split|energy|array|initialization|qubit|spin|rise|spin|valley|entanglement|loss|spin|information|fluctuation|variation|plane|concentration|direction|quantum|well|calculation|spectrum|absence|concentration|fluctuation|spectrum|limit|range|sige|interface|step|originate|plane|distribution|atom|barrier|characteristic|interface|engineering|plane|randomness|fluctuation|monolayer|barrier|sige|interface|find|insight|role|plane|randomness|feasibility|spin|qubit
10.1016/j.cap.2023.04.013,quantum measurement|characterization|correction|width|quantum|experiment|state|spin|qubit|level|protocol|information|experiment|finite|pulse|width|condition|finite|pulse|width|quantum|experiment|state|spin|qubit|nitrogen|vacancy|center|diamond|experiment|field|protocol|ramsey|interferometry|hahn|echo|decouple|width|pulse|protocol|amount|phase|accumulation|pulse|qubit|evolution|offset|phase|accumulation|way|condition|sensitivity
10.1063/5.0145278,quantum gate|sequence|spin|state|pair|electron|spin|qubit|information|qubit|platform|information|science|control|chemical|synthesis|qubit|technology|sequence|protocol|spin|pair|spin|qubit|pair|sqp|candidate|microwave|protocol|execution|logic|gate|sqps|pulse|sequence|contribution|spin|spin|dynamic|source|decoherence|factor|fidelity|sqp|spin|state|field|frequency|oscillation|fidelity|field|value|addition|fidelity|outcome|decoherence|factor|gate|execution|sequence|license|aip|publish
10.1021/acs.nanolett.2c04049,electron|spin|resonance|molecule|magnet|property|molecule|attention|emphasis|qubit|information|process|electron|spin|ligand|role|spin|qubit|electron|spin|resonance|esr|tunneling|microscope|stm|esr|molecule|substrate|monolayer|nacl|film|spin|esr|signal|ligand|position|resonance|condition|spin|electron|ligand|couple|chemical|environment
10.1021/acs.nanolett.3c03349,quantum computing|quantum dot|quantum dot|quantum dot|quantum dot|electron|occupation|array|plunger|gate|voltage|footprint|semiconductor|qubit|size|environment|variation|gate|structure|device|gate|voltage|charge|scalability|gate|voltage|stress|voltage|charge|state|plunger|gate|voltage|interdot|couple|find|quadruple|charge|state|plunger|gate|ability|gate|voltage|requirement|control|electron|gate|spin|qubit|device|mean|hardware
10.1103/PhysRevB.107.035302,quantum dot|flop|mode|electron|dipole|spin|resonance|regime|fidelity|control|spin|qubit|electron|dipole|spin|resonance|edsr|field|gradient|qubit|noise|drive|amplitude|order|mode|edsr|electron|displacement|dot|efficiency|mode|regime|field|difference|dot|simulation|field|gradient|infidelity|contribution|charge|noise|order|magnitude|rabi|frequency|degeneracy|conduction|band|silicon|valley|degree|freedom|mode|valley|optimization|gate|regime
10.1002/chem.202301771,quantum computing|spin|qubit|oxamato|coordination|framework|qubit|unit|information|computation|information|process|decoherence|qubit|molecule|electron|spin|qubit|ion|spin|bit|gate|gate|qubit|people|ion|state|oxygen|oxamato|coordination|framework|sdot|hopa|carrier|qubit|field|relaxation|phonon|bottleneck|temperature|anisotropy|electron|resonance|spin|lattice|spin|spin|relaxation|sample|decoherence|isotropic|resonance|phonon|sample|dilution|qubit
10.1103/PhysRevB.107.014403,quantum dot|quantum dot|body|hubbard|ground|state|array|phenomenon|band|ferromagnetism|hubbard|theorem|condition|band|ferromagnetic|state|theorem|geometry|number|hole|band|phenomenon|intuition|particle|energy|state|energy|state|pattern|ferromagnetism|plaquette|factor|number|lattice|site|array|laboratory|spin|qubit|array
10.1002/adma.202300472,quantum computing|chirality|spin|selectivity|technology|quantum|spin|build|block|technology|thank|flexibility|chemistry|structure|interaction|stimulus|state|molecule|level|tool|interplay|chirality|magnetism|chirality|spin|selectivity|electron|transfer|spin|charge|conversion|mechanism|spin|qubit|dyad|electron|donor|electron|acceptor|bridge|simulation|parameter|chirality|spin|selectivity|initialization|manipulation|spin|readout|qubit|temperature
10.3390/magnetochemistry9020053,relaxation|pathway|spin|qubit|pressure|order|sparsity|decoherence|pathway|qubit|clock|transition|diamond|cell|synchrotron|principle|calculation|response|compression|hole|density|state|overlap|phonon|excitation|pressure|rock|bend|stretch|mode|couple|level|resonance|interaction|decoherence|qubit|pressure|harden|phonon|transparency|window|phonon|response|spectrum|overlap|level|ion|find|pressure|chemical|mean|strain|transparency|window|earth|spin|qubit|way|device|surface|interface|compressive|strain|decoherence|pathway
10.1021/acs.nanolett.3c01511,quantum network|quantum memory|control|spin|quantum|memory|circuit|goal|information|process|network|memory|fidelity|goal|circuit|pic|spin|quantum|memory|diamond|color|center|spin|photon|interface|challenge|microwave|control|spin|register|photon|platform|integration|diamond|color|center|speed|pic|platform|manipulation|spin|qubit|field|gradient|control|qubit|microwave|pulse|shape|combination|control|pic|platform|spin|manipulation|path|intrachip|interchip|platform
10.1088/1367-2630/acc126,quantum dot|quantum processor|quantum device|gate|reflectometry|array|silicon|qubit|device|quantum|dot|array|complexity|need|gate|gate|voltage|pulsing|gate|reflectometry|measurement|array|silicon|qds|wafer|foundry|couple|array|gate|frequency|reflectometry|electron|occupation|dot|electron|movement|bandwidth|gate|electrode|tunneling|combination|side|gate|voltage|charge|stability|diagram|spin|physic|pauli|spin|blockade|finite|field|gate|voltage|pulse|interdot|charge|relaxation|function|detune|dot|charge|sense|array|involvement|electron|reservoir|gate|device|array|scale|dot|spin|qubit|device|scale
10.1007/s11082-023-04604-3,quantum coherence|quantum system|quantum processor|decoherence|coherence|quantum|discord|spin|qubit|heart|advance|framework|information|process|evolution|coherence|correlation|spin|qubit|decoherence|coherence|coherence|correlation|quantum|discord|consideration|impact|field|moriya|kaplan|shekhtman|aharony|ksea|interaction|decoherence|ewl|state|find|decoherence|decay|correlation|behavior|state|parameter|robustness|coherence|quantum|discord|choice|state|find|insight|quantum|advantage
10.1088/2058-9565/acb56b,rotation|spin|half|passage|presence|vortex|rotation|nitrogen|vacancy|defect|spin|state|proximity|vortex|core|vortex|core|mean|nanoscale|field|spin|qubit|addressability|control|dynamic|vortex|core|complicate|prospect|fidelity|gate|gate|profile|vortex|core|fringe|field|enhancement|zeeman|split|rabi|frequency|gyrotropic|dynamic|vortex|core|evolution|spin|state|fidelity|rotation|passage|protocol|vortex|enhancement|spin|split|rabi|frequency|vortex|dynamic
10.1103/PhysRevApplied.19.044010,quantum dot|quantum dot|quantum dot|quantum dot|quantum dot|quantum dot|frequency|charge|noise|electron|cmos|charge|noise|source|decoherence|spin|qubit|silicon|obstacle|path|qubit|fabrication|depth|characterization|charge|noise|environment|cmos|silicon|nanowire|charge|noise|configuration|charge|noise|order|magnitude|interface|reservoir|source|charge|noise|extension|measurement|charge|noise|regime|charge|noise|value|electron|charge|noise|electron|occupancy
10.1364/OE.482008,quantum computing|quantum network|waveguide|silicon|quantum|technology|quality|matter|interconnect|state|colour|centre|centre|silicon|advantage|basis|technology|silicon|defect|telecommunication|band|emission|electron|spin|qubit|integration|industry|standard|cmos|silicon|insulator|soi|chip|scale|level|integration|centre|spin|ensemble|mode|waveguide|soi|addition|spin|centre|property|linewidth|waveguide|emitter|success|spin|protocol|cavity|purcell|enhancement|improvement|lifetime|linewidth|crystal|linewidth|order|magnitude|view|scale|quantum|technology|centre|silicon|term
10.1021/jacs.3c04021,room|temperature|electron|spin|coherence|spin|qubit|candidate|challenge|field|molecularspintronicsis|identification|spin|qubit|material|informationapplication|regard|photoexcitedchromophore|candidate|repertoire|candidate|molecule|series|chromophore|compound|ofa|diimide|pdi|chromophore|tetramethyl|electron|resonance|influence|isotope|label|tempomoiety|spectra|electron|spin|coherence|quartet|state|photoexcitation|illustratethat|manipulation|spin|state|room|temperature|spin|coherencetime|condition|thisdemonstration|electron|spin|coherence|temperature|way|moleculardevice
10.1038/s41467-023-37513-w,earth|ion|emission|electro|nanocavity|earth|ion|quantum|emission|rate|author|detection|control|erbium|ion|emission|electro|crystal|cavity|film|lithium|niobate|earth|emitter|resource|spin|qubit|photon|source|quantum|memory|ion|emission|rate|transition|purcell|emission|cavity|ability|cavity|ion|couple|capacity|control|ion|emission|erbium|dopant|electro|crystal|cavity|film|lithium|niobate|purcell|factor|enable|ion|detection|order|autocorrelation|measurement|control|emission|rate|optic|tune|resonance|frequency|feature|storage|retrieval|ion|excitation|emission|characteristic|opportunity|photon|source|spin|photon|interface
10.1103/PRXQuantum.4.040343,quantum state|quantum memory|body|singlet|spin|qubit|body|platform|investigation|nature|entanglement|promise|speed|class|algorithm|simulation|engineering|entanglement|spin|ensemble|platform|progress|spin|algorithm|spin|qubit|proxy|ensemble|protocol|spin|spin|ensemble|state|body|state|singlet|ensemble|protocol|material|platform|presence|level|decoherence|diffusion|protocol|preparation|body|state|entanglement|engineering|spin|ensemble|class
10.1109/TMTT.2023.3254600,quantum computer|quantum communication|quantum system|quantum sensor|spin|control|cmos|diamond|center|state|electron|spin|build|block|information|science|link|state|spin|microwave|pulse|sequence|benchtop|instrument|integration|electron|realization|power|quantum|control|electron|spin|resonance|esr|frequency|rabi|ramsey|hahn|echo|measurement|nitrogen|vacancy|center|spin|qubit|diamond|chip|signal|tunable|ghz|sequence|pulse|width|pulse|pulse|resolution|chip|footprint|power|consumption
10.1038/s41534-023-00717-5,quantum computing|quantum dot|quantum dot|quantum network|quantum repeater|chip|spin|photon|entanglement|photon|scatter|realization|chip|quantum|interface|photon|state|spin|build|block|quantum|information|processor|quantum|register|photon|self|nanostructure|endeavor|thank|unity|photon|emitter|couple|emission|rate|fidelity|chip|entanglement|photon|quantum|dot|hole|spin|qubit|entanglement|scatter|bin|photon|spin|control|microsecond|order|magnitude|state|platform|condition|detection|photon|fidelity|immune|wander|emitter|step|node|information|photon|chip|quantum|logic
10.1038/s41567-023-02238-6,quantum computer|quantum processor|noise|correlation|spectrum|pair|spin|qubit|silicon|semiconductor|qubit|footprint|density|issue|noise|qubit|concern|scalability|tolerance|degree|noise|correlation|pair|neighbour|silicon|spin|qubit|interqubit|noise|correlation|correlation|strength|regime|spin|spin|exchange|interaction|fluctuation|spin|precession|rate|exchange|noise|origin|noise|cross|correlation|noise|device|tool|noise|qubit|importance|range|noise|silicon|spin|qubit|error|qubit|challenge|correction|scheme|measurement|noise|silicon|spin|qubit|field|fluctuation|error
10.1103/PhysRevA.107.052411,quantum state|quantum state|quantum state|quantum state|quantum state|quantum state|quantum system|metric|sjoqvist|bure|distinguishability|metric|freedom|turn|interpretation|quantity|complexity|volume|discussion|relation|sjoqvist|metric|bure|notion|decomposition|density|operator|mean|ensemble|comprehension|difference|metric|physics|standpoint|expression|metric|equilibrium|reservoir|nonzero|temperature|purpose|difference|metric|spin|qubit|uniform|field|equilibrium|temperature|bath|bure|sjoqvist|metric|term|monotonicity|property
10.1109/TVLSI.2023.3290262,quantum computer|quantum computer|quantum computing|phase|loop|ghz|sub|sspll|taiwan|semiconductor|manufacture|company|ltd|tsmc|cmos|technology|spin|qubit|power|chip|area|sspll|range|ghz|contrast|phase|detector|charge|pump|noise|band|phase|noise|sspll|room|temperature|band|phase|noise|dbc|mhz|frequency|phase|noise|dbc|mhz|frequency|carrier|frequency|ghz|estimation|noise|requirement|rabi|oscillation|mhz|microwave|signal|duration|gate|gate
10.1021/jacs.2c11787,lifetime|trityl|pair|trityl|ketone|alkyl|pair|laser|excitation|constraint|ketone|precursor|platform|instantiation|spin|qubit|pair|information|science|spectroscopy|series|nanocrystalline|trityl|alkyl|aryl|ketone|pair|triphenylmethyl|radical|bond|distance|reactive|radical|triplet|trityl|acyl|pair|decay|product|decarbonylation|intersystem|cross|trityl|pair|lifetime|ketone|lifetime|distance|colinear|orientation|orbital|singlet|triplet|energy|gap|field|split|parameter|geometry|spin|obit|couple|ketone|trityl|pair|dimension|information|science
10.1103/PhysRevApplied.19.054029,quantum network|quantum network|quantum network|quantum memory|loss|photon|multiplexing|space|scheme|entanglement|distribution|quasideter|photon|pair|source|entanglement|pair|generation|mode|conversion|memory|scheme|eliminate|loss|multiplexing|source|loss|multiplexing|zalm|entanglement|pair|source|baseline|entanglement|distribution|satellite|ground|memory|advantage|channel|efficiency|downlink|uplink|optic|photon|loss|interaction|entangle|ment|generation|rate|scale|eta|protocol|ebit|memory|multiplexing|spin|qubit|ground|distance|spin|spin|entanglement|state|fidelity|architecture|blueprint|scale|term
10.1063/PT.3.5290,imperfection|technology|state|spin|qubit|quantum|sense|forefront|distance|entanglement|internet
10.1021/acsami.3c06725,quantum computing|quantum dot|quantum dot|quantum dot|quantum dot|bond|contributor|noise|silicon|silicon|germanium|qubit|qubit|xgex|exhibit|coherence|technology|charge|noise|qubit|gate|fidelity|origin|charge|fluctuation|step|quantum|dot|qubit|calculation|source|charge|noise|charge|bond|role|environment|defect|level|dbs|xgex|alloy|trap|excitation|energy|framework|configuration|coordinate|diagram|influence|strain|oxidation|charge|energetic|dbs|layer|xgex|heterostructure|bond|charge|center|xgex|alloy|oxidation|layer|inhomogeneity|importance|homogeneity|passivation|scheme|dbs|qubit|relevance|trap|level|xgex|metal|oxide|semiconductor|stack|device
10.1103/PhysRevA.107.023102,neutral atom|coherence|cool|spin|qubit|field|spin|memory|divalent|spin|sideband|cool|field|reichenbach|phy|rev|lett|theory|spin|qubit|field|theory|laser|excitation|state|shift|interaction|spin|mix|interaction|sideband|clock|state|stark|state|spin|emission|ground|state|field|theory|spin|qubit|zeeman|substate
10.1088/1612-202X/aca759,w state|w state|computation|state|code|engineering|protocol|quantum|computation|state|code|spin|engineering|interaction|spin|qubit|subspace|pair|magnetic|spin|qubit|pauli|gate|subspace|engineering|waveform|control|field|evolution|path|ngqc|protocol|influence|imperfection|simulation|parameter|protocol|error|noise|decoherence|protocol|manipulation|spin
10.1103/PhysRevE.108.054116,nonequilibrium|dynamic|jayne|cumme|dimer|nonequilibrium|dynamic|josephson|jayne|cumme|dimer|presence|kerr|nonlinearity|cavity|circuit|quantum|electrodynamic|dynamic|variety|josephson|oscillation|regime|stability|type|transition|state|self|phenomenon|photon|population|imbalance|cavity|dynamic|quantum|feature|state|quantum|spin|dephase|phase|fluctuation|revival|phenomena|photon|field|entanglement|spin|qubit|self|state|information|qubit|correlation|photon|population|imbalance|photon|entanglement|qubit|manner|quench|regime|photon|distribution|phase|space|loss|coherence|state|relevance|experiment|information|process|quantum|technology
10.1103/PhysRevB.108.235312,room|temperature|control|state|spin|excitation|spin|qubit|state|material|platform|information|control|state|defect|stoke|excitation|control|defect|spin|excitation|mechanism|excitation|divacancy|silicon|carbide|phonon|photon|absorption|photoluminescence|image|divacancy|resonance|measurement|control|divacancy|spin|excitation|room|temperature|spin|contrast|excitation|stoke|excitation|temperature|protocol|address|control|spin|qubit|boundary|information|technology
10.1002/pssr.202200398,relaxation|heterostructure|monte|carlo|state|quantum|technology|spin|qubit|realization|computation|spin|qubit|semiconductor|heterostructure|quality|respect|structure|formation|plane|misfit|dislocation|mds|formation|mechanism|network|sige|heterostructure|purpose|layer|thickness|thickness|beam|epitaxy|formation|mds|mds|electron|contrast|image|network|monte|carlo|simulation|simulation|ratio|dislocation|density|length|mds|constant|set|parameter|dislocation|statistic|extension|mds|dimension|network|box|count|quantity|network|formation|mechanism|mds|device|quantification|relaxation|quantum|well
10.1021/acsnano.3c07752,engineering|vacancy|creation|defect|vapor|deposition|monolayer|proton|irradiation|law|mechanic|technology|computation|quantum|information|science|quantum|revolution|call|spin|qubit|point|defect|attention|qubit|precision|temperature|challenge|multiqubit|defect|issue|engineering|fundamental|defect|regard|defect|monolayer|property|irradiation|proton|energy|defect|density|nature|defect|density|proton|irradiation|energy|defect|type|vacancy|antisite|adatom|creation|manipulation|defect|way|pattern|spin|qubit|point|defect|particle|irradiation|energy|formation|defect|property|material|device
10.1021/jacs.3c03402,tetrazolinyl|radical|synthesis|structure|magnetism|assembly|silicon|surface|shell|molecule|property|date|thermalstability|processability|synthesis|biphenylene|tetrazolinyl|radical|radical|planar|structure|ray|structure|density|theory|dft|stability|onset|decomposition|degree|thermogravimetricanalysis|tga|datum|radical|oxidation|sce|energy|gap|cell|propertiesof|polycrystalline|superconductingquantum|interference|device|squid|magnetometry|chain|radical|glass|possessesa|long|electron|spin|coherence|temperature|range|spin|vacuum|assembly|radical|silicon|substrate|resolution|ray|photoelectron|spectroscopy|xps|scanningelectron|microscope|sem|image|moleculesform|nanoneedle|substrate|nanoneedle|forat|hour|air|ray|photoelectronspectroscopy|electron|paramagnetic|resonance|epr|assembly|evaporation|radicaldecay|order|kinetic|life|day|condition
10.1134/S1063776123080113,optimization|logic|gate|rydberg|blockade|logic|gate|atom|microtrap|dynamic|spin|qubit|number|efficiency|entanglement|rydberg|blockade|geometry|photon|excitation|rydberg|state|atom|robustness|variation|number|parameter|loss|scatter|field
10.1103/PhysRevLett.131.097001,josephson junction|quantum dot|quantum dot|spectroscopy|spin|andreev|level|lead|superconductor|semiconductor|transmon|device|spectroscopy|ground|state|quasiparticle|spin|orbit|couple|flux|branch|transmon|spectrum|spin|quasiparticle|finite|field|shift|branch|energy|spin|state|josephson|excitation|spin|flip|transition|control|manipulation|control|spin|flip|transition|energy|andreev|spin|qubit
10.1063/5.0147586,importance|temperature|dependence|interface|trap|metal|gate|stack|silicon|spin|qubit|semiconductor|spin|qubit|fidelity|coherence|presence|charge|noise|optimization|charge|noise|nature|measurement|frequency|interface|trap|density|temperature|dependence|correlation|noise|level|herein|evidence|temperature|dependence|interface|trap|density|agreement|charge|pump|conductance|difference|temperature|trend|noise|influence|device|optimization
10.1103/PhysRevApplied.20.044062,nanomagnet|chip|field|generation|field|gradient|chip|nanomagnet|variety|spin|qubit|nanomagnet|formulation|field|source|field|configuration|layer|geometry|simulation|requirement|saturation|nanomagnet|term|field|gradient|nanomagnet|material|strength|field
10.1103/PhysRevB.107.085427,quantum computing|quantum dot|quantum processor|control|spin|qubit|transport|silicon|pathway|scalability|spin|range|interaction|electron|interconnectivity|spin|transport|advantage|fidelity|transportation|spin|qubit|silicon|source|error|error|impact|tunnelcouple|field|spin|orbit|spin|transfer|interplay|effectsgive|dot|configuration|regime|decoherence|forquantum|information|process|conclusion|conclusionsand|scale
10.1103/PhysRevB.108.155433,josephson junction|proximity|superconductor|metallization|superconductor|germanium|hole|germanium|hole|device|hole|spin|qubit|andreev|spin|qubit|basis|realization|superconductor|array|spin|orbit|interaction|soi|ultralong|path|coherence|compatibility|metal|oxide|semiconductor|cmos|technology|proximity|superconductor|metallization|property|semiconductor|instance|factor|energy|mass|metallization|nanowire|proximity|account|geometry|phenomenology|metallization|cross|section|role|instance|contrast|expectation|soi|couple|superconductor|thickness|role|size|proximity|metallization|couple|distance|wave|function|interface|absence|gap|nws|nws|wave|function|order|proximity|gap|field|strength|soi|nature|metallization|device|platform|information|process
10.1063/5.0139825,quantum computing|quantum dot|quantum circuit|quantum device|probe|station|feedback|characterization|measurement|technology|room|temperature|throughput|device|testing|probe|probe|device|datum|probe|station|room|temperature|size|measurement|setup|magnet|variety|device|prober|silicon|fin|field|transistor|host|spin|qubit|tool|fabrication|measurement|cycle|feedback|optimization
10.1103/PhysRevLett.130.090801,nitrogen vacancy|nitrogen vacancy|quantum state|quantum state|quantum state|tomography|center|diamond|tomography|procedure|series|measurement|observable|set|observable|procedure|spin|qubit|procedure|magnetization|function|scheme|observable|measurement|evolution|measurement|density|matrix|set|gate|density|operator|element|scheme|electron|spin|center|diamond
10.1063/5.0151029,quantum dot|quantum dot|quantum dot|simulation|charge|noise|structure|presence|field|gradient|spin|control|electron|spin|qubit|silicon|charge|noise|fluctuation|ground|state|energy|electron|structure|charge|noise|motion|charge|semiconductor|oxide|interface|range|charge|density|rho|lenghtscale|displacement|charge|delta|pair|rho|delta|amplitude|shape|noise|spectrum|agreement|spectra|experiment|structure
10.35848/1347-4065/acac36,quantum computer|quantum computer|quantum dot|quantum dot|electron|pump|array|silicon|electron|qds|array|silicon|electron|load|variability|characteristic|variability|state|art|silicon|end|electron|pump|sep|electron|array|step|electron|spin|qubit|gate|array|sep|mhz|gate|accuracy|time|gate|shutter|jitter|electron|transfer|speed|mhz|silicon|qubit
10.1063/5.0156358,quantum dot|quantum dot|quantum dot|quantum dot|correlation|spin|split|fluctuation|charge|noise|sige|fluctuation|field|position|gate|semiconductor|heterostructure|presence|field|gradient|shift|electron|wavefunction|lead|fluctuation|electron|spin|split|spin|noise|limit|coherence|spin|qubit|sige|spin|split|noise|motion|charge|semiconductor|oxide|interface|isotropic|planar|displacement|charge|density|displacement|magnitude|spin|split|noise|spectra|density|correlation|noise|spin|split|energy|electron|ground|state
10.1103/PhysRevApplied.20.034066,quantum computing|quantum dot|quantum gate|quantum circuit|semiconductor|quantum|dot|modulator|gate|scale|device|semiconductor|spin|qubit|microwave|control|signal|manipulation|readout|qubit|control|signal|room|temperature|temperature|qubit|challenge|microwave|modulator|semiconductor|millikelvin|temperature|qubit|modulator|mixer|frequency|bandwidth|ghz|power|dissipation|frequency|signal|condition|power|dilution|refrigerator|device|silicon|precision|lithography|pathway|qubit|control|functionality|chip
10.1103/PhysRevLett.131.097002,quantum dot|hole|spin|drive|strain|spin|orbit|interaction|hole|spin|semiconductor|radio|frequency|field|spin|orbit|interaction|valence|band|motion|dot|strain|field|rise|rashba|spin|orbit|interaction|spin|orbit|length|factor|modulation|rabi|oscillation|strain|device|stress|spin|qubit|gesi|heterostructure|illustration|frequency|order|magnitude|shear|strain|gradient|dot|underline|solid|strain|way|strain|hole|spin|device|information|spintronic
10.1103/PhysRevApplied.19.054090,property|donor|qubit|zno|indium|ion|implantation|donor|zno|candidate|state|spin|qubit|formation|zno|implantation|anneal|donor|spin|property|par|situ|donor|linewidth|donor|exciton|transition|ghz|linewidth|situ|spin|relaxation|value|situ|donor|implantation|damage|laser|raman|spectroscopy|donor|spin|interaction|donor|electron|nucleus|step|formation|donor|qubit|zno|access|spin|memory
10.1103/PhysRevApplied.20.064019,quantum dot|couple|carbon|nanotube|carbon|nanotube|resonance|frequency|mass|motion|temperature|quality|factor|device|quantum|level|charge|spin|qubit|integration|device|microwave|circuit|mismatch|scale|microwave|wavelength|nanotube|segment|length|nanotube|deflection|blien|nat|comm|enhancement|capacitance|restriction|discussion|experiment|subsystem|device|interaction|detail|couple|motion|scale|hitherto|interaction|mechanism
10.1021/acs.nanolett.2c04417,quantum dot|quantum dot|quantum dot|quantum dot|quantum dot|quantum circuit|charge|sense|mos|silicon|hole|platform|hole|silicon|attention|potential|tunable|qubit|semiconductor|challenge|material|difficulty|charge|sense|number|hole|couple|ambipolar|compleman|metal|oxide|semiconductor|cmos|device|palladium|gate|device|electron|charge|sensor|hole|control|spin|state|dipole|spin|resonance|control|interdot|couple|rate|order|magnitude|charge|sensor|spin|charge|conversion|hole|singlet|triplet|relaxation|hole|occupation|path|quality|controllability|hole|spin|qubit
10.1002/jcc.27120,spin|relaxation|spin|relaxation|aspect|spin|dynamic|radical|impact|outcome|spin|reaction|radical|spin|qubit|information|process|pair|reaction|protein|migratory|bird|direction|earth|field|model|spin|relaxation|bloch|redfield|wangsness|theory|master|equation|bath|interaction|limit|framework|spin|relaxation|construction|master|equation|resource|heavy|challenge|theory|feature|spin|dynamic|toolkit|molspin|radical|complexity
10.1021/acs.jpclett.3c00314,quantum device|quantum sensor|principle|calculation|temperature|transition|energy|spin|defect|qubit|color|center|platform|quantum|technology|variation|property|condition|temperature|strain|precision|theory|temperature|dependence|resonance|frequency|electron|spin|defect|solid|principle|temperature|dependence|field|split|interaction|quadrupole|interaction|color|center|initio|calculation|experiment|nitrogen|vacancy|center|diamond|agreement|origin|temperature|dependence|order|phonon|vibration|expansion|strain|color|center|tool|precision
10.1021/acsphotonics.3c00621,quantum sensor|quantum|sense|spin|liquid|spin|qubit|boron|nitride|ion|radical|role|biology|medicine|sensor|spin|color|center|semiconductor|spin|sensitivity|noise|quality|spin|defect|surface|material|spin|qubit|boron|nitride|hbn|van|der|waal|vdw|material|spin|liquid|nanoscale|spin|defect|hbn|surface|contrast|resonance|odmr|liquid|ion|water|spin|relaxation|measurement|sensitivity|ion|ion|contrast|spin|fluorescence|detection|wave|odmr|potential|ultrathin|hbn
10.1002/cphc.202200478,quantum computing|quantum entanglement|emergence|spinmerism|spin|qubit|generation|platform|candidate|generation|unit|information|herein|spin|crossover|metal|ion|ligand|hamiltonian|interaction|spin|state|structure|linkage|singlet|triplet|commutable|metal|centre|ligand|ground|state|nature|charge|transfer|mixture|triplet|metal|spin|state|superposition|maximum|competition|ligand|exchange|interaction|spinmerism|manifestation|spin|state|metal|centre|ligand|insight|spin|compound|inspiration|spin|qubit
10.1021/acs.cgd.3c00046,nonconstituent|ion|crystal|preyssler|preyssler|type|polyoxometalate|pom|encapsu|lanthanide|ion|molecule|magnet|spin|qubit|advance|area|quality|size|crystal|role|additive|ion|crystal|pom|influence|crystal|concentration|ion|role|crystal|rate|pom|crystal|increase|size|tendency|structure|crystal|crystal|pom|ion
10.1103/PhysRevLett.131.193601,quantum computing|creation|mode|state|oscillator|mode|state|state|correlation|information|process|metrology|variable|mode|atom|progress|degree|control|spin|qubit|mode|state|platform|photon|mode|state|atom|lattice|register|state|projection|phase|state|individual|jump|oscillator|frequency|generate|mode|state|rate|fraction|oscillation|frequency|state|entanglement|steer|criterion|state|oscillator|quantum|sense|quantum|information
10.1063/5.0158262,quantum processor|germanium|wafer|well|disorder|strain|sige|heterostructure|pressure|chemical|vapor|deposition|wafer|wafer|substrate|epitaxy|quality|strain|buffer|dislocation|density|order|magnitude|improvement|strain|buffer|wafer|reduction|range|scatter|improvement|disorder|property|hole|gas|sige|heterostructure|field|transistor|percolation|density|mobility|mobility|hole|density|quantum|well|heterostructure|generation|spin|qubit|integration
10.22331/q-2023-08-31-1099,quantum superposition|energy|measurement|spin|photon|interface|spin|photon|interface|spis|device|quantum|technology|information|spin|qubit|pulse|light|potential|spi|quantum|demolition|qnd|measurement|spin|state|spi|state|pulse|spin|state|role|pointer|state|formation|light|polarization|degree|freedom|build|resolution|spin|light|dynamic|photon|state|pulse|light|pointer|state|photon|budget|advantage|pulse|one|information|spin|state|level|perform|measurement|pulse|scheme|imper|fection|state|art|vice
10.1149/2162-8777/acb734,growth|quantum|layer|qubit|mbe|cvd|quantum|layer|sige|sige|heterostructure|material|platform|electron|spin|qubit|fabrication|heterostructure|qubit|beam|epitaxy|mbe|chemical|vapour|deposition|cvd|growth|sige|substrate|pressure|cvd|stack|mbe|quantum|well|layer|heterostructure|concentration|mbe|layer|originate|vapour|mbe|chamber|surface|preparation|chemical|clean|situ|anneal|hydrogen|irradiation|epitaxy|ready|cvd|substrate|carbon|oxygen|impurity|growth|temperature|dislocation|formation|heterostructure|dislocation|formation|mbe|growth|temperature|degree
10.1088/2053-1583/acddf6,nitrogen vacancy|screen|property|quantum|defect|defect|boron|nitride|hbn|candidate|photon|emitter|spe|nanophotonic|quantum|information|control|spe|depth|understand|property|environment|host|material|number|layer|substrate|strain|influence|spe|dielectric|screen|number|layer|substrate|strain|property|carbon|dimer|defect|hbn|principle|body|perturbation|theory|screen|lower|quasiparticle|gap|exciton|energy|excitation|energy|exciton|lifetime|bethe|salpeter|equation|hamiltonian|basis|property|defect|strain|response|agreement|measurement|screen|property|defect|insulator|spe|spin|qubit
10.1039/d2dt03999k,relaxation|keggin|type|silicotungstate|report|relaxation|row|transition|metal|ion|polyoxometalate|skeleton|electron|spin|resonance|spectrum|room|temperature|copper|ion|experience|interaction|potassium|salt|pyramidal|coordination|geometry|susceptibility|measurement|undergoe|relaxation|field|spin|lattice|relaxation|potential|spin|qubit|relaxation|spin|lattice|relaxation|dominate|temperature|field|exponent|complex|ligand|decrease|relaxation|temperature
10.1109/TED.2023.3244133,quantum computer|quantum computer|quantum dot|quantum system|memristor|source|situ|quantum|dot|control|spin|qubit|electron|side|cryostat|wiring|bottleneck|roadblock|memristor|source|form|bias|qds|cryostat|voltage|gate|resistance|memristor|condition|qds|resistance|programming|memristor|feature|voltage|tunability|memristor|source|hardware|simulation|source|memristor|experiman|datum|voltage|range|resolution|situ|memristor|source|bias|qds|dqds|stability|diagram|demonstration|step|memory|control|electron
10.1051/epjap/2023230014,quantum dot|quantum dot|quantum dot|rashba|spin|orbit|couple|interaction|energy|state|silicon|disk|silicon|qds|platform|spin|qubit|spin|orbit|interaction|soi|quantum|confinement|spin|property|soi|influence|rashba|soi|potential|energy|spectrum|electron|silicon|disk|presence|field|size|potential|rashba|alpha|coefficient|energy|level|approximation|energy|level|wave|function|state|function|field|presence|absence|soi|energy|level|electron|field|energy|state|change|field|energy|level|energy|difference|level|field|presence|absence|soi|energy|level|rashba|alpha|coefficient|radius
10.1038/s41467-023-39568-1,quantum dot|quantum dot|quantum dot|quantum dot|quantum state|cavity|shoot|readout|spin|nanosecond|fidelity|shoot|readout|requirement|information|technology|emitter|spin|transition|spin|readout|transition|laser|photon|speed|fidelity|photon|collection|rate|measurement|back|action|microcavity|readout|signal|semiconductor|spin|state|limitation|shoot|readout|electron|spin|nanosecond|fidelity|plusmn|quantum|jump|shoot|measurement|speed|readout|error|measurement|back|action|impact|spin|readout|spin|relaxation|semiconductor|possibility|quantum|technology|shoot|readout|spin|qubit|photon|collection|rate|measurement|back|action|author|limitation|cavity|shoot|readout|semiconductor|record|readout
10.1038/s42005-023-01152-w,quantum system|electron|nuclear|decouple|spin|clock|transition|molecule|state|quantum|technology|spin|bath|decoherence|author|electron|couple|clock|transition|understand|dynamic|ability|decouple|noise|source|technology|coherence|tunability|state|molecule|electron|spin|resonance|opportunity|clock|transition|spin|qubit|noise|rise|coherence|investigation|physic|role|bath|clock|transition|couple|degree|freedom|modulation|decay|coherence|electron|spin|echo|signal|silico|interaction|vanishe|clock|transition|electron|nuclear|decouple|absence|information|leakage|bath|opportunity|decoherence|source
10.1021/acs.jpcb.3c06658,quantum entanglement|bell state|coherence|electron|spin|qubit|pair|state|photosystem|publication|electron|spin|coherence|reaction|center|protein|photosystem|psi|electron|transfer|psi|spin|pair|spin|pair|spin|state|discovery|group|scrp|understand|structure|function|relationship|protein|scrp|tool|quantum|sense|electron|spin|decoherence|challenge|electron|spin|qubit|creation|electron|spin|characterization|decoherence|scrp|psi|decoherence|electron|spin|echo|decay|phase|memory|time|temperature|decoherence|scrp|state|state|dependence|specie|treatment|specie|spin|diffusion|diffusion|mechanism|decoherence|explanation|assumption|temperature|dynamic|methyl|group|protein|electron|spin|center|factor|loss|spin|coherence|psi
10.1088/1674-1056/ace3a9,quantum dot|quantum dot|quantum dot|quantum algorithm|threshold|shoot|readout|spin|qubit|semiconductor|shoot|readout|datum|realization|fidelity|qubit|fault|semiconductor|fidelity|visibility|readout|choice|threshold|hardware|dependence|spin|state|probability|visibility|count|threshold|shoot|readout|spin|qubit|semiconductor|spin|state|probability|probability|spin|state|threshold|error|error|probability|constraint|readout|threshold|voltage|readout|threshold|voltage|accuracy|probability|efficiency|robustness|influence|electron|temperature|area|field|demonstration|shoot|readout|future
10.1103/PhysRevA.107.012604,quantum gate|quantum gate|quantum gate|quantum gate|resonance|error|silicon|spin|qubit|phase|amplitude|error|silicon|spin|qubit|resonance|error|noise|gate|resonance|error|gate|xue|phy|rev|appl|pulse|evolution|path|amplitude|error|resonance|error|correction|path|evolution|path|gate|resonance|error|noise|filter|function|type|noise|silicon|gate|gate|gate|phase|correction|tool|computation|fidelity|silicon
10.1063/5.0160792,quantum computer|quantum repeater|electroluminescence|ambipolar|dopant|junction|dopant|junction|gaas|algaas|material|interest|optoelectronic|ease|integration|component|electron|pump|spin|qubit|obstacle|integration|charge|accumulation|junction|gap|emission|recombination|inhibition|sample|temperature|charge|emission|cooldown|gate|voltage|protocol|charge|accumulation|situ|temperature|gate|device|reset|protocol|characterization|dopant|junction|electroluminescence|linewidth|type|device|identification|ground|state|exciton|hole|exciton|trion|exciton|emission|energy|photoluminescence|electroluminescence|dissociation|energy|exciton|exciton|lifetime|electroluminescence|photoluminescence
10.1063/5.0177200,enhancement|microwave|field|epr|quantum|paraelectric|electron|paramagnetic|resonance|epr|branch|material|life|science|information|process|quantum|sense|polarizability|paraelectric|field|component|microwave|ion|measurement|spectrometer|dielectric|split|ring|resonator|power|pulse|spin|manipulation|nanosecond|timescale|milliwatts|ten|hundred|watt|spin|material|amplification|field|permittivity|paraelectric|ghz|frequency|temperature|polarization|current|turn|field|simulation|observation|field|permittivity|sample|power|excitation|spin|transition|paraelectric|requirement|power|equipment|spin|qubit|tandem|device|semiconductor|circuit|power|paraelectric|substrate|deposition|nanoparticle|film|material|power|pulse
10.1021/acsnano.3c00191,emission|copper|vacancy|color|center|zinc|sulfide|colloidal|nanocrystal|copper|zinc|sulfide|zns|conversion|luminescence|region|spectrum|red|emission|emission|transition|state|point|defect|zns|phosphor|material|candidate|material|information|science|point|defect|photon|source|spin|qubit|colloidal|nanocrystal|zns|host|creation|isolation|measurement|defect|size|composition|surface|chemistry|colloidal|zns|cuzn|complex|impurity|vacancy|point|defect|structure|quantum|defect|material|spin|dynamic|principle|calculation|stability|structure|cuzn|temperature|property|zns|blueshifting|luminescence|plateau|intensity|dependence|temperature|couple|manifold|state|zns|bandgap|understand|emission|dynamic|synthesis|center|colloidal|host|cuzn|complex|quantum|point|defect|zns
10.1039/d4qi01782j,quantum bit|quantum bit|quantum bit|quantum coherence|quantum coherence|quantum system|quantum sensor|quantum sensor|quantum sensor|nitrogen|fullerene|metal|framework|spin|qubit|information|process|addressability|scalability|coherence|scalability|endohedral|nitrogen|fullerene|molecule|quantum|material|construction|array|information|process|nitrogen|fullerene|molecule|metal|framework|electron|characterization|energy|level|spin|dynamic|spin|qubit|magnitude|field|split|temperature|factor|spin|coherence|temperature|spin|characterization|presence|proton|environment|eseem|experiment|feasibility|spin|molecule|spin|qubit|candidate|nucleus|metal|framework|epr
10.1134/S1070328424600335,quantum bit|qubit|candidate|surface|framework|qubit|progress|quantum|technology|qubit|center|advantage|diversity|possibility|order|structure|metal|framework|mof|qubit|candidate|proxyl|framework|investigation|compound|amount|electron|resonance|epr|presence|fraction|radical|simulation|phase|memory|room|temperature|radical|mof|rabi|nutation|material|platform|qubit|amount|center|mof|structure|spin|qubit|candidate
10.1038/s41586-024-07275-6,quantum computer|electron|spin|qubit|wafer|fault|number|qubit|qubit|technology|state|device|million|qubit|processor|device|fabrication|scale|metal|oxide|semiconductor|cmos|industry|scale|device|testing|pace|device|metric|qubit|yield|voltage|variation|spin|qubit|electron|control|fidelity|yield|variation|testing|wafer|prober|volume|datum|hundred|industry|spin|qubit|device|testing|feedback|optimization|fabrication|yield|variation|measurement|operate|point|spin|qubit|transition|electron|wafer|variation|electron|operate|voltage|fabrication|level|disorder|scale|advance|cmos|industry|fabrication|measurement|spin|qubit|device|wafer|prober|testing|hundred|industry|spin|qubit|device|volume|datum|optimization|metal|oxide|semiconductor|fabrication
10.1038/s41467-024-51902-9,quantum dot|quantum dot|quantum dot|singlet|triplet|hole|spin|qubit|silicon|hole|silicon|spin|qubit|spin|orbit|couple|spin|orbit|couple|hole|spin|dynamic|opportunity|optimise|spin|qubit|singlet|triplet|qubit|hole|state|metal|oxide|semiconductor|qubit|control|singlet|triplet|oscillation|mhz|qubit|coherence|refocus|field|anisotropy|eigenstate|field|orientation|qubit|initialisation|fidelity|step|spin|qubit|technology|quality|singlet|triplet|hole|spin|qubit|architecture|array|qubit|hole|spin|qubit|semiconductor|advantage|electron|spin|counterpart|qubit|control|coherence|lile|hole|singlet|triplet|spin|qubit|planar|mos|device|dynamic
10.1103/PhysRevA.109.032433,quantum error correction|qubit|qubit|semiconductor|structure|promise|scale|integration|possibility|control|electron|chip|order|error|correction|platform|feature|spin|qubit|qubit|readout|qubit|reconsideration|qubit|noise|spin|qubit|peculiarity|bias|state|art|error|correction|code|neighbor|connectivity|weight|match|surface|code|code|connectivity|surface|code|match|code|floquet|code|advantage|term|error|threshold|connectivity|qubit|spin|qubit|layout|error|correction|code|reference|qubit|spin|readout|code|circuit|level|noise|error|rate|gate|decoherence|stage
10.1021/acs.nanolett.4c03882,nitrogen vacancy|nitrogen vacancy|drive|center|tunnel|junction|center|spin|defect|diamond|contender|transformative|quantum|information|science|qis|innovation|challenge|qis|difficulty|control|spin|qubit|energy|way|bottleneck|tunnel|junction|mtj|device|drive|center|mtj|voltage|anisotropy|stray|field|micromagnet|spin|rotation|frequency|resonance|condition|mtj|pathway|control|spin|qubit|power|consumption|state|scalability|cut|edge|qis
10.1038/s41534-024-00864-3,quantum computer|quantum dot|quantum dot|quantum dot|charge|noise|cmos|manufacture|silicon|spin|qubit|candidate|coherence|compatibility|technology|wafer|scale|uniformity|device|yield|transistor|structure|electron|industry|expertise|wafer|fabrication|line|silicon|mos|qubit|integration|optimization|gate|stack|gate|interface|temperature|record|noise|value|operate|condition|charge|noise|measurement|noise|source|level|fluctuator|noise|level|combination|gate|mark|cmos|spin|qubit|platform|fidelity|qubit
10.1088/1674-1056/ad1747,quantum dot|quantum dot|superconducting qubit|gate|spin|transmon|qubit|microwave|photon|spin|qubit|candidate|state|quantum|information|processor|architecture|advantage|qubit|chip|goal|architecture|impedance|array|resonator|bus|state|qubit|exchange|spin|qubit|transmon|qubit|regime|interaction|qubit|photon|interaction|gate|gate|qubit|fidelity|parameter|condition|interaction|state|qubit|perturbation|parameter|way|fault|computation|architecture|platform
10.1038/s41467-024-45364-2,quantum dot|quantum dot|quantum dot|state|spin|noise|spin|source|decoherence|state|spin|qubit|theory|unity|spin|polarization|decoherence|electron|spin|qubit|nucleus|information|resource|polarization|goal|spin|polarization|protocol|pump|electron|tunneling|polarization|semiconductor|timescale|minute|device|spin|qubit|quantum|memory|testbe|body|quantum|dynamic|magnetism|spin|decoherence|electron|spin|qubit|unity|polarization|author|protocol|excitation|carrier|spin|polarization|gaas|timescale|minute
10.1103/PRXQuantum.5.010306,quantum circuit|quantum device|quantum device|quantum device|gate|characterization|noise|progress|scale|fault|quantum|com|put|measurement|protocol|source|noise|characterization|protocol|gate|tomography|benchmarke|noise|qubit|assumption|charge|noise|spin|noise|framework|quantum|tomography|qpt|presence|noise|fidelity|benchmark|strength|source|noise|silicon|spin|qubit|noise|source|noise|datum|framework|qpt|number|parameter|qubit|gate|compression|amount|measurement|experiment|simulation|dynamic|simulation|noise|agreement|fidelity|qubit|fideli|tie|experiment|silicon|spin|qubit|formalism|tune|protocol|fidelity|control|array|noise
10.1038/s41586-024-07371-7,quantum computing|quantum communication|quantum system|quantum system|quantum memory|quantum memory|integration|spin|photon|interface|platform|colour|centre|diamond|state|platform|quantum|technology|advantage|blueprint|purpose|network|million|qubit|thousand|qubit|scalability|challenge|chip|qsoc|architecture|thousand|vacancy|spin|qubit|array|microchiplet|circuit|control|fabrication|step|subcomponent|transfer|mean|lock|release|scale|integration|throughput|spin|qubit|calibration|tune|spin|state|preparation|measurement|qsoc|architecture|connectivity|array|tune|spin|photon|frequency|channel|measurement|potential|mean|qubit|density|qsoc|region|network|qsoc|module|chip|architecture|thousand|spin|qubit|quantum|microchiplet|array|circuit|control|connectivity|array|spin|photon|channel
10.1103/PhysRevB.110.035304,quantum system|bell state|measurement|entanglement|semiconductor|spin|qubit|measurement|entanglement|mbe|state|projection|parity|measurement|master|equation|measurement|entanglement|pair|silicon|dot|flop|mode|spin|qubit|simulation|modification|protocol|device|parameter|qubit|cavity|overlap|state|mbe|protocol|target|cavity|rate|factor|improvement|metric|yield
10.1016/j.aej.2023.12.053,correlation|dynamic|qubit|xyz|state|influence|decoherence|component|moriya|interaction|correlation|entanglement|locality|qubit|xyz|entanglement|chsh|inequality|uncertainty|nonlocality|uin|log|negativity|spin|qubit|xyz|couple|component|interaction|decoherence|spin|qubit|couple|ability|qubit|correlation|interaction|entanglement|chsh|nonlocality|entanglement|principle|uin|correlation|decoherence|entanglement|chsh|inequality|log|negativity|decoherence|disappearance|entanglement|chsh|log|negativity|entanglement|appearance|spin|qubit|uin|correlation
10.1103/PhysRevB.109.155304,quantum dot|couple|spin|qubit|resonator|core|success|spin|qubit|ability|spin|orbit|interaction|field|spin|qubit|turn|charge|noise|mechanism|spin|qubit|field|field|microwave|resonator|floquet|theory|floquet|spin|qubit|spin|state|absence|drive|couple|floquet|spin|qubit|resonator|drive|frequency|couple|qubit|readout|qubit|cphase|gate|perturbation|theory|spin|photon|couple|geometry|state|spin|orbit|interaction|find|range|state|spin|qubit
10.1038/s41467-024-45235-w,quantum dot|quantum dot|couple|microwave|photon|singlet|triplet|qubit|resonator|progress|information|resonator|parity|spin|qubit|spin|photon|couple|zincblende|nanowire|spin|orbit|interaction|field|quality|resonator|confinement|nanowire|wurtzite|tunnel|barrier|experiment|charge|parity|state|field|spin|state|spin|decoherence|rate|spin|photon|couple|strength|cross|resonator|mode|photon|limit|singlet|triplet|qubit|spin|photon|couple|strength|mhz|couple|resonator|decay|rate|mhz|qubit|rate|mhz|couple|regime|spin|qubit|resonator|spin|entanglement|couple|resonator|singlet|triplet|spin|qubit|nanowire
10.1103/PRXQuantum.5.020339,quantum dot|quantum dot|quantum dot|cavity|entanglement|spin|qubit|sideband|pair|spin|qubit|microwave|photon|cavity|field|spin|qubit|entanglement|presence|resonant|qubit|cavity|frequency|sideband|field|qubit|qubit|entanglement|control|qubit|cavity|frequency|resonance|variety|qubit|type|detune|electron|spin|qubit|electron|resonant|exchange|qubit|degree|nonlinearity|spin|qubit|drive|entanglement|resonance|condition|qubit|cavity|parameter|regime|gate|sensitivity|cavity|photon|occupation|decay|resonance|route|scalability|modularity|spin|information|process|drive|tunability|micromagnet|electron|hole|spin|couple
10.1038/s41467-024-49182-4,quantum computing|quantum dot|quantum processor|quantum processor|spinbus|architecture|spin|qubit|electron|architecture|qubit|number|qubit|connectivity|gate|fidelity|microwave|semiconductor|spin|qubit|array|progress|size|fan|crosstalk|qubit|limitation|spinbus|architecture|electron|qubit|frequency|qubit|coherence|device|simulation|gate|platform|validate|feasibility|semiconductor|technology|gate|fidelity|control|room|temperature|instrument|qubit|number|control|circuit|feasibility|fidelity|spin|electron|factor|spinbus|architecture|basis|spin|scalability|requirement|semiconductor|qubit|qubit|couple|fan|author|architecture|conveyor|mode|shuttle|electron|spin|issue|spin|qubit|sige
10.1038/s41467-024-49358-y,quantum computing|quantum dot|quantum dot|quantum dot|quantum dot|quantum dot|quantum dot|spin|qubit|germanium|quantum|link|qubit|register|semiconductor|qubit|progress|fidelity|gate|qubit|register|quantum|link|challenge|spin|qubit|information|hole|spin|qubit|germanium|presence|spin|orbit|interaction|chain|shuttle|spin|basis|state|length|micron|shuttle|superposition|state|length|micron|micron|decouple|find|qubit|qubit|register|link|register|shuttle|link|qubit|register|qubit|platform|author|shuttle|hole|spin|qubit|chain|germanium|spin|orbit|couple
10.1103/PRXQuantum.5.040328,quantum computing|quantum algorithm|quantum algorithm|fault|tolerance|array|qubit|grid|qubit|platform|fault|future|structure|architecture|fault|tolerance|array|qubit|interaction|qubit|information|row|array|constraint|setup|error|correction|class|code|platform|silicon|spin|qubit|qubit|requirement|protocol|computation|surface|code|constraint|silicon|spin|qubit|device|simulation|architecture|noise|surface|code|density|parity|check|code|gate|noise|level|execution|regime|step|execution|machine
10.1038/s41567-024-02481-5,quantum computer|quantum computer|quantum dot|anisotropic|exchange|interaction|hole|spin|qubit|semiconductor|spin|qubit|potential|transistor|technology|scale|silicon|hole|spin|qubit|qubit|control|spot|charge|spin|noise|demonstration|qubit|interaction|challenge|factor|understand|exchange|couple|presence|spin|orbit|interaction|hole|spin|qubit|silicon|fin|field|transistor|device|today|semiconductor|industry|tunability|exchange|split|mhz|spin|flip|exchange|spin|orbit|interaction|spin|degree|exchange|hamiltonian|form|qubit|rotation|gate|trade|speed|fidelity|behaviour|range|field|orientation|concept|respect|variation|qubit|qubit|scale|silicon|spin|qubit|transistor|technology|investigation|exchange|interaction|finfet|qubit|guide|qubit|gate|hole|spin
10.1038/s41567-024-02497-x,josephson junction|superconducting qubit|couple|spin|qubit|andreev|spin|qubit|qubit|platform|realization|semiconductor|superconductor|nanowire|qubit|spin|degree|freedom|quasiparticle|spin|orbit|supercurrent|junction|interaction|spin|readout|couple|supercurrent|couple|andreev|spin|qubit|flux|tunable|couple|regime|flux|couple|situ|spin|state|architecture|advantage|semiconductor|circuit|way|qubit|gate|spin|architecture|andreev|spin|qubit|semiconductor|superconductor|nanowire|supercurrent|couple|qubit|distance
10.1038/s41467-024-48557-x,quantum computing|quantum dot|quantum dot|quantum processor|bind|electron|spin|qubit|variability|cmos|spin|electron|silicon|mos|property|fabrication|age|quantum|technology|metric|microelectronic|respect|impact|qubit|spin|qubit|variability|scale|roughness|interface|experiment|device|tool|path|monte|carlo|fluctuation|device|million|atom|wavefunction|electron|path|energy|spectra|roughness|variability|qubit|position|deformation|valley|split|valley|phase|spin|orbit|couple|exchange|couple|variability|tolerance|architecture|control|variability|cmos|spin|qubit|author|interface|roughness|variability|spin|qubit|interface
10.1038/s41467-024-45583-7,quantum computing|quantum computing|spin|epr|pair|separation|conveyor|mode|electron|qubit|couple|function|block|spin|qubit|spin|conveyor|mode|electron|shuttle|spin|quantum|chip|qubit|architecture|feature|gate|input|terminal|compatibility|gate|fabrication|electron|conveyor|mode|quantum|bus|spin|coherence|conveyor|mode|separation|podolsky|rosen|epr|spin|pair|shuttle|velocity|factor|spin|qubit|shuttle|distance|narrow|spin|shuttle|infidelity|shuttle|distance|loop|distance|spin|entanglement|pair|perspective|shuttle|architecture|silicon|electron|charge|shuttle|spin|qubit|author|conveyor|mode|fidelity|transport|electron|spin|sige|separation|rejoin|spin|electron|distance
10.1088/1674-1056/ad3812,quantum computing|quantum computing|quantum computing|quantum dot|quantum dot|field|dependence|spin|qubit|mos|valley|feature|silicon|subject|silicon|spin|valley|hotspot|rabi|frequency|state|relaxation|rate|protection|charge|noise|valley|degree|freedom|qubit|noise|spin|qubit|electron|property|valley|silicon|device|electron|qubit|dipole|spin|resonance|edsr|signal|occupation|valley|state|resonance|frequency|edsr|signal|field|dependence|field|dependence|valley|state|electron|qubit|experiment|difference|field|dependence|valley|mhz|qubit|frequency|requirement|extension|control|spin|qubit|field|dependence|qubit|addressability|qubit|control|qubit|gate
10.1103/PhysRevB.110.125414,quantum dot|quantum dot|quantum processor|impact|crosstalk|spin|qubit|cmo|metal|oxide|semiconductor|cmos|gate|array|couple|dot|neighbor|gate|spin|orbit|interaction|crosstalk|spin|factor|dependence|frequency|field|gate|electrode|ten|nanometer|shift|ten|cmos|spin|qubit|device|framework|field|couple|spin|electron|array|fluctuation|qubit|coherence|time|cmos|quantum|technology
10.1103/PhysRevLett.132.263602,quantum processor|spin|qubit|interaction|transport|state|spin|qubit|candidate|information|process|interaction|entanglement|multiqubit|control|multiqubit|spin|nitrogen|center|diamond|nanopillar|silicon|nitride|resonator|probe|configuration|qubit|interaction|resonator|connectivity|transport|qubit|nanopillar|feasibility|property|field|gradient|micromagnet|resonator|manipulation|spin|qubit|proximity|micromagnet|spin|memory|center|field|micromagnet|spin|couple|improvement|cooperativity|regime|avenue|information|process|spin|qubit
10.1103/PhysRevLett.133.146902,isolation|donor|zno|donor|zinc|oxide|zno|semiconductor|spin|qubit|access|indium|donor|zno|substrate|plasma|ion|beam|mill|quantum|emitter|filter|indium|donor|assignment|exciton|transition|energy|dependence|emission|stability|donor|term|intensity|frequency|transition|linewidth|lifetime|limit|promise|donor|spin|qubit|stability|donor|fabrication|device|integration|technology|donor|band|gap|semiconductor
10.1103/PhysRevApplied.21.064039,quantum dot|millikelvin|thermometry|semiconductor|qubit|architecture|thermometry|silicon|nanowire|device|array|spin|qubit|measurement|scheme|reflectometry|electron|bath|temperature|scale|resolution|noise|temperature|root|microwave|pulse|heating|thermometry|dynamic|excitation|relaxation|scale|prospect|equilibrium|property|semiconductor|quantum|device|temperature|handle|heating|semiconductor|spin|qubit
10.1103/PhysRevA.110.052408,quantum computing|quantum coherence|resonance|level|qubit|coherence|level|tlss|source|spin|qubit|platform|spite|effort|noise|origin|progress|issue|oscillate|field|tls|resonance|noise|spectrum|frequency|shift|noise|spectrum|qubit|detail|property|noise|source|qubit|spectroscopy|property|extent|tlss|rate|energy|level|separation|tls|way
10.1103/PhysRevX.14.041062,quantum computing|quantum error correction|atom|tweezer|array|spin|clock|qubit|datum|qubit|coherence|storage|information|ancilla|qubit|qec|fault|tweezer|array|preparation|scale|qubit|array|fidelity|gate|gate|potential|qec|protocol|challenge|ancilla|qubit|atom|loss|crosstalk|realization|isotope|ytterbium|atom|array|spin|qubit|fermionic|datum|qubit|clock|qubit|ancilla|qubit|capacity|qubit|crosstalk|qubit|impact|coherence|spin|qubit|image|light|echo|sequence|probe|beam|coherence|exposure|discrimination|fidelity|survival|probability|ramsey|sequence|probe|beam|influence|coherence|improvement|crosstalk|measurement|potential|hybrid|atom|array|midcircuit|measurement|ancilla|qubit|qec|protocol
10.1038/s41534-024-00910-0,quantum teleportation|quantum network|quantum network|quantum network|qubit|teleportation|memory|bin|qubit|state|node|interface|diamond|center|node|bin|qubit|thulium|rubidium|quantum|memory|interface|stage|noise|quantum|frequency|conversion|shape|photon|profile|photon|quantum|interference|indistinguishability|photon|native|center|photon|interface|feedforward|set|qubit|input|state|center|spin|qubit|teleportation|fidelity|proof|concept|experiment|feasibility|hardware
10.1103/PRXQuantum.5.020353,quantum computer|quantum computing|quantum dot|quantum processor|fidelity|spin|qubit|spin|orbit|interaction|spin|fidelity|requirement|qubit|entanglement|distance|integration|control|electron|chip|spin|charge|noise|state|art|spin|shuttler|inhomogeneity|zeeman|field|decouple|platform|hole|spin|qubit|silicon|germanium|spin|orbit|interaction|qubit|frequency|inhomogeneity|zeeman|field|coherence|spin|state|fidelity|shuttle|enhancement|fidelity|dynamic|spin|frequency|contribution|charge|noise|scenario|noise|source|phenomenon|field|inhomogeneity|motion|protocol|spin|shuttle|find|range|setup|way|scale
10.1109/TCAD.2023.3311732,quantum computer|quantum computing|quantum computing|superconducting qubit|superconducting qubit|quantum processor|model|inaccuracy|circuit|spin|qubit|radio|frequency|circuit|state|scale|increase|inaccuracy|circuit|source|nonidealitie|qubit|gate|article|form|inaccuracy|circuit|fidelity|qubit|control|gate|characterization|inaccuracy|guidance|capability|hardware|optimization|addition|accuracy|quantum|simulator
10.1063/5.0217987,quantum sensor|relaxometry|methemoglobin|widefield|nitrogen|vacancy|hemoglobin|protein|metalloprotein|globulin|iron|role|oxygen|blood|cell|function|oxygen|organ|tissue|body|oxygen|respiration|organism|metabolic|form|oxidation|state|iron|group|concentration|oxygen|concentration|methb|blood|methemoglobinemia|relaxometry|iron|spin|drop|cast|diamond|density|nitrogen|vacancy|spin|qubit|concentration|range|spin|micrometer|increase|relaxation|rate|spin|lattice|relaxation|magnetic|relaxometry|saline|increase|concentration|increase|gamma|spin|noise|spin|protein|usage|center|biomolecule|volume|picoliter
10.1038/s41467-024-49175-3,quantum|control|phase|electron|spin|diamond|vacuum|diamond|particle|vacuum|spin|qubit|quantum|mechanic|quantum|gravity|precision|measurement|couple|spin|particle|rotation|phase|gyroscope|wave|interferometer|effort|diamond|vacuum|level|state|readout|gap|surface|ion|trap|stabilization|electrode|chip|levitation|resonance|measurement|nanodiamond|vacuum|temperature|nanodiamond|pressure|torr|nanodiamond|mhz|rpm|nitrogen|vacancy|center|electron|spin|rate|spin|berry|phase|particle|rotation|addition|control|spin|nanodiamond|rotation|spin|qubit|capacity|quantum|phenomena|nanodiamond|center|quantum|technology|experiment|vacuum|author|chip|levitation|nanodiamond|vacuum|surface|ion|trap|spin|read|rotation|center|spin
10.1103/PhysRevA.109.032601,quantum system|proposal|gate|andreev|spin|qubit|structure|insulator|superconductor|link|andreev|state|spin|degeneracy|exchange|interaction|ferromagnet|resultant|spin|energy|level|state|electron|state|andreev|spin|qubit|qubit|state|magnetization|dynamic|ferromagnet|couple|field|qubit|structure|platform|spin|qubit|hahn|spin|echo|protocol|magnetization|dynamic|andreev|spin|qubit|gate
10.1002/chem.202303082,relaxation|chromium|nitride|porphyrinato|complex|anisotropic|factor|molecule|material|candidate|spin|qubit|coherence|designability|anisotropy|value|metal|complex|spin|metal|complex|spin|qubit|goal|value|anisotropy|relaxation|behaviour|relaxation|behaviour|chromium|nitride|porphyrinato|complex|vanadyl|porphyrinato|complex|spin|qubit|magnetism|value|anisotropy|relaxation|field|spin|criterion|construction|spin|qubit|tensor|engineering
10.1038/s42005-024-01806-3,quantum computer|quantum computer|quantum computer|quantum dot|quantum dot|quantum dot|quantum dot|quantum dot|chip|multiplexing|silicon|maturity|metal|oxide|semiconductor|cmos|microelectronic|qubit|spin|silicon|qds|technology|goal|power|chip|cmo|cryo|cmos|electron|control|read|interface|qubit|milestone|chip|interface|electron|hole|qds|channel|cryo|cmos|multiplexer|power|dissipation|charge|noise|state|art|addition|energy|gate|lever|arm|parameter|qds|noise|qds|turn|characteristic|transistor|gate|stack|quantum|cmos|technology|route|interface|number|device|variability|qubit|geometry|optimization|prerequisite|scale|silicon|integration|spin|qubit|microelectronic|silicon|author|silicon|technology|power|electron|noise|integration|multiplexer|spin|qubit|device|chip
10.1038/s41467-024-50763-6,josephson junction|josephson junction|superconducting qubit|quantum circuit|gate|transmon|qubit|planar|gate|transmon|gatemon|semiconductor|block|gatemon|germanium|superconductor|hole|gas|aluminum|spacer|superconductor|quantum|xmon|circuit|transmission|line|resonator|qubit|tunability|frequency|range|resonator|tone|spectroscopy|domain|characterization|energy|relaxation|coherence|advance|spin|qubit|field|way|hybrid|qubit|group|cmos|material|gatemon|transmon|type|superconductor|semiconductor|tunability|gate|author|gatemon|qubit|germanium|advantage
10.1002/adma.202405916,quantum computing|quantum dot|quantum dot|quantum dot|measurement|spin|orbit|couple|strength|donor|electron|spin|silicon|spin|qubit|spin|orbit|interaction|control|chip|field|electron|silicon|spin|orbit|couple|soc|surface|interface|placement|strength|spin|orbit|couple|order|magnitude|wave|function|donor|strength|hole|donor|symmetry|find|pathway|control|donor|spin|silicon|dipole|spin|resonance|edsr|enhancement|spin|orbit|couple|soc|silicon|soc|strength|benchmark|order|magnitude|advancement|way|control|donor|spin|couple|resonator|step|image
10.1002/advs.202407442,detail|importance|spin|qubit|isotope|silicon|quantum|well|crystal|characteristic|level|insight|state|platform|qubit|property|isotope|concentration|depth|profile|sige|sige|heterostructure|atom|probe|tomography|apt|flight|ion|mass|spectrometry|limit|isotope|concentration|depth|resolution|spin|echo|dephase|valley|energy|split|spin|qubit|quantum|well|heterostructure|suppression|qubit|decoherence|interaction|crystal|host|spin|valley|state|concentration|spin|resolution|limit|sige|interface|growth|front|segregation|signature|monolayer|scale|treatment|representative|budget|heterostructure|qubit|device|process|sige|interface|monolayer|width|sige|interface|sige|alloy|disorder|combination|interface|concentration|segregation|evs|minimal|addition|qws|coherence|treatment|device|process|occurrence|crystal|growth|characteristic|account|qubit|property
10.1038/s41467-023-44114-0,superconducting qubit|parity|cooper|pair|transport|superconducte|diode|planar|germanium|superconductor|semiconductor|hybrid|device|interest|year|electron|aim|semiconductor|technology|architecture|forefront|idea|superconductor|qubit|superconductor|germanium|hole|gas|distance|quantum|well|aluminum|gap|flux|tunable|diode|quantum|interference|device|squid|phase|relation|regime|cooper|pair|tunneling|phi|shapiro|experiment|interpretation|microwave|drive|diode|efficiency|path|integration|spin|qubit|device|microwave|resonator|silicon|technology|platform
10.21468/SciPostPhys.17.1.014,quantum dot|efficient|adaptive|bayesian|estimation|field|fluctuation|overhauser|field|source|decoherence|spin|qubit|semiconductor|field|dot|singlet|triplet|qubit|bayesian|scheme|magnitude|gradient|series|induction|decay|experiment|overhead|scheme|mind|improvement|estimation|accuracy|estimation|drift|gradient
10.1021/acsanm.3c05470,nitrogen|vacancy|magnetometry|electron|beam|cobalt|nanomagnet|electron|beam|deposition|nanomagnet|step|nanomagnet|content|saturation|magnetization|field|profile|combination|transmission|electron|microscopy|nitrogen|vacancy|magnetometry|agreement|field|profile|saturation|magnetization|simulation|domain|grainy|field|nanomagnet|halo|side|deposit|evaluation|nanomagnet|electron|beam|deposition|spin|qubit|field|sense|logic
10.1103/PhysRevApplied.22.054049,quantum dot|quantum dot|quantum dot|spin|selection|qubit|spin|accumulation|spin|selection|spin|qubit|spin|accumulation|source|drain|reservoir|contact|sign|electron|spin|state|drain|voltage|spin|error|rate|temperature|sign|spin|selectivity|temperature|spin|qubit|spin|accumulation|reservoir|opportunity|spin|qubit|initialization|temperature
10.1038/s41586-024-07252-z,quantum communication|quantum network|quantum network|quantum network|quantum memory|quantum memory|quantum repeater|entanglement|node|telecom|network|challenge|distance|entanglement|node|fibre|optical|node|register|silicon|vacancy|siv|centre|diamond|cavity|telecommunication|fibre|network|entanglement|cavity|interaction|electron|spin|qubit|photon|spin|photon|gate|gate|bin|qubit|entanglement|node|spin|qubit|entanglement|storage|error|detection|quantum|frequency|conversion|communication|qubit|telecommunication|frequency|entanglement|spin|memory|spool|loss|fibre|fibre|loop|boston|area|urban|environment|step|scale
10.1103/PhysRevApplied.22.064077,quantum computer|quantum computing|control|spin|ensemble|control|field|skyrmion|control|spin|qubit|spin|state|fidelity|qubit|qubit|gate|component|control|field|field|spin|qubit|gate|error|qubit|challenge|radio|frequency|field|absence|monopole|convergent|nanoscale|skyrmion|control|field|qubit|fidelity|skyrmion|hedgehog|structure|monopole|fabrication|contrast|skyrmion|semiconductor|foundry|field|confinement|dimension|density|matrix|evolution|gate|fidelity|scenario|skyrmion|nanomagnet|gate|fidelity|gate|gate|field|neighbor|qubit|skyrmion|axis|nanomagnet|skyrmion|configuration|field|neighbor|spin|qubit|field|nanomagnet|field|target|qubit|candidate|quantum|control|architecture|disturbance|qubit
10.1103/PhysRevB.109.045438,quantum computing|quantum dot|quantum gate|quantum gate|quantum system|protocol|berry|phase|spin|qubit|quantum|dot|loop|energy|eigenspace|evolution|drive|berry|phase|type|dynamic|gate|error|candidate|electron|hole|spin|qubit|spin|semiconductor|kramer|degeneracy|symmetry|protocol|berry|phase|spin|qubit|loop|protocol|zeeman|field|direction|dot|loop|realization|protocol|element|spin|qubit|experiment|experiment|potential|spin|information|process
10.1021/acs.nanolett.4c05205,quantum computer|spin|qubit|array|semiconductor|manufacture|line|intel|effort|spin|qubit|platform|volume|semiconductor|manufacture|expertise|fabrication|infrastructure|overview|fabrication|demonstration|quantum|test|chip|quantum|dot|spin|qubit|array|code|tunnel|fall|device|immersion|ultraviolet|lithography|volume|manufacture|hvm|production|level|control|device|feature|fabrication|detail|qubit|characterization|device|functionality|fabrication|step|scale|qubit|array|scheme
10.1103/PhysRevB.109.085303,quantum computing|quantum dot|quantum processor|fidelity|qubit|gate|superconducte|singlet|triplet|qubit|material|architecture|superconductor|range|interaction|spin|degree|freedom|interaction|semiconductor|material|spin|interaction|anisotropy|fidelity|qubit|gate|singlet|spin|qubit|leakage|information|state|interaction|qubit|challenge|architecture|qubit|component|tune|parameter|field|millitesla|superconductor|error|device|way|scale|superconducte
10.1038/s41534-024-00813-0,quantum computer|quantum computer|quantum dot|quantum dot|quantum gate|quantum error correction|shoot|parity|spin|silicon|fidelity|silicon|spin|qubit|pathway|compatibility|semiconductor|manufacture|technology|experiment|technology|fidelity|multiqubit|gate|realization|fault|fidelity|spin|measurement|decoherence|challenge|initialization|measurement|procedure|parity|mode|pauli|spin|blockade|duration|fidelity|parity|spin|measurement|silicon|step|measurement|silicon
10.1002/cjoc.202400048,quantum algorithm|quantum coherence|address|electron|spin|qubit|designability|tunability|electron|spin|qubit|opportunity|information|science|chemical|quantum|sense|transformative|technology|address|electron|spin|qubit|initialization|manipulation|fidelity|electron|spin|resonance|spectroscopy|address|electron|spin|initialization|efficiency|sensitivity|advantage|spin|detectability|molecule|spectroscopy|tunneling|microscopy|force|microscopy|quantum|metrology|electron|spin|resonance|spectroscopy|qubit|addressability|topic|principle|address|electron|spin|qubit|applicability|quantum|technology|challenge|term|scalability|decoherence|suppression|direction|challenge|qubit|technology|advancement|information|science|manipulate|electron|spin|address|electron|spin|qubit|advancement|information
10.1103/PhysRevB.109.134106,nitrogen vacancy|nitrogen vacancy|wavelength|dependence|center|charge|cycling|spin|qubit|band|gap|semiconductor|charge|state|charge|state|spin|property|understand|interconversion|charge|state|defect|sense|information|process|mean|testing|verify|structure|charge|image|wavelength|dependence|carrier|generation|diamond|center|silicon|vacancy|siv|center|nitrogen|generation|charge|capture|pattern|charge|carrier|defect|light|regime|photon|ionization|recombination|regime|recombination|charge|cycling|light|charge|cycling|charge|carrier|transport|center|light|charge|cycling|center|consequence|scheme|charge|transfer|nonluminescent|defect|detection|ambiguity|source|photocurrent
10.1038/s41534-024-00897-8,model|germanium|hole|qubit|field|hole|spin|qubit|planar|germanium|quantum|well|attention|property|progress|spin|orbit|interaction|structure|qubit|gate|field|qubit|noise|simulation|heterostructure|hole|spin|qubit|mass|equation|heterostructure|set|basis|wavefunction|factor|hole|ground|state|investigation|impact|hole|state|quantum|factor|spot|point|gate|charge|noise|plane|field|field|field|plane|alignment|spot|field|spot|respect|charge|trap|circumstance|field|alignment|understand|coherence|germanium|hole|spin|qubit
10.1038/s41534-024-00815-y,quantum computing|quantum computing|quantum dot|quantum dot|quantum dot|temperature|spin|selectivity|qubit|spin|accumulation|spin|fault|scale|qubit|array|chip|control|electron|fidelity|qubit|gate|temperature|challenge|spin|initialization|readout|scheme|zeeman|split|pauli|spin|blockade|energy|scale|mev|electron|qubit|fidelity|temperature|temperature|spin|selectivity|reservoir|spin|accumulation|spin|electron|dot|spin|accumulation|mev|silicon|spin|selection|error|rate|liquid|reservoir|spin|accumulation|ferromagnet|information|magnetization|direction|spin|qubit|feature|prospect|spin|qubit|gate|temperature|world|spintronic
10.1021/acs.nanolett.3c03681,quantum system|quantum system|symmetry|break|spin|orbit|couple|vacancy|gap|state|monolayer|spin|defect|semiconductor|scale|photon|emitter|spin|qubit|gap|structure|sulfur|vacancy|molybdenum|disulfide|monolayer|tunneling|probe|spectroscopy|coulomb|blockade|regime|mapping|defect|wave|function|interplay|symmetry|charge|state|jahn|teller|lattice|distortion|mev|spin|orbit|couple|lock|moment|lattice|temperature|lattice|strain|insight|spin|structure|vacancy|gap|state
10.1039/d4qi02324b,spin|qubit|metal|framework|spin|qubit|candidate|fidelity|quantum|memory|spin|interface|metal|framework|mof|state|platform|ion|synthesis|optimization|spin|coherence|luminescence|mof|dope|level|qubit|spin|relaxation|memory|spin|qubit|dope|level|temperature|spin|spin|relaxation|decoherence|mechanism|role|spin|phonon|couple|spin|spin|couple|spin|concentration|spin|orbit|couple|strength|ground|spin|state|qubit|lanthanide|mof|optimization|guideline|state|lanthanide|qubit|information|technology
10.1038/s41586-024-07160-2,quantum computer|fidelity|spin|qubit|gate|initialization|encode|qubit|semiconductor|spin|carrier|scale|gate|number|qubit|quantum|load|power|cryostat|millikelvin|temperature|scale|accelerate|fault|gate|power|order|magnitude|spin|qubit|silicon|fidelity|range|fault|gate|temperature|initialization|protocol|qubit|state|energy|qubit|energy|radiofrequency|fidelity|readout|initialization|qubit|clifford|gate|qubit|gate|fidelity|advance|limitation|energy|qubit|energy|fidelity|gate|obstacle|pathway|computation|initialization|gate|spin|qubit|silicon|fidelity|fault|gate|temperature
10.1103/PhysRevApplied.22.044057,quantum dot|quantum dot|quantum dot|control|exchange|spin|qubit|control|electron|exchange|spin|qubit|triangular|geometry|device|electron|pairwise|charge|stability|diagram|domain|control|exchange|couple|qubit|benchmarke|qubit|gate|fidelity|triangular|device|geometry|array|connectivity
10.1038/s41563-024-01857-5,spot|gate|germanium|hole|spin|qubit|noise|sensitivity|spin|qubit|valence|band|hole|state|information|process|couple|field|qubit|control|hole|germanium|demonstration|fidelity|qubit|gate|mechanism|anisotropy|qubit|drive|decoherence|hole|tensor|dependence|field|qubit|drive|decoherence|modulation|tensor|ise|type|interaction|qubit|coherence|charge|noise|frequency|qubit|field|qubit|gate|fidelity|temperature|understand|qubit|drive|decoherence|mechanism|hole|qubit|array
10.1002/aelm.202300648,mapping|spin|wave|transport|thulium|iron|garnet|film|diamond|quantum|spin|wave|excitation|insight|material|property|earth|iron|garnet|spin|wave|platform|propagation|length|wavelength|gigahertz|frequency|applicability|platform|interest|thulium|iron|garnet|tmig|interest|growth|nanometer|hall|spin|orbit|torque|switch|measurement|property|diamond|nitrogen|vacancy|magnetometry|combination|transmission|spectroscopy|transport|property|film|magnetometry|spin|wave|scale|amplification|microwave|field|couple|spin|qubit|field|microwave|spin|wave|spin|resonance|property|film|function|field|amplitude|decay|length|wavelength|way|spin|qubit|magnon|interaction|earth|insulator|magnonic|nitrogen|vacancy|magnetometry|spin|wave|transport|property|thulium|iron|garnet|film|thickness|decay|length|approximate|wavelength|approximate|field|way|spin|wave|earth|magnet
10.1002/chem.202304202,spin|qubit|metal|framework|phase|memory|aim|spin|qubit|metal|framework|mof|dope|mol|ion|type|mof|presence|site|anisotropic|factor|dynamic|occurrence|relaxation|raman|field|relaxation|tau|esr|spectroscopy|spin|qubit|property|spin|spin|relaxation|phase|memory|rabi|oscillation|spin|sublevel|microsecond|mof|submicrosecond|spin|relaxation|dipole|interaction|cross|relaxation|site|concentration|occurrence|relaxation|spin|coherence|ion|center|metal|framework|mof|phase|memory|microsecond|platform|mof|spin|quantum|material|tune
10.1088/2058-9565/acef54,quantum gate|quantum algorithm|exchange|interaction|qubit|gate|spin|qubit|exchange|interaction|pulse|gate|exchange|pulse|gate|iswap|gate|flexibility|description|qubit|gate|resonant|resonant|exchange|pulse|condition|gate|state|art|counterpart|charge|noise|gate|gate
10.1088/2058-9565/ad3d06,quantum computing|quantum dot|network|qubit|gate|charge|noise|silicon|spin|qubit|semiconductor|platform|crosstalk|charge|noise|crosstalk|resonant|rotation|qubit|rotation|target|qubit|qubit|crosstalk|charge|noise|gate|protocol|qubit|gate|toffoli|gate|shoot|composition|qubit|gate|physics|network|pulse|toffoli|equivalent|gate|gate|set|gate|charge|noise|pulse|infidelity|fluctuation|voltage|tenth|pulse
10.1038/s41467-023-44494-3,isotope|engineering|spin|defect|van|der|waal|material|defect|van|der|waal|material|platform|quantum|technology|isotope|engineering|host|material|coherence|property|spin|defect|boron|vacancy|center|boron|nitride|hbn|crystal|hbn|distribution|isotope|spin|transition|coherence|relaxation|sense|center|sample|factor|enhancement|field|sensitivity|resource|addressability|level|polarization|control|neighbor|spin|power|isotope|engineering|property|spin|defect|hbn|spin|qubit|family|van|der|waal|material
10.1103/PhysRevApplied.22.054048,quantum network|quantum system|quantum system|room|temperature|logic|spin|advancement|quantum|information|technology|need|hqss|functionality|capability|interest|hqss|leverage|magnon|realization|fidelity|quantum|logic|hqs|spin|magnon|room|temperature|fidelity|quantum|control|spin|state|game|hqs|magnon|drive|accomplishment|nitrogen|vacancy|center|yttrium|iron|garnet|film|find|advantage|spin|coherence|fidelity|quantum|logic|absence|heat|generation|magnon|energy|cost|order|magnitude|turn|avenue|spin|qubit|datum|bus|magnon|context
10.1038/s41467-024-52010-4,quantum computer|quantum computing|quantum processor|gate|spin|qubit|field|semiconductor|spin|qubit|platform|scale|qubit|ability|semiconductor|manufacture|industry|qubit|control|selectivity|microwave|signal|frequency|qubit|scale|frequency|crowd|control|signal|interference|requirement|array|spin|control|field|electrode|resonance|drive|qubit|field|addressability|qubit|frequency|swap|oscillation|resonance|drive|demonstration|qubit|gate|find|dress|fragility|gate|superposition|state|noise|robustness|paradigm|shift|qubit|control|order|frequency|scale
10.1103/PhysRevApplied.22.014033,physics|track|qubit|fluctuation|fluctuation|state|qubit|principle|estimation|timescale|estimation|efficiency|physics|bayesian|estimation|semiconductor|spin|qubit|physics|probability|distribution|controller|planck|equation|spin|diffusion|gallium|arsenide|distribution|qubit|probe|sequence|track|field|gradient|singlet|triplet|qubit|adaptive|probe|sequence|number|qubit|probe|cycle|probe|measurement|outcome|estimation|efficiency|estimation|frequency|spin|fluctuation|state|qubit|qubit|platform|update|equation|noise|source
10.1038/s41534-024-00823-y,quantum processor|quantum processor|pipeline|architecture|silicon|spin|qubit|architecture|qubit|pipeline|run|scale|function|circuit|depth|repetition|control|complexity|control|resource|simplification|qubit|state|array|structure|quantum|logic|gate|stage|circuit|depth|correspond|number|layer|structure|qubit|state|structure|resource|run|scale|quantum|nisq|quantum|eigensolver|repetition|calculation|architecture|realisation|density|silicon|spin|qubit|platform|gate|set|fidelity|assumption|qubit|variability
10.1016/j.sse.2024.108883,quantum device|tcad|simulation|qubit|control|device|simulation|spin|resonance|edsr|spin|qubit|body|oxide|utbb|silicon|fdsoi|device|temperature|device|consideration|stmicroelectronic|fabrication|simulation|device|parameter|amplitude|leakage|rabi|frequency|edsr|mean|qubit|control|device|tcad|tool
10.1088/1367-2630/ad19ab,spin|orbit|interaction|fidelity|qubit|gate|implication|spin|orbit|interaction|soi|qubit|gate|tqg|semiconductor|spin|qubit|platform|soi|exchange|interaction|govern|qubit|challenge|tqg|exchange|level|hamiltonian|essence|soi|property|frame|evolution|find|phase|gate|existence|soi|node|fidelity|modification|term|gate|phase|correction|qubit|dynamic|soi|reflection|gate|gate|cnot|condition|fidelity|cnot
10.1103/PhysRevB.109.155406,geometry|spot|spin|orbit|qubit|spin|orbit|qubit|couple|charge|noise|spot|qubit|order|noise|maximum|nature|spot|spin|orbit|qubit|fluctuator|zeeman|energy|qubit|tensor|bohr|magneton|field|response|fluctuator|respect|field|nature|spot|unit|field|orientation|sign|eigenvalue|spot|line|sphere|susceptibility|spin|orbit|qubit|test|modulation|gate|consideration|gesi|spin|qubit|heterostructure|prospect|engineering|spot
10.1063/5.0179958,quantum error correction|silicon|spin|qubit|noise|characterization|feedback|protocol|wavelet|group|qubit|gate|fidelity|semiconductor|spin|qubit|regime|fault|fidelity|stability|control|qubit|parameter|period|search|calibration|qubit|control|parameter|source|noise|noise|qubit|parameter|feedback|protocol|state|art|field|gate|array|hardware|wavelet|feedback|datum|frame|insight|source|noise|feedback|challenge|insight|benefit|drawback|qubit|parameter|feedback|feedback|increase|pathway|qubit|parameter|feedback|noise|mitigation|fidelity|qubit|gate|protocol
10.1038/s41467-024-53964-1,quantum dot|quantum dot|quantum entanglement|quantum communication|quantum communication|quantum network|spin|photon|entanglement|photon|emission|telecom|band|distribution|location|potential|computation|distance|ingredient|fibre|network|entanglement|spin|photon|telecom|wavelength|exciton|ina|inp|spin|qubit|advantage|loss|transmission|window|telecom|band|interaction|spin|qubit|excitation|fidelity|spin|initialisation|control|picosecond|pulse|tool|coherence|electron|spin|spin|photon|entanglement|state|entanglement|fidelity|deviation|limit|network|possibility|state|emitter|telecom|fiber|need|wavelength|conversion|author|control|ina|inp|entanglement|electron|spin|frequency|telecom|photon
10.1038/s41467-024-45857-0,quantum device|axis|control|spin|qubit|control|qubit|ability|environment|control|protocol|electron|singlet|triplet|qubit|parameter|shoot|classification|waveform|generation|estimation|qubit|field|gate|array|fpga|quantum|control|electron|overhauser|field|electron|overhauser|spin|rotation|need|micromagnet|polarization|protocol|exchange|interaction|electron|detune|coherence|rotation|fluctuation|qubit|axis|role|feedback|stability|noise|adaptive|control|qubit|axis|estimation|author|axis|control|singlet|triplet|spin|qubit|parameter|quality|oscillation
10.1103/PhysRevLett.132.160804,quantum dot|quantum state|wave|function|collapse|quantum|nondemolition|measurement|spin|qubit|evolution|measurement|dawn|mechanic|electron|spin|qubit|resonant|couple|ancilla|thousand|spin|redundancy|shoot|measurement|fidelity|approximate|measurement|initialization|qubit|backaction|detection|electron|spin|quantum|jump|burstlike|fluctuation|phonon|bath|measurement|observable|wave|function|collapse|agreement|darwinism|concept
10.1103/PhysRevB.109.174410,quantum computing|quantum state|quantum|sense|magnon|mode|vacuum|antiferromagnet|mode|ground|state|superposition|state|antiferromagnet|qubit|interaction|exchange|kind|couple|number|level|split|state|excitation|energy|series|level|split|nontrivial|excitation|peak|qubit|spectroscopy|composition|drive|excitation|energy|state|qubit|state|pair|state|quantum|information|science|protocol
10.1103/PhysRevB.109.165403,quantum dot|quantum dot|swap|gate|fidelity|tensor|network|tensor|network|fidelity|swap|gate|spin|qubit|presence|valley|leakage|crosstalk|fidelity|swap|gate|zeeman|split|valley|split|parameter|resonance|fidelity|valley|phase|valley|eigenstate|valley|state|correction|fidelity|qubit|chain|valley|crosstalk|error|source
10.1103/PRXQuantum.5.020356,quantum state|permutation|decouple|quantum|dot|spin|qubit|decouple|spin|qubit|silicon|fidelity|spectra|noise|permutation|decouple|spin|quantum|dot|qubit|sequence|frequency|charge|noise|noise|error|leakage|error|order|exchange|qubit|construction|qubit|error|source|degree|exchange|pulse|error|sequence|exchange|pulse|qubit|coherence|error|charge|noise|noise|way|exchange|qubit|simulation|integration|noise|spectra|filter|function|error|leakage|respect|change|repetition|rate
10.1103/PhysRevApplied.21.014044,quantum computing|quantum computing|quantum computing|quantum dot|quantum dot|quantum gate|quantum gate|spin|qubit|gate|silicon|qubit|coherence|fidelity|qubit|control|noise|environment|challenge|fault|spin|qubit|control|fidelity|silicon|device|micromagnet|hahn|echo|frequency|noise|noise|limitation|control|fidelity|noise|feature|control|fidelity|simulation|noise|feature|heating|optimization|heating|fidelity|qubit|control|noise|environment
10.1103/PhysRevApplied.22.064029,quantum dot|quantum dot|gate|silicon|singlet|triplet|spin|qubit|quantum|computation|qubit|gate|error|gate|error|control|optimization|gate|error|potential|fidelity|gate|singlet|triplet|spin|qubit|semiconductor|part|control|constraint|gate|noise|singlet|triplet|qubit|gate|infidelity|factor|gate|fidelity|identity|gate|gate|distortion|distortion|setup
10.1007/s10773-024-05745-1,quantum state|quantum system|speed|limit|spin|qubit|spin|environment|speed|limit|qsl|spin|qubit|spin|chain|environment|spin|environment|interaction|investigation|evolution|state|target|state|qsl|temperature|limit|temperature|behavior|speed|evolution|qsl|margolus|levitin|type|evolution|dependence|qsl|temperature|anisotropy|spin|chain|environment
10.1038/s41534-024-00820-1,quantum computing|quantum dot|quantum dot|quantum dot|pauli|spin|blockade|silicon|spin|qubit|gate|silicon|attention|thank|potential|scale|readout|spin|qubit|pauli|spin|blockade|psb|mechanism|readout|psb|symmetry|silicon|nanowire|observation|psb|tunneling|spin|pair|tunneling|projection|interaction|readout|resonator|lift|couple|electron|spin|manifold|tunneling|charge|configuration|energy|spectrum|mechanism|energy|level|selective|spin|orbit|couple|qubit|control|electron|spin|silicon|nanowire
10.1126/sciadv.adp6442,quantum network|quantum network|quantum processor|scale|entanglement|state|qubit|challenge|quantum|internet|technology|scale|entanglement|node|kilometer|node|diamond|spin|qubit|midpoint|station|kilometer|fiber|fiber|photon|loss|quantum|frequency|conversion|qubit|photon|telecom|band|link|phase|architecture|loss|protocol|herald|capability|network|link|combination|feedback|logic|qubit|delivery|state|node|herald|detection|pattern|scale|challenge|qubit|architecture|platform|scale
10.1038/s41534-024-00924-8,quantum computing|quantum dot|quantum error correction|fidelity|readout|spin|qubit|microwave|resonator|nonlinearity|fidelity|qubit|measurement|measurement|spin|semiconductor|microwave|resonator|vacuum|state|fidelity|readout|silicon|spin|qubit|nonlinearity|signal|noise|ratio|snr|fidelity|qubit|state|readout|phase|squeeze|nonlinearity|readout|range|technology|parameter|kappa|chi|chi|approximate|mhz|vacuum|state|photon|parameter|microwave|resonator|strength|chi|readout|fidelity|readout
10.1038/s41567-024-02614-w,quantum computer|quantum dot|quantum dot|quantum processor|assessment|error|fidelity|qubit|gate|silicon|fidelity|gate|qubit|state|platform|error|material|variability|qubit|inconsistency|error|spin|qubit|processor|origin|knowledge|gate|fidelity|qubit|gate|silicon|metal|oxide|semiconductor|platform|error|fidelity|device|period|variation|error|type|error|source|noise|qubit|noise|control|sequence|impact|qubit|feedback|gate|fidelity|control|capability|challenge|scale|silicon|spin|qubit|scale|state|qubit|environment|host|source|error|space|error|fidelity|qubit|gate|silicon|scale
10.1038/s41467-024-54989-2,modulation|spin|lattice|relaxation|qubit|state|integration|electron|spin|qubit|advancement|information|science|structure|designability|framework|material|matrix|host|qubit|phonon|dispersion|relation|spin|distribution|optimization|qubit|property|spin|lattice|relaxation|decoherence|spin|characterization|framework|material|hydrogen|network|rise|temperature|phonon|phonon|spin|lattice|relaxation|hydrogen|network|frequency|motif|dispersion|order|magnitude|tunability|spin|lattice|relaxation|qubit|framework|state|qubit|temperature
10.1103/PhysRevB.109.035157,impact|measurement|backaction|spin|qubit|silicon|phosphorus|donor|spin|silicon|couple|environment|candidate|fidelity|qubit|state|donor|spin|qubit|interaction|electron|donor|potential|master|equation|backaction|electron|measurement|lifetime|multidonor|qubit|function|field|interaction|strength|spin|flip|measurement|mechanism|spin|flip|multidonor|qubit|mechanism|qubit|lifetime|shift|precision|donor|placement|shift|measurement|backaction|multidonor|qubit|spin|lifetime|donor|qubit
10.1002/adma.202405006,quantum computer|quantum computer|quantum computer|quantum computer|quantum processor|quantum device|array|spin|silicon|semiconductor|spin|qubit|quantum|prospect|industry|metal|oxide|semiconductor|mos|ion|donor|spin|coherence|space|dimension|spin|scale|donor|molecule|implant|placement|certainty|ion|confidence|confidence|atom|qudit|information|process|molecule|formation|qudit|formation|array|donor|atom|step|repeat|implantation|nano|aperture|gamut|requirement|construction|donor|silicon|ion|silicon|donor|spin|qubit|promise|maturation|semiconductor|industry|suite|construction|donor|qubit|qudit|array|image
10.1103/PhysRevB.109.184515,josephson junction|josephson junction|opportunity|manipulation|phase|andreev|spin|qubit|transfer|cooper|superconductor|one|formation|andreev|state|nanowire|spin|degeneracy|state|thank|presence|spin|orbit|couple|phase|difference|electrode|lift|spin|degeneracy|way|realization|andreev|spin|qubit|field|gate|qubit|raman|microwave|tone|andreev|state|hay|science|reversal|impurity|nanowire|spin|scatter|formalism|matrix|couple|state|spin|matrix|element|manipulation|phase|andreev|spin|qubit|raman
10.1103/PhysRevApplied.22.024030,quantum dot|variability|heterostructure|spin|qubit|device|gate|scalability|spin|qubit|device|qubit|qubit|variability|disorder|host|material|wave|function|carrier|variation|charge|spin|property|disorder|oxide|range|influence|charge|trap|semiconductor|oxide|interface|role|variability|distribution|interface|trap|impact|chemical|potential|detune|tunnel|couple|heterostructure|screen|metal|gate|surface|heterostructure|gate|order|variability|layout|tip|gate|coverage|semiconductor|oxide|interface|planar|layout|regime|importance|management|device|device|variability
10.1002/adma.202312736,quantum processor|engineering|spin|orbit|interaction|silicon|qubit|scale|spin|orbit|interaction|inversion|symmetry|inversion|symmetry|crystal|bridge|qubit|spin|degree|freedom|interaction|qubit|gate|control|mechanism|charge|noise|qubit|lifetime|silicon|silicon|nano|device|spin|orbit|couple|strength|dresselhaus|couple|precision|placement|phosphorus|atom|silicon|direction|inversion|symmetry|direction|inversion|symmetry|range|dresselhaus|strength|precision|placement|phosphorus|atom|symmetry|spin|orbit|interaction|spin|orbit|interaction|qubit|gate|lifetime|impact|dresselhaus|spin|orbit|strength|spin|qubit|phosphorus|atom|lattice|location|silicon|crystal|charge|noise|spin|relaxation|spin|orbit|couple|measurement|simulation|symmetry|image
10.1103/PhysRevB.109.085302,error|channel|quantum|nondemolition|measurement|spin|quantum|nondemolition|qnd|measurement|resource|information|process|qnd|measurement|fidelity|qubit|preparation|measurement|measurement|fidelity|fidelity|boost|degree|qnd|deviation|qnd|measurement|bit|error|quantum|jump|measurement|framework|error|deviation|qnd|measurement|spin|qubit|exchange|electron|spin|qubit|charge|reservoir|electron|spin|similarity|difference|limit|platform|donor|spin|silicon|agreement|experiment|generality|anisotropic|spin|couple
10.1021/acs.jpcc.4c07265,formation|vanadyl|porphyrin|mof|nanosheet|couple|element|resonator|realization|spin|processor|couple|spin|qubit|photon|resonator|realization|architecture|chip|element|resonator|couple|transition|porphyrin|qudit|integration|qudit|device|term|number|orientation|situ|formation|nanosheet|framework|qudit|node|temperature|transmission|experiment|couple|photon|resonator|frequency|transition|qudit|control|qudit|node|orientation|spin|photon|couple|mhz|range|spin|photon
10.1103/PhysRevMaterials.8.066201,quantum computer|quantum computing|quality|layer|quantum|heterostructure|chemical|vapor|deposition|deal|interest|technology|field|information|emphasis|qubit|block|realization|hole|spin|qubit|quality|material|germanium|silicon|germanium|heterostructure|candidate|scalability|potential|door|state|silicon|order|germanium|silicon|germanium|heterostructure|understand|control|growth|substrate|film|growth|kinetic|morphology|crystal|quality|thin|film|vapor|deposition|growth|temperature|pressure|precursor|gas|atmosphere|presence|carrier|gas|deposition|rate|smoothen|surface|film|temperature|surface|roughness|dislocation|density|function|deposition|temperature|pressure|gas|mixture|thin|film|substrate|growth|quantum|heterostructure|density|transport|property|hall|measurement|carrier|gas
10.35848/1347-4065/ad27bd,quantum dot|quantum processor|chip|interconnection|silicon|qubit|device|qubit|control|circuit|challenge|realization|scale|quantum|computation|spin|qubit|silicon|benefit|know|semiconductor|industry|quantum|interface|characterization|silicon|device|interposer|chip|interconnection|qubit|device|coulomb|diamond|laser|cut|circuit|need|way|chip|quantum|integration
10.1007/s10909-023-03033-6,quantum computing|resonant|amplifier|electron|helium|image|charge|electron|helium|qubit|platform|information|technology|blueprint|qubit|realization|rydberg|spin|qubit|electron|spin|challenge|way|qubit|detection|range|image|current|rydberg|transition|electron|tank|circuit|conjunction|impedance|power|dissipation|amplifier|progress|realization|image|detector|home|amplifier|hemt|characterization|transistor|room|temperature|detail|amplifier|power|dissipation|level|amplifier|voltage|noise|level|root|root|image|measurement|rydberg|transition|electron|helium|measurement|detection|electron|transition|noise|level|output|noise|amplifier
10.1103/PhysRevB.110.115413,spin|transport|rashba|nanowire|nonequilibrium|transport|semiconductor|superconductor|nanowire|phenomenon|state|reflection|superconductor|andreev|spin|qubit|spin|qubit|distance|transport|property|rashba|nanowire|spin|energy|quasiparticle|spin|polarization|andreev|band|nanowire|length|transport|measurement|tunnel|side|spin|correspondence|sign|conductance|spin|density|quasiparticle|side|lead|position|feature|disorder|spin|inversion|band|phase|transition|parameter|cotunnele|ect|strength|electric|field|find|implication|state|art|transport|experiment
10.1038/s41524-024-01361-z,symmetry|vacancy|spin|qubit|boron|nitride|point|qubit|semiconductor|capability|resolution|sense|interest|boron|nitride|hbn|point|defect|qubit|horizon|quantum|foil|sensitivity|point|sensor|hbn|linewidth|resonance|signal|couple|vacancy|spin|qubit|symmetry|configuration|center|rise|resonance|linewidth|field|center|memory|population|information|transmission|electron|image|existence|configuration|monolayer|hbn
10.1088/1367-2630/ad4c5f,quantum dot|quantum dot|electron|conduction|band|graphene|spin|manipulation|carbon|qubit|attention|electron|conduction|band|graphene|gqd|presence|field|rashba|spin|orbit|interaction|soi|formation|electron|spectra|spectra|sensitivity|conduction|band|field|mix|spin|state|rashba|soi|factor|field|modulation|conduction|band|spin|qubit|structure|electron|gqd|role|coulomb|interaction|rashba|electron|conduction|band|coulomb|interaction|singlet|triplet|level|cross|rashba|soi|singlet|triplet|mix|initialization|manipulation|spin|state|control|singlet|triplet|split
10.21468/SciPostPhys.17.1.004,quantum sensor|quantum sensor|control|algorithm|sensitivity|way|spin|sensor|field|presence|noise|control|field|sensitivity|signal|determination|ground|state|spin|chain|sensitivity|control|guess|algorithm|sensitivity|improvement|spin|qubit|magnetometer|nitrogen|vacancy|center|diamond
10.1103/PhysRevB.110.045419,quantum device|quantum simulation|quantum simulation|fidelity|quantum|information|process|spin|qubit|phonon|fidelity|phonon|gate|gate|scheme|spin|qubit|silicon|vacancy|center|diamond|decouple|coherence|qubit|state|variety|spin|way|simulation|gate|error|order|magnitude|gate|noise|parameter|lattice|array|defect|center|path|scale|spin|phonon|level|control|quantum|technology|platform
10.1002/qute.202300316,placement|precision|donor|spin|qubit|silicon|molecule|ion|implantation|donor|spin|qubit|state|coherence|gate|fidelity|ability|array|ion|implantation|donor|placement|precision|qubit|readout|couple|molecule|ion|bystander|atom|detection|confidence|suitability|phosphorus|difluoride|molecule|ion|donor|qubit|ion|mass|spectrometry|spin|site|location|donor|activation|electron|spin|resonance|measurement|qubit|device|coherence|donor|value|qubit|device|donor|electron|couple|spin|vicinity|molecule|ion|promise|precision|array|donor|spin|qubit|donor|spin|qubit|state|donor|placement|precision|qubit|readout|couple|molecule|ion|bystander|atom|detection|confidence|spin|site|anneal|donor
10.1021/acs.nanolett.3c04301,quantum system|control|spin|photon|interface|chip|color|center|diamond|quantum|technology|criterion|address|spin|qubit|frequency|spin|transition|spin|control|photon|rout|manufacturability|chip|power|dissipation|gate|architecture|strain|control|diamond|waveguide|tin|vacancy|center|ultralow|power|dissipation|response|device|emitter|transition|ghz|power|control|spin|resonance|tin|vacancy|spin|phonon|couple|rate|khz|regime|speed|rout|path|qubit|control|gate
10.1103/PhysRevA.110.012417,quantum computer|superconducting qubit|quantum error correction|error|stabilizer|code|phase|challenge|direction|progress|year|state|qubit|information|loss|mechanism|phase|error|phase|error|frequency|fluctuation|noise|phase|flip|error|term|multicycle|error|correction|surface|code|evidence|error|threshold|presence|phase|error|implication|spin|qubit
10.1103/PhysRevB.109.155164,josephson junction|quantum dot|quantum dot|quantum dot|transmon|hamiltonian|andreev|spin|qubit|superconductor|finite|energy|transmon|cooper|pair|box|hamiltonian|band|approximation|richardson|space|point|diagonalization|state|energy|phenomena|physics|josephson|coulomb|repulsion|energy|level|quantum|fluctuation|phase|couple|phase|spin|degree|freedom|andreev|spin|qubit|transmon|circuit|parameter|regime|calculation|transition|matrix|element|microwave|transmon|spin|transition|degree|freedom
10.1021/acs.nanolett.3c04376,quantum sensor|manipulation|address|spin|defect|diamond|manipulation|qubit|quantum|information|waveguide|drive|pulse|qubit|manipulation|multifield|compactness|efficiency|manipulation|perturbation|fiber|nanowire|structure|microwave|manipulation|state|spin|nanoscale|light|drive|pulse|nanowire|spin|defect|diamond|drive|field|accuracy|spin|manipulation|frequency|scan|resonance|odmr|spin|qubit|potential|quantum|sense|scheme|quantum|information|process|device
10.1364/OE.525337,nitrogen|vacancy|spin|ultra|readout|nitrogen|spin|promise|advancement|quantum|sense|computer|communication|technology|quantum|theory|vibronic|spin|interaction|center|presence|absence|interaction|theory|experiment|literature|order|magnitude|brightness|contrast|enhancement|resonance|odmr|spin|qubit|interaction|enhancement|parameter|region|model|experimentation|theory|community|tool|region|optica|publish|group|term|access|publish|agreement
10.1063/5.0179921,color|center|telecom|range|transition|metal|ion|host|semiconductor|technology|potential|color|center|beta|property|information|center|couple|phonon|state|photon|emission|telecom|range|band|magneto|photoluminescence|measurement|emission|spin|transition|ion|spin|triplet|ground|state|candidate|spin|qubit|color|center|complex|ion
10.1038/s41534-023-00796-4,frequency|magnetometry|ensemble|spin|qubit|boron|nitride|sensor|spin|qubit|crystal|prospect|proximity|sensor|source|access|signal|magnetometry|sensitivity|frequency|range|noise|spectrum|qubit|coherence|phase|decouple|coherence|limit|room|temperature|magnetometry|ensemble|boron|vacancy|boron|nitride|plane|field|range|mhz|plane|field|mhz|electron|spin|resonance|field|sensitivity|root|ghz|sensor|volume|viability|spin|defect|material|frequency|magnetometry|science|technology
10.1021/acs.nanolett.4c00222,spectroscopy|noise|color|center|cluster|experimental|noise|information|interaction|environment|relation|fluctuation|observable|multisensor|diffusion|dynamic|carrier|subdiffraction|cluster|nitrogen|vacancy|center|diamond|correlation|fluctuation|cluster|resonance|trap|shift|cluster|spectrum|position|nvs|location|charge|sign|trap|color|center|opportunity|characterization|photocarrier|dynamic|semiconductor|manipulation|spin|qubit|cluster|field
10.1103/PRXQuantum.5.020334,quantum state|spin|dynamic|ensemble|nitrogen|spin|environment|spin|qubit|source|characterization|control|spin|bath|resource|nitrogen|vacancy|center|diamond|coherence|nitrogen|defect|center|interaction|center|bath|spin|couple|center|spin|signature|collapse|revival|spin|coherence|signal|range|protocol|center|spin|ensemble|spin|spin|information|environment|insight|interaction|body
10.1103/PhysRevApplied.21.064064,quantum network|diamond|nanocavity|phonon|scheme|quantum|phonon|diamond|nanoresonator|challenge|quantum|possibility|mode|cavity|dhc|adjoin|diamond|cavity|cavity|aluminum|nitride|phonon|transducer|mode|dhc|cavity|property|dhc|mode|diamond|part|cavity|mode|mode|diamond|cavity|transducer|diamond|mode|part|confinement|stress|field|couple|rate|effectiveness|cavity|transducer|framework|dhc|spin|qubit|spin|couple|diamond|color|center
10.1039/d4sc03290j,quantum computing|spin|qubit|control|molecule|substrate|interface|molecule|surface|control|issue|sandwich|metal|complex|symmetry|architecture|vaporability|sandwich|flu|fluorenyl|cot|cyclooctatetraene|submonolayer|coverage|adsorption|configuration|spin|molecule|electron|paramagnetic|resonance|spectroscopy|initio|computation|evidence|ground|state|spin|phonon|relaxation|spin|coherence|molecule|hydrogen|submonolayer|investigation|tunneling|microscopy|ray|photoelectron|absorption|spectrocopie|ray|dichroism|measurement|calculation|configuration|fluorenyl|contact|metal|surface|oxidation|spin|delocalization|surface|condition|spin|qubit|surface
10.1038/s41534-024-00826-9,quantum dot|quantum dot|quantum processor|quantum device|disorder|valley|split|silicon|characterisation|step|cycle|material|stack|semiconductor|spin|qubit|silicon|property|disorder|energy|separation|conduction|band|valley|modification|parameter|material|stack|interdependence|property|danger|metric|expense|improvement|disorder|valley|split|material|stack|well|mobility|percolation|density|disorder|quantum|well|support|charge|noise|valley|split|energy|mev|qubit|device|balance|disorder|charge|noise|valley|split|find|benchmark|silicon|host|semiconductor|qubit|heterostructure
10.1038/s41467-024-50667-5,quantum computer|quantum memory|cavity|interface|color|center|film|diamond|quantum|information|technology|potential|resource|channel|entanglement|diamond|host|spin|qubit|platform|node|link|crystal|phc|cavity|matter|interaction|interface|spin|photon|information|phc|cavity|film|diamond|quality|factor|phc|cavity|material|fabrication|yield|planar|fabrication|contrast|fiber|phc|cavity|photon|extraction|efficiency|couple|siv|center|cavity|purcell|factor|platform|scalability|node|technology|scalability|quantum|node|importance|quantum|technology|author|fiber|phc|cavity|photon|extraction|efficiency|couple|siv|center|cavity
10.1039/d3nh00573a,quantum computer|control|island|coalescence|formation|nanowire|silicon|germanium|nanowire|build|block|hole|spin|qubit|selective|area|epitaxy|integration|nanowire|silicon|chip|device|density|scalability|reality|stage|epitaxy|importance|surface|treatment|reactor|growth|crystal|quality|nanowire|structure|exposure|temperature|treatment|growth|island|formation|nanowire|trench|kolmogorov|johnson|mehl|crystal|explanation|coalescence|insight|epitaxy|nanowire|lattice|substrate|material|schematic|influence|island|formation|nanowire|silicon|area|epitaxy|island|density|aspect|ratio|nanowire|silicon|substrate
10.1038/s41563-024-01887-z,quantum network|quantum sensor|spin|boron|nitride|condition|state|spin|photon|interface|photon|generation|spin|coherence|device|integration|condition|promise|sensor|progress|candidate|quantum|spin|room|temperature|control|condition|photon|defect|spin|van|der|waal|material|boron|nitride|carbon|defect|spin|triplet|ground|state|manifold|spin|coherence|nucleus|protocol|platform|room|temperature|spin|qubit|multiqubit|quantum|register|sample|proximity|quantum|control|photon|defect|spin|boron|nitride|spin|coherence|nucleus|protocol
10.1103/PhysRevB.109.L041411,quantum computing|nanoqubit|control|spin|qubit|finite|graphene|nanoribbon|gnr|nanoqubit|singlet|state|interplay|coulomb|spin|interaction|gnrs|substrate|field|gnr|heterostructure|change|proximity|couple|quench|nanoqubit|point|bloch|sphere|spin|qubit|rabi|oscillation|visibility|frequency|excess|ghz|find|avenue|realization|graphene
10.1021/acsnano.3c11739,quantum|siv|color|center|diamond|understand|quantum|electrodynamic|phenomena|nanophotonic|vacuum|field|luminescence|rate|directionality|emitter|impact|transition|energy|fluorescent|defect|diamond|platform|lamb|shift|emitter|nanostructure|index|spectroscopy|siv|defect|shift|mev|emission|line|calculation|lamb|shift|evidence|correlation|fluorescence|decay|rate|emission|line|width|signature|modification|density|state|one|nanodiamond|size|electron|microscopy|sivs|host|find|nanodiamond|sivs|promise|spin|qubit|quantum|light|source|tailor|vacuum|field|fluctuation
10.1016/j.mssp.2024.108231,quantum computing|epitaxial|layer|growth|layer|candidate|channel|material|hole|spin|qubit|wafer|strain|buffer|srb|layer|assessment|layer|interface|quality|layer|layer|xrd|space|mapping|reduction|growth|temperature|growth|layer|respect|dislocation|interface|layer|mean|electron|contrast|image|importance|dislocation|assessment|interface|abruptness|selection|precursor|gas|growth|temperature|coverage|surface|passivation|mobility|percolation|density|hall|device|quality|heterostructure|thank|high|srb|quality
10.1038/s41467-024-49057-8,quantum state|discovery|clock|spin|defect|oxide|principle|scarcity|nucleus|lattice|oxide|promise|host|state|spin|qubit|spin|defect|throughput|principle|calculation|spin|defect|calcium|oxide|property|center|diamond|defect|complex|atom|volume|cation|anion|vacancy|phonon|line|emit|telecommunication|range|body|energy|level|cycle|qubit|initialization|spin|nucleus|couple|electron|spin|quantum|level|emergence|clock|transition|noise|hanh|echo|coherence|second|clock|transition|defect|way|coherence|oxide|platform|quantum|technology|spin|coherence|spin|defect|oxide|throughput|principle|calculation|author|spin|defect|property|center|coherence
10.1021/jacs.4c04720,quantum coherence|qubit|metal|metal|bond|metal|metal|bond|chemistry|understand|aspect|chemical|bond|metal|metal|bond|alkaline|earth|element|element|electropositivity|herein|heteronuclear|emfs|electron|metal|metal|bond|compound|crystal|ray|crystallography|electron|paramagnetic|resonance|epr|spectroscopy|calculation|show|carbon|cage|distance|doublet|presence|electron|presence|electron|metal|metal|bond|covalent|interaction|overlap|orbital|orbital|epr|spectroscopy|electron|spin|bond|electron|nature|carbon|cage|suppression|spin|lattice|relaxation|decoherence|behave|electron|spin|qubit|decoherence|earth|metal|metal|bond|fullerene|cage|qubit|property|bond|character|potential|information|process
10.1038/s41467-024-55077-1,quantum computer|quantum computing|cryogenic|electron|silicon|scale|platform|challenge|scalability|issue|computer|fidelity|spin|qubit|cmos|technology|demonstration|cmos|control|readout|electron|chip|opportunity|challenge|qubit|size|integrability|power|consumption|cmos|control|readout|electron|thousand|million|qubit|electron|gas|superconductor|electron|power|level|control|million|qubit|device|unity|cutoff|frequency|ghz|unity|power|cutoff|frequency|ghz|noise|indication|factor|power|consumption|cmos
10.1103/PhysRevB.110.045409,hole|spin|germanium|confinement|hole|lhs|tensile|germanium|quantum|structure|xsnx|xsnx|heterostructure|function|content|strain|thickness|strain|barrier|strain|valence|band|edge|character|gas|ground|state|plane|mass|hole|ygey|ygey|quantum|well|lhs|xsnx|xsnx|heterostructure|tensor|anisotropy|plane|component|order|magnitude|planar|structure|inversion|asymmetry|rashba|parameter|dipole|spin|resonance|experiment|size|rashba|parameter|well|regime|confinement|layer|heterostructure|bandgap|photon|spin|qubit|interface|landscape|characteristic|spin|spin|device
10.1103/PhysRevB.109.235427,quantum computing|ray|absorption|spectra|phthalocyanine|spin|qubit|candidate|machine|dilution|vanadyl|phthalocyanine|vopc|titanyl|phthalocyanine|tiopc|afford|spin|qubit|platform|state|interaction|substrate|impact|structure|integration|device|ray|absorption|spectroscopy|xas|multiplet|calculation|density|theory|dft|level|structure|vopc|tiopc|vopc|environment|thickness|tiopc|interlayer|adsorption|configuration|film|structure|xas|multiplet|calculation|optimization|algorithm|parameter|search|multiplet|calculation|ground|state|property|occupancy|split|interaction|vopc|spin|character|configuration|energy|separation|sequence|orbital|interaction|surface|tiopc|interlayer|picture|multiplet|comparison|dft|property|description
10.1038/s41467-024-46519-x,quantum computing|quantum dot|quantum dot|quantum dot|qubus|electron|information|device|memory|micron|scale|connectivity|function|connectivity|carrier|information|device|transport|storage|charge|quanta|electron|move|shuttle|device|quantum|bus|qubus|qubus|length|voltage|pulse|characterization|shuttle|tomography|imperfection|shuttle|fidelity|qubus|fidelity|electron|shuttle|device|distance|electron|register|pattern|electron|gate|signal|compatibility|industry|fabrication|spin|environment|interaction|sige|range|spin|transport|spin|qubit|quantum|connectivity|architecture|electron|spin|qubit|dot|candidate|information|process|author|conveyor|mode|electron|sige|device|length|micrometre|number|control
10.1103/PhysRevB.109.125405,quantum computing|quantum computing|disorder|silicon|platform|mechanism|quantum|well|experiment|quantum|well|electron|mobility|cond|hall|spin|qubit|platform|role|disorder|mobility|mobility|mechanism|dependence|electron|density|electron|density|mobility|coulomb|impurity|layer|interface|roughness|limit|factor|density|disorder|mechanism|mobility|structure|density|disorder|density|metal|insulator|transition|ioffe|regel|localization|criterion|breakdown|boltzmann|theory|density|density|density|fluctuation|range|coulomb|disorder|density|one|ioffe|regel|criterion|mobility|calculation|background|impurity|limit|source|density|measurement|mobility|information|distribution|background|impurity|barrier|degeneracy|transport|property|mobility|density|metal|insulator|transition|spin|mobility|structure|field
10.1021/acsphotonics.4c00340,quantum device|crystal|cavity|znse|quantum|structure|znse|material|znmgse|zncdse|host|material|information|technology|photon|source|spin|qubit|heterostructure|crystal|cavity|improvement|purcell|efficiency|cavity|znse|quantum|well|top|layer|obstacle|membrane|fabrication|material|crack|relaxation|device|attainment|stability|device|strain|retainment|confinement|cavity|anisotropy|mapping|transmission|electron|microscope|transformation|alas|alo|postgrowth|oxidation|oxidation|znmgse|knowledge|domain|difference|simulation|znmgse|dispersion|relation|oxygen|content|characterization|cavity|resonance|verifie|presence|cavity|agreement|simulation|cavity|mode|energy|tunability|cavity|pertinence|cavity|znse|material|foundation|znse
10.1142/S0219887824400097,quantum state|quantum system|limit|acceleration|evolution|hilbert|space|position|momentum|uncertainty|relation|existence|acceleration|particle|context|reformulation|quantum|mechanic|acceleration|particle|magnitude|speed|transportation|space|aspect|evolution|mean|notion|curvature|torsion|bind|rate|change|speed|transportation|hilbert|space|evolution|operator|derivation|analogy|inequality|landau|theory|fluctuation|mean|commutation|relation|quantum|origin|generalization|uncertainty|relation|acceleration|evolution|space|variance|rate|change|operator|purpose|spin|qubit|field|configuration|field|acceleration|curvature|unit|efficiency|space|consequence|impose|limit|manipulation|target|state
10.1038/s41534-024-00853-6,quantum computing|conduction|band|valley|sige|heterostructure|shear|strain|concentration|oscillation|engineering|conduction|band|valley|couple|challenge|spin|qubit|valley|couple|concentration|oscillation|quantum|ultrashort|oscillation|period|oscillation|period|improvement|benefit|wavelength|oscillation|wavelength|structure|order|couple|brillouin|zone|fold|shear|strain|strain|fabrication
10.1103/PhysRevD.110.116009,quasifragmentation|function|schwinger|concept|quark|quasifragmentation|function|form|collin|soper|fragmentation|function|meson|fragment|condition|fermion|quantum|electrodynamic|susskind|hamiltonian|mapping|spin|qubit|lattice|boundary|condition|form|computation|diagonalization|spin|hamiltonian|drell|levy|yan|couple|quantum|chromodynamic|approximation
10.1103/PhysRevB.109.075427,quantum dot|quantum dot|gate|hole|spin|qubit|planar|mos|silicon|silicon|hole|subject|attention|thank|spin|couple|control|feature|experiment|prospect|fabrication|cmos|metal|foundry|physics|silicon|hole|hole|description|aspect|mass|symmetry|term|spin|energy|scale|field|response|role|band|control|coherence|property|silicon|hole|dot|field|orientation|configuration|spot|qubit|larmor|frequency|dipole|spin|resonance|edsr|rabi|phonon|relaxation|dephase|telegraph|noise|find|factor|presence|band|shear|strain|sample|factor|function|gate|field|agreement|experiment|coherence|spot|value|gate|field|field|orientation|ellipticity|aspect|ratio|anisotropy|factor|field|plane|observation|edsr|rabi|frequency|ratio|relaxation|edsr|field|edsr|rabi|frequency|respect|orientation|field|field|plane|experiment|guideline|configuration|geometry|hole|spin|qubit|silicon
10.1103/PhysRevLett.133.260604,josephson junction|quantum circuit|aluminum|amplifier|noise|measurement|field|amplifier|tool|microwave|noise|rate|decade|field|spin|qubit|andreev|magnet|device|matter|search|kinetic|inductance|material|aluminum|gral|source|nonlinearity|field|resilience|amplifier|resonator|plane|field|gain|limit|noise|gain|product|mhz|dbm|input|saturation|power
10.1364/OL.522770,enhancement|silicon|vacancy|fluorescence|intensity|silicon|carbide|cavity|decade|spin|qubit|silicon|carbide|sic|platform|range|quantum|technology|fluorescence|intensity|importance|photon|quantum|information|sensitivity|quantum|sense|cavity|fluorescence|intensity|silicon|vacancy|ensemble|sic|augmentation|fluorescence|count|laser|power|prediction|influence|cavity|contrast|linewidth|resonance|odmr|improvement|field|sensitivity|spin|echo|experiment|coherence|thickness|cavity|experiment|way|cavity|sic|quantum|technology|optica|publish|group
10.1088/2632-2153/ad88d5,quantum dot|quantum dot|charge|network|uncertainty|machine|learn|procedure|charge|tune|semiconductor|spin|qubit|intervention|challenge|technology|network|transition|line|stability|diagram|exploration|network|uncertainty|estimation|dataset|quantum|dot|technology|tune|success|rate|success|uncertainty|exploitation|constraint|train|set|diagram|diagram|variability|capability|limit|procedure
10.1103/PhysRevApplied.21.014034,waveguide|diamond|generation|detection|phonon|vibration|interest|field|radio|frequency|communication|sense|information|diamond|platform|phononic|presence|strain|spin|qubit|young|modulus|loss|gigahertz|device|diamond|waveguide|platform|generate|guide|gigahertz|frequency|surface|wave|phonon|transducer|aln|diamond|transmission|ghz|ridge|waveguide|wavelength|scale|cross|section|spin|phonon|interaction|step|component|circuit|strain|color|center|diamond
10.1103/PhysRevApplied.21.014019,quantum dot|impedance|resonator|chip|filter|circuit|quantum|electrodynamic|semiconductor|spin|photon|couple|opportunity|range|couple|spin|qubit|spin|photon|couple|rate|charge|photon|couple|rate|couple|regime|impedance|cavity|kinetic|inductance|film|transport|response|investigation|niobium|nitride|film|thickness|inductance|film|thickness|film|sheet|inductance|kinetic|inductance|film|filter|microwave|leakage|circuit|quantum|electrodynamic|cqed|device|filter|attenuation|cavity|resonance|frequency|offc|ghz
10.1038/s41534-023-00802-9,quantum computer|quantum gate|quantum error correction|quantum error correction|quantum processor|quantum processor|phase|error|cnot|gate|fault|threshold|coherence|compatibility|foundry|electron|spin|qubit|platform|fidelity|gate|error|fidelity|calibration|procedure|fidelity|rotation|gate|exchange|silicon|gate|fault|tolerance|threshold|fidelity|rotation|gate|error|form|phase|phase|error|improvement|gate|fidelity|benchmark|gate|tomography|protocol|phase|correction|protocol|fidelity|phase|gate
10.1103/PhysRevMaterials.8.036202,quantum dot|quantum dot|quantum dot|quantum dot|quantum dot|quantum dot|valley|split|size|location|silicon|valley|split|silicon|role|scalability|silicon|spin|qubit|sige|heterostructure|function|size|location|silicon|account|concentration|fluctuation|interface|interface|roughness|size|parameter|enhancement|transition|disorder|regime|change|direction|size|variability|charge|spin|shuttle
10.1109/TED.2024.3393947,quantum dot|quantum dot|gate|fet|behavior|proximity|charge|sense|formation|gate|fet|device|superiority|mode|soi|gate|fet|nwfet|finfet|comparison|investigation|quantum|perspective|coulomb|blockade|region|drain|oscillation|temperature|metric|fet|channel|qds|nwfet|quantum|confinement|property|geometry|finfet|candidate|integration|qubit|quantum|process|unit|qpus|charge|spin|qubit|subcircuit|proximity|charge|sense|bsim|cmg|charge|characteristic|electron|transistor|set|turn|cmos|qpus
10.1073/pnas.2313754120,quantum system|qubit|couple|dissipation|measurement|interaction|spin|platform|information|process|spintronic|hybrid|hqss|vacancy|center|diamond|magnon|mode|ferrimagnet|energy|attention|spin|qubit|scale|couple|effort|lack|characterization|interaction|center|quantum|architecture|couple|energy|center|center|magnon|interaction|tool|hqss|absence|couple|effort
10.1063/5.0230736,quantum system|principle|defect|material|perspective|defect|defect|material|resource|information|device|photon|emitter|spin|qubit|material|prominence|host|defect|feature|material|formfactor|perspective|principle|challenge|spin|property|defect|material|nature|defect|interaction|parameter|field|field|lattice|strain|prediction|understand|defect|identification|spin|property|perspective|insight|interplay|defect|host|material|environment|pursuit|quantum|defect|platform
10.1016/j.isci.2024.109328,quantum system|quantum system|color|transparency|light|mode|couple|carbon|nanotube|resonator|carbon|nanotube|cnt|resonator|phase|phonon|interaction|nitrogen|center|diamond|response|center|condition|resonance|detune|color|transparency|eit|parameter|regime|spin|interaction|couple|modulation|phase|switch|window|delay|advance|transition|couple|regime|switch|light|modulation|phase|information|storage|information|process|spin|qubit
10.1021/acs.nanolett.4c01247,quantum dot|quantum dot|quantum dot|perfect|zeeman|anisotropy|spin|orbit|interaction|structure|symmetry|quantum|ring|motion|electron|spin|orbit|interaction|zeeman|symmetry|field|ring|geometry|opportunity|property|range|confinement|potential|semiconductor|electron|orbital|momentum|spin|orbit|interaction|suppression|zeeman|spin|split|field|plane|behavior|quantum|ring|spin|split|interaction|symmetry|field|valence|electron|basis|spin|qubit|symmetry|prospect|protection|interaction|spin|state
10.1021/acs.nanolett.4c04112,quantum sensor|resonance|spectroscopy|nucleus|room|temperature|resonance|nqr|spectroscopy|bond|pattern|material|molecule|couple|spin|field|ensemble|nucleus|signal|molecule|molecule|variation|state|spin|qubit|nitrogen|vacancy|center|diamond|detection|control|nucleus|couple|center|spectroscopy|nucleus|room|temperature|hamiltonian|minute|variation|nucleus|measurement|correlation|parameter|center|spin|state|symmetry|term|sequence|evolution|state|hamiltonian
10.1021/acsnano.4c02470,spin|sense|molecule|tip|magnetometry|role|requirement|storage|technology|challenge|spin|qubit|scale|spin|sense|molecule|spin|sensor|realization|stage|challenge|potential|nickelocene|molecule|tunneling|microscopy|spin|image|surface|island|thickness|property|robustness|reproducibility|scale|sensitivity|polarization|magnetization|orientation|exchange|couple|nickelocene|tip|surface|accessibility|exchange|map|signature|corrugation|spin|density|map|advancement|capacity|magnetism|level
10.1038/s41534-024-00852-7,quantum computing|quantum dot|mapping|valley|split|conveyor|mode|spin|electron|heterostructure|valley|state|operability|scalability|electron|spin|qubit|variation|valley|split|spatial|energy|resolution|control|conveyor|mode|spin|electron|shuttle|mapping|valley|split|field|anticrosse|ground|valley|state|electron|spin|pair|probe|sub|energy|accuracy|resolution|histogram|valley|split|area|match|statistic|heterostructure|distribution|valley|split|correlation|length|size|mapping|tool|heterostructure
10.1103/PhysRevLett.133.040401,validation|information|capacity|quantum|switch|accordance|law|interplay|switch|law|thermodynamic|quantum|switch|channel|superposition|order|thermalize|channel|quantum|channel|violation|law|violation|channel|capacity|information|increase|law|thermodynamic|resource|resonance|interaction|spin|qubit|upper|increase|capacity|channel|energy|state|energy|channel|switch|state|state|energy|coherence|control|switch|thermodynamic|experiment|resource
10.1021/acsnano.4c07184,transition|metal|quantum|emitter|wurtzite|transition|metal|center|ground|state|bandgap|semiconductor|nanophotonic|quantum|information|process|interest|spin|defect|structure|property|center|wurtzite|gan|state|art|density|theory|calculation|level|structure|stability|signature|property|center|excitation|energy|occupation|space|configuration|interaction|simulation|photoluminescence|spectra|aln|gan|emission|field|split|zfs|parameter|spin|polarization|protocol|center|candidate|spin|qubit
10.1103/PhysRevB.110.235305,quantum dot|quantum dot|quantum dot|quantum dot|characterization|charge|fluctuator|electron|spin|silicon|qubit|coherence|scalability|compatibility|semiconductor|technology|gate|fidelity|spin|qubit|charge|noise|semiconductor|environment|improvement|importance|charge|noise|question|nature|fluctuator|charge|noise|level|fluctuator|tlfs|quantum|dot|transport|measurement|allan|variance|markov|model|tlf|gate|voltage|decrease|temperature|current|datum|primary|tlf|charge|dipole|plunger|gate|electrode|current|sensor|dot|state|transition|electron|phonon|couple|mechanism|electron|sensor|dot
10.1103/PhysRevD.110.076008,quasiparton|distribution|computation|quasiparton|distribution|eta|meson|quantum|electrodynamic|diagonalization|operator|spin|qubit|lattice|boundary|condition|state|diagonalization|eta|state|couple|meson|couple|cusp|point|eta|state|kinematic|deviation|limit|quasiparton|distribution|function|amplitude|eta|state|rapidity|couple|numerical|form|parton|distribution|inverse|transformation|parton|distribution|space|approximation|limitation|lattice|program|parton|distribution
10.1021/acsnano.4c10357,quantum dot|quantum state|topological quantum|control|state|hybridization|polymer|realization|carbon|nanostructure|platform|spin|qubit|manipulation|control|hybridization|level|quantum|edge|state|interface|bottom|polymer|investigation|combination|temperature|scan|tunneling|microscopy|spectroscopy|resolution|force|microscopy|hybridization|level|neighbor|edge|state|dehydrogenation|reaction|unit|pentacene|polymer|character|density|theory|space|calculation|hubbard|find|extent|overlap|edge|state|geometry|bandgap|region|utility|edge|state|component|quantum|arrangement|device
10.1103/PhysRevB.109.075433,quantum dot|quantum dot|quantum dot|quantum dot|quantum dot|spin|state|tailor|exciton|ingaas|field|field|configuration|self|mean|spin|composition|ground|electron|spin|eigenstate|spectroscopy|polarimetry|anisotropic|factor|polarization|property|field|level|structure|polarization|selection|rule|field|orientation|field|ground|spin|eigenstate|superposition|electron|spin|degree|freedom|composition|ground|spin|state|spin|pump|initialization|ground|state|level|structure|persist|field|weight|spin|state|behavior|potential|spin|readout|scheme|capability|spin|qubit
10.1021/jacs.4c07288,ion|framework|vanadyl|porphyrin|qubit|spin|coherence|time|electron|spin|qubit|array|potential|information|science|qubit|arrangement|incorporation|class|material|ion|framework|pif|pif|vanadyl|porphyrin|qubit|votcpp|crystal|electron|paramagnetic|resonance|spectroscopy|spin|coherence|temperature|suspension|votcpp|dimethylformamide|dmf|spin|spin|relaxation|dmf|coherence|material|increase|ratio|electron|couple|spin|flip|electron|spin|coherence|toluene|crystal|votcpp|pif|platform|material|information|science
10.1103/PhysRevLett.133.017001,quantum dot|quantum dot|carrier|spin|blockade|couple|bilayer|spin|degree|freedom|understand|matter|knowledge|spin|mechanism|control|manipulation|spin|qubit|property|device|material|bilayer|spin|relaxation|field|dependence|spin|blockade|phenomenon|charge|configuration|dependence|spin|blockade|leakage|current|tunnel|couple|magnitude|orientation|field|plane|field|field|peak|temperature|cotunnele|lead|involvement|valley|mechanism|side|peak|plane|field|field|dip|competition|spin|zeeman|kane|mele|spin|orbit|interaction|detail|line|shape|dip|mechanism|play
10.1039/d3mh01926h,quantum computing|quantum computing|oxovanadium|electron|memory|neuromorphic|vanadium|material|future|element|computer|device|array|spin|qubit|information|process|resistance|datum|memory|cell|memory|neuromorphic|computer|vanadium|material|fabrication|transition|semiconductor|resource|memory|information|process|technology|combination|state|semiconductor|stimulus|complex|electron|room|temperature|device|nanophysic|ability|level|logic|oxovanadium|circuit|crossbar|array|cell|memory|computer|function|pulse|computer|readout|control|spin|network|interface|area|chemistry|physics|vanadium
10.1073/pnas.2404298121,factor|symmetry|topology|semiconductor|band|tensor|reaction|kramer|state|field|importance|spin|qubit|detail|heterostructure|composition|disorder|field|structure|spin|orbit|interaction|crystal|lattice|level|symmetry|feature|valence|conduction|band|silicon|germanium|gallium|arsenide|crystal|symmetry|departure|value|symmetry|spin|part|function|surface|brillouin|zone|spin|orbit|couple|wave|vector|surface|bloch|state|spin|entanglement|calculation|surface|feature|lifshitz|point|fermi|surface|theory
10.1021/jacs.4c10632,room|temperature|spin|polarization|electron|spin|qudit|base|porphyrin|dimer|chromophore|qubit|source|spin|initialization|qudit|generation|information|chromophore|concept|meso|meso|porphyrin|base|porphyrin|dimer|femtosecond|absorption|experiment|photoexcitation|base|porphyrin|triplet|state|formation|intersystem|cross|electron|resonance|trepr|experiment|room|temperature|formation|spin|quartet|state|triplet|spin|mix|structure|interaction|electron|spin|quartet|state|vanadyl|nucleus|quartet|state|spin|polarization|room|temperature|simulation|spectra|quartet|state|insight|spin|population|phenomenon|possibility|triplet|state|porphyrin|information|resource|spin|qubit|qudit
10.1038/s41467-024-53890-2,quantum dot|quantum dot|quantum dot|quantum dot|quantum dot|quantum dot|quantum device|quantum device|parity|kondo|electron|zno|spin|qubit|quality|semiconductor|heterostructure|gaas|demonstration|zno|heterostructure|transport|measurement|signature|kondo|electron|number|parity|behavior|kondo|gaas|temperature|field|dependence|absence|parity|kondo|consideration|semiconductor|parameter|zno|electron|correlation|role|observation|physics|electron|promise|feature|zno|date|semiconductor|heterostructure|material|gaas|author|formation|zno|heterostructure|electron|kondo|electron|parity
10.1038/s41928-024-01214-z,quantum dot|quantum dot|quantum device|quantum device|varactor|radiofrequency|measurement|millikelvin|temperature|radiofrequency|reflectometry|read|charge|spin|qubit|device|circuit|frequency|tune|impedance|match|resonator|circuit|voltage|tunable|capacitor|varactor|read|sensitivity|varactor|millikelvin|temperature|range|state|strontium|titanate|potassium|tantalate|material|behaviour|field|permittivity|temperature|varactor|impedance|match|resonator|frequency|varactor|term|capacitance|tunability|loss|field|insensitivity|varactor|radiofrequency|read|carbon|nanotube|device|charge|sensitivity|capacitance|sensitivity|material|paraelectricity|phenomenon|order|temperature|voltage|tunable|capacitor|read|circuit
10.1038/s41467-024-46075-4,quantum communication|quantum simulation|quantum simulation|quantum simulation|spin|qubit|network|spin|state|defect|platform|quantum|sense|experiment|image|control|spin|electron|spin|defect|size|spin|network|resolution|network|spin|resolution|sense|scheme|nitrogen|vacancy|center|diamond|resonance|sequence|spin|chain|network|chain|spin|frequency|interconnection|resolution|network|opportunity|number|spin|qubit|nano|scale|image|spin|host|crystal|ability|spin|network|body|physic|author|resolution|quantum|network|spin|center|diamond
10.1002/aelm.202300753,nanoscale|vector|sense|nanomagnet|detection|vector|field|nanoscale|dimension|material|science|physics|information|storage|diagnostic|nanoscale|vector|field|sense|nitrogen|vacancy|center|diamond|zeeman|split|spin|qubit|resonance|protocol|setup|detection|photoluminescence|light|miniaturization|scalability|gate|vector|field|dimension|nanomagnet|transition|probability|state|current|spin|orbit|torque|state|nanoscale|vector|field|sense|material|science|diagnostic|vector|field|nanoscale|dimension|nanomagnet|transition|probability|state|current|spin|orbit|torque
10.1063/5.0240801,contribution|methyl|group|spin|decoherence|nitroxide|glassy|matrix|electron|spin|coherence|lifetime|sensitivity|resolution|electron|paramagnetic|resonance|epr|experiment|hyperfine|couple|sense|spin|qubit|methyl|group|electron|spin|decoherence|methyl|quantum|tunneling|electron|spin|decoherence|dynamic|oxyl|tempo|methyl|solvent|methyl|solvent|temperature|solvent|methyl|decoherence|cluster|correlation|expansion|simulation|methyl|tunneling|calculation|datum|methyl|tunneling|frequency|parameter|hahn|echo|decay|property|silico|addition|hahn|echo|electron|methyl|configuration|methyl|electron|spin|decoherence|simulation|methyl|group|electron|spin|decoherence|electron|spin|orientation|importance
10.1103/PhysRevApplied.22.064089,coherence|limit|interaction|nucleus|barrier|material|spin|qubit|quest|noise|spin|qubit|interaction|electron|spin|challenge|silicon|host|material|spin|coherence|isotope|experiment|purification|role|atom|device|task|interaction|atom|barrier|layer|density|theory|tensor|quantum|atom|mos|interface|structure|basis|noise|spin|bath|coherence|interaction|barrier|atom|microsecond|sige|mos|number|interaction|content|concentration|oxygen|isotope|interaction|oxygen|mos|content
10.1063/5.0209702,role|motion|spin|orbit|couple|spin|interaction|moment|electron|field|charge|component|spin|orbit|interaction|nucleus|molecule|motion|interaction|couple|momentum|electron|spin|discussion|spin|phenomenon|transition|state|spin|nucleus|role|spin|vibronic|couple|spin|orbit|interaction|point|charge|ligand|order|perturbation|theory|hubbard|spin|orbit|interaction|contrast|component|spin|orbit|interaction|part|momentum|charge|electron|spin|order|field|site|inclusion|motion|spin|orbit|couple|rate|spin|transition|spin|state|order|magnitude|interaction|role|spin|phenomenon|spin|relaxation|spin|qubit|article|content|common|attribution|license
10.1021/jacs.3c11172,charge|transport|spin|dynamic|metal|framework|metal|framework|mof|interest|electron|property|charge|mof|radical|spin|array|opportunity|spintronic|interaction|neighbor|layer|layer|mof|spin|center|spin|relaxation|potential|spin|qubit|tune|charge|transport|spin|dynamic|mof|control|interlayer|stack|introduction|side|group|ligand|dislocation|mof|layer|stack|stack|interlayer|interaction|consequence|conductivity|mof|order|magnitude|spin|density|increase|spin|lattice|relaxation|reference|mof|stack|spin|relaxation|spin|dynamic|polaron|pair|bipolaron|role|charge|transport|mof|bottom|spin|dynamic|mof|pathway|mof|spintronic
10.1103/PhysRevA.110.032612,quantum system|coherence|spin|ensemble|drive|tool|engineer|body|pulse|sequence|ability|degree|freedom|carr|purcell|meiboom|gill|sequence|coherence|ensemble|spin|qubit|characterization|tool|drive|ensemble|nitrogen|vacancy|center|diamond|rotation|control|parameter|dynamic|diamond|sample|spot|density|turn|interaction|strength|rotation|offset|pulse|cpmg|sequence|error|role|coherence|axis|pulse|rotation|cause|coherence|preservation|field|magnitude|rotation|offset|addition|coherence|rotation|dependence|coherence|simulation|disorder|contribution|hamiltonian|density|constituent|spin|specie|diamond
10.1021/acs.jpclett.4c00294,order|electron|spin|hyperpolarization|structure|electron|spin|interest|polarization|dnp|resonance|nmr|generation|electron|spin|qubit|information|science|qis|electron|paramagnetic|resonance|epr|characterization|electron|spin|couple|network|field|concentration|trityl|radical|rise|dnp|enhancement|profile|nmr|characteristic|presence|electron|spin|cluster|microwave|saturation|pump|probe|electron|resonance|eldor|experiment|electron|spin|hyperpolarization|generation|equilibrium|order|hyperpolarization|electron|spin|electron|spin|difference|zeeman|interaction|spin|couple|interaction|microwave|irradiation|signature|electron|spin|hyperpolarization|extent|order|extent|electron|spin|hyperpolarization|pump|length|delay|eldor|experiment|efficiency|order|pump|probe|eldor|saturation|mean|electron|spin|type|spin|dnp|quantum|sense
10.1002/adma.202305703,quantum dot|quantum processor|spin|quantum|well|symmetry|hole|wavefunction|interaction|hole|spin|qubit|candidate|hole|qubit|spin|bath|need|spin|germanium|qubit|decoherence|channel|herein|growth|silicon|germanium|sige|quantum|well|growth|pressure|chemical|vapor|deposition|monogermane|monosilane|purity|well|series|sige|heterostructure|wafer|purity|atom|probe|tomography|apt|procedure|discrepancy|overlap|isotope|peak|mass|spectra|spin|background|growth|condition|concentration|barrier|distance|spin|order|magnitude|heterostructure|spread|hole|wavefunction|spin|background|voluminal|size
10.3390/molecules29133033,quantum computing|spin|color|center|band|gap|semiconductor|resonance|investigation|epr|endor|spin|defect|color|center|gap|semiconductor|basis|technology|combination|spin|charge|property|silicon|carbide|sic|crystal|matrix|variety|vacancy|type|defect|photon|source|spin|qubit|defect|nitrogen|vacancy|center|importance|electron|resonance|epr|electron|resonance|endor|frequency|range|ghz|information|nature|property|defect|crystal|polytype|excitation|microwave|radio|frequency|pulse|structure|color|center|field|split|ghz|phase|coherence|value|hyperfine|mhz|quadrupole|mhz|interaction|isotropic|mhz|anisotropic|khz|contribution|electron|interaction|datum|defect|sic|register|initialization|electron|spin|spin|photon|interface|combination|microwave|radio|frequency|resonant|spin|center|crystal|potential|epr|endor|sequence|protocol|algorithm|gate
10.1039/d4dt01290a,quantum computing|photoluminescence|property|oxamate|coordination|polymer|material|property|candidate|spin|qubit|ligand|oxamate|aniline|synthesis|polymer|complex|formula|dmso|dimethylsulfoxide|ray|structure|zigzag|chain|ion|phox|ligand|oxygen|atom|ligand|trivalent|ion|phox|ligand|coordination|sphere|mode|molecule|water|coordination|molecule|coordination|sphere|ion|antiprism|symmetry|property|temperature|range|property|dependence|bottleneck|mechanism|nonzero|field|field|molecule|magnet|state|measurement|complex|ligand|ion|region|spectrum|compound|emission|region|calculation|sparkle|efficiency|potential|candidate|conversion|device
10.1039/d4dt00786g,property|lindqvist|polyoxometalate|complex|spin|qubit|potential|information|science|addressability|electron|spin|microwave|frequency|scalability|tunability|regard|holmium|polyoxometalate|clock|transition|ghz|coherence|molecule|spin|phonon|couple|decoherence|decoherence|pathway|material|energy|overlap|spin|phonon|state|understand|modification|landscape|class|complex|herein|investigation|property|lindqvist|polyoxometalate|series|change|characteristic|pathway|coherence|property|crystal|ray|diffraction|polymorph|complex|coordination|sphere|difference|change|lattice|pack|change|pack|polymorph|distortion|symmetry|complex|raman|fir|spectra|complex|mode|energy|region|peak|assignment|literature|precedent|square|pls|show|correlation|parameter|energy|raman|fir|vibrational|mode|interest|investigation|coordination|sphere|role|modulation|characteristic|complex|route|tune|spin|manifold|specie|series|property|lanthanide|lindqvist|polyoxometalate|change|polymorphism|manifold|relaxation
