,gate,error,spin,ion,state,code,entanglement,photon,fidelity,measurement,noise,field,interaction,trap,quantum computer,scheme,phase,control,circuit,information,laser,algorithm,protocol,transition,fault,mode,dynamic,frequency,quantum computing,number,detection,atom,pulse,hardware,simulation,array,quantum system,architecture,platform,scale,computation,rate,parameter,network,decoherence,quantum processor,quantum simulation,couple,crystal,order,device,experiment,trapped ion,body,level,surface,source,sequence,cavity,crosstalk,coherence,range,ground,electron,term,oscillator,optimization,quantum state,process,hamiltonian,technology,quantum error correction,datum,motion
gate,1.0,0.5265707419162818,0.2430709150058221,0.6351206374774304,0.4718783779618764,0.23923718823467274,0.33113136236168356,0.23574758339572238,0.5721823708172603,0.28254854420732706,0.3365809164030446,0.305778184557795,0.3373249156136544,0.3544236609502449,0.46457566258396366,0.3162885732024816,0.3845076772265462,0.4039326788379082,0.32869204666140245,0.34400045762751935,0.4414821003239485,0.2408073206538235,0.32386847364959986,0.2860774573208225,0.3647350740032343,0.3744009735180581,0.11861748230375568,0.3510640750410762,0.42574492511213946,0.3193086938341046,0.19693159036084404,0.1736833685729687,0.3268099351730462,0.21942686286812776,0.3022523663586378,0.20377134968227104,0.1526762041381148,0.304724700110022,0.29742484506432626,0.29255339586756346,0.34604988043708346,0.3182183467185532,0.28704418857935987,0.14470719035407653,0.2508726030021272,0.2882306768491569,0.18232322463624387,0.21547290184283366,0.254889809464433,0.2883749003642362,0.20992331125953947,0.21941566961880946,0.55033763764218,0.13254270092150516,0.29492753096432023,0.1941450686788302,0.31008683647302115,0.2742692355983562,0.09548198320525772,0.25784397701617245,0.2745150993393978,0.19057224504128523,0.18996941781613425,0.10741723110591493,0.27692307692307694,0.15191090506255,0.18352924476220045,0.1254363015010636,0.24511866530960078,0.15311180047019055,0.19061064393789132,0.26517489653530246,0.10548162696116146,0.24589655605369864
error,0.5265707419162818,1.0,0.13292613291206595,0.499684405328548,0.42811038540510826,0.3743266167165848,0.2303023195430481,0.194943257290983,0.4393136977073641,0.3813640544024386,0.34286274066187084,0.24696320053450926,0.147265982401778,0.2763811932812246,0.3742948281201437,0.31082019786735043,0.2653343152526162,0.2904504931658415,0.22742941307367104,0.3203846925853093,0.3525818616173489,0.23128442344214903,0.3116625290268825,0.19617319540565217,0.3609268613358065,0.18306655565675478,0.16205611794379962,0.24635783198801808,0.29635543064843123,0.2457581620011381,0.24072846024282468,0.10615495921641367,0.23128442344214903,0.23727737655956627,0.25155553633950833,0.16244958076690788,0.13997312773896356,0.23877843960885534,0.23711155403200468,0.2860929661796339,0.24675590100659828,0.2963725336052374,0.22492421330802176,0.10107973914385379,0.19422164675152884,0.2446750914644598,0.19247971338736308,0.10130511230913847,0.16201971583530764,0.29081945475777654,0.22700070503353034,0.24382992454708535,0.43529635332511146,0.09970444051403547,0.2060104810498419,0.2373222262672836,0.3506203451552428,0.19653507529013656,0.05835841460432113,0.30086083390715773,0.15791353393636895,0.1553032130929206,0.16586994702181085,0.16048564016188313,0.2632853709581409,0.09284766908852594,0.21114868865730557,0.17377726288294684,0.22913047950612697,0.12867477449632603,0.08104408984731078,0.3912141047586589,0.17192047651837586,0.16185241494481836
spin,0.2430709150058221,0.13292613291206595,1.0,0.28092547709677496,0.31268930812114,0.06366070140792303,0.26586006150673236,0.10378476090324956,0.22807088492445207,0.15663707566008656,0.16585877695229945,0.31784051987522066,0.3506317061191267,0.11179185072654418,0.15804073293140256,0.2578553115646984,0.21659846171434663,0.2173429237764907,0.0928279121632914,0.21794778505729417,0.18600652734635278,0.05721295676906231,0.1146023606954215,0.2320879129847619,0.0722139314689769,0.21510506068315718,0.243692308634,0.17299572043614667,0.16718166725034023,0.15734745152973198,0.10421098348069739,0.17331343552554454,0.1859421094994525,0.0842151921066519,0.23529748204358508,0.1915496600194902,0.13965509693273204,0.10395749007806007,0.21506619680967012,0.194620185490665,0.1558703697561297,0.11340734449745218,0.13464789986245196,0.08595177052156612,0.20861521871080327,0.05326236412913075,0.2343100847284878,0.2343100847284878,0.1865210692071927,0.14388034131335048,0.13427960881291645,0.1879859399580523,0.409182106087001,0.2034775300442102,0.12846400486343923,0.04612656040144426,0.10314212462587934,0.15729026546513936,0.03969942227836091,0.019492029389636262,0.18799145233808304,0.11885396244072756,0.18053790157954405,0.23819653367016547,0.08955244237056603,0.021053798026662976,0.07181895714065413,0.11126144997909508,0.1678603981989089,0.2705579809836729,0.17917830008649066,0.07603738308405919,0.058476088168908785,0.2202063716511951
ion,0.6351206374774304,0.499684405328548,0.28092547709677496,1.0,0.5569552200420086,0.23535229396582324,0.3861310900841422,0.32278691835133855,0.5150418404749174,0.3360755490478933,0.3449117596306061,0.3836897357962759,0.34391053010661493,0.5260081981021103,0.4915315188177793,0.3159461322076491,0.3104987851006207,0.3495800203369604,0.2832620495654785,0.40287422258608974,0.45499458948022475,0.27194800582580453,0.31473561062830946,0.32482344907988964,0.2898568432608614,0.34679593398377473,0.2512785172127448,0.4168571102041008,0.3947319674661981,0.35318123404870355,0.290915026971628,0.1373006099656712,0.27194800582580453,0.2891031187209916,0.37280996375158887,0.21789388428113732,0.19445140241296452,0.26765747821882424,0.2953211014487591,0.31407042549624037,0.28495855737451364,0.3260946909479793,0.32324058162183467,0.20881497243608996,0.23504644290227897,0.3375597540245163,0.26205565553144483,0.20382106541334596,0.28657227132679747,0.3229530316911155,0.28367367503942925,0.33288963955828216,0.503298091776992,0.16119690262132358,0.3330669254203241,0.3004557478993592,0.326840826421706,0.2575209202374587,0.11531766834911382,0.26765747821882424,0.26948999128745776,0.24411146462339267,0.3019393509920575,0.14676794153523576,0.2972905111596483,0.10007415648034323,0.20861751142508353,0.2056656375394941,0.30395579453281457,0.2185414158254073,0.21837971294287067,0.21685522859504783,0.1853013310745706,0.2907494260745501
state,0.4718783779618764,0.42811038540510826,0.31268930812114,0.5569552200420086,1.0,0.20179240569405324,0.4049463588828748,0.3190090664108104,0.43965730459578134,0.417519739205968,0.2987164843037439,0.42916646554812143,0.3521954042481506,0.2518585075227532,0.3693942229857064,0.3328854470355479,0.3091079151044373,0.3245401174085669,0.380440510897769,0.3663616169313232,0.3554559941888647,0.1978410244190802,0.2377753193111056,0.3611494821092583,0.21641882866808218,0.2544675116879594,0.3009579017577152,0.28664470104762596,0.32872931383314313,0.32872931383314313,0.28313926701001435,0.2663616352837935,0.21432777645400355,0.18605345461124456,0.30203786239778074,0.2122993922420586,0.2926811857209092,0.19471968372571596,0.2974774883003342,0.2554876683250579,0.2971388087808421,0.246915468455987,0.2610233336498864,0.2377753193111056,0.2404621313650513,0.2685957901173933,0.2541925085408374,0.23830547675703506,0.19545010850476865,0.22112655537178943,0.20895104168480585,0.31865237538561936,0.6423091304460128,0.2149951193552455,0.3298037283443946,0.18608862207297272,0.21548388312568945,0.19036708034044142,0.21735943730061708,0.11233827907252845,0.309557098792305,0.29682909759400977,0.3815140442269594,0.18303952614788807,0.19907369070266662,0.15774097238779428,0.17591332347662805,0.3126007707745667,0.29022860392547367,0.2293095519250605,0.2621360244327386,0.22787737832980054,0.1909750744232984,0.23569257565959412
code,0.23923718823467274,0.3743266167165848,0.06366070140792303,0.23535229396582324,0.20179240569405324,1.0,0.05681909897271361,0.06900655593423542,0.1294207214671282,0.2782706909370396,0.2326210525996177,0.04075695729696112,0.029974532466509034,0.0456118825309441,0.30210898905832195,0.13887301496588272,0.09258200997725516,0.08867748269482187,0.2005943549507195,0.17661348162016485,0.043937477516374675,0.12838814775327387,0.22288261661191056,0.03472096642294073,0.47534939727158726,0.03387398604503847,0.052081449634411095,0.06470154480826261,0.1912592130593624,0.11769797726729993,0.0890870806374748,0.021606790785072147,0.021398024625545645,0.1679842102263232,0.11200358417204118,0.06613000712661082,0.07597371763975863,0.19440394783993478,0.14478512671975205,0.14557847581859087,0.17937400083354382,0.1885115452718528,0.03662487710657558,0.0,0.12483755678647185,0.19920476822239894,0.020619652471058063,0.10309826235529032,0.02536731447159205,0.07174960033341753,0.14062009564580386,0.1158013889632752,0.15303681677778422,0.0507346289431841,0.13977131156292244,0.20701966780270628,0.07715167498104596,0.047062080533501166,0.029695693545824933,0.05832118435198043,0.06026575527677309,0.07902607796935995,0.022507456830317185,0.059391387091649865,0.13397282541141672,0.0629940788348712,0.08058229640253803,0.0832250378576479,0.07174960033341753,0.047619047619047616,0.10309826235529032,0.546018906231948,0.11664236870396086,0.023531040266750583
entanglement,0.33113136236168356,0.2303023195430481,0.26586006150673236,0.3861310900841422,0.4049463588828748,0.05681909897271361,1.0,0.45286283327594007,0.37202372975204206,0.26213122777949854,0.22205095266134756,0.22694581186730423,0.29506656683116206,0.19048451598752622,0.1488925795519706,0.25776089301153055,0.1657034312216982,0.19398512463669504,0.1380861926847485,0.2917874724008197,0.24465581259419864,0.05106429211881652,0.16365770984859082,0.1864309256094602,0.051562492132188685,0.23240624090747328,0.16571637831952019,0.16405415021236064,0.20187869551827464,0.15799202257951928,0.22588495146741192,0.21914059156180193,0.16595894938615371,0.06263716900023573,0.17182645382798642,0.11835959372978443,0.22662980454966827,0.1391778001278442,0.13436715393281906,0.14475366195208292,0.12841755074180852,0.21368557015859668,0.19665379287369814,0.24548656477288622,0.1861953842322604,0.1188456721353821,0.08611187047839651,0.12301695782628072,0.09080492095290035,0.17122340098907804,0.13183346767884782,0.22700070503353034,0.41326099353611906,0.1816098419058007,0.2710098294963041,0.09606181311913879,0.20712928902712277,0.09827041917978468,0.21259760138109357,0.0695889000639221,0.1438183283769249,0.2003747530959027,0.12085164793162481,0.035432933563515595,0.13701987408069663,0.05637345210021216,0.0480754414848157,0.2358474866941965,0.20332778867453016,0.14204774743178403,0.14762034939153687,0.13573132244947578,0.03479445003196105,0.2105794696709672
photon,0.23574758339572238,0.194943257290983,0.10378476090324956,0.32278691835133855,0.3190090664108104,0.06900655593423542,0.45286283327594007,1.0,0.28984759427495127,0.15917863499175333,0.13483997249264842,0.10828114425674669,0.10859306069076735,0.1762610596956927,0.08565603610802411,0.22360679774997896,0.12298373876248843,0.09637941079757685,0.10062305898749054,0.23624976928744731,0.16979054399120355,0.062017367294604234,0.18633899812498247,0.21384070730631674,0.06262242910851495,0.1104481560766086,0.03773659540699707,0.19924307314886056,0.24518082380895198,0.17056057308448833,0.24206145913796354,0.2035228946026736,0.10853039276555741,0.09128709291752769,0.05796736197002104,0.11180339887498948,0.08257228238447704,0.15494494670022804,0.1631883414420549,0.11720180773462385,0.11697193010475819,0.21854334588326124,0.18576071235199632,0.2795084971874737,0.13568010505999362,0.07216878364870322,0.05976143046671968,0.10458250331675945,0.09190182776172597,0.10397504898200728,0.16011119017838504,0.10787924283421144,0.37350975460453656,0.018380365552345193,0.25318484177091666,0.13333333333333333,0.1956559480312316,0.051149575460285514,0.3227486121839514,0.10564428184106457,0.10188893920442685,0.17177950029416048,0.06523280730534423,0.02151657414559676,0.11094003924504582,0.04564354645876384,0.05838742081211422,0.12060453783110543,0.18195633571851275,0.0,0.17928429140015903,0.09890707100936805,0.1267731382092775,0.051149575460285514
fidelity,0.5721823708172603,0.4393136977073641,0.22807088492445207,0.5150418404749174,0.43965730459578134,0.1294207214671282,0.37202372975204206,0.28984759427495127,1.0,0.25330416540102896,0.22990024493585143,0.2618216337022721,0.21477357282094306,0.3456010043218977,0.31155696942480493,0.24399771253216748,0.2973722121485791,0.32865106302723424,0.17537335588249536,0.28196175937167767,0.39081214090444466,0.12688648033134406,0.18638714151762795,0.23162530012613525,0.21354071087949103,0.27619172991372765,0.12010200747281086,0.3277169747479529,0.3344238679688255,0.24718285893347972,0.26413527189768715,0.16015553315961828,0.28549458074552414,0.1763956284699956,0.2451071589730601,0.20696234545139205,0.14078457295842708,0.19213013923474498,0.286183350337002,0.2477860052972327,0.23045878326865607,0.2887753168413113,0.2352772580229767,0.1652067845269884,0.12337741817289975,0.2067185481265164,0.12227087189088336,0.18340630783632506,0.20056488422556007,0.27477778005108994,0.17868260517960938,0.23706866175772134,0.48558199503172733,0.07521183158458503,0.20720475471299118,0.21596487416564994,0.28593481937363374,0.16279069767441862,0.08804509063256238,0.14409760442605873,0.2779507191682813,0.19525441139613994,0.17795362132005163,0.1467418177209373,0.1796936371161644,0.10895024111382082,0.07963978098028483,0.21591048180257455,0.22159498391216928,0.11765520133375292,0.13246011121512363,0.23608921896697613,0.08645856265563524,0.22093023255813954
measurement,0.28254854420732706,0.3813640544024386,0.15663707566008656,0.3360755490478933,0.417519739205968,0.2782706909370396,0.26213122777949854,0.15917863499175333,0.25330416540102896,1.0,0.25756371316446414,0.19220801404949509,0.15672363621101892,0.13093264279461478,0.2827919299121698,0.1993231791080248,0.13288211940534986,0.19091698020350958,0.2657642388106997,0.2674198456340801,0.13513513513513514,0.17111189111011332,0.3058397986313608,0.12814634125059973,0.18607218532674333,0.10418362501707071,0.18154065010501627,0.08954891411406404,0.1990970608513336,0.2533962592653337,0.28769822778437526,0.14619957418529833,0.06581226581158205,0.18082966026816333,0.15747695876199802,0.0949157995752499,0.2687165276058996,0.2272070677224888,0.1880174671653238,0.22884722495816368,0.2096410140219837,0.16234134692639796,0.09011546400696842,0.1740122992212915,0.16637976944997754,0.22056438662814232,0.1522038868295523,0.07610194341477615,0.04681218398834803,0.1655060637015661,0.18535476872363893,0.22387292065330996,0.35177407295649143,0.20285279728284147,0.18270066606209562,0.09904448399486873,0.11864474946906238,0.13027071363481488,0.10959932487023819,0.12556180058348068,0.12356984581575929,0.1215272283395109,0.1246040306825372,0.12786587901527788,0.1765928401295794,0.07749842582921286,0.11565903932254226,0.2431704322730441,0.1986072764418793,0.0732291291939578,0.2029385157727364,0.321875136665763,0.1973114009168982,0.043423571211604964
noise,0.3365809164030446,0.34286274066187084,0.16585877695229945,0.3449117596306061,0.2987164843037439,0.2326210525996177,0.22205095266134756,0.13483997249264842,0.22990024493585143,0.25756371316446414,1.0,0.22122161383412453,0.1561886433753127,0.1287381140548331,0.1625535507407927,0.2412090756622109,0.1909571848992503,0.21178336016123284,0.20100756305184242,0.22122161383412453,0.17170914210964275,0.16724840200141816,0.21217464988805587,0.18092094174740223,0.25332019855244947,0.11031723205358254,0.12438314745133902,0.2528558164964056,0.1820705319490885,0.16290521279655287,0.18858412728533933,0.05629337745609988,0.1254363015010636,0.12309149097933274,0.12506107989614448,0.07178841537565801,0.1484539238050411,0.20259658037268968,0.146695409807784,0.16857054433093707,0.18693323659540842,0.15962038488148073,0.1550588578423112,0.1340050420345616,0.25748661559088487,0.09082487681884435,0.040291148201269014,0.09401267913629437,0.04956815970966097,0.21029989116983447,0.1046758229305146,0.19395245515057077,0.3305140455527635,0.11565903932254226,0.20483662259967567,0.10487553416094877,0.22613350843332272,0.1685935129529577,0.019341961772855316,0.037986858819879316,0.13084477866314326,0.15441828729643658,0.117279865902278,0.1353937324099872,0.14959151840135315,0.12309149097933272,0.15745916432444337,0.09486348995453653,0.16356658202098237,0.04652421051992354,0.12087344460380704,0.2074586380880473,0.15194743527951726,0.09196009797434057
field,0.305778184557795,0.24696320053450926,0.31784051987522066,0.3836897357962759,0.42916646554812143,0.04075695729696112,0.22694581186730423,0.10828114425674669,0.2618216337022721,0.19220801404949509,0.22122161383412453,1.0,0.2907576360566642,0.2689355573565666,0.15739281264465077,0.24652625377117468,0.2993533081507121,0.2782952769054045,0.1408721450120998,0.20155038759689922,0.36770228774686015,0.09767725810110087,0.11739345417674985,0.3764221715851983,0.0616438934546091,0.270597718132236,0.18821108579259915,0.2676593670279742,0.16789540016977156,0.23505356023768018,0.12708214194383724,0.22191801643659276,0.1343062298890137,0.10783277320343843,0.14607760951060714,0.11320083081329449,0.10837601479372586,0.09983374884595826,0.1468693638708063,0.1199852334952988,0.10235033889020939,0.12907703761056816,0.16718447785078477,0.08804509063256238,0.24931194957915642,0.11366572324507891,0.17648280200062938,0.17648280200062938,0.1881688085836215,0.17399557611335595,0.11462494466661233,0.21710676418562963,0.46418754836173004,0.1592197611092182,0.2193211550033457,0.19687480773953944,0.27514090822675746,0.1879745062477851,0.11860999914758141,0.04991687442297913,0.18339991146657972,0.14654924307403033,0.24401123153445128,0.15249857033260467,0.12012714393341946,0.08986064433619868,0.030653365991446857,0.09497598079205959,0.1842306100023769,0.16302782918784448,0.1294207214671282,0.025963080785400414,0.04991687442297913,0.1879745062477851
interaction,0.3373249156136544,0.147265982401778,0.3506317061191267,0.34391053010661493,0.3521954042481506,0.029974532466509034,0.29506656683116206,0.10859306069076735,0.21477357282094306,0.15672363621101892,0.1561886433753127,0.2907576360566642,1.0,0.16269618760010324,0.14882641804174754,0.24282146558931603,0.2331086069657434,0.26979370753454945,0.24282146558931603,0.22234407463156677,0.21203786075608444,0.0808158687660548,0.14029684678493815,0.18577293525337174,0.0680036124478424,0.29851492697626136,0.2513398535780912,0.14254579382840893,0.14817355731532722,0.16669525197974314,0.07009651926150554,0.23121228232266414,0.14816242607110047,0.06608763214317867,0.22157883462859487,0.09712858623572641,0.21520264493646468,0.12237051636905873,0.2430325229656146,0.09163658174683431,0.20323743847971518,0.05933072705766086,0.19595972187246213,0.08094048852977201,0.1833554225478525,0.0626962328219399,0.22064900595174514,0.311504478990699,0.19161409458665385,0.12420065684871484,0.08851545406995383,0.26033193698599,0.4208158872975271,0.20758193580220832,0.19795764159656265,0.08687444855261388,0.14569287935358963,0.11849576431500307,0.13084683595481034,0.11013346473215285,0.1643858432727714,0.17410457587481892,0.15584426446024427,0.09346202568200739,0.12047318414773371,0.23791547571544325,0.10144749970923667,0.15716179075530215,0.16936453206642932,0.2697707921985813,0.16873159278662864,0.01432082875315512,0.055066732366076426,0.29623941078750765
trap,0.3544236609502449,0.2763811932812246,0.11179185072654418,0.5260081981021103,0.2518585075227532,0.0456118825309441,0.19048451598752622,0.1762610596956927,0.3456010043218977,0.13093264279461478,0.1287381140548331,0.2689355573565666,0.16269618760010324,1.0,0.25163039489554745,0.11823951337971518,0.17735927006957278,0.24538131337817332,0.08867963503478639,0.2862862384763451,0.3740932651274708,0.05465623439441968,0.0985329278164293,0.21063058936525558,0.13797369644231547,0.19467709031498293,0.13302984591489828,0.28921360761377884,0.31002661958994576,0.19728966701178366,0.199108043396001,0.06898684822115773,0.15030464458465412,0.13408633111818827,0.16347821837759527,0.225218120723267,0.048514259981933004,0.21103769477175996,0.15409151781728103,0.22723926312511197,0.11454220197175097,0.3250182521375937,0.14032448575281267,0.09853292781642932,0.10628941821109952,0.1399260091115657,0.13167016328743084,0.09216911430120157,0.25917941678804557,0.18326752315480155,0.1924184185225959,0.22184061271314914,0.38575327238246343,0.016198713549252848,0.21197648541978326,0.4847179141631549,0.2463323195410733,0.21036582871767687,0.05688801239885743,0.18620973068096466,0.23090210222711507,0.1135426378344198,0.1437250467820612,0.09481335399809572,0.14665806660010133,0.040225899335456484,0.06860952443494396,0.03985853182916232,0.17181330295762645,0.10642772590553623,0.158004195944917,0.05811155049169446,0.0558629192042894,0.18031356747229446
quantum computer,0.46457566258396366,0.3742948281201437,0.15804073293140256,0.4915315188177793,0.3693942229857064,0.30210898905832195,0.1488925795519706,0.08565603610802411,0.31155696942480493,0.2827919299121698,0.1625535507407927,0.15739281264465077,0.14882641804174754,0.25163039489554745,1.0,0.1276884796138123,0.1957890020745122,0.2119925289629932,0.3660403082262619,0.20236218768597958,0.14543584966911588,0.3659489276036614,0.21754333563834685,0.10535122656750227,0.30991936726926567,0.18687508632025024,0.13408337926773017,0.17847186267098028,0.34900574004966634,0.30030726469389896,0.12286829679574762,0.05959987832101263,0.16526725762745997,0.335939889314176,0.3177762847994256,0.08512565307587486,0.1257389226923863,0.26812060503657786,0.2041241452319315,0.4015616910097056,0.20780877949851576,0.1975953209981975,0.19194857105322077,0.14187608845979144,0.11478340719169698,0.23078316568852547,0.136504726557987,0.07962775715882577,0.111956569275048,0.1880174671653238,0.25489556962103005,0.16427570345801806,0.2932725127484663,0.181929425071953,0.16385589739043474,0.17765696377960558,0.10640706634484358,0.1947231058905031,0.04914731871829905,0.2252213082307254,0.17731865712767308,0.17438756835336233,0.12416852662165208,0.1310595165821308,0.25340490686398015,0.017376201171422898,0.22227711223719354,0.19513179222588486,0.13853918633234386,0.1182165609358651,0.25025866535630953,0.2635729489778726,0.17695959932414138,0.09087078274890145
scheme,0.3162885732024816,0.31082019786735043,0.2578553115646984,0.3159461322076491,0.3328854470355479,0.13887301496588272,0.25776089301153055,0.22360679774997896,0.24399771253216748,0.1993231791080248,0.2412090756622109,0.24652625377117468,0.24282146558931603,0.11823951337971518,0.1276884796138123,1.0,0.21,0.2011435198964418,0.1,0.2113082175181497,0.24678107889564976,0.08320502943378437,0.18888888888888888,0.14626142712038312,0.1260252075625209,0.24148137197731875,0.14626142712038312,0.17820842224272612,0.18115789195666254,0.13348476249438293,0.1010362971081845,0.140028008402801,0.12480754415067656,0.10886621079036346,0.16591227115686805,0.11428571428571428,0.135400640077266,0.13858697343671667,0.17723725194851356,0.17820842224272612,0.18599622199011084,0.12216944435630524,0.13054598240132387,0.1,0.2292279532375023,0.0903696114115064,0.16035674514745463,0.20044593143431827,0.1643989873053573,0.19762098586449275,0.07811334658849432,0.19298025627080306,0.4071566857580668,0.14795908857482157,0.20380986614602725,0.044721359549995794,0.2,0.15249857033260467,0.1539600717839002,0.13228756555322954,0.1041511287846591,0.14084056792618557,0.18962448894726291,0.019245008972987525,0.12403473458920847,0.08164965809277261,0.13926212476455826,0.12135597524338357,0.11624763874381927,0.13887301496588272,0.10690449676496974,0.16218615177038684,0.07559289460184544,0.1372487132993442
phase,0.3845076772265462,0.2653343152526162,0.21659846171434663,0.3104987851006207,0.3091079151044373,0.09258200997725516,0.1657034312216982,0.12298373876248843,0.2973722121485791,0.13288211940534986,0.1909571848992503,0.2993533081507121,0.2331086069657434,0.17735927006957278,0.1957890020745122,0.21,1.0,0.22030004560086483,0.18,0.2025037084548935,0.3037305586407997,0.11094003924504582,0.13333333333333333,0.32627549126854694,0.0980196058819607,0.20855209398041166,0.1687631851389036,0.26207120918047955,0.15255401427929477,0.1716232660642066,0.08660254037844385,0.16803361008336118,0.22188007849009164,0.14969103983674975,0.14517323726225953,0.11428571428571428,0.1723280873710658,0.08819171036881969,0.1668115312456598,0.11531133203941102,0.18599622199011084,0.13438638879193576,0.20175288189295507,0.06666666666666667,0.14832396974191325,0.16782927833565472,0.1469936830518334,0.20044593143431827,0.14795908857482157,0.1743714581157289,0.1041511287846591,0.20370138161918103,0.3862768557191916,0.13151918984428582,0.15851878478024342,0.07453559924999299,0.1875,0.21349799846564654,0.09622504486493763,0.056694670951384085,0.15622669317698865,0.20485900789263356,0.14586499149789456,0.019245008972987525,0.08682431421244592,0.18371173070873836,0.08703882797784893,0.12135597524338357,0.13949716649258312,0.12344267996967354,0.08017837257372731,0.08846517369293828,0.056694670951384085,0.15249857033260467
control,0.4039326788379082,0.2904504931658415,0.2173429237764907,0.3495800203369604,0.3245401174085669,0.08867748269482187,0.19398512463669504,0.09637941079757685,0.32865106302723424,0.19091698020350958,0.21178336016123284,0.2782952769054045,0.26979370753454945,0.24538131337817332,0.2119925289629932,0.2011435198964418,0.22030004560086483,1.0,0.14367394278317272,0.26986208669614986,0.3363775365490407,0.07969596425427825,0.1596377142035252,0.24785691587898434,0.14753475782690814,0.25232422415033706,0.12931665176294835,0.25101869275275407,0.21004785188952263,0.20091533658997818,0.19355044226326587,0.14753475782690814,0.212522571344742,0.10427491826743668,0.11918635076609048,0.23261495498227963,0.1768503983206007,0.1810121535639991,0.2097066159629206,0.17069271107187278,0.1781520703739565,0.1521222365719316,0.12504037337400584,0.04789131426105757,0.15498392394234678,0.17311677839032427,0.16639339764096983,0.17919288976719827,0.12597253704384767,0.1336140527804674,0.07481901658904981,0.22591746464819779,0.4049848133542435,0.09447940278288576,0.18436919992750997,0.19989803720978902,0.19156525704423027,0.24831413650946588,0.0553001263609331,0.19911336892039905,0.13716819707992467,0.17169192470840527,0.11177065836019455,0.1659003790827993,0.0950429832559784,0.09775773587572188,0.06669446181762068,0.14206859694715124,0.22269008796744563,0.11823664359309582,0.12799492126228448,0.1271014030346265,0.07240486142559965,0.21910070868482281
circuit,0.32869204666140245,0.22742941307367104,0.0928279121632914,0.2832620495654785,0.380440510897769,0.2005943549507195,0.1380861926847485,0.10062305898749054,0.17537335588249536,0.2657642388106997,0.20100756305184242,0.1408721450120998,0.24282146558931603,0.08867963503478639,0.3660403082262619,0.1,0.18,0.14367394278317272,1.0,0.2113082175181497,0.028474739872574973,0.2912176030182453,0.18888888888888888,0.12375966910186263,0.2940588176458821,0.15366996398556648,0.15751230612964334,0.08386278693775347,0.19069251784911845,0.32417728034350135,0.1010362971081845,0.2520504151250418,0.027735009811261455,0.23134069792952236,0.22812937284069357,0.11428571428571428,0.1846372364689991,0.22677868380553634,0.20851441405707477,0.22013981571160285,0.23249527748763854,0.10995249992067471,0.1424137989832624,0.15,0.06741998624632421,0.24528894525980308,0.18708286933869706,0.1469936830518334,0.08219949365267865,0.09299811099505542,0.1822644753731534,0.19298025627080306,0.3131974505831283,0.13151918984428582,0.18116432546313532,0.1192569587999888,0.0625,0.12199885626608374,0.09622504486493763,0.09449111825230681,0.11717001988274148,0.12803687993289598,0.11669199319831564,0.13471506281091267,0.17364862842489184,0.22453655975512465,0.2088931871468374,0.12135597524338357,0.15112193036696506,0.07715167498104596,0.16035674514745463,0.2359071298478354,0.11338934190276817,0.06099942813304187
information,0.34400045762751935,0.3203846925853093,0.21794778505729417,0.40287422258608974,0.3663616169313232,0.17661348162016485,0.2917874724008197,0.23624976928744731,0.28196175937167767,0.2674198456340801,0.22122161383412453,0.20155038759689922,0.22234407463156677,0.2862862384763451,0.20236218768597958,0.2113082175181497,0.2025037084548935,0.26986208669614986,0.2113082175181497,1.0,0.2423492351058851,0.07325794357582564,0.18587296911318726,0.1485876993099467,0.16027412298198365,0.16429147172314326,0.17830523917193605,0.16613340022425988,0.20147448020372588,0.21826402022070301,0.19062321291575585,0.17260290167290548,0.10988691536373847,0.16773986942757088,0.15520746010502007,0.1635123111747587,0.2275896310668243,0.16638958140993043,0.27538005725776177,0.1753630335700521,0.20470067778041878,0.20437197621673292,0.14628641811943668,0.10271927240465611,0.23743995198014897,0.21596487416564994,0.1411862416005035,0.21177936240075526,0.14474523737201656,0.11258537277923032,0.12608743913327355,0.24542503777505956,0.42282430147801153,0.1592197611092182,0.2791360154588036,0.20999979492217538,0.19810145392326536,0.10741400357016292,0.10166571355506979,0.1830285395509235,0.24071238379988588,0.21418735526204433,0.16695505315515088,0.11860999914758141,0.17473039117588285,0.10783277320343841,0.061306731982893714,0.16620796638610427,0.6345721011192982,0.10868521945856298,0.17648280200062938,0.20770464628320331,0.09983374884595826,0.16112100535524437
laser,0.4414821003239485,0.3525818616173489,0.18600652734635278,0.45499458948022475,0.3554559941888647,0.043937477516374675,0.24465581259419864,0.16979054399120355,0.39081214090444466,0.13513513513513514,0.17170914210964275,0.36770228774686015,0.21203786075608444,0.3740932651274708,0.14543584966911588,0.24678107889564976,0.3037305586407997,0.3363775365490407,0.028474739872574973,0.2423492351058851,1.0,0.05264981264926564,0.08436959962244436,0.3203658531264993,0.07974522228289,0.291714150047798,0.06407317062529987,0.38804529449427755,0.16289759524200023,0.10859839682800015,0.20549873413169661,0.09303609266337166,0.3553862353825431,0.051665617219475234,0.15747695876199802,0.16271279927185697,0.03504998186163908,0.08370786705565378,0.14843484249893985,0.13929831084409963,0.11033737580104405,0.23191620989485423,0.20275979401567892,0.06327719971683327,0.20477510086151082,0.07352146220938077,0.12683657235796025,0.1014692578863682,0.23406091994174016,0.18757353886177489,0.03707095374472778,0.20352083695755452,0.42609253907406003,0.031208122658898687,0.20419486206940096,0.19808896798973746,0.3203408235664684,0.23159237979522648,0.05479966243511909,0.1973114009168982,0.16064079956048707,0.1215272283395109,0.27689784596119377,0.03653310829007939,0.12950141609502488,0.03874921291460643,0.06609087961288129,0.11518599423459984,0.2206747516020881,0.0732291291939578,0.08878560065057217,0.055978284637524,0.03587480016670876,0.26054142726962976
algorithm,0.2408073206538235,0.23128442344214903,0.05721295676906231,0.27194800582580453,0.1978410244190802,0.12838814775327387,0.05106429211881652,0.062017367294604234,0.12688648033134406,0.17111189111011332,0.16724840200141816,0.09767725810110087,0.0808158687660548,0.05465623439441968,0.3659489276036614,0.08320502943378437,0.11094003924504582,0.07969596425427825,0.2912176030182453,0.07325794357582564,0.05264981264926564,1.0,0.107858371488239,0.015602161985357414,0.1165103456070926,0.045664692416098725,0.04680648595607224,0.05814838046295803,0.15866576560438353,0.25122079554027393,0.08006407690254357,0.07767356373806174,0.019230769230769232,0.4151682458530185,0.17255919256291524,0.03962144258751637,0.10241831129983783,0.17471413945365305,0.11566298639324804,0.23259352185183213,0.09672388203287414,0.10165112213575457,0.24686550700373744,0.046225016352102424,0.056096819400507425,0.25064020591380154,0.1297186304156927,0.01853123291652753,0.0,0.0644825880219161,0.1263776753179708,0.11894020669001051,0.19544702320766566,0.1139901881468883,0.09421114395319916,0.062017367294604234,0.05200314339611523,0.14803422705323474,0.05337605126836238,0.052414241836095915,0.018053953616852973,0.0710220824228435,0.10113917425784187,0.05337605126836238,0.22360679774997896,0.0,0.38624363966821407,0.130892578601184,0.0644825880219161,0.10699012312772822,0.11118739749916517,0.14312564351916787,0.07862136275414387,0.06344324016567203
protocol,0.32386847364959986,0.3116625290268825,0.1146023606954215,0.31473561062830946,0.2377753193111056,0.22288261661191056,0.16365770984859082,0.18633899812498247,0.18638714151762795,0.3058397986313608,0.21217464988805587,0.11739345417674985,0.14029684678493815,0.0985329278164293,0.21754333563834685,0.18888888888888888,0.13333333333333333,0.1596377142035252,0.18888888888888888,0.18587296911318726,0.08436959962244436,0.107858371488239,1.0,0.07500586006173493,0.2333800140046683,0.15854837554066384,0.13751074344651404,0.08153326507837141,0.21188057538790941,0.13772237400214113,0.14433756729740643,0.12446934080248975,0.12326671027227314,0.18144368465060579,0.17282528245507087,0.12698412698412698,0.1367683233103697,0.18198289441185014,0.2548509505142025,0.15141892085983263,0.21957887318276975,0.1493182097688175,0.11867816581938534,0.1111111111111111,0.13483997249264842,0.1721325931647741,0.1781741612749496,0.11878277418329973,0.07306621658015879,0.1679132559632945,0.15911978008767363,0.20251014546936125,0.3073974977945519,0.14613243316031757,0.08806599154457967,0.06625386599999376,0.125,0.15249857033260467,0.06415002990995841,0.0839921051131616,0.08679260732054925,0.11381055994035197,0.04862166383263152,0.0,0.19294292047210204,0.11340230290662862,0.058025885318565944,0.16480441082434807,0.11624763874381927,0.051434449987363975,0.059391387091649865,0.1965892748731962,0.06299407883487121,0.10166571355506979
transition,0.2860774573208225,0.19617319540565217,0.2320879129847619,0.32482344907988964,0.3611494821092583,0.03472096642294073,0.1864309256094602,0.21384070730631674,0.23162530012613525,0.12814634125059973,0.18092094174740223,0.3764221715851983,0.18577293525337174,0.21063058936525558,0.10535122656750227,0.14626142712038312,0.32627549126854694,0.24785691587898434,0.12375966910186263,0.1485876993099467,0.3203658531264993,0.015602161985357414,0.07500586006173493,1.0,0.0315087636089518,0.18524166130274858,0.1518987341772152,0.36561790182121323,0.10727292231458152,0.1823639679347886,0.12991396049232617,0.1417894362402831,0.2184302677950038,0.09186304243492506,0.06999970833515624,0.048218052896829594,0.08309324832467525,0.07087387592709371,0.09383881776971763,0.08255888105640298,0.03923664355856711,0.17868677282057435,0.1602280421609794,0.09375732507716866,0.10619477512887363,0.058099289377412676,0.06013847793242637,0.12027695586485274,0.07398532461669939,0.19618321779283554,0.07323698428963005,0.13268429255148464,0.38173921743961675,0.036992662308349696,0.20382579065799794,0.11740274126621311,0.1968903826620542,0.12010200747281086,0.12991396049232617,0.08504865111251246,0.1611213654371861,0.14405274448481928,0.19693312452355022,0.12991396049232617,0.04186499375426671,0.06889728182619381,0.019585266453731865,0.10619477512887363,0.13078881186189037,0.12152338248029255,0.10524233638174614,0.06635406438349603,0.04252432555625623,0.12010200747281086
fault,0.3647350740032343,0.3609268613358065,0.0722139314689769,0.2898568432608614,0.21641882866808218,0.47534939727158726,0.051562492132188685,0.06262242910851495,0.21354071087949103,0.18607218532674333,0.25332019855244947,0.0616438934546091,0.0680036124478424,0.13797369644231547,0.30991936726926567,0.1260252075625209,0.0980196058819607,0.14753475782690814,0.2940588176458821,0.16027412298198365,0.07974522228289,0.1165103456070926,0.2333800140046683,0.0315087636089518,1.0,0.09222042432098154,0.0315087636089518,0.08807354275501537,0.3070763751548678,0.1602137609503658,0.18190171877724975,0.058823529411764705,0.0582551728035463,0.13338778844417354,0.1016415964361075,0.06001200360120042,0.051708768999501914,0.17641870800832105,0.16058821968029055,0.234862780680041,0.3092805813616807,0.27371430369424377,0.04985480160175769,0.02333800140046683,0.05664411840370207,0.16269784336399212,0.05613608914238398,0.03742405942825599,0.046040925551613085,0.13022340267860238,0.1276106574454202,0.12010062642961199,0.16080685588729718,0.046040925551613085,0.19026059766179765,0.16699314428937317,0.12252450735245085,0.12812442652769462,0.026948402781814772,0.18523964340873708,0.054690281762322934,0.03585749859822395,0.02042518425514167,0.026948402781814772,0.22578837914485933,0.14291548761875736,0.07312724241271307,0.0755254912049361,0.06511170133930119,0.021606790785072147,0.05613608914238398,0.39227406603228365,0.07938841860374447,0.04270814217589821
mode,0.3744009735180581,0.18306655565675478,0.21510506068315718,0.34679593398377473,0.2544675116879594,0.03387398604503847,0.23240624090747328,0.1104481560766086,0.27619172991372765,0.10418362501707071,0.11031723205358254,0.270597718132236,0.29851492697626136,0.19467709031498293,0.18687508632025024,0.24148137197731875,0.20855209398041166,0.25232422415033706,0.15366996398556648,0.16429147172314326,0.291714150047798,0.045664692416098725,0.15854837554066384,0.18524166130274858,0.09222042432098154,1.0,0.12349444086849906,0.2646476815307479,0.12558733864367586,0.18838100796551377,0.015843106263111948,0.10759049504114514,0.27398815449659236,0.05974809532642945,0.1934944002091387,0.1254448685596461,0.06755523209187052,0.11063197515266965,0.13732458213695217,0.11506420936119474,0.16587786854943434,0.12068854787809345,0.18237269467338033,0.05488212999484517,0.08880365878611453,0.09919353522139875,0.10267506354855008,0.366696655530536,0.2165415982155245,0.15311803250717018,0.014290089472673803,0.11767963901214167,0.349508511671466,0.03609026636925408,0.16156861598306377,0.032725379578254395,0.1646463899845355,0.10043335633226459,0.25348970020979117,0.1452044673878789,0.10003062630871662,0.11243098701778528,0.14409686565151983,0.04224828336829853,0.05445832342080846,0.1568387502318773,0.09553752543358543,0.044401829393057264,0.19139754063396272,0.1524329372026731,0.04400359866366432,0.04855157162632396,0.08297398136450224,0.334777854440882
dynamic,0.11861748230375568,0.16205611794379962,0.243692308634,0.2512785172127448,0.3009579017577152,0.052081449634411095,0.16571637831952019,0.03773659540699707,0.12010200747281086,0.18154065010501627,0.12438314745133902,0.18821108579259915,0.2513398535780912,0.13302984591489828,0.13408337926773017,0.14626142712038312,0.1687631851389036,0.12931665176294835,0.15751230612964334,0.17830523917193605,0.06407317062529987,0.04680648595607224,0.13751074344651404,0.1518987341772152,0.0315087636089518,0.12349444086849906,1.0,0.09435300692160341,0.10727292231458152,0.16090938347187228,0.016239245061540772,0.157543818044759,0.015602161985357414,0.10717354950741256,0.3149986875082031,0.14465415869048878,0.3185241185779218,0.11339820148334993,0.14075822665457643,0.11794125865200426,0.13078881186189037,0.08247081822488048,0.13352336846748283,0.13126025510803613,0.16687750377394428,0.07262411172176585,0.24055391172970547,0.27062315069591864,0.07398532461669939,0.15694657423426844,0.08788438114755606,0.21711975144788398,0.3230101070642911,0.24045230500427303,0.15286934299349847,0.08385910090443793,0.0562543950463012,0.0857871481948649,0.10826163374360516,0.021262162778128115,0.07323698428963005,0.14405274448481928,0.08205546855147926,0.08660930699488413,0.20932496877133355,0.09186304243492507,0.019585266453731865,0.16687750377394428,0.15694657423426844,0.27776773138352584,0.12027695586485274,0.08294258047937003,0.08504865111251246,0.10294457783383788
frequency,0.3510640750410762,0.24635783198801808,0.17299572043614667,0.4168571102041008,0.28664470104762596,0.06470154480826261,0.16405415021236064,0.19924307314886056,0.3277169747479529,0.08954891411406404,0.2528558164964056,0.2676593670279742,0.14254579382840893,0.28921360761377884,0.17847186267098028,0.17820842224272612,0.26207120918047955,0.25101869275275407,0.08386278693775347,0.16613340022425988,0.38804529449427755,0.05814838046295803,0.08153326507837141,0.36561790182121323,0.08807354275501537,0.2646476815307479,0.09435300692160341,1.0,0.14992505620316599,0.09995003746877731,0.07565344158360031,0.07339461896251281,0.26166771208331113,0.07132674875181882,0.18479352545983005,0.10482848367219183,0.07742096611387637,0.07924288517503272,0.08743299939759484,0.10989010989010989,0.08530244589991119,0.19210256404418535,0.21149448685333286,0.12229989761755714,0.1413506985480439,0.09473309334313418,0.07004147683506572,0.15409124903714458,0.15510326900818067,0.24372127399974627,0.08188503677432238,0.16858189702949394,0.3283201383462558,0.03446739311292904,0.130564373044847,0.12501526158359877,0.2620712091804796,0.1758481327915845,0.04034850217792016,0.1386750490563073,0.20471259193580593,0.1879067676847756,0.12232644703665152,0.10087125544480041,0.07801423889801692,0.12838814775327387,0.054744890145135894,0.05654027941921756,0.13404670069986047,0.11322770341445958,0.09805806756909201,0.06182446677351863,0.05943216388127455,0.20782052057187259
quantum computing,0.42574492511213946,0.29635543064843123,0.16718166725034023,0.3947319674661981,0.32872931383314313,0.1912592130593624,0.20187869551827464,0.24518082380895198,0.3344238679688255,0.1990970608513336,0.1820705319490885,0.16789540016977156,0.14817355731532722,0.31002661958994576,0.34900574004966634,0.18115789195666254,0.15255401427929477,0.21004785188952263,0.19069251784911845,0.20147448020372588,0.16289759524200023,0.15866576560438353,0.21188057538790941,0.10727292231458152,0.3070763751548678,0.12558733864367586,0.10727292231458152,0.14992505620316599,1.0,0.22727272727272727,0.1789066118330336,0.12016032071277435,0.05288858853479451,0.22057470084576486,0.17796503660044974,0.19069251784911845,0.08215419219227854,0.3603749850782236,0.3379781783072063,0.2798601049125765,0.22167554926073632,0.19802279106251877,0.18104830603051023,0.17480147469502524,0.102851895445316,0.1723280873710658,0.08918825850158447,0.14015297764534704,0.1410734556949673,0.23275932672377314,0.22343446107871245,0.17377726288294684,0.36332349681669807,0.06269931364220768,0.19432508268938872,0.21320071635561044,0.13110110602126895,0.17448201807069155,0.03669879217087869,0.10811249552346708,0.1489563073858083,0.183117562589619,0.0973537687317082,0.05504818825631803,0.16556747087694312,0.11677484162422844,0.06639061303092922,0.1157083823759805,0.12192155209340498,0.029424494316824982,0.20385887657505022,0.15463842820677168,0.14414999403128942,0.07270084086278815
number,0.3193086938341046,0.2457581620011381,0.15734745152973198,0.35318123404870355,0.32872931383314313,0.11769797726729993,0.15799202257951928,0.17056057308448833,0.24718285893347972,0.2533962592653337,0.16290521279655287,0.23505356023768018,0.16669525197974314,0.19728966701178366,0.30030726469389896,0.13348476249438293,0.1716232660642066,0.20091533658997818,0.32417728034350135,0.21826402022070301,0.10859839682800015,0.25122079554027393,0.13772237400214113,0.1823639679347886,0.1602137609503658,0.18838100796551377,0.16090938347187228,0.09995003746877731,0.22727272727272727,1.0,0.1789066118330336,0.20026720118795727,0.10577717706958902,0.24652466565114894,0.19773892955605527,0.20431341198119835,0.14083575804390605,0.24024999005214906,0.2783349703706405,0.20989507868443236,0.17734043940858907,0.19802279106251877,0.16973278690360333,0.14301938838683884,0.1157083823759805,0.14770978917519928,0.24208241593287214,0.14015297764534704,0.15674828410551922,0.11083777463036816,0.1861953842322604,0.16355507094865587,0.36830053101966653,0.15674828410551922,0.18352924476220045,0.1421338109037403,0.07150969419341942,0.13086151355301867,0.14679516868351475,0.1801874925391118,0.1489563073858083,0.14649405007169522,0.12516913122648196,0.14679516868351475,0.14191497503737982,0.05838742081211422,0.09958591954639383,0.154277843167974,0.22167554926073632,0.11769797726729993,0.24208241593287214,0.126522350350995,0.16216874328520062,0.10178117720790342
detection,0.19693159036084404,0.24072846024282468,0.10421098348069739,0.290915026971628,0.28313926701001435,0.0890870806374748,0.22588495146741192,0.24206145913796354,0.26413527189768715,0.28769822778437526,0.18858412728533933,0.12708214194383724,0.07009651926150554,0.199108043396001,0.12286829679574762,0.1010362971081845,0.08660254037844385,0.19355044226326587,0.1010362971081845,0.19062321291575585,0.20549873413169661,0.08006407690254357,0.14433756729740643,0.12991396049232617,0.18190171877724975,0.015843106263111948,0.016239245061540772,0.07565344158360031,0.1789066118330336,0.1789066118330336,1.0,0.14147911460452758,0.12009611535381534,0.05892556509887896,0.05986843400892496,0.10309826235529032,0.05330017908890261,0.1272937693043289,0.10533762145004805,0.10591481821704044,0.16778901380350608,0.1587027635681846,0.08564858872844146,0.09622504486493763,0.11677484162422844,0.11180339887498948,0.11572751247156893,0.0,0.04745789978762495,0.13423121104280486,0.07516460280028289,0.10832228060328027,0.2410995098715649,0.023728949893812475,0.147087101353638,0.19364916731037085,0.07216878364870323,0.11005636329070298,0.05555555555555555,0.13638618139749525,0.05637345210021216,0.03696106354772864,0.04210759605332595,0.1111111111111111,0.03580574370197165,0.08838834764831845,0.050251890762960605,0.13623731522826651,0.16778901380350608,0.0222717701593687,0.09643959372630743,0.2553769592276246,0.13638618139749525,0.04402254531628119
atom,0.1736833685729687,0.10615495921641367,0.17331343552554454,0.1373006099656712,0.2663616352837935,0.021606790785072147,0.21914059156180193,0.2035228946026736,0.16015553315961828,0.14619957418529833,0.05629337745609988,0.22191801643659276,0.23121228232266414,0.06898684822115773,0.05959987832101263,0.140028008402801,0.16803361008336118,0.14753475782690814,0.2520504151250418,0.17260290167290548,0.09303609266337166,0.07767356373806174,0.12446934080248975,0.1417894362402831,0.058823529411764705,0.10759049504114514,0.157543818044759,0.07339461896251281,0.12016032071277435,0.20026720118795727,0.14147911460452758,1.0,0.0582551728035463,0.05716619504750294,0.13068205256070964,0.24004801440480167,0.24130758866434227,0.10585122480499264,0.2189839359276689,0.14678923792502563,0.0813896266741265,0.051321431942670706,0.11632787040410128,0.04667600280093366,0.11328823680740414,0.05423261445466404,0.14969623771302396,0.11227217828476796,0.0,0.1465013280134277,0.03646018784154863,0.12010062642961199,0.33623251685525773,0.1151023138790327,0.19026059766179765,0.06262242910851494,0.07001400420140048,0.021354071087949105,0.18863881947270342,0.026462806201248155,0.07292037568309725,0.1434299943928958,0.06127555276542501,0.10779361112725909,0.10421002114378122,0.0,0.024375747470904357,0.09440686400617013,0.162779253348253,0.10803395392536073,0.09356014857063996,0.0825840139015334,0.0,0.0
pulse,0.3268099351730462,0.23128442344214903,0.1859421094994525,0.27194800582580453,0.21432777645400355,0.021398024625545645,0.16595894938615371,0.10853039276555741,0.28549458074552414,0.06581226581158205,0.1254363015010636,0.1343062298890137,0.14816242607110047,0.15030464458465412,0.16526725762745997,0.12480754415067656,0.22188007849009164,0.212522571344742,0.027735009811261455,0.10988691536373847,0.3553862353825431,0.019230769230769232,0.12326671027227314,0.2184302677950038,0.0582551728035463,0.27398815449659236,0.015602161985357414,0.26166771208331113,0.05288858853479451,0.10577717706958902,0.12009611535381534,0.0582551728035463,1.0,0.01887128390240993,0.12941939442218642,0.03962144258751637,0.05120915564991892,0.03494282789073061,0.08674723979493604,0.05814838046295803,0.08060323502739512,0.10165112213575457,0.13166160373532665,0.023112508176051212,0.056096819400507425,0.017902871850985824,0.05559369874958259,0.09265616458263765,0.06839411288813298,0.2095684110712273,0.036107907233705945,0.07433762918125657,0.2750735882181961,0.04559607525875532,0.06280742930213278,0.020672455764868078,0.17334381132038412,0.23262521394079747,0.02668802563418119,0.07862136275414387,0.10832372170111783,0.0710220824228435,0.10113917425784187,0.08006407690254358,0.08600261451922267,0.05661385170722978,0.09656090991705352,0.07479575920067658,0.11284452903835318,0.06419407387663693,0.01853123291652753,0.0,0.052414241836095915,0.21147746721890678
hardware,0.21942686286812776,0.23727737655956627,0.0842151921066519,0.2891031187209916,0.18605345461124456,0.1679842102263232,0.06263716900023573,0.09128709291752769,0.1763956284699956,0.18082966026816333,0.12309149097933274,0.10783277320343843,0.06608763214317867,0.13408633111818827,0.335939889314176,0.10886621079036346,0.14969103983674975,0.10427491826743668,0.23134069792952236,0.16773986942757088,0.051665617219475234,0.4151682458530185,0.18144368465060579,0.09186304243492506,0.13338778844417354,0.05974809532642945,0.10717354950741256,0.07132674875181882,0.22057470084576486,0.24652466565114894,0.05892556509887896,0.05716619504750294,0.01887128390240993,1.0,0.21166687833365083,0.13608276348795434,0.1340050420345616,0.22288261661191056,0.17025130615174974,0.22824559600582023,0.14237369936287486,0.21612702282332044,0.17765058047422005,0.18144368465060579,0.03669879217087869,0.17568209223157663,0.14547859349066158,0.036369648372665396,0.08948747402853657,0.12655439943366653,0.3011799352898825,0.11671682920864226,0.20600041053154824,0.06711560552140243,0.12326671027227314,0.08114408259335794,0.10206207261596575,0.041504853757646024,0.05237828008789241,0.07715167498104596,0.08858233390878899,0.12196528714750723,0.05954913341754137,0.10475656017578482,0.21942686286812776,0.027777777777777776,0.21320071635561041,0.09174698042719671,0.1740122992212915,0.0419960525565808,0.20003306604965967,0.12038585308576921,0.1543033499620919,0.041504853757646024
simulation,0.3022523663586378,0.25155553633950833,0.23529748204358508,0.37280996375158887,0.30203786239778074,0.11200358417204118,0.17182645382798642,0.05796736197002104,0.2451071589730601,0.15747695876199802,0.12506107989614448,0.14607760951060714,0.22157883462859487,0.16347821837759527,0.3177762847994256,0.16591227115686805,0.14517323726225953,0.11918635076609048,0.22812937284069357,0.15520746010502007,0.15747695876199802,0.17255919256291524,0.17282528245507087,0.06999970833515624,0.1016415964361075,0.1934944002091387,0.3149986875082031,0.18479352545983005,0.17796503660044974,0.19773892955605527,0.05986843400892496,0.13068205256070964,0.12941939442218642,0.21166687833365083,1.0,0.1777631476680729,0.19145989526687088,0.14370799697276376,0.18378646877737448,0.23914456235978007,0.22903205340724592,0.19002571855431766,0.20920799279564709,0.1555427542095638,0.08389352279619343,0.227578809855708,0.3879917968315853,0.19399589841579265,0.1704738084982559,0.2049234162064832,0.14849957306434114,0.1667593364912675,0.3085320958090524,0.23866333189755828,0.05870582947302891,0.030915926384011222,0.14258085802543347,0.07906682547518068,0.03991228933928331,0.03919309008348103,0.05399984475066951,0.15932167156129495,0.13612945512202276,0.1796053020267749,0.2572360564754364,0.08466675133346034,0.1805101203579608,0.08389352279619343,0.132597504604195,0.22400716834408235,0.15242534875526564,0.10702313041643274,0.1371758152921836,0.14232028585532522
array,0.20377134968227104,0.16244958076690788,0.1915496600194902,0.21789388428113732,0.2122993922420586,0.06613000712661082,0.11835959372978443,0.11180339887498948,0.20696234545139205,0.0949157995752499,0.07178841537565801,0.11320083081329449,0.09712858623572641,0.225218120723267,0.08512565307587486,0.11428571428571428,0.11428571428571428,0.23261495498227963,0.11428571428571428,0.1635123111747587,0.16271279927185697,0.03962144258751637,0.12698412698412698,0.048218052896829594,0.06001200360120042,0.1254448685596461,0.14465415869048878,0.10482848367219183,0.19069251784911845,0.20431341198119835,0.10309826235529032,0.24004801440480167,0.03962144258751637,0.13608276348795434,0.1777631476680729,1.0,0.017584498711333246,0.19798139062388093,0.2978777343672496,0.2396079626792956,0.09964083320898795,0.19198055541705106,0.06781609475393448,0.09523809523809523,0.07705141285294195,0.16598500055174645,0.20999097578833345,0.038180177416060626,0.18788455692040834,0.09964083320898795,0.11159049512642046,0.1531589335482564,0.2833691219561637,0.07045670884515312,0.08087693101032827,0.12777531299998798,0.08928571428571429,0.04357102009502991,0.109971479845643,0.13498731178900972,0.2231809902528409,0.07316393139022627,0.12502713556962392,0.109971479845643,0.0708769911938334,0.0,0.04973647313019938,0.13483997249264842,0.1328544442786506,0.0881733428354811,0.05727026612409094,0.10531568296778367,0.05399492471560388,0.06535653014254486
quantum system,0.1526762041381148,0.13997312773896356,0.13965509693273204,0.19445140241296452,0.2926811857209092,0.07597371763975863,0.22662980454966827,0.08257228238447704,0.14078457295842708,0.2687165276058996,0.1484539238050411,0.10837601479372586,0.21520264493646468,0.048514259981933004,0.1257389226923863,0.135400640077266,0.1723280873710658,0.1768503983206007,0.1846372364689991,0.2275896310668243,0.03504998186163908,0.10241831129983783,0.1367683233103697,0.08309324832467525,0.051708768999501914,0.06755523209187052,0.3185241185779218,0.07742096611387637,0.08215419219227854,0.14083575804390605,0.05330017908890261,0.24130758866434227,0.05120915564991892,0.1340050420345616,0.19145989526687088,0.017584498711333246,1.0,0.09304842103984708,0.16683127576028725,0.16774542658006547,0.08585457105482137,0.04511405717380271,0.10225790664180437,0.10257624248277727,0.14937887931959076,0.12712834523274563,0.09869275424396534,0.148039131365948,0.0,0.08585457105482137,0.11217603013123663,0.19795189561622398,0.3148408528328257,0.2630695140178147,0.15331103516796663,0.0,0.07693218186208295,0.09385638197228473,0.11844484241978356,0.0,0.08012573580802616,0.1260820036102558,0.035909478570327065,0.023688968483956713,0.13740858372430334,0.10050378152592121,0.021427478217774167,0.19917183909278766,0.12878185658223207,0.17094086468945693,0.148039131365948,0.09074425108007847,0.11631052629980886,0.0
architecture,0.304724700110022,0.23877843960885534,0.10395749007806007,0.26765747821882424,0.19471968372571596,0.19440394783993478,0.1391778001278442,0.15494494670022804,0.19213013923474498,0.2272070677224888,0.20259658037268968,0.09983374884595826,0.12237051636905873,0.21103769477175996,0.26812060503657786,0.13858697343671667,0.08819171036881969,0.1810121535639991,0.22677868380553634,0.16638958140993043,0.08370786705565378,0.17471413945365305,0.18198289441185014,0.07087387592709371,0.17641870800832105,0.11063197515266965,0.11339820148334993,0.07924288517503272,0.3603749850782236,0.24024999005214906,0.1272937693043289,0.10585122480499264,0.03494282789073061,0.22288261661191056,0.14370799697276376,0.19798139062388093,0.09304842103984708,1.0,0.19702760155977517,0.2773500981126146,0.1464582583879156,0.18470283861584405,0.2242806520081283,0.1679842102263232,0.06795295885835008,0.16265001215808886,0.10101525445522108,0.08417937871268423,0.12427395320024001,0.16110408422670716,0.21322939356555323,0.08104408984731079,0.2893672450960759,0.10356162766686668,0.11412279800291011,0.1126872339638022,0.1259881576697424,0.076852055693898,0.07273929674533079,0.14285714285714285,0.09841356626102457,0.1290490449322206,0.0735090461893295,0.09698572899377439,0.12501526158359877,0.025717224993681984,0.15352206215727945,0.10192943828752511,0.1464582583879156,0.038880789567986955,0.20203050891044216,0.14860752335342742,0.19047619047619047,0.09606506961737249
platform,0.29742484506432626,0.23711155403200468,0.21506619680967012,0.2953211014487591,0.2974774883003342,0.14478512671975205,0.13436715393281906,0.1631883414420549,0.286183350337002,0.1880174671653238,0.146695409807784,0.1468693638708063,0.2430325229656146,0.15409151781728103,0.2041241452319315,0.17723725194851356,0.1668115312456598,0.2097066159629206,0.20851441405707477,0.27538005725776177,0.14843484249893985,0.11566298639324804,0.2548509505142025,0.09383881776971763,0.16058821968029055,0.13732458213695217,0.14075822665457643,0.08743299939759484,0.3379781783072063,0.2783349703706405,0.10533762145004805,0.2189839359276689,0.08674723979493604,0.17025130615174974,0.18378646877737448,0.2978777343672496,0.16683127576028725,0.19702760155977517,1.0,0.20765337356928773,0.18179481208639486,0.165581585686617,0.11135748693238871,0.13900960937138318,0.08434823356733,0.1076763804116331,0.23684324034452495,0.15325150845822202,0.1371182340382122,0.15755550380820887,0.1900238514292661,0.15648564190346356,0.36462618781651773,0.10283867552865913,0.21248647409244853,0.06216698721602092,0.09122505614997022,0.047697225056167004,0.040128617695256406,0.19702760155977517,0.2443163804090564,0.09344137248916343,0.07603738308405919,0.08025723539051281,0.11638363502517113,0.1276884796138123,0.054446550648047085,0.18275450606254834,0.2423930827818598,0.14478512671975205,0.19504737440137349,0.15371886547533642,0.03940552031195503,0.07949537509361167
scale,0.29255339586756346,0.2860929661796339,0.194620185490665,0.31407042549624037,0.2554876683250579,0.14557847581859087,0.14475366195208292,0.11720180773462385,0.2477860052972327,0.22884722495816368,0.16857054433093707,0.1199852334952988,0.09163658174683431,0.22723926312511197,0.4015616910097056,0.17820842224272612,0.11531133203941102,0.17069271107187278,0.22013981571160285,0.1753630335700521,0.13929831084409963,0.23259352185183213,0.15141892085983263,0.08255888105640298,0.234862780680041,0.11506420936119474,0.11794125865200426,0.10989010989010989,0.2798601049125765,0.20989507868443236,0.10591481821704044,0.14678923792502563,0.05814838046295803,0.22824559600582023,0.23914456235978007,0.2396079626792956,0.16774542658006547,0.2773500981126146,0.20765337356928773,1.0,0.194977019199797,0.23052307685302242,0.16173107818196042,0.08735706972682653,0.1554857684028483,0.23006608383332586,0.15409124903714458,0.1260746583031183,0.12063587589525164,0.20716308289978433,0.28659762871012834,0.16858189702949394,0.33379214065202667,0.13786957245171616,0.17804232687933683,0.12501526158359877,0.10482848367219183,0.11190335723100832,0.08069700435584032,0.15848577035006547,0.17741757967769847,0.13421911977483972,0.09174483527748864,0.10087125544480041,0.18203322409537281,0.021398024625545645,0.16423467043540768,0.11308055883843512,0.17060489179982238,0.06470154480826261,0.23814102123922345,0.23184175040069485,0.09905360646879091,0.07993096945072023
computation,0.34604988043708346,0.24675590100659828,0.1558703697561297,0.28495855737451364,0.2971388087808421,0.17937400083354382,0.12841755074180852,0.11697193010475819,0.23045878326865607,0.2096410140219837,0.18693323659540842,0.10235033889020939,0.20323743847971518,0.11454220197175097,0.20780877949851576,0.18599622199011084,0.18599622199011084,0.1781520703739565,0.23249527748763854,0.20470067778041878,0.11033737580104405,0.09672388203287414,0.21957887318276975,0.03923664355856711,0.3092805813616807,0.16587786854943434,0.13078881186189037,0.08530244589991119,0.22167554926073632,0.17734043940858907,0.16778901380350608,0.0813896266741265,0.08060323502739512,0.14237369936287486,0.22903205340724592,0.09964083320898795,0.08585457105482137,0.1464582583879156,0.18179481208639486,0.194977019199797,1.0,0.142019094330649,0.1103684523756079,0.09687303228651607,0.1410734556949673,0.15007505629691603,0.21747941810042,0.20194517395039002,0.05733298225836871,0.14864864864864866,0.1513415349215006,0.12463055064254434,0.2851996353785028,0.17199894677510613,0.10529962529853128,0.08664587415167273,0.05812381937190964,0.05318279613892063,0.06711560552140243,0.13181243254912403,0.12107322793720048,0.08930390978595032,0.06782584334807007,0.06711560552140243,0.18744368523675353,0.14237369936287486,0.06070834938872647,0.07837414205275961,0.17567567567567569,0.10762440050012628,0.10873970905021,0.18853757180254174,0.08787495503274936,0.1595483884167619
rate,0.3182183467185532,0.2963725336052374,0.11340734449745218,0.3260946909479793,0.246915468455987,0.1885115452718528,0.21368557015859668,0.21854334588326124,0.2887753168413113,0.16234134692639796,0.15962038488148073,0.12907703761056816,0.05933072705766086,0.3250182521375937,0.1975953209981975,0.12216944435630524,0.13438638879193576,0.1521222365719316,0.10995249992067471,0.20437197621673292,0.23191620989485423,0.10165112213575457,0.1493182097688175,0.17868677282057435,0.27371430369424377,0.12068854787809345,0.08247081822488048,0.19210256404418535,0.19802279106251877,0.19802279106251877,0.1587027635681846,0.051321431942670706,0.10165112213575457,0.21612702282332044,0.19002571855431766,0.19198055541705106,0.04511405717380271,0.18470283861584405,0.165581585686617,0.23052307685302242,0.142019094330649,1.0,0.13048961017841784,0.16289259247507362,0.09883994709867802,0.11040405212838957,0.09795347226725087,0.0816278935560424,0.14059173052284343,0.2272305509290384,0.1749561760746771,0.117881453401707,0.29335088192189984,0.020084532931834775,0.15216262173073555,0.23675529137353296,0.19852534707899597,0.07452266241066098,0.07053456158585983,0.11543927413490254,0.1749561760746771,0.0938531668711012,0.12474171473634474,0.07053456158585983,0.1666858006620993,0.024937733402690822,0.042533941005911347,0.032946649032892676,0.1846248226298437,0.01885115452718528,0.11427905097845935,0.16211611672425452,0.09235141930792204,0.09315332801332622
parameter,0.28704418857935987,0.22492421330802176,0.13464789986245196,0.32324058162183467,0.2610233336498864,0.03662487710657558,0.19665379287369814,0.18576071235199632,0.2352772580229767,0.09011546400696842,0.1550588578423112,0.16718447785078477,0.19595972187246213,0.14032448575281267,0.19194857105322077,0.13054598240132387,0.20175288189295507,0.12504037337400584,0.1424137989832624,0.14628641811943668,0.20275979401567892,0.24686550700373744,0.11867816581938534,0.1602280421609794,0.04985480160175769,0.18237269467338033,0.13352336846748283,0.21149448685333286,0.18104830603051023,0.16973278690360333,0.08564858872844146,0.11632787040410128,0.13166160373532665,0.17765058047422005,0.20920799279564709,0.06781609475393448,0.10225790664180437,0.2242806520081283,0.11135748693238871,0.16173107818196042,0.1103684523756079,0.13048961017841784,1.0,0.09889847151615444,0.06401024245825554,0.10724899728128172,0.17444940691627658,0.14273133293149903,0.039021140551928436,0.13796056546950988,0.09270348699136446,0.15268361902382563,0.27877274230884935,0.07804228110385687,0.13437656161169417,0.01769149641447584,0.14834770727423166,0.05429475185145616,0.18271698928734179,0.0,0.01545058116522741,0.2583180951504403,0.1384879171858429,0.06851887098275317,0.11776171839153225,0.14535047493345277,0.2272513861085624,0.09601536368738331,0.09657239582865691,0.16481194697959012,0.09515422195433268,0.017498140921285422,0.08971226080325131,0.0723930024686082
network,0.14470719035407653,0.10107973914385379,0.08595177052156612,0.20881497243608996,0.2377753193111056,0.0,0.24548656477288622,0.2795084971874737,0.1652067845269884,0.1740122992212915,0.1340050420345616,0.08804509063256238,0.08094048852977201,0.09853292781642932,0.14187608845979144,0.1,0.06666666666666667,0.04789131426105757,0.15,0.10271927240465611,0.06327719971683327,0.046225016352102424,0.1111111111111111,0.09375732507716866,0.02333800140046683,0.05488212999484517,0.13126025510803613,0.12229989761755714,0.17480147469502524,0.14301938838683884,0.09622504486493763,0.04667600280093366,0.023112508176051212,0.18144368465060579,0.1555427542095638,0.09523809523809523,0.10257624248277727,0.1679842102263232,0.13900960937138318,0.08735706972682653,0.09687303228651607,0.16289259247507362,0.09889847151615444,1.0,0.06741998624632421,0.06454972243679029,0.11135885079684349,0.0890870806374748,0.08219949365267865,0.03874921291460643,0.06509445549041193,0.14294833797837264,0.20879830038875224,0.1095993248702382,0.15097027121927944,0.07453559924999299,0.041666666666666664,0.025416428388767447,0.06415002990995841,0.0944911182523068,0.04339630366027462,0.14937635992171197,0.07293249574894728,0.032075014954979206,0.041344911529736156,0.06804138174397717,0.08703882797784893,0.22473328748774737,0.19374606457303215,0.025717224993681984,0.11135885079684349,0.0,0.314970394174356,0.0
decoherence,0.2508726030021272,0.19422164675152884,0.20861521871080327,0.23504644290227897,0.2404621313650513,0.12483755678647185,0.1861953842322604,0.13568010505999362,0.12337741817289975,0.16637976944997754,0.25748661559088487,0.24931194957915642,0.1833554225478525,0.10628941821109952,0.11478340719169698,0.2292279532375023,0.14832396974191325,0.15498392394234678,0.06741998624632421,0.23743995198014897,0.20477510086151082,0.056096819400507425,0.13483997249264842,0.10619477512887363,0.05664411840370207,0.08880365878611453,0.16687750377394428,0.1413506985480439,0.102851895445316,0.1157083823759805,0.11677484162422844,0.11328823680740414,0.056096819400507425,0.03669879217087869,0.08389352279619343,0.07705141285294195,0.14937887931959076,0.06795295885835008,0.08434823356733,0.1554857684028483,0.1410734556949673,0.09883994709867802,0.06401024245825554,0.06741998624632421,1.0,0.06963106238227913,0.05405624776173354,0.16216874328520062,0.0665026647782209,0.07837414205275961,0.035109338351004285,0.14456362470655182,0.2956207493497765,0.1330053295564418,0.09160572248286888,0.10050378152592121,0.2528249484237158,0.08225161211526649,0.0778498944161523,0.025482359571881278,0.122882684228515,0.13811591494556977,0.13767902008851549,0.10379985922153641,0.06689936080056726,0.027524094128159017,0.04694525268130202,0.09090909090909091,0.1410734556949673,0.0832250378576479,0.0900937462695559,0.09940534656094302,0.050964719143762556,0.08225161211526649
quantum processor,0.2882306768491569,0.2446750914644598,0.05326236412913075,0.3375597540245163,0.2685957901173933,0.19920476822239894,0.1188456721353821,0.07216878364870322,0.2067185481265164,0.22056438662814232,0.09082487681884435,0.11366572324507891,0.0626962328219399,0.1399260091115657,0.23078316568852547,0.0903696114115064,0.16782927833565472,0.17311677839032427,0.24528894525980308,0.21596487416564994,0.07352146220938077,0.25064020591380154,0.1721325931647741,0.058099289377412676,0.16269784336399212,0.09919353522139875,0.07262411172176585,0.09473309334313418,0.1723280873710658,0.14770978917519928,0.11180339887498948,0.05423261445466404,0.017902871850985824,0.17568209223157663,0.227578809855708,0.16598500055174645,0.12712834523274563,0.16265001215808886,0.1076763804116331,0.23006608383332586,0.15007505629691603,0.11040405212838957,0.10724899728128172,0.06454972243679029,0.06963106238227913,1.0,0.13801311186847084,0.03450327796711771,0.10611908999450222,0.10505253940784123,0.15126584522688322,0.13840913308956662,0.1819512765274615,0.12734290799340264,0.13155870289605437,0.13471506281091267,0.09682458365518543,0.039374961547907886,0.024845199749997663,0.048795003647426664,0.11765121295424251,0.11570643085877509,0.16947980485980962,0.049690399499995326,0.17614096918559585,0.0,0.1797866299901979,0.05222329678670935,0.07503752814845802,0.05976143046671969,0.08625819491779428,0.26648544566940835,0.09759000729485333,0.019687480773953943
quantum simulation,0.18232322463624387,0.19247971338736308,0.2343100847284878,0.26205565553144483,0.2541925085408374,0.020619652471058063,0.08611187047839651,0.05976143046671968,0.12227087189088336,0.1522038868295523,0.040291148201269014,0.17648280200062938,0.22064900595174514,0.13167016328743084,0.136504726557987,0.16035674514745463,0.1469936830518334,0.16639339764096983,0.18708286933869706,0.1411862416005035,0.12683657235796025,0.1297186304156927,0.1781741612749496,0.06013847793242637,0.05613608914238398,0.10267506354855008,0.24055391172970547,0.07004147683506572,0.08918825850158447,0.24208241593287214,0.11572751247156893,0.14969623771302396,0.05559369874958259,0.14547859349066158,0.3879917968315853,0.20999097578833345,0.09869275424396534,0.10101525445522108,0.23684324034452495,0.15409124903714458,0.21747941810042,0.09795347226725087,0.17444940691627658,0.11135885079684349,0.05405624776173354,0.13801311186847084,1.0,0.19642857142857142,0.19771864882368606,0.10873970905021,0.12178057511186367,0.17192047651837586,0.2511166188199561,0.19771864882368606,0.07565344158360031,0.0,0.08351913809763262,0.1018923932424028,0.05143444998736397,0.050507627227610534,0.0695889000639221,0.11976753439510211,0.1559362351170901,0.1543033499620919,0.16574838603294897,0.0545544725589981,0.11631052629980886,0.0900937462695559,0.10873970905021,0.1649572197684645,0.14285714285714285,0.059108280467932546,0.050507627227610534,0.08151391459392224
couple,0.21547290184283366,0.10130511230913847,0.2343100847284878,0.20382106541334596,0.23830547675703506,0.10309826235529032,0.12301695782628072,0.10458250331675945,0.18340630783632506,0.07610194341477615,0.09401267913629437,0.17648280200062938,0.311504478990699,0.09216911430120157,0.07962775715882577,0.20044593143431827,0.20044593143431827,0.17919288976719827,0.1469936830518334,0.21177936240075526,0.1014692578863682,0.01853123291652753,0.11878277418329973,0.12027695586485274,0.03742405942825599,0.366696655530536,0.27062315069591864,0.15409124903714458,0.14015297764534704,0.14015297764534704,0.0,0.11227217828476796,0.09265616458263765,0.036369648372665396,0.19399589841579265,0.038180177416060626,0.148039131365948,0.08417937871268423,0.15325150845822202,0.1260746583031183,0.20194517395039002,0.0816278935560424,0.14273133293149903,0.0890870806374748,0.16216874328520062,0.03450327796711771,0.19642857142857142,1.0,0.1098436937909367,0.13980819735027,0.03479445003196105,0.15759377014184453,0.3208712351588328,0.1098436937909367,0.12104550653376049,0.09960238411119947,0.016703827619526525,0.06113543594544168,0.2828894749305018,0.025253813613805267,0.08698612507990262,0.15398682993655985,0.11695217633781757,0.1543033499620919,0.08287419301647449,0.24549512651549144,0.023262105259961773,0.07207499701564471,0.13980819735027,0.12371791482634838,0.125,0.07881104062391006,0.07576144084141581,0.22416326513328616
crystal,0.254889809464433,0.16201971583530764,0.1865210692071927,0.28657227132679747,0.19545010850476865,0.02536731447159205,0.09080492095290035,0.09190182776172597,0.20056488422556007,0.04681218398834803,0.04956815970966097,0.1881688085836215,0.19161409458665385,0.25917941678804557,0.111956569275048,0.1643989873053573,0.14795908857482157,0.12597253704384767,0.08219949365267865,0.14474523737201656,0.23406091994174016,0.0,0.07306621658015879,0.07398532461669939,0.046040925551613085,0.2165415982155245,0.07398532461669939,0.15510326900818067,0.1410734556949673,0.15674828410551922,0.04745789978762495,0.0,0.06839411288813298,0.08948747402853657,0.1704738084982559,0.18788455692040834,0.0,0.12427395320024001,0.1371182340382122,0.12063587589525164,0.05733298225836871,0.14059173052284343,0.039021140551928436,0.08219949365267865,0.0665026647782209,0.10611908999450222,0.19771864882368606,0.1098436937909367,1.0,0.11466596451673743,0.06420877537090426,0.10575252900282783,0.22312048937743928,0.05405405405405406,0.0930725988812425,0.07352146220938077,0.14384911389218763,0.10028244211278003,0.03163859985841663,0.12427395320024001,0.12841755074180852,0.08419653359482288,0.19184045508446732,0.06327719971683327,0.0,0.033557802760701215,0.0,0.022167554926073633,0.11466596451673743,0.0507346289431841,0.02196873875818734,0.024239308278185982,0.031068488300060003,0.2507061052819501
order,0.2883749003642362,0.29081945475777654,0.14388034131335048,0.3229530316911155,0.22112655537178943,0.07174960033341753,0.17122340098907804,0.10397504898200728,0.27477778005108994,0.1655060637015661,0.21029989116983447,0.17399557611335595,0.12420065684871484,0.18326752315480155,0.1880174671653238,0.19762098586449275,0.1743714581157289,0.1336140527804674,0.09299811099505542,0.11258537277923032,0.18757353886177489,0.0644825880219161,0.1679132559632945,0.19618321779283554,0.13022340267860238,0.15311803250717018,0.15694657423426844,0.24372127399974627,0.23275932672377314,0.11083777463036816,0.13423121104280486,0.1465013280134277,0.2095684110712273,0.12655439943366653,0.2049234162064832,0.09964083320898795,0.08585457105482137,0.16110408422670716,0.15755550380820887,0.20716308289978433,0.14864864864864866,0.2272305509290384,0.13796056546950988,0.03874921291460643,0.07837414205275961,0.10505253940784123,0.10873970905021,0.13980819735027,0.11466596451673743,1.0,0.1816098419058007,0.1495566607710532,0.30340386742393916,0.09555497043061452,0.11846207846084769,0.10397504898200727,0.11624763874381928,0.1240931909908148,0.08948747402853657,0.13181243254912403,0.13620738142935054,0.11907187971460044,0.033912921674035035,0.08948747402853657,0.2595374103278126,0.11864474946906238,0.06070834938872647,0.10972379887386345,0.10810810810810811,0.14349920066683505,0.15534244150030002,0.0685591170191061,0.04393747751637468,0.07091039485189417
device,0.20992331125953947,0.22700070503353034,0.13427960881291645,0.28367367503942925,0.20895104168480585,0.14062009564580386,0.13183346767884782,0.16011119017838504,0.17868260517960938,0.18535476872363893,0.1046758229305146,0.11462494466661233,0.08851545406995383,0.1924184185225959,0.25489556962103005,0.07811334658849432,0.1041511287846591,0.07481901658904981,0.1822644753731534,0.12608743913327355,0.03707095374472778,0.1263776753179708,0.15911978008767363,0.07323698428963005,0.1276106574454202,0.014290089472673803,0.08788438114755606,0.08188503677432238,0.22343446107871245,0.1861953842322604,0.07516460280028289,0.03646018784154863,0.036107907233705945,0.3011799352898825,0.14849957306434114,0.11159049512642046,0.11217603013123663,0.21322939356555323,0.1900238514292661,0.28659762871012834,0.1513415349215006,0.1749561760746771,0.09270348699136446,0.06509445549041193,0.035109338351004285,0.15126584522688322,0.12178057511186367,0.03479445003196105,0.06420877537090426,0.1816098419058007,1.0,0.16749259603130773,0.24464901008032727,0.021402925123634755,0.10318693980271743,0.1552593359305552,0.11391529710822089,0.059560868393203126,0.07516460280028289,0.09841356626102458,0.1864406779661017,0.13335185571076982,0.07596001757335209,0.12527433800047147,0.20992331125953947,0.0,0.06798894136490048,0.08777334587751072,0.12107322793720048,0.020088585092257694,0.24356115022372735,0.11517184622813063,0.024603391565256146,0.019853622797734376
experiment,0.21941566961880946,0.24382992454708535,0.1879859399580523,0.33288963955828216,0.31865237538561936,0.1158013889632752,0.22700070503353034,0.10787924283421144,0.23706866175772134,0.22387292065330996,0.19395245515057077,0.21710676418562963,0.26033193698599,0.22184061271314914,0.16427570345801806,0.19298025627080306,0.20370138161918103,0.22591746464819779,0.19298025627080306,0.24542503777505956,0.20352083695755452,0.11894020669001051,0.20251014546936125,0.13268429255148464,0.12010062642961199,0.11767963901214167,0.21711975144788398,0.16858189702949394,0.17377726288294684,0.16355507094865587,0.10832228060328027,0.12010062642961199,0.07433762918125657,0.11671682920864226,0.1667593364912675,0.1531589335482564,0.19795189561622398,0.08104408984731079,0.15648564190346356,0.16858189702949394,0.12463055064254434,0.117881453401707,0.15268361902382563,0.14294833797837264,0.14456362470655182,0.13840913308956662,0.17192047651837586,0.15759377014184453,0.10575252900282783,0.1495566607710532,0.16749259603130773,1.0,0.35816844015937355,0.15862879350424175,0.2063678282066151,0.09589266029707683,0.21442250696755896,0.19619475455811422,0.041265630706011525,0.08104408984731078,0.1256194470234808,0.1372699438975795,0.1251069486231209,0.08253126141202305,0.1728729518208802,0.10942202738310212,0.13064158588969932,0.18793271211851736,0.16201971583530764,0.08271527783091086,0.18624718289490716,0.12645949548373583,0.10130511230913847,0.08174781439921426
trapped ion,0.55033763764218,0.43529635332511146,0.409182106087001,0.503298091776992,0.6423091304460128,0.15303681677778422,0.41326099353611906,0.37350975460453656,0.48558199503172733,0.35177407295649143,0.3305140455527635,0.46418754836173004,0.4208158872975271,0.38575327238246343,0.2932725127484663,0.4071566857580668,0.3862768557191916,0.4049848133542435,0.3131974505831283,0.42282430147801153,0.42609253907406003,0.19544702320766566,0.3073974977945519,0.38173921743961675,0.16080685588729718,0.349508511671466,0.3230101070642911,0.3283201383462558,0.36332349681669807,0.36830053101966653,0.2410995098715649,0.33623251685525773,0.2750735882181961,0.20600041053154824,0.3085320958090524,0.2833691219561637,0.3148408528328257,0.2893672450960759,0.36462618781651773,0.33379214065202667,0.2851996353785028,0.29335088192189984,0.27877274230884935,0.20879830038875224,0.2956207493497765,0.1819512765274615,0.2511166188199561,0.3208712351588328,0.22312048937743928,0.30340386742393916,0.24464901008032727,0.35816844015937355,1.0,0.20595737480994394,0.3073427763881914,0.23344359662783537,0.2675228223730888,0.2626918989515902,0.2410995098715649,0.14797188669685699,0.3058112626004091,0.2873892413584747,0.2436508984878414,0.20091625822630407,0.23955873638541952,0.19179348566730356,0.14538847479683062,0.2604278029986126,0.3155400221208967,0.2496916484269111,0.3069203118910575,0.223195816420732,0.17756626403622838,0.2626918989515902
body,0.13254270092150516,0.09970444051403547,0.2034775300442102,0.16119690262132358,0.2149951193552455,0.0507346289431841,0.1816098419058007,0.018380365552345193,0.07521183158458503,0.20285279728284147,0.11565903932254226,0.1592197611092182,0.20758193580220832,0.016198713549252848,0.181929425071953,0.14795908857482157,0.13151918984428582,0.09447940278288576,0.13151918984428582,0.1592197611092182,0.031208122658898687,0.1139901881468883,0.14613243316031757,0.036992662308349696,0.046040925551613085,0.03609026636925408,0.24045230500427303,0.03446739311292904,0.06269931364220768,0.15674828410551922,0.023728949893812475,0.1151023138790327,0.04559607525875532,0.06711560552140243,0.23866333189755828,0.07045670884515312,0.2630695140178147,0.10356162766686668,0.10283867552865913,0.13786957245171616,0.17199894677510613,0.020084532931834775,0.07804228110385687,0.1095993248702382,0.1330053295564418,0.12734290799340264,0.19771864882368606,0.1098436937909367,0.05405405405405406,0.09555497043061452,0.021402925123634755,0.15862879350424175,0.20595737480994394,1.0,0.037229039552497,0.02450715406979359,0.02054987341316966,0.05014122105639002,0.03163859985841663,0.0,0.021402925123634755,0.1262948003922343,0.04796011377111683,0.0,0.1019559237857732,0.033557802760701215,0.05723638070321425,0.15517288448251543,0.11466596451673743,0.1522038868295523,0.15378117130731137,0.024239308278185982,0.09320546490018,0.07521183158458503
level,0.29492753096432023,0.2060104810498419,0.12846400486343923,0.3330669254203241,0.3298037283443946,0.13977131156292244,0.2710098294963041,0.25318484177091666,0.20720475471299118,0.18270066606209562,0.20483662259967567,0.2193211550033457,0.19795764159656265,0.21197648541978326,0.16385589739043474,0.20380986614602725,0.15851878478024342,0.18436919992750997,0.18116432546313532,0.2791360154588036,0.20419486206940096,0.09421114395319916,0.08806599154457967,0.20382579065799794,0.19026059766179765,0.16156861598306377,0.15286934299349847,0.130564373044847,0.19432508268938872,0.18352924476220045,0.147087101353638,0.19026059766179765,0.06280742930213278,0.12326671027227314,0.05870582947302891,0.08087693101032827,0.15331103516796663,0.11412279800291011,0.21248647409244853,0.17804232687933683,0.10529962529853128,0.15216262173073555,0.13437656161169417,0.15097027121927944,0.09160572248286888,0.13155870289605437,0.07565344158360031,0.12104550653376049,0.0930725988812425,0.11846207846084769,0.10318693980271743,0.2063678282066151,0.3073427763881914,0.037229039552497,1.0,0.08439494725697222,0.09907424048765212,0.13813650314199413,0.15253477177414315,0.1497861723788195,0.17689189680465844,0.15947054053870188,0.09909574797525764,0.0435813633640409,0.07022084070579053,0.11556254088025605,0.05913123959890826,0.09160572248286888,0.22376170375937898,0.017471413945365305,0.15130688316720062,0.13355611265883557,0.06419407387663693,0.06906825157099707
surface,0.1941450686788302,0.2373222262672836,0.04612656040144426,0.3004557478993592,0.18608862207297272,0.20701966780270628,0.09606181311913879,0.13333333333333333,0.21596487416564994,0.09904448399486873,0.10487553416094877,0.19687480773953944,0.08687444855261388,0.4847179141631549,0.17765696377960558,0.044721359549995794,0.07453559924999299,0.19989803720978902,0.1192569587999888,0.20999979492217538,0.19808896798973746,0.062017367294604234,0.06625386599999376,0.11740274126621311,0.16699314428937317,0.032725379578254395,0.08385910090443793,0.12501526158359877,0.21320071635561044,0.1421338109037403,0.19364916731037085,0.06262242910851494,0.020672455764868078,0.08114408259335794,0.030915926384011222,0.12777531299998798,0.0,0.1126872339638022,0.06216698721602092,0.12501526158359877,0.08664587415167273,0.23675529137353296,0.01769149641447584,0.07453559924999299,0.10050378152592121,0.13471506281091267,0.0,0.09960238411119947,0.07352146220938077,0.10397504898200727,0.1552593359305552,0.09589266029707683,0.23344359662783537,0.02450715406979359,0.08439494725697222,1.0,0.07453559924999299,0.06819943394704735,0.0573775310549247,0.1126872339638022,0.09703708495659699,0.13360627800656924,0.10872134550890704,0.08606629658238706,0.07396002616336389,0.03042903097250923,0.0,0.06030226891555272,0.19062092313367998,0.0,0.05976143046671969,0.1538554437923503,0.0,0.09093257859606313
source,0.31008683647302115,0.3506203451552428,0.10314212462587934,0.326840826421706,0.21548388312568945,0.07715167498104596,0.20712928902712277,0.1956559480312316,0.28593481937363374,0.11864474946906238,0.22613350843332272,0.27514090822675746,0.14569287935358963,0.2463323195410733,0.10640706634484358,0.2,0.1875,0.19156525704423027,0.0625,0.19810145392326536,0.3203408235664684,0.05200314339611523,0.125,0.1968903826620542,0.12252450735245085,0.1646463899845355,0.0562543950463012,0.2620712091804796,0.13110110602126895,0.07150969419341942,0.07216878364870323,0.07001400420140048,0.17334381132038412,0.10206207261596575,0.14258085802543347,0.08928571428571429,0.07693218186208295,0.1259881576697424,0.09122505614997022,0.10482848367219183,0.05812381937190964,0.19852534707899597,0.14834770727423166,0.041666666666666664,0.2528249484237158,0.09682458365518543,0.08351913809763262,0.016703827619526525,0.14384911389218763,0.11624763874381928,0.11391529710822089,0.21442250696755896,0.2675228223730888,0.02054987341316966,0.09907424048765212,0.07453559924999299,1.0,0.1143739277494535,0.07216878364870322,0.0944911182523068,0.14646252485342687,0.08002304995805999,0.05469937181171046,0.09622504486493763,0.1395390764128595,0.10206207261596577,0.08703882797784893,0.050564989684743156,0.1598405032727515,0.01928791874526149,0.11692679333668567,0.0921512225968107,0.0236227795630767,0.1143739277494535
sequence,0.2742692355983562,0.19653507529013656,0.15729026546513936,0.2575209202374587,0.19036708034044142,0.047062080533501166,0.09827041917978468,0.051149575460285514,0.16279069767441862,0.13027071363481488,0.1685935129529577,0.1879745062477851,0.11849576431500307,0.21036582871767687,0.1947231058905031,0.15249857033260467,0.21349799846564654,0.24831413650946588,0.12199885626608374,0.10741400357016292,0.23159237979522648,0.14803422705323474,0.15249857033260467,0.12010200747281086,0.12812442652769462,0.10043335633226459,0.0857871481948649,0.1758481327915845,0.17448201807069155,0.13086151355301867,0.11005636329070298,0.021354071087949105,0.23262521394079747,0.041504853757646024,0.07906682547518068,0.04357102009502991,0.09385638197228473,0.076852055693898,0.047697225056167004,0.11190335723100832,0.05318279613892063,0.07452266241066098,0.05429475185145616,0.025416428388767447,0.08225161211526649,0.039374961547907886,0.1018923932424028,0.06113543594544168,0.10028244211278003,0.1240931909908148,0.059560868393203126,0.19619475455811422,0.2626918989515902,0.05014122105639002,0.13813650314199413,0.06819943394704735,0.1143739277494535,1.0,0.02934836354418746,0.115278083540847,0.09926811398867189,0.07810176455845598,0.04448840533001291,0.02934836354418746,0.03783023939287672,0.0,0.13273296830047474,0.041125806057633246,0.08863799356486772,0.047062080533501166,0.04075695729696112,0.04496937504132879,0.0576390417704235,0.06976744186046512
cavity,0.09548198320525772,0.05835841460432113,0.03969942227836091,0.11531766834911382,0.21735943730061708,0.029695693545824933,0.21259760138109357,0.3227486121839514,0.08804509063256238,0.10959932487023819,0.019341961772855316,0.11860999914758141,0.13084683595481034,0.05688801239885743,0.04914731871829905,0.1539600717839002,0.09622504486493763,0.0553001263609331,0.09622504486493763,0.10166571355506979,0.05479966243511909,0.05337605126836238,0.06415002990995841,0.12991396049232617,0.026948402781814772,0.25348970020979117,0.10826163374360516,0.04034850217792016,0.03669879217087869,0.14679516868351475,0.05555555555555555,0.18863881947270342,0.02668802563418119,0.05237828008789241,0.03991228933928331,0.109971479845643,0.11844484241978356,0.07273929674533079,0.040128617695256406,0.08069700435584032,0.06711560552140243,0.07053456158585983,0.18271698928734179,0.06415002990995841,0.0778498944161523,0.024845199749997663,0.05143444998736397,0.2828894749305018,0.03163859985841663,0.08948747402853657,0.07516460280028289,0.041265630706011525,0.2410995098715649,0.03163859985841663,0.15253477177414315,0.0573775310549247,0.07216878364870322,0.02934836354418746,1.0,0.036369648372665396,0.07516460280028289,0.09856283612727637,0.0,0.07407407407407407,0.0,0.11785113019775792,0.0,0.10379985922153641,0.022371868507134143,0.059391387091649865,0.07715167498104596,0.05675043538391658,0.036369648372665396,0.05869672708837492
crosstalk,0.25784397701617245,0.30086083390715773,0.019492029389636262,0.26765747821882424,0.11233827907252845,0.05832118435198043,0.0695889000639221,0.10564428184106457,0.14409760442605873,0.12556180058348068,0.037986858819879316,0.04991687442297913,0.11013346473215285,0.18620973068096466,0.2252213082307254,0.13228756555322954,0.056694670951384085,0.19911336892039905,0.09449111825230681,0.1830285395509235,0.1973114009168982,0.052414241836095915,0.0839921051131616,0.08504865111251246,0.18523964340873708,0.1452044673878789,0.021262162778128115,0.1386750490563073,0.10811249552346708,0.1801874925391118,0.13638618139749525,0.026462806201248155,0.07862136275414387,0.07715167498104596,0.03919309008348103,0.13498731178900972,0.0,0.14285714285714285,0.19702760155977517,0.15848577035006547,0.13181243254912403,0.11543927413490254,0.0,0.0944911182523068,0.025482359571881278,0.048795003647426664,0.050507627227610534,0.025253813613805267,0.12427395320024001,0.13181243254912403,0.09841356626102458,0.08104408984731078,0.14797188669685699,0.0,0.1497861723788195,0.1126872339638022,0.0944911182523068,0.115278083540847,0.036369648372665396,1.0,0.12301695782628072,0.024196695924791362,0.027565892320998563,0.036369648372665396,0.04688072309384954,0.0,0.0657951694959769,0.050964719143762556,0.17574991006549873,0.05832118435198043,0.050507627227610534,0.1393195531438382,0.14285714285714285,0.08645856265563524
coherence,0.2745150993393978,0.15791353393636895,0.18799145233808304,0.26948999128745776,0.309557098792305,0.06026575527677309,0.1438183283769249,0.10188893920442685,0.2779507191682813,0.12356984581575929,0.13084477866314326,0.18339991146657972,0.1643858432727714,0.23090210222711507,0.17731865712767308,0.1041511287846591,0.15622669317698865,0.13716819707992467,0.11717001988274148,0.24071238379988588,0.16064079956048707,0.018053953616852973,0.08679260732054925,0.1611213654371861,0.054690281762322934,0.10003062630871662,0.07323698428963005,0.20471259193580593,0.1489563073858083,0.1489563073858083,0.05637345210021216,0.07292037568309725,0.10832372170111783,0.08858233390878899,0.05399984475066951,0.2231809902528409,0.08012573580802616,0.09841356626102457,0.2443163804090564,0.17741757967769847,0.12107322793720048,0.1749561760746771,0.01545058116522741,0.04339630366027462,0.122882684228515,0.11765121295424251,0.0695889000639221,0.08698612507990262,0.12841755074180852,0.13620738142935054,0.1864406779661017,0.1256194470234808,0.3058112626004091,0.021402925123634755,0.17689189680465844,0.09703708495659699,0.14646252485342687,0.09926811398867189,0.07516460280028289,0.12301695782628072,1.0,0.08334490981923114,0.17091003954004222,0.12527433800047147,0.0645917880798583,0.07972410051791008,0.0,0.122882684228515,0.21187814889010084,0.04017717018451539,0.15657502514382474,0.09597653852344219,0.0,0.13897535958414065
range,0.19057224504128523,0.1553032130929206,0.11885396244072756,0.24411146462339267,0.29682909759400977,0.07902607796935995,0.2003747530959027,0.17177950029416048,0.19525441139613994,0.1215272283395109,0.15441828729643658,0.14654924307403033,0.17410457587481892,0.1135426378344198,0.17438756835336233,0.14084056792618557,0.20485900789263356,0.17169192470840527,0.12803687993289598,0.21418735526204433,0.1215272283395109,0.0710220824228435,0.11381055994035197,0.14405274448481928,0.03585749859822395,0.11243098701778528,0.14405274448481928,0.1879067676847756,0.183117562589619,0.14649405007169522,0.03696106354772864,0.1434299943928958,0.0710220824228435,0.12196528714750723,0.15932167156129495,0.07316393139022627,0.1260820036102558,0.1290490449322206,0.09344137248916343,0.13421911977483972,0.08930390978595032,0.0938531668711012,0.2583180951504403,0.14937635992171197,0.13811591494556977,0.11570643085877509,0.11976753439510211,0.15398682993655985,0.08419653359482288,0.11907187971460044,0.13335185571076982,0.1372699438975795,0.2873892413584747,0.1262948003922343,0.15947054053870188,0.13360627800656924,0.08002304995805999,0.07810176455845598,0.09856283612727637,0.024196695924791362,0.08334490981923114,1.0,0.1307326888198017,0.049281418063638185,0.11116714294074971,0.18294793072126084,0.11144179967299829,0.10358693620917733,0.14883984964325053,0.07902607796935995,0.10265788662437324,0.09439004018637939,0.09678678369916545,0.07810176455845598
ground,0.18996941781613425,0.16586994702181085,0.18053790157954405,0.3019393509920575,0.3815140442269594,0.022507456830317185,0.12085164793162481,0.06523280730534423,0.17795362132005163,0.1246040306825372,0.117279865902278,0.24401123153445128,0.15584426446024427,0.1437250467820612,0.12416852662165208,0.18962448894726291,0.14586499149789456,0.11177065836019455,0.11669199319831564,0.16695505315515088,0.27689784596119377,0.10113917425784187,0.04862166383263152,0.19693312452355022,0.02042518425514167,0.14409686565151983,0.08205546855147926,0.12232644703665152,0.0973537687317082,0.12516913122648196,0.04210759605332595,0.06127555276542501,0.10113917425784187,0.05954913341754137,0.13612945512202276,0.12502713556962392,0.035909478570327065,0.0735090461893295,0.07603738308405919,0.09174483527748864,0.06782584334807007,0.12474171473634474,0.1384879171858429,0.07293249574894728,0.13767902008851549,0.16947980485980962,0.1559362351170901,0.11695217633781757,0.19184045508446732,0.033912921674035035,0.07596001757335209,0.1251069486231209,0.2436508984878414,0.04796011377111683,0.09909574797525764,0.10872134550890704,0.05469937181171046,0.04448840533001291,0.0,0.027565892320998563,0.17091003954004222,0.1307326888198017,1.0,0.056143461404434596,0.108553953037791,0.029774566708770683,0.15235101483570768,0.059005294323649496,0.11869522585912262,0.1350447409819031,0.038984058779272523,0.043013239361934026,0.055131784641997125,0.15570941865504517
electron,0.10741723110591493,0.16048564016188313,0.23819653367016547,0.14676794153523576,0.18303952614788807,0.059391387091649865,0.035432933563515595,0.02151657414559676,0.1467418177209373,0.12786587901527788,0.1353937324099872,0.15249857033260467,0.09346202568200739,0.09481335399809572,0.1310595165821308,0.019245008972987525,0.019245008972987525,0.1659003790827993,0.13471506281091267,0.11860999914758141,0.03653310829007939,0.05337605126836238,0.0,0.12991396049232617,0.026948402781814772,0.04224828336829853,0.08660930699488413,0.10087125544480041,0.05504818825631803,0.14679516868351475,0.1111111111111111,0.10779361112725909,0.08006407690254358,0.10475656017578482,0.1796053020267749,0.109971479845643,0.023688968483956713,0.09698572899377439,0.08025723539051281,0.10087125544480041,0.06711560552140243,0.07053456158585983,0.06851887098275317,0.032075014954979206,0.10379985922153641,0.049690399499995326,0.1543033499620919,0.1543033499620919,0.06327719971683327,0.08948747402853657,0.12527433800047147,0.08253126141202305,0.20091625822630407,0.0,0.0435813633640409,0.08606629658238706,0.09622504486493763,0.02934836354418746,0.07407407407407407,0.036369648372665396,0.12527433800047147,0.049281418063638185,0.056143461404434596,1.0,0.09548198320525772,0.0,0.1340050420345616,0.0778498944161523,0.11185934253567072,0.0,0.10286889997472794,0.02837521769195829,0.036369648372665396,0.05869672708837492
term,0.27692307692307694,0.2632853709581409,0.08955244237056603,0.2972905111596483,0.19907369070266662,0.13397282541141672,0.13701987408069663,0.11094003924504582,0.1796936371161644,0.1765928401295794,0.14959151840135315,0.12012714393341946,0.12047318414773371,0.14665806660010133,0.25340490686398015,0.12403473458920847,0.08682431421244592,0.0950429832559784,0.17364862842489184,0.17473039117588285,0.12950141609502488,0.22360679774997896,0.19294292047210204,0.04186499375426671,0.22578837914485933,0.05445832342080846,0.20932496877133355,0.07801423889801692,0.16556747087694312,0.14191497503737982,0.03580574370197165,0.10421002114378122,0.08600261451922267,0.21942686286812776,0.2572360564754364,0.0708769911938334,0.13740858372430334,0.12501526158359877,0.11638363502517113,0.18203322409537281,0.18744368523675353,0.1666858006620993,0.11776171839153225,0.041344911529736156,0.06689936080056726,0.17614096918559585,0.16574838603294897,0.08287419301647449,0.0,0.2595374103278126,0.20992331125953947,0.1728729518208802,0.23955873638541952,0.1019559237857732,0.07022084070579053,0.07396002616336389,0.1395390764128595,0.03783023939287672,0.0,0.04688072309384954,0.0645917880798583,0.11116714294074971,0.108553953037791,0.09548198320525772,1.0,0.05063696835418333,0.21591675854376524,0.10034904120085089,0.11534996014569449,0.1913897505877382,0.18232322463624387,0.146303391191891,0.04688072309384954,0.05674535908931508
oscillator,0.15191090506255,0.09284766908852594,0.021053798026662976,0.10007415648034323,0.15774097238779428,0.0629940788348712,0.05637345210021216,0.04564354645876384,0.10895024111382082,0.07749842582921286,0.12309149097933272,0.08986064433619868,0.23791547571544325,0.040225899335456484,0.017376201171422898,0.08164965809277261,0.18371173070873836,0.09775773587572188,0.22453655975512465,0.10783277320343841,0.03874921291460643,0.0,0.11340230290662862,0.06889728182619381,0.14291548761875736,0.1568387502318773,0.09186304243492507,0.12838814775327387,0.11677484162422844,0.05838742081211422,0.08838834764831845,0.0,0.05661385170722978,0.027777777777777776,0.08466675133346034,0.0,0.10050378152592121,0.025717224993681984,0.1276884796138123,0.021398024625545645,0.14237369936287486,0.024937733402690822,0.14535047493345277,0.06804138174397717,0.027524094128159017,0.0,0.0545544725589981,0.24549512651549144,0.033557802760701215,0.11864474946906238,0.0,0.10942202738310212,0.19179348566730356,0.033557802760701215,0.11556254088025605,0.03042903097250923,0.10206207261596577,0.0,0.11785113019775792,0.0,0.07972410051791008,0.18294793072126084,0.029774566708770683,0.0,0.05063696835418333,1.0,0.07106690545187015,0.055048188256318034,0.07118684968143743,0.0629940788348712,0.1091089451179962,0.0601929265428846,0.11572751247156893,0.12451456127293807
optimization,0.18352924476220045,0.21114868865730557,0.07181895714065413,0.20861751142508353,0.17591332347662805,0.08058229640253803,0.0480754414848157,0.05838742081211422,0.07963978098028483,0.11565903932254226,0.15745916432444337,0.030653365991446857,0.10144749970923667,0.06860952443494396,0.22227711223719354,0.13926212476455826,0.08703882797784893,0.06669446181762068,0.2088931871468374,0.061306731982893714,0.06609087961288129,0.38624363966821407,0.058025885318565944,0.019585266453731865,0.07312724241271307,0.09553752543358543,0.019585266453731865,0.054744890145135894,0.06639061303092922,0.09958591954639383,0.050251890762960605,0.024375747470904357,0.09656090991705352,0.21320071635561041,0.1805101203579608,0.04973647313019938,0.021427478217774167,0.15352206215727945,0.054446550648047085,0.16423467043540768,0.06070834938872647,0.042533941005911347,0.2272513861085624,0.08703882797784893,0.04694525268130202,0.1797866299901979,0.11631052629980886,0.023262105259961773,0.0,0.06070834938872647,0.06798894136490048,0.13064158588969932,0.14538847479683062,0.05723638070321425,0.05913123959890826,0.0,0.08703882797784893,0.13273296830047474,0.0,0.0657951694959769,0.0,0.11144179967299829,0.15235101483570768,0.1340050420345616,0.21591675854376524,0.07106690545187015,1.0,0.07041787902195303,0.020236116462908824,0.1074430618700507,0.06978631577988531,0.12833175058483634,0.09869275424396534,0.026546593660094948
quantum state,0.1254363015010636,0.17377726288294684,0.11126144997909508,0.2056656375394941,0.3126007707745667,0.0832250378576479,0.2358474866941965,0.12060453783110543,0.21591048180257455,0.2431704322730441,0.09486348995453653,0.09497598079205959,0.15716179075530215,0.03985853182916232,0.19513179222588486,0.12135597524338357,0.12135597524338357,0.14206859694715124,0.12135597524338357,0.16620796638610427,0.11518599423459984,0.130892578601184,0.16480441082434807,0.10619477512887363,0.0755254912049361,0.044401829393057264,0.16687750377394428,0.05654027941921756,0.1157083823759805,0.154277843167974,0.13623731522826651,0.09440686400617013,0.07479575920067658,0.09174698042719671,0.08389352279619343,0.13483997249264842,0.19917183909278766,0.10192943828752511,0.18275450606254834,0.11308055883843512,0.07837414205275961,0.032946649032892676,0.09601536368738331,0.22473328748774737,0.09090909090909091,0.05222329678670935,0.0900937462695559,0.07207499701564471,0.022167554926073633,0.10972379887386345,0.08777334587751072,0.18793271211851736,0.2604278029986126,0.15517288448251543,0.09160572248286888,0.06030226891555272,0.050564989684743156,0.041125806057633246,0.10379985922153641,0.050964719143762556,0.122882684228515,0.10358693620917733,0.059005294323649496,0.0778498944161523,0.10034904120085089,0.055048188256318034,0.07041787902195303,1.0,0.09404897046331152,0.0832250378576479,0.10811249552346708,0.09940534656094302,0.20385887657505022,0.020562903028816623
process,0.24511866530960078,0.22913047950612697,0.1678603981989089,0.30395579453281457,0.29022860392547367,0.07174960033341753,0.20332778867453016,0.18195633571851275,0.22159498391216928,0.1986072764418793,0.16356658202098237,0.1842306100023769,0.16936453206642932,0.17181330295762645,0.13853918633234386,0.11624763874381927,0.13949716649258312,0.22269008796744563,0.15112193036696506,0.6345721011192982,0.2206747516020881,0.0644825880219161,0.11624763874381927,0.13078881186189037,0.06511170133930119,0.19139754063396272,0.15694657423426844,0.13404670069986047,0.12192155209340498,0.22167554926073632,0.16778901380350608,0.162779253348253,0.11284452903835318,0.1740122992212915,0.132597504604195,0.1328544442786506,0.12878185658223207,0.1464582583879156,0.2423930827818598,0.17060489179982238,0.17567567567567569,0.1846248226298437,0.09657239582865691,0.19374606457303215,0.1410734556949673,0.07503752814845802,0.10873970905021,0.13980819735027,0.11466596451673743,0.10810810810810811,0.12107322793720048,0.16201971583530764,0.3155400221208967,0.11466596451673743,0.22376170375937898,0.19062092313367998,0.1598405032727515,0.08863799356486772,0.022371868507134143,0.17574991006549873,0.21187814889010084,0.14883984964325053,0.11869522585912262,0.11185934253567072,0.11534996014569449,0.07118684968143743,0.020236116462908824,0.09404897046331152,1.0,0.07174960033341753,0.15534244150030002,0.10283867552865913,0.13181243254912403,0.17727598712973544
hamiltonian,0.15311180047019055,0.12867477449632603,0.2705579809836729,0.2185414158254073,0.2293095519250605,0.047619047619047616,0.14204774743178403,0.0,0.11765520133375292,0.0732291291939578,0.04652421051992354,0.16302782918784448,0.2697707921985813,0.10642772590553623,0.1182165609358651,0.13887301496588272,0.12344267996967354,0.11823664359309582,0.07715167498104596,0.10868521945856298,0.0732291291939578,0.10699012312772822,0.051434449987363975,0.12152338248029255,0.021606790785072147,0.1524329372026731,0.27776773138352584,0.11322770341445958,0.029424494316824982,0.11769797726729993,0.0222717701593687,0.10803395392536073,0.06419407387663693,0.0419960525565808,0.22400716834408235,0.0881733428354811,0.17094086468945693,0.038880789567986955,0.14478512671975205,0.06470154480826261,0.10762440050012628,0.01885115452718528,0.16481194697959012,0.025717224993681984,0.0832250378576479,0.05976143046671969,0.1649572197684645,0.12371791482634838,0.0507346289431841,0.14349920066683505,0.020088585092257694,0.08271527783091086,0.2496916484269111,0.1522038868295523,0.017471413945365305,0.0,0.01928791874526149,0.047062080533501166,0.059391387091649865,0.05832118435198043,0.04017717018451539,0.07902607796935995,0.1350447409819031,0.0,0.1913897505877382,0.0629940788348712,0.1074430618700507,0.0832250378576479,0.07174960033341753,1.0,0.020619652471058063,0.045501575519329006,0.029160592175990215,0.09412416106700233
technology,0.19061064393789132,0.08104408984731078,0.17917830008649066,0.21837971294287067,0.2621360244327386,0.10309826235529032,0.14762034939153687,0.17928429140015903,0.13246011121512363,0.2029385157727364,0.12087344460380704,0.1294207214671282,0.16873159278662864,0.158004195944917,0.25025866535630953,0.10690449676496974,0.08017837257372731,0.12799492126228448,0.16035674514745463,0.17648280200062938,0.08878560065057217,0.11118739749916517,0.059391387091649865,0.10524233638174614,0.05613608914238398,0.04400359866366432,0.12027695586485274,0.09805806756909201,0.20385887657505022,0.24208241593287214,0.09643959372630743,0.09356014857063996,0.01853123291652753,0.20003306604965967,0.15242534875526564,0.05727026612409094,0.148039131365948,0.20203050891044216,0.19504737440137349,0.23814102123922345,0.10873970905021,0.11427905097845935,0.09515422195433268,0.11135885079684349,0.0900937462695559,0.08625819491779428,0.14285714285714285,0.125,0.02196873875818734,0.15534244150030002,0.24356115022372735,0.18624718289490716,0.3069203118910575,0.15378117130731137,0.15130688316720062,0.05976143046671969,0.11692679333668567,0.04075695729696112,0.07715167498104596,0.050507627227610534,0.15657502514382474,0.10265788662437324,0.038984058779272523,0.10286889997472794,0.18232322463624387,0.1091089451179962,0.06978631577988531,0.10811249552346708,0.15534244150030002,0.020619652471058063,1.0,0.059108280467932546,0.1767766952966369,0.02037847864848056
quantum error correction,0.26517489653530246,0.3912141047586589,0.07603738308405919,0.21685522859504783,0.22787737832980054,0.546018906231948,0.13573132244947578,0.09890707100936805,0.23608921896697613,0.321875136665763,0.2074586380880473,0.025963080785400414,0.01432082875315512,0.05811155049169446,0.2635729489778726,0.16218615177038684,0.08846517369293828,0.1271014030346265,0.2359071298478354,0.20770464628320331,0.055978284637524,0.14312564351916787,0.1965892748731962,0.06635406438349603,0.39227406603228365,0.04855157162632396,0.08294258047937003,0.06182446677351863,0.15463842820677168,0.126522350350995,0.2553769592276246,0.0825840139015334,0.0,0.12038585308576921,0.10702313041643274,0.10531568296778367,0.09074425108007847,0.14860752335342742,0.15371886547533642,0.23184175040069485,0.18853757180254174,0.16211611672425452,0.017498140921285422,0.0,0.09940534656094302,0.26648544566940835,0.059108280467932546,0.07881104062391006,0.024239308278185982,0.0685591170191061,0.11517184622813063,0.12645949548373583,0.223195816420732,0.024239308278185982,0.13355611265883557,0.1538554437923503,0.0921512225968107,0.04496937504132879,0.05675043538391658,0.1393195531438382,0.09597653852344219,0.09439004018637939,0.043013239361934026,0.02837521769195829,0.146303391191891,0.0601929265428846,0.12833175058483634,0.09940534656094302,0.10283867552865913,0.045501575519329006,0.059108280467932546,1.0,0.08359173188630292,0.04496937504132879
datum,0.10548162696116146,0.17192047651837586,0.058476088168908785,0.1853013310745706,0.1909750744232984,0.11664236870396086,0.03479445003196105,0.1267731382092775,0.08645856265563524,0.1973114009168982,0.15194743527951726,0.04991687442297913,0.055066732366076426,0.0558629192042894,0.17695959932414138,0.07559289460184544,0.056694670951384085,0.07240486142559965,0.11338934190276817,0.09983374884595826,0.03587480016670876,0.07862136275414387,0.06299407883487121,0.04252432555625623,0.07938841860374447,0.08297398136450224,0.08504865111251246,0.05943216388127455,0.14414999403128942,0.16216874328520062,0.13638618139749525,0.0,0.052414241836095915,0.1543033499620919,0.1371758152921836,0.05399492471560388,0.11631052629980886,0.19047619047619047,0.03940552031195503,0.09905360646879091,0.08787495503274936,0.09235141930792204,0.08971226080325131,0.314970394174356,0.050964719143762556,0.09759000729485333,0.050507627227610534,0.07576144084141581,0.031068488300060003,0.04393747751637468,0.024603391565256146,0.10130511230913847,0.17756626403622838,0.09320546490018,0.06419407387663693,0.0,0.0236227795630767,0.0576390417704235,0.036369648372665396,0.14285714285714285,0.0,0.09678678369916545,0.055131784641997125,0.036369648372665396,0.04688072309384954,0.11572751247156893,0.09869275424396534,0.20385887657505022,0.13181243254912403,0.029160592175990215,0.1767766952966369,0.08359173188630292,1.0,0.0576390417704235
motion,0.24589655605369864,0.16185241494481836,0.2202063716511951,0.2907494260745501,0.23569257565959412,0.023531040266750583,0.2105794696709672,0.051149575460285514,0.22093023255813954,0.043423571211604964,0.09196009797434057,0.1879745062477851,0.29623941078750765,0.18031356747229446,0.09087078274890145,0.1372487132993442,0.15249857033260467,0.21910070868482281,0.06099942813304187,0.16112100535524437,0.26054142726962976,0.06344324016567203,0.10166571355506979,0.12010200747281086,0.04270814217589821,0.334777854440882,0.10294457783383788,0.20782052057187259,0.07270084086278815,0.10178117720790342,0.04402254531628119,0.0,0.21147746721890678,0.041504853757646024,0.14232028585532522,0.06535653014254486,0.0,0.09606506961737249,0.07949537509361167,0.07993096945072023,0.1595483884167619,0.09315332801332622,0.0723930024686082,0.0,0.08225161211526649,0.019687480773953943,0.08151391459392224,0.22416326513328616,0.2507061052819501,0.07091039485189417,0.019853622797734376,0.08174781439921426,0.2626918989515902,0.07521183158458503,0.06906825157099707,0.09093257859606313,0.1143739277494535,0.06976744186046512,0.05869672708837492,0.08645856265563524,0.13897535958414065,0.07810176455845598,0.15570941865504517,0.05869672708837492,0.05674535908931508,0.12451456127293807,0.026546593660094948,0.020562903028816623,0.17727598712973544,0.09412416106700233,0.02037847864848056,0.04496937504132879,0.0576390417704235,1.0
