DOI,nouns
10.1557/mrs.2020.147,quantum computing|quantum bit|trapped ion|material|science|information|science|technology|communication|technology|limitation|counterpart|promise|technology|scope|life|capability|datum|center|diagnostic|heart|technology|object|information|qubit|realization|qubit|variety|material|spin|semiconductor|insulator|circuit|advancement|qubit|contribution|material|science|area|material|selection|synthesis|fabrication|simulation|characterization|need|opportunity|contribution|understand|material|information
10.1016/j.physleta.2020.126352,quantum computer|quantum computer|quantum computing|quantum dot|quantum dot|trapped ion|silicon|term|generation|qubit|technology|semiconductor|ion|photon|principle|alternative|term|scalability|million|qubit|term|view|silicon|spin|qubit|qubit|technology|ground|side|fabrication|technology|nanometric|scale|device|silicon|supply|chain|right
10.1103/PhysRevA.101.012302,quantum computing|superconducting qubit|trapped ion|demonstration|gate|flux|noise|state|art|platform|imperfection|qubit|gate|contribution|error|qubit|gate|transmon|qubit|gate|modulation|transmon|frequency|amplitude|order|flux|noise|existence|spot|dependence|noise|power|room|temperature|electron|factor|place|gate|fidelity|coherence|ensemble|observation|fidelity|observation
10.1016/j.physleta.2020.126266,quantum computer|quantum state|quantum state|trapped ion|trapped ion|passage|reinforcement|learn|superposition|physics|initialization|superconductor|qubit|integer|passage|pulse|adiabaticity|eigenstate|state|sequence|reinforcement|learn|algorithm|control|laser|amplitude|condition|integer|population|transfer|raman|passage|stirap|path|control|superconductor|qubit|right
10.1088/1367-2630/abbab6,quantum computer|trapped ion|qubit|ion|gate|sequence|pulse|protocol|qubit|phase|gate|spin|kick|transition|allocation|arrival|train|sequence|gate|oscillation|omega|gate|number|gate|gate|coherence|ion|qubit
10.1103/PhysRevA.102.012429,quantum coherence|quantum coherence|quantum coherence|quantum coherence|quantum coherence|quantum system|trapped ion|renyi|entropy|yanase|dyson|information|resource|information|process|language|coherence|order|nmr|term|mqcs|alpha|mqcs|class|alpha|purity|information|theoretic|quantifier|fidelity|renyi|entropy|order|alpha|framework|alpha|mqcs|yanase|dyson|skew|information|asymmetry|monotone|thermodynamic|quantum|metrology|family|bind|alpha|alpha|mqcs|information|idea|qubit|state|qubit|entanglement|state|class|multiparticle|state|evolution|alpha|mqc|spectrum|signal|purity|reversal|dynamic|body|hamiltonian|platform|nmr|atom
10.1103/PhysRevA.101.022308,quantum computer|quantum error correction|trapped ion|step|fidelity|bit|toffoli|family|bit|toffoli|gate|bit|toffoli|gate|figurehead|interest|information|gate|thing|step|bit|toffoli|gate|change|basis|qubit|ise|couple|qubit|setup|qubit|barenco|gate|error|theory|number|control|qubit|circuit|decomposition|assumption|qubit|drive|frequency|protocol|capability|scale|prospect|protocol|rydberg|atom|circuit|simulation|platform|show|toffoli|gate|control|bit|attain|fidelity|presence|decoherence|idea|series|gate|step|quantum|error|code|step|qubit|bit|code|qubit|code
10.1016/j.physleta.2020.126743,superconducting qubit|quantum state|quantum state|quantum system|trapped ion|control|level|objective|control|relaxation|loss|evolution|state|target|state|control|dynamic|level|control|pontryagin|principle|state|qubit|nmr|spectroscopy|state|direction|evolution|transformation|element|initial|state|right
10.1002/qute.202000028,trapped ion|ion|transport|trap|array|quantum|information|processor|task|manipulation|number|qubit|fidelity|degree|connectivity|array|trap|ion|gate|subset|ion|functionality|junction|segment|trap|array|ion|crystal|motion|ion|energy|gain|qubit|level|coherence|reorder|connectivity|scale|ion|quantum|information|processor
10.1126/sciadv.aay3050,quantum entanglement|quantum error correction|quantum processor|trapped ion|bell state|leakage|qubit|error|parity|measurement|information|error|scale|quantum|computation|qec|information|state|qubit|parity|measurement|error|information|qec|leakage|qubit|space|leakage|affect|platform|circuit|qubit|level|transmon|state|parity|measurement|markov|leakage|record|parity|measurement|outcome|qec|stabilization|parity|measurement|leakage|postselection|qubit|error|pauli|transformation|leakage|identification|leakage|track|correction
10.1103/PhysRevA.102.032611,trapped ion|phase|gate|dynamic|candidate|information|process|task|property|phase|qubit|phase|gate|gate|resistance|type|error|palmero|phy|rev|influence|quantum|fluctuation|phase|markov|regime|phase|loss|coherence|evolution|temperature|phase|influence|property|temperature|force|phase|gate|phase|state|temperature|dissipation|fidelity|robustness|qubit|phase|gate|error|type
10.1103/PhysRevA.101.052327,quantum algorithm|quantum algorithm|quantum algorithm|quantum device|trapped ion|adiabatic quantum|adiabatic quantum|algorithm|reinforcement|learn|role|advantage|reinforcement|algorithm|class|search|algorithm|improvement|success|probability|search|speedup|algorithm|path|encode|hamiltonian|path|transferability|algorithm|train|choice|clause|number|algorithm|clause|number|find|applicability|reinforcement|learn|quantum|algorithm|complexity|equivalence|circuit|algorithm|circuit|algorithm|hardware|lattice|qubit|device
10.1038/s41598-020-61766-w,quantum gate|trapped ion|qubit|entanglement|symmetry|realization|qubit|quantum|transform|qft|hamiltonian|symmetry|eigenvector|matrix|mode|magnitude|element|symmetry|qft|transition|spin|product|state|quantum|superposition|state|ion|trap|hamiltonian|symmetry|spin|spin|interaction|fidelity|resource|gate|adiabaticity|field
10.1103/PhysRevA.101.032330,quantum computer|quantum algorithm|trapped ion|trapped ion|theory|multiqubit|gate|algorithm|concatenation|gate|qubit|gate|decomposition|gate|sequence|qubit|register|size|gate|fidelity|qubit|register|fidelity|qubit|register|challenge|multiqubit|gate|gate|qubit|number|gate|gate|fidelity|mode|motion|ion|chain|regime|rate|ion|frequency|hamiltonian|analog|simulation|neighbor|spin|hamiltonian|schrieffer|heeger|hamiltonian
10.22331/q-2020-07-06-290,quantum algorithm|quantum state|quantum device|trapped ion|variational|preparation|quantum|datum|bus|ground|state|lattice|quantum|hamiltonian|interaction|qubit|datum|bus|qdb|center|mass|com|mode|qdb|scheme|pulse|resource|gate|resonant|couple|decoherence|disentangle|qdb|qubit|end|state|preparation|byproduct|optimization|ground|state|preparation|schrieffer|heeger|ion|temperature|com|mode
10.1038/s41467-020-14376-z,quantum gate|quantum circuit|quantum error correction|quantum error correction|quantum device|trapped ion|error|fidelity|ion|quantum|expectation|value|error|error|overhead|term|technology|error|estimation|expectation|value|quantum|error|mitigation|qubit|resource|quantum|error|mitigation|error|cancellation|ion|gate|fidelity|fidelity|break|point|gate|error|error|rate|qubit|gate|demonstration|possibility|fidelity|computation|term|par|quantum|error|mitigation|expectation|value|estimation|resource|author|error|cancellation|qubit|gate|error|rate|order|magnitude
10.1038/s41534-019-0235-y,quantum system|quantum system|quantum system|quantum system|quantum system|quantum system|trapped ion|ibm|experience|experimental|advent|scale|quantum|nisq|technology|landscape|modality|physics|nisq|device|ibm|experience|capability|platform|globe|ibm|experience|processor|computation|simulation|device|variety|theory|decade|number|experiment|task|platform|optic|resonance|nmr|cavity|quantum|electrodynamic|experiment|class|versatility|ibm|experience|processor|qubit|dynamic|markovian|evolution|principle|engineering|state|generation|revival|channel|capacity|memory|ibm|experience|processor
10.1073/pnas.2006103117,quantum device|quantum simulator|quantum simulator|trapped ion|quantum simulation|structure|factor|structure|factor|quantity|validity|description|importance|approximation|difficulty|way|hardness|evolution|hamiltonian|structure|factor|way|capability|variant|structure|factor|error|quantum|hamiltonian|insight|measurement|setup|determination|structure|factor|architecture|array|atom|rydberg|atom|qubit|term|scale|observation|feature|structure|factor|quantum|matter|presence|imperfection|size|simulation
10.1088/1367-2630/ab84b6,quantum computing|trapped ion|trapped ion|tweezer|ion|crystal|quantum|bit|qubit|coherence|fidelity|quantum|manipulation|size|task|purpose|limitation|scalability|array|scheme|architecture|principle|number|ion|qubit|overhead|size|scheme|idea|trap|architecture|size|stabilisation|ion|crystal|tweezer|cool|information|illumination|tweezer|spectrum|ion|frequency|ground|structure|array|excitation|position|fluctuation|gate|gate|behaviour|sub|array|tweezer|part|crystal
10.1002/qute.202000027,quantum computer|quantum computing|trapped ion|trapped ion|trapped ion|qubit|cost|connectivity|scale|quantum|nisq|device|factor|power|qubit|algorithm|connectivity|architecture|rout|algorithm|comparison|swap|rout|algorithm|error|circuit|depth|quantum|volume|device|function|parameter|metric|volume|qubit|gate|cost|connectivity|relative|bind|connectivity|metric|grid|device|architecture|parameter|cost|connectivity
10.1038/s41586-020-2811-x,quantum computer|quantum state|quantum sensor|quantum sensor|control|ion|qubit|integration|control|technology|route|ion|basis|fidelity|quantum|information|accuracy|space|optic|ion|control|portability|scalability|surface|ion|trap|waveguide|grating|coupler|wavelength|light|ionization|gate|preparation|detection|qubit|laser|light|violet|infrare|chip|fibre|array|path|qubit|coherence|platform|vibration|demonstration|cmos|surface|trap|fabrication|packaging|qubit|coherence|advance|ion|clock|way|control|number|ion|information|process
10.1038/s41586-020-2667-0,quantum computer|quantum computing|quantum error correction|quantum error correction|quantum processor|quantum processor|correction|qubit|loss|gate|relie|qubit|decoherence|noise|error|algorithm|requirement|scale|fault|information|processor|error|carrier|information|information|loss|error|rate|error|cycle|qubit|loss|detection|correction|instance|surface|ion|correction|demolition|measurement|qubit|probe|qubit|quantum|disturbance|qubit|qubit|loss|recovery|procedure|information|encode|qubit|demonstration|ion|protocol|architecture|error|correct|code|code|toolbox|correction|qubit|loss|error|build|block
10.1088/1367-2630/ab8830,quantum computer|quantum algorithm|trapped ion|trapped ion|signal|process|compilation|rotation|quantum|logic|gate|control|qubit|experiment|molmer|gate|ise|interaction|pair|qubit|sequence|gate|qubit|gate|qubit|connection|quantum|signal|process|rotation|qubit|qubit|state|rotation|gate|control|qubit|gate|toffoli|gate|qubit|ancilla
10.1103/PhysRevLett.125.050402,quantum phase transition|component|multicriticality|existence|component|multicriticality|qubit|boson|qubit|mode|bosonic|field|interplay|bias|boson|qubit|couple|phase|diagram|phase|boundary|order|phase|bias|configuration|signature|multicriticality|series|universality|class|point|ion|realization|potential|phenomenon|number|ion|way|universality|class|experiment
10.1038/s41467-020-19074-4,quantum processor|quantum processor|drift|information|processor|information|processor|potential|error|error|tool|error|mode|rate|mismatch|failure|error|mode|effort|dependence|series|datum|experiment|datum|simulation|ion|qubit|experiment|dependence|characterization|protocol|benchmarke|gate|set|tomography|ramsey|spectroscopy|experiment|instability|source|drift|control|instability|instability|error|obstacle|information|process|author|methodology|error|characterisation|protocol|ion|qubit
10.1088/1367-2630/ab8046,trapped ion|ion|trap|modulation|field|date|address|ion|qubit|rabi|transition|frequency|difference|ion|field|gradient|ion|transport|gate|qubit|gate|phase|difference|drive|field|address|ion|ion|crystal|modulation|gate|laser|field|gate|qubit|benchmarke|sequence|error|source|ion|experiment|limitation|experiment|foundation|control|ion|potential|well|gate|laser|beam
10.1088/1367-2630/ab9982,quantum measurement|quantum state|trapped ion|control|qubit|state|pulse|mode|laser|background|fluorescence|separation|scatter|emission|detection|frequency|electron|qubit|order|magnitude|detection|qubit|hyperfine|structure|bandwidth|pulse|hyperfine|split|excitation|state|selective|state|resolution|qubit|control|valence|electron|ion|electron|wavepacket|interference|readout|qubit|state|broadband|pulse|presence|amount|background|laser|scatter
10.1103/PRXQuantum.1.020316,quantum computer|quantum computing|quantum circuit|tweezer|gate|ion|string|ion|gate|gate|register|qubit|quantum|computation|ion|string|challenge|nature|mode|ion|qubit|qubit|couple|gate|phonon|mode|mode|potential|ion|tweezer|mode|subset|qubit|basis|gate|subset|parallel|scalability|ion|chain|chain|ion|control|realization
10.1038/s41467-020-17519-4,quantum computer|quantum algorithm|quantum system|quantum processor|quantum walk|quantum walk|quantum walk|quantum walk|quantum walk|quantum walk|automata|ion|formalism|framework|simulation|equation|dynamic|energy|regime|range|circuit|position|space|qubit|ion|space|walker|position|state|parameter|automaton|parameter|circuit|state|mapping|scale|algorithm|algorithm|dynamic|version|equation
10.1103/PhysRevA.101.042334,laser|ion|gate|insensitivity|decoherence|error|source|state|art|laser|ion|gate|decoherence|qubit|state|ion|motion|decoherence|mechanism|control|field|disadvantage|gate|speed|frequency|field|laser|gate|type|decoherence|control|field|cost|gate|speed
10.1103/PhysRevLett.124.010504,quantum computer|quantum state|quantum state|quantum device|quantum simulator|quantum simulator|trapped ion|verification|scale|protocol|verification|overlap|purity|fidelity|platform|measurement|product|basis|proof|principle|measurement|experiment|theory|fidelity|qubit
10.1103/PhysRevLett.124.240505,quantum system|quantum simulator|quantum simulator|quantum|information|ion|range|interaction|body|information|course|evolution|measurement|concept|interest|understand|body|dynamic|chaos|thermalization|demonstration|information|qubit|ion|range|spin|correlator|otocs|measurement|role|decoherence|measurement|simulation|renyi|entanglement|entropy
10.1103/PhysRevA.102.012618,quantum computing|trapped ion|trapped ion|computation|gate|microtrap|array|qubit|gate|microtrap|architecture|dimension|gate|neighbor|generalization|geometry|gate|fidelity|gate|ion|neighbor|trap|period|laser|repetition|rate|gate|duration|fidelity|gate|array|hundred|ion|usefulness|proposal|gate|simulation|mode|fermi|hubbard|chain|gate|pair|ion|geometry|scale|computation
10.1038/s41534-020-00300-2,quantum bit|quantum system|trapped ion|thermodynamic|ion|realization|quantum|thermodynamic|emergence|limit|law|thermodynamic|scenario|heat|exchange|transformation|evolution|notion|idealization|approximation|decoherence|interaction|environment|evolution|heat|term|liouville|superoperator|dynamic|consequence|condition|quantum|dynamic|absence|heat|exchange|connection|quantum|adiabaticity|family|heat|exchange|class|adiabaticity|energy|level|substance|heat|energy|dynamic
10.1103/PhysRevA.101.052333,quantum processor|quantum simulator|quantum simulation|eigensolver|ion|eigenstate|ground|state|hamiltonian|importance|proposal|quantum|eigensolver|heat|bath|cool|minima|lack|hamiltonian|quantum|scheme|eigensolver|scheme|ancilla|qubit|information|energy|reduction|optimization|parameter|eigensolver|ion|ground|state|preparation|rabi|hubbard|scheme|functionality|module|quantum|computation|task
10.1103/PhysRevApplied.14.024021,quantum system|estimation|amplitude|noise|qubit|sensor|band|control|fragility|nanoscale|output|signal|qubit|sensor|background|clutter|band|leakage|ambiguity|signal|origin|sensor|hardware|protocol|band|function|challenge|sense|noise|sensor|axis|isolation|target|noise|spectrum|contribution|axis|difference|control|modulation|sensor|response|band|windowe|frequency|estimation|capability|ion|qubit|sensor|reconstruction|dephase|spectrum|broadband|spectrum|spur|reconstruction|control|noise|spectra|set|measurement|set|noise|source|sensor|response|mean|sensor|presence|broadband|noise|environment|control|signal|constraint
10.1073/pnas.2006373117,quantum computer|quantum simulator|quantum simulator|quantum|optimization|range|ise|ion|simulator|advantage|counterpart|insight|body|optimization|satisfiability|depth|optimization|algorithm|qaoa|analog|ground|state|energy|field|range|interaction|range|qaoa|output|fidelity|shoot|qubit|measurement|algorithm|search|loop|optimization|parameter|ground|state|energy|ion|qubit|experiment|size|agreement|numeric|qaoa|size|runtime|number|qubit|error|step|path|qaoa|instance
10.1103/PhysRevA.101.052332,quantum computing|trapped ion|micromotion|gate|ion|radio|frequency|micromotion|resonant|couple|multi|gate|gate|gate|gate|resolution|sideband|scale|period|gate|micromotion|environment|fidelity|presence|micromotion|gate|radio|frequency|micromotion|fact|gate|absence|micromotion|state|force|laser|energy|shift|state|force|micromotion|enhancement|parameter|source|error|way|qubit|gate|architecture|micromotion|interion|axis
10.1103/PhysRevA.101.052328,quantum computing|trapped ion|trapped ion|gate|sequence|qubit|gate|information|processor|phase|procedure|fidelity|linear|paul|trap|microtrap|architecture|phase|optimization|cost|function|approximation|gate|dynamic|phase|optimization|equation|description|gate|dynamic|nonlinearity|coulomb|interaction|finite|laser|repetition|rate|gate|scheme|scheme|term|gate|speed|fidelity|laser|repetition|rate|gate|microtrap|architecture|scheme|order|magnitude|fidelity|proposal|impact|imperfection|gate|fidelity|error|bind|range|gate|speed
10.1063/5.0019892,trapped ion|photon|entanglement|scheme|zno|semiconductor|defect|ion|scheme|state|state|donor|qubit|path|erasure|photon|scheme|leverage|transition|frequency|donor|exciton|zno|transition|lifetime|state|zno|factor|mismatch|profile|photon|cavity|raman|scheme|donor|laser|pulse|photon|overlap|emission|emission|defect|transition|photon|shift|entanglement|rate|fidelity|excitation|scheme|parameter
10.1038/s41467-020-16790-9,quantum computer|quantum computer|quantum computer|quantum computer|quantum computer|quantum computing|quantum computing|arbitrary|gate|ion|pair|qubit|power|protocol|pair|qubit|ion|protocol|resource|size|control|pair|improvement|resource|state|art|protocol|software|ion|architecture|demand|protocol|variety|platform|author|protocol|pair|qubit|ion|protocol|resource|size|control|pair
10.1103/PhysRevLett.124.110501,quantum network|rate|fidelity|entanglement|qubit|entanglement|ion|qubit|quantum|fiber|link|fidelity|rate|gate|qubit|polarization|degree|freedom|photon|aperture|len|mode|fiber|beam|splitter|geometry|efficiency|photon|collection|unit|fidelity|ion|photon|entanglement|entanglement|fidelity|rate|success|probability
10.1364/OE.409667,quantum processor|trapped ion|observation|hong|mandel|interference|interface|aperture|len|excitation|ion|collection|photon|entanglement|generation|interference|experiment|photon|set|suppression|coincidence|window|photon|generation|pair|qubit|fiber|array|device|society|america|term|osa|access|publish|agreement
10.1103/PhysRevA.102.022412,quantum state|quantum state|quantum system|trapped ion|extraction|network|tomography|tomography|reconstruction|eigenstate|state|experiment|class|state|state|eigenstate|rank|approximation|scheme|state|tomography|state|tomography|machine|learn|state|tomography|network|representation|class|state|datum|experiment|qubit
10.1103/PhysRevA.102.022426,quantum gate|quantum error correction|quantum processor|quality|number|qubit|potential|term|machine|number|qubit|error|processor|task|quantum|error|detection|gate|imperfection|state|qubit|error|detection|gate|ion|platform|error|detection|gate|gate|error|nature|detection|computation|end|error|flag
10.1007/s00340-019-7366-x,trapped ion|trapped ion|neutral atom|discrimination|estimation|source|qubit|noise|source|qubit|field|noise|laser|frequency|noise|ramsey|experiment|linewidth|noise|transition|field|sensitivity|error|propagation|theory|linewidth|noise|advantage|transition|linewidth|laser|frequency|noise|field|noise|field|noise|noise
10.1103/PhysRevApplied.13.024022,quantum computing|trapped ion|phase|gate|error|gate|gate|fidelity|scheme|error|gate|excitation|oscillator|robustness|benefit|phase|shift|control|field|gate|gate|mode|user|gate|fidelity|range|parameter|qubit|reduction|gate|error|presence|error|source|framework|robustness|laser|amplitude|frequency|error|capability|identification|experiment|improvement|error|susceptibility|phase|gate
10.1038/s41586-020-2823-6,quantum processor|multi|quantum|logic|information|process|improvement|respect|error|rate|gate|scale|quality|qubit|term|optic|control|barrier|planar|optic|ion|trap|device|optic|surface|ion|trap|fidelity|quantum|logic|gate|element|scale|entanglement|computation|light|trap|chip|environment|fibre|couple|channel|need|beam|alignment|vacuum|cryostat|robustness|vibration|beam|drift|ground|state|laser|cool|ion|motion|gate|ion|state|fidelity|cent|hardware|noise|drift|logic|route|parallelization|fidelity|device|ion|quantum|sense
10.1038/s41467-021-24693-6,quantum bit|quantum algorithm|quantum system|quantum system|trapped ion|space|dimension|spin|quantum|technology|change|information|process|future|challenge|number|qubit|quantum|property|level|encode|capacity|qubit|way|amount|information|number|object|kue|possibility|device|circuit|qudit|number|state|race|quantum|technology|world|platform|photon|superconducte|silicon|circuit|magnet|read|magnet|centre|magnet|architecture|dimension|space|possibility|magnet|candidate|quantum|technology|ease|manufacture|potential|qudit|biard|spin|terbium|atom|space
10.1063/5.0059966,quantum network|quantum network|trapped ion|trapped ion|trapped ion|trapped ion|band|photon|stage|frequency|conversion|fiber|photon|telecommunication|wavelength|qubit|distance|candidate|fidelity|qubit|gate|coherence|ability|photon|ion|qubit|state|photon|wavelength|telecommunication|fiber|conversion|photon|dipole|transition|ion|telecommunication|band|step|distance|internet|license|aip|publish
10.1063/5.0073136,trapped ion|excitation|ytterbium|ion|laser|pulse|realization|qubit|gate|sideband|gate|speed|frequency|gate|laser|speed|limit|state|photon|recoil|kick|sequence|counter|resonant|pair|gate|speed|component|gate|protocol|excitation|ion|transition|resonant|pulse|population|transfer|picosecond|laser|transition|ghz|detune
10.1103/PhysRevLett.127.143201,quantum computing|trapped ion|trapped ion|quantum simulation|realization|cool|crystal|platform|information|science|circuit|depth|evolution|importance|ion|crystal|runtime|state|qubit|necessity|cool|cool|ion|chain|beam|ion|choice|ion|oscillation|mode|chain|fraction|ion|doppler|limit|experiment|step|information|process|ion|crystal
10.1364/PRJ.434217,trapped ion|quantum machine learning|quantum machine learning|realization|image|classifier|tensor|network|machine|intractability|applicability|dimension|art|experiment|classification|life|image|qubit|tensor|network|representation|hand|digit|entanglement|optimization|classification|hand|zero|one|feature|tensor|network|representation|optimization|entanglement|entropy|qubit|state|image|classification|success|rate|gate|gate|measurement|photon|realization|nitrogen|vacancy|center|spin|scheme|encode|feature|tensor|product|representation|stage|quantum|classification|laser|press
10.3390/sym13122243,trapped ion|trapped ion|fisher|information|correlation|decoherence|lamb|dicke|nonlinearity|information|process|atom|engineering|property|ability|correlation|correlation|dynamic|quantum|fisher|information|quantum|uncertainty|negativity|engineering|ion|diploe|qubit|lamb|dicke|regime|center|mass|mode|state|ion|correlation|lamb|dicke|nonlinearity|nonclassicality|center|mass|mode|ion|couple|decoherence|change|correlation|stability|lamb|dicke|nonlinearity|nonclassicality|ion|couple|decoherence
10.1038/s41565-021-00925-0,quantum computing|quantum computing|quantum computing|quantum algorithm|quantum entanglement|quantum entanglement|quantum entanglement|quantum error correction|quantum state|quantum state|quantum system|trapped ion|quantum|tomography|qubit|state|silicon|property|resource|scale|error|accumulation|concept|step|error|correction|creation|multipartite|entanglement|benchmark|platform|nitrogen|vacancy|centre|diamond|candidate|scale|device|silicon|spin|qubit|nanofabrication|capability|scale|coherence|fidelity|temperature|spin|qubit|greenberger|zeilinger|state|disorder|array|spin|qubit|silicon|state|fidelity|measurement|greenberger|zeilinger|class|state|potential|silicon|spin|qubit|platform|multiqubit
10.1088/2058-9565/ac1c41,superconducting qubit|trapped ion|automata|complexity|goldilock|automata|bit|behavior|fractal|number|generator|computation|automata|qca|complexity|sense|complexity|science|biology|sociology|economic|qca|exhibit|complexity|goldilock|rule|activity|stasis|goldilock|feature|breather|network|structure|dynamic|complexity|entropy|fluctuation|day|platform|rydberg|array|goldilock|protocol|link|complexity|science|quantum|computation|qca
10.1088/1361-6455/ac2984,quantum computing|quantum network|quantum network|trapped ion|ion|frequency|qubit|correlation|range|process|node|computation|communication|task|property|construction|node|information|min|fidelity|logic|gate|qubit|ion|photon|couple|ion|photon|ultraviolet|frequency|distance|fibre|network|experiment|conversion|photon|frequency|telecom|band|attenuation|silica|fibre|qubit|frequency|polarization|decoherence|noise|conservation|energy|date|ion|frequency|qubit|entanglement|frequency|ion|photon|entanglement|protocol|correlation|fidelity|purpose|spectrometer|robustness|decoherence|setup|qubit|entanglement|quality|ion|photon|correlation|frequency|conversion|telecom|band
10.1016/j.optlastec.2021.107190,trapped ion|quantum|computation|user|qubit|gate|quantum|computation|bqc|user|ability|task|aid|quantum|server|user|input|output|algorithm|server|bqc|client|ability|qubit|broadbent|fitzsimon|kashefi|client|qubit|measurement|morimae|bqc|user|qubit|gate|protocol|user|kind|qubit|gate|feasibility|question|protocol|qubit|gate|user|circuit|user|ability|qubit|gate|chance|setup|qubit|gate|gate
10.1103/PRXQuanttun.2.020331,trapped ion|trapped ion|trapped ion|interface|ion|qubit|photon|efficiency|efficiency|limit|interface|qubit|qubit|cavity|ion|photon|cavity|output|probability|limit|photon|collection|probability|emitter|cavity|emitter|structure|cavity|parameter|probability|ion|fiber|photon|increase|generation|detection|photon|ability|multiphoton|source|comparison|probability|bind|emitter|photon|collection|absorption|quantum|matter
10.1140/epjqt/s40507-021-00105-y,superconducting qubit|quantum sensor|trapped ion|machine|algorithm|quantum|phase|estimation|scale|quantum|phase|estimation|quantum|sense|metrology|machine|learn|algorithm|precision|phase|estimation|qubit|sensor|evolution|particle|swarm|optimization|pso|algorithm|task|feedback|policy|holevo|variance|scheme|respect|scenario|telegraph|fluctuation|fringe|visibility|decoherence|robustness|noise|connection|setup|mach|zehnder|interferometry|photon|interferometry|nitrogen|vacancy|center|diamond
10.1038/s41567-021-01237-9,superconducting qubit|trapped ion|amplification|boson|interaction|interaction|quantum|object|information|formation|quantum|paradigm|quantum|object|quantum|excitation|interaction|photon|interaction|colour|centre|phonon|interaction|microwave|boson|interaction|principle|drive|boson|channel|drive|quantum|object|variety|laboratory|amplification|boson|interaction|ion|qubit|modulation|amplification|increase|interaction|strength|speed|qubit|gate|amplification|platform|modulation|boson|channel|exploration|parameter|regime|information|process
10.1038/s41534-021-00396-0,trapped ion|trapped ion|precision|address|control|precision|manipulation|quantum|particle|information|process|qip|laser|ion|crosstalk|manipulation|ion|qubit|micron|level|separation|ion|susceptibility|aberration|wavelength|ion|specie|challenge|precision|individual|address|lambda|hologram|precision|situ|aberration|characterization|hologram|transformation|algorithm|ifta|intensity|crosstalk|error|address|profile|ion|scheme|hardware|ion|ion|species|quantum|platform
10.1103/PhysRevX.11.031049,quantum computer|quantum computer|quantum circuit|quantum processor|quantum device|trapped ion|cross|verification|brink|capability|computer|question|simulation|principle|measurement|computation|input|size|depth|structure|consistency|check|quantum|computation|device|device|protocol|state|art|architecture|resonance|circuit|photon|qubit|circuit
10.1103/PhysRevA.103.012603,trapped ion|fidelity|shift|gate|clock|state|qubit|date|fidelity|quantum|logic|gate|qubit|phase|gate|variant|molmer|gate|shift|gate|advantage|challenge|phase|clock|state|qubit|gate|feature|mhz|dipole|transition|gate|clock|state|gate|fidelity|laser|power|wavelength|gate|infidelity|noise|model|path|gate|fidelity
10.1103/PhysRevA.103.032224,superconducting qubit|trapped ion|quantum|automata|evolution|coarse|graining|procedure|procedure|coarse|grain|color|quantum|automata|goldilock|rule|procedure|spacetime|automaton|qca|cell|size|state|cell|border|dynamic|dynamic|border|state|signal|dynamic|size|cell|product|toy|analogous|stoke|law|space|limit|automaton|converge|hamiltonian|qca|day|quantum|platform|rydberg|array|way|understand|resolution
10.1103/PhysRevApplied.15.024054,trapped ion|laser|pulse|repetition|rate|multiwatt|power|ion|entanglement|gate|qubit|gate|gate|relie|ion|sideband|laser|light|way|gate|protocol|laser|gate|speed|order|magnitude|realization|gate|gate|challenge|laser|source|shelf|gate|source|comb|source|burst|mode|pulse|energy|ghz|repetition|rate|complie|requirement|qubit|gate|gate|ultraviolet|pulse|passage|ion|applicability|laser|gate|simulation|source|parameter|trap|period|error
10.1103/PRXQuantum.2.030334,quantum computer|quantum computer|quantum computing|quantum circuit|quantum device|quantum device|trapped ion|quantum simulation|quantum simulation|lattice|gauge|theory|upswing|power|future|field|quantum|advantage|potential|gauge|theory|particle|interaction|way|challenge|resource|term|scheme|ground|state|property|quantum|electrodynamic|qed|technology|protocol|lattice|perspective|lattice|simulation|energy|quantity|hadron|spectrum|continuum|theory|matter|gauge|field|truncation|opportunity|day|quantum|hardware|vqe|protocol|field|step|couple|qed|instance|qubit|hardware|vqe|experiment|measurement|budget|condition|feasibility|platform|advancement|hardware|way|capability|simulation
10.1103/PhysRevA.104.012606,trapped ion|qubit|state|detection|electron|manifold|qubit|state|quantum|computation|lifetime|sensitivity|field|resonant|scatter|detection|measurement|fidelity|fluorescence|yield|need|hardware|bottleneck|number|qubit|detection|routine|electron|issue|reduction|ion|detection|error|avalanche|photodiode|detection|period|error|reduction|electron|multiply|camera|error|characterization|repump|transition|reset|state|detection|fidelity|limit|state|reduction|error|detector|rate|setup|detection|speed|information|process|pathway|fidelity|detection
10.1103/PhysRevA.103.052437,quantum algorithm|trapped ion|trapped ion|fidelity|step|bit|toffoli|gate|multiqubit|gate|component|phy|rev|step|multiqubit|gate|toffoli|gate|combination|interaction|control|qubit|field|target|qubit|platform|interaction|phonon|ion|crystal|interaction|field|gate|entanglement|qubit|motion|ion|fidelity|switch|phonon|ise|interaction|ground|state|cool|spin|echo|phase|accumulation|fidelity|gate|mode|crystal|fidelity|qubit|rotation|ion|ground|state|motion|gate|laser|intensity|fluctuation|gate|intensity|stabilization|subpercentage|noise|level|fidelity|crystal|gate|gate|variant|qubit|toffoli|gate|expense|ground|state|cool|ion|crystal
10.1088/2058-9565/ac070d,readout|qubit|encode|qubit|oscillator|build|block|fault|quantum|computation|encode|ion|circuit|gate|qubit|homodyne|detection|readout|qubit|majority|readout|fidelity|read|qubit|readout|fidelity|order|magnitude|fidelity|homodyne|detection|regime
10.1103/PRXQuantum.2.040338,characterization|crosstalk|error|gate|set|tomography|crosstalk|source|failure|multiqubit|quantum|information|processor|range|phenomenon|correlation|error|device|hardware|characterization|protocol|presence|crosstalk|information|crosstalk|error|article|gate|set|tomography|protocol|characterization|gate|crosstalk|error|information|processor|qubit|ion|processor|qubit|subsystem|transmon|processor
10.1038/s41586-021-03809-4,quantum computing|quantum computing|quantum processor|trapped ion|trapped ion|trapped ion|fidelity|laser|control|qubit|control|qubit|ability|qubit|qubit|resource|qubit|ion|fidelity|qubit|qubit|control|qubit|laser|ion|respect|laser|fidelity|laser|scalability|microwave|technology|communication|laser|fidelity|laser|control|ion|qubit|antisymmetric|state|fidelity|cent|confidence|level|initialization|error|scheme|radiofrequency|field|gradient|microwave|field|source|decoherence|specie|scheme|potential|gate|pair|ion|scale|ion|control|signal|power|complexity|technology|power|laser|light|trap|trap|photon|detector|qubit|opportunity|fidelity|chip|ion
10.1103/PhysRevLett.126.153602,preparation|vacuum|rabi|interaction|state|oscillator|resource|quantum|sense|computation|communication|generation|approximation|vacuum|state|antisqueeze|oscillator|qubit|gate|rabi|type|interaction|hamiltonian|interaction|circuit|ion|platform|protocol|protocol|oscillator|variable|fault|quantum|computation
10.1103/PhysRevLett.126.010501,trapped ion|trapped ion|state|readout|qubit|trap|photon|detector|fidelity|state|readout|qubit|trap|photon|detector|qubit|state|ion|surface|electrode|ion|trap|state|ion|fluorescence|photon|photon|detector|trap|structure|readout|fidelity|readout|duration|polarization|impurity|readout|laser|beam|resonant|pump|element|ion|detector|ion|fluorescence|self|photon|source|detector|quantum|efficiency|dependence|photon|incidence|angle|polarization
10.1103/PhysRevA.103.062614,fidelity|detection|ion|qubit|qubit|state|detection|part|computation|number|qubit|register|increase|fidelity|detection|multiqubit|state|demonstration|fidelity|detection|multiqubit|ion|register|qubit|detection|error|qubit|state|detection|error|decay|lifetime|qubit|photon|camera|datum|collection|resolution|crosstalk
10.1088/1361-6455/ac076c,quantum system|quantum processor|susceptibility|ion|qubit|dose|radiation|source|susceptibility|ion|radiation|ion|trap|apparatus|variety|alpha|beta|gamma|source|change|ion|qubit|lifetime|coherence|gate|fidelity|heating|rate|degradation|ion|trap|presence|dose|radiation|source|measurement|find|term|prospect|ion|information|environment|error|ion
10.1103/PhysRevLett.126.220503,quantum computer|quantum computer|quantum computer|quantum computing|quantum processor|qubit|gate|ion|order|quantum|advantage|power|requirement|qubit|gate|parameter|gate|qubit|gate|phase|space|closure|gate|principle|amount|gate|fidelity|save|power|turn|increase|gate|speed|qubit|connectivity|pulse|gate|pair|ion|ion|chain|architecture|parameter|regime|gate|pulse|order|magnitude|power|robustness|drift|trade|principle|ion
10.1103/PhysRevLett.127.260502,quantum computing|quantum computing|trapped ion|trapped ion|tweezer|field|architecture|tweezer|qubit|state|potential|field|field|range|qubit|qubit|interaction|center|mass|motion|ion|crystal|ion|crystal|scheme|ground|state|cool|lamb|dicke|approximation|cool|ion|crystal|role|qubit|motion|entanglement|prospect|state|tweezer|laboratory
10.1088/1367-2630/ac09c8,trapped ion|trapped ion|w state|w state|preparation|protocol|entanglement|ion|qubit|scheme|cool|dissipation|mechanism|scheme|interference|ion|qubit|space|magnesium|ion|crystal|protocol|error|source|motion|ion|crystal|calibration|imperfection|photon|scatter|fidelity|experiment|interaction|protocol|hierarchy|preparation|state
10.1063/5.0069544,quantum computer|quantum computing|quantum processor|trapped ion|trapped ion|trapped ion|omg|blueprint|state|counterpart|qubit|encode|task|way|access|encode|specie|encode|capability|species|state|specie|set|primitive|protocol|scale|gate|license|aip|publish
10.1103/PhysRevLett.126.250506,trapped ion|quantum|oscillator|noise|oscillator|modem|quantum|technology|frequency|noise|spectrum|oscillator|qubit|qubit|state|displacement|noise|spectrum|series|drive|phase|amplitude|modulation|pattern|conjunction|datum|fusion|routine|optimization|identification|noise|frequency|sensitivity|fluctuation|level|range|quasi|khz
10.1038/s41586-021-03318-4,quantum computer|quantum computer|quantum computer|demonstration|ion|quantum|computer|architecture|ion|quantum|charge|device|blueprint|ion|qubit|charge|device|camera|information|charge|pixel|computer|store|information|state|ion|process|zone|field|promise|architecture|error|rate|ion|interaction|ion|crystal|ion|crystal|crystal|interaction|transport|timescale|coherence|qubit|insensitivity|qubit|state|ion|field|transport|crosstalk|crystal|machine|gate|interaction|zone|error|difficulty|progress|architecture|qubit|number|surface|trap|element|architecture|trap|interaction|zone|ion|transport|ion|error|rate|ion|crystal|cnot|gate|circuit|crosstalk|error|architecture|path
10.1103/PhysRevApplied.16.024057,quantum computer|quantum computer|quantum error correction|demonstration|shor|ion|fault|qec|power|qec|code|qubit|qubit|error|qubit|level|ion|qubit|greenberger|zeilinger|state|measurement|state|shor|code|fidelity|encode|gate|error|state|preparation|state|code|size|error|rate|encode|shor|code|qubit|ion|chain|comparison|fidelity|state
10.1103/PhysRevX.11.041058,quantum computer|quantum error correction|realization|fault|error|scale|quantum|computation|level|function|level|primitive|qubit|qubit|gate|measurement|subset|qubit|process|measurement|outcome|ability|gate|gate|measurement|qubit|quantum|charge|device|ion|qubit|color|code|phy|rev|lett|qubit|eigenstate|basis|encode|circuit|state|preparation|measurement|spam|error|spam|error|qubit|syndrome|measurement|qubit|decoder|correction|software|pauli|frame|gate|procedure|coherence|qubit|memory|qubit|gate|state|error|rate|threshold|state|distillation|level|simulation|hardware|upgrade|pseudothreshold
10.1038/s41586-021-03928-y,quantum error correction|quantum system|quantum system|trapped ion|fault|control|error|qubit|information|degree|freedom|detection|correction|error|control|complexity|qubit|fault|circuit|spread|error|qubit|error|suppression|fault|principle|error|noise|characteristic|fault|circuit|preparation|measurement|rotation|stabilizer|measurement|shor|qubit|qubit|fault|protocol|protocol|reduction|error|rate|primitive|presence|noise|fault|state|preparation|measurement|error|cent|clifford|gate|error|cent|error|correction|addition|state|fidelity|distillation|qubit|ingredient|fault|control|fault|circuit|primitive|qubit|gate|measurement|qubit
10.1007/s40042-020-00050-6,trapped ion|control|ion|state|thermometry|decoherence|ion|quadrupole|ion|trap|mode|laser|frequency|comb|transition|ground|hyperfine|qubit|state|doppler|ion|qubit|transition|counter|laser|beam|geometry|geometry|coherence|fidelity|gate|gate|advantage|phonon|number|sensitivity|rabi|frequency|geometry|center|mass|temperature|doppler|limit|thermometry|ion|trap|experiment
10.1038/s41534-021-00380-8,quantum device|quantum simulator|quantum simulator|quantum simulator|quantum simulation|verification|protocol|analog|analog|term|verification|device|comparison|simulation|task|size|regime|set|verification|protocol|analog|sensitivity|variety|error|source|scalability|size|protocol|qubit|ion|analog|qubit
10.1088/2058-9565/abf718,quantum computer|quantum computer|quantum computer|quantum computing|quantum gate|quantum circuit|calibration|gate|ion|power|fidelity|end|context|qubit|mapping|circuit|qubit|qubit|gate|metric|fidelity|execution|capability|ion|qubit|connectivity|number|budget|fidelity|batch|input|quantum|program|allocation|calibration|resource|gate|heuristic|increase|range|calibration|budget|fidelity|batch|job|qubit|device|fidelity|gate|heuristic|order|magnitude|benchmark|circuit|world
10.1103/PhysRevLett.126.250507,trapped ion|oscillator|spectrum|analyzer|characterization|suppression|noise|control|oscillator|quantum|regime|noise|spectrum|oscillator|frequency|oscillator|resonance|response|drive|qubit|motion|sensitivity|khz|noise|spectrum|ion|trap|potential|range
10.1103/PhysRevLett.127.240501,quantum computer|quantum system|stabilizer|parity|qubit|memory|variant|shor|code|axis|error|repetition|code|structure|shor|code|basis|state|channel|information|qubit|error|stabilizer|measurement|sign|stabilizer|generator|error|quantum|error|code|repetition|code|distance|error|factor|improvement|qubit|ion|distance|version|shor|code|variant|decoherence|subspace|noise
10.1038/s42005-021-00751-9,quantum computer|quantum computer|quantum computer|quantum computer|trapped ion|structure|simulation|ion|decomposition|decomposition|size|limitation|hardware|largescale|structure|simulation|atom|hydrogen|ring|fragment|potential|material|drug|discovery|structure|calculation|aspect|resource|hardware|end|end|pipeline|resource|accuracy|density|matrix|theory|decomposition|ion|trap|ring|hydrogen|atom|electron|qubit|qubit|hardware|decomposition|qubit|cluster|circuit|ansatz|circuit|optimization|density|matrix|purification|energy|curve|agreement|configuration|interaction|energy|basis|set|demonstration|potential|decomposition|molecule|hardware
10.1103/PhysRevA.104.062405,quantum device|measurement|phase|transition|ion|circuit|rise|exploration|circuit|physics|candidate|class|circuit|dynamic|measurement|phase|transition|entanglement|regime|state|property|phenomena|ion|hardware|contender|realization|physic|qubit|gate|rate|measurement|circuit|progress|precision|address|ion|rate|measurement|circuit|tensor|network|simulation|class|circuit|gate|volume|law|area|law|transition|entanglement|entropy|hallmark|measurement|phase|transition|simulation|exponent|circuit|size|ten|qubit|thousand|gate|transition|source|exper|noise|ion|hardware|requirement|postselection|role|tensor|network|simulation|frontier|phenomenon
10.1103/PRXQuantum.2.040359,quantum coherence|quantum system|quantum device|trapped ion|trapped ion|coherence|state|foundation|departure|physics|superposition|basis|state|superposition|state|procedure|positive|state|scheme|interference|pattern|measurement|qubit|state|number|state|series|threshold|value|interference|pattern|level|coherence|control|scale
10.1103/PhysRevA.103.022427,wavelength|multispecie|gate|ion|scheme|entanglement|alkaline|earth|ion|error|rate|range|laser|wavelength|ultraviolet|extension|ion|multispecie|entanglement|element|wavelength|phase|gate|ground|state|qubit|level|shift|entangle|gate|principle|error|source|gate|scheme|photon|scatter|emission|decoherence|qubit|gate|error|rate|duration|laser|beam|intensity|portion|spectrum|assortment|ion|pair|advantage|disadvantage|ion|gate|information|process|simulation|multispecie|ion|crystal
10.1038/s41534-021-00456-5,quantum computer|quantum computer|quantum state|trapped ion|quantum machine learning|quantum machine learning|classification|year|area|world|pursuit|goal|state|art|algorithm|quantum|hardware|demonstration|guarantee|efficiency|quantum|centroid|classifier|datum|distance|estimation|qubit|ion|quantum|machine|accuracy|centroid|classifier|mnist|digit|accuracy|datum
10.1103/PhysRevLett.127.020502,quantum computer|quantum computer|quantum algorithm|quantum algorithm|quantum system|quantum processor|trapped ion|quantum simulation|variable|simulation|body|finite|temperature|variable|finite|temperature|algorithm|complexity|temperature|accuracy|temperature|phase|diagram|quantum|ise|crossover|phase|diagram|ring|qubit|algorithm|protocol
10.1103/PhysRevLett.127.130505,bell state|fidelity|entanglement|state|preparation|qubit|entanglement|generation|ion|phase|gate|molmer|shift|gate|variant|shift|scheme|qubit|level|frequency|sawyer|brown|phy|rev|demonstration|gate|pair|ion|surface|ion|trap|power|yag|laser|infidelity|subtraction|error|gate|laser|wavelength|suppresse|photon|error
10.1038/s41534-021-00446-7,riemann|zero|floquet|ion|qubit|zero|riemann|zeta|function|object|number|theory|number|attention|physicist|matrix|theory|quantum|chaos|decade|observation|riemann|zero|ion|qubit|paul|trap|microwave|field|waveform|drive|dynamic|ion|parameter|component|zeta|function|drive|amplitude|location|riemann|zero|degree|accuracy|embodiment|object|quantum|realm
10.1103/PhysRevA.103.052426,quantum state|entanglement|generation|detection|stabilizer|generation|verification|scale|entanglement|quantum|technology|scheme|multipartite|entanglement|number|qubit|interaction|platform|ion|atom|order|entanglement|output|stabilizer|formalism|witness|algorithm|witness|number|measurement|set|noise|level|perspective|trade|experiment|efficiency|detection|robustness
10.1007/s11082-021-03239-6,quantum entanglement|trapped ion|trapped ion|functionality|qutrit|quadrit|entanglement|phonon|quantum|qudit|level|ion|photon|configuration|space|quantum|entropy|measure|correlation|entanglement|second|rate|set|lamb|dicke|parameter|ldp|value|entropy|value|table|find|eta|death|entanglement|qudit|qubit|qutrit|qutrit|quadrit|birth|entanglement|ldp|quantity|quantum|entropy|degree
10.1103/PhysRevApplied.16.024039,quantum computer|optimization|frequency|pulse|qubit|gate|ion|qubit|gate|ion|spin|force|state|ion|motion|laser|pulse|gate|ion|entanglement|motion|ion|quality|gate|parameter|robustness|frequency|molmer|gate|mode|frequency|offset|range|error|batch|optimization|frequency|gate|parameter|condition|simulation|ion|ion|chain
10.1103/PhysRevD.104.054507,quantum computer|quantum computer|trapped ion|quantum|calculation|phase|shift|wave|packet|delay|phase|shift|evolution|stage|collision|order|delay|wave|packet|procedure|state|behavior|transform|state|preparation|measurement|dimension|device|ibm|quantum|computation|delay|particle|quantum|mechanic|limit|field|theory|formulation|finite|volume|formula|delay|shift|qubit|calculation|possibility|scale|computation|future
10.1103/PhysRevLett.126.083604,quantum state|quantum system|trapped ion|trapped ion|quantum phase transition|determination|point|point|hamiltonian|parity|reversal|symmetry|potential|capability|metrology|power|law|sensitivity|perturbation|ability|dissipation|dynamic|phase|symmetry|phase|qubit|location|parameter|eigenvalue|way|parameter|region|density|matrix|tomography|magnitude|frequency|phase|perturbation|enhancement
10.1088/2058-9565/ac0543,quantum|tomography|molmer|gate|beam|framework|quantum|tomography|ion|interaction|modulation|pulse|laser|beam|ion|address|identity|delay|error|contribution|laser|decoherence|qubit|frequency|drift|tomography|experiment|framework|ion|molmer|gate|entanglement|state|tomography|measurement|prediction|noise|characterization|ion|quantum|extraction|information|error|convenience|tomography|gate|ion
10.22331/q-2021-06-29-487,quantum gate|quantum error correction|quantum error correction|trapped ion|suppression|fault|qubit|information|processor|source|noise|imperfection|error|ability|computation|quantum|computation|qec|crosstalk|error|quantum|architecture|string|ion|radio|frequency|trap|laser|beam|type|error|spectator|qubit|qubit|set|qubit|crosstalk|error|principle|importance|error|model|crosstalk|gate|level|impact|crosstalk|error|fault|qec|target|value|term|ion|experiment|break|point|qec|distance|code
10.1103/PhysRevA.104.013302,quantum simulator|trapped ion|trapped ion|quantum simulation|engineering|spin|spin|interaction|tweezer|interaction|ion|tweezer|wave|spectrum|crystal|interaction|connectivity|ion|qubit|power|law|interaction|setup|feasibility|proposal|tweezer|set|trap|parameter|tweezer|pattern|target|spin|spin|interaction|pattern|crystal|ion|platform|family|spin|hamiltonian
10.1103/PRXQuantum.2.020304,quantum error correction|quantum error correction|quantum processor|certification|multipartite|entanglement|circuit|function|qec|circuit|fault|tolerance|checkpoint|qec|circuit|multipartite|entanglement|gme|subsystem|qubit|witness|gme|number|subsystem|noise|imperfection|detection|entanglement|number|bipartition|number|measurement|gme|procedure|state|hull|state|finesse|robustness|readout|stabilizer|operator|distance|color|code|flag|fault|version|circuit|combination|type|noise|noise|qubit|gate|depolarize|noise|bit|measurement|noise|standard|fidelity|test|pair|witness|robustness|translation|ion|gate|set
10.1038/s41534-020-00353-3,quantum computing|quantum computing|quantum computing|measurement|preparation|grid|state|speed|computer|task|challenge|fault|tolerance|computation|length|size|presence|noise|code|fault|qubit|grid|state|oscillator|code|quality|grid|state|grid|state|quality|fault|tolerance|protocol|grid|state|measurement|qubit|postselection|measurement|state|quality|measurement|preparation|protocol|grid|state|lattice|protocol|ion|superconducte|circuit|platform|quality|grid|state|interaction|noise|level
10.1103/PhysRevB.104.L180304,quantum error correction|quantum processor|quantum memory|repetition|code|block|period|crystal|crystal|dtcs|nonequilibrium|phase|matter|dynamic|feature|response|drive|fraction|frequency|experiment|dtcs|period|period|dynamic|subset|dtc|phase|dtcs|laboratory|challenge|dtcs|qubit|feature|dynamic|matter|phenomena|domain|connection|dtcs|scheme|dtcs|largeperiod|dynamic|size|proposal|array|chain|repetition|code|hardware|level|property|dynamic|ion|family|dtcs|future
10.1038/s41534-021-00489-w,quantum computer|quantum computer|quantum computing|power|gate|ion|qubit|gate|fidelity|efficiency|importance|power|entangle|gate|pair|qubit|ion|modulation|amplitude|frequency|phase|beam|ion|state|art|search|parameter|space|stabilization|parameter|fluctuation|order|cost|linear|order|power|gate|ion
10.1088/1367-2630/ac3db6,trapped ion|micromotion|minimization|ramsey|interferometry|stray|field|paul|trap|interferometry|sequence|qubit|interferometry|sequence|change|ion|equilibrium|position|trap|stiffness|stray|electric|field|sequence|pulse|ramsey|sequence|sequence|pulse|precision|stray|field|strength|state|art|level|sequence|pulse|stray|field|strength|measurement|sequence|laser|detune|area|error|interferometry|sequence|length|precision|field|uncertainty|quantum|limit|world|quantum|metrology|enhancement|micromotion|probe|laser|interferometry|sideband|experiment|access|protocol|clock|protocol
10.1088/1367-2630/ac2ae3,trapped ion|reaction|pathway|temperature|substitution|bed|ion|platform|information|science|gaebler|phy|rev|lett|reaction|background|gas|specie|qubit|loss|experiment|ion|specie|vacuum|product|reaction|react|loss|mechanism|temperature|reaction|ion|molecule|laser|ion|trap|resolution|flight|mass|spectrometer|schneider|phy|rev|appl|product|ion|product|cluster|single|triple|correlation|consistent|zeta|avtz|basis|set|abstraction|product|channel|reaction|temperature|displacement|product|channel|exothermicity|barrier|reaction|pathway|product|channel|exothermicity|reaction|pathway|vector|projection|light|origin|loss|contamination|laser|ion|quantum|information|experiment
10.1103/PhysRevA.104.042605,quantum gate|quantum gate|trapped ion|laserless|dipole|motion|state|molecule|microwave|frequency|dipole|transition|microwave|field|gradient|transition|motion|particle|capability|phonon|ion|qubit|laser|illumination|need|ground|state|speed|quantum|process|toolbox|dipole|motion|precision|microwave|control|state|qubit|coherence|qubit
10.1103/PhysRevA.104.062440,trapped ion|suppression|midcircuit|measurement|crosstalk|error|micromotion|midcircuit|measurement|reset|primitive|computation|gate|interaction|qubit|isolation|neighbor|qubit|challenge|measurement|laser|fluorescence|light|detection|beam|ion|source|decoherence|qubit|ion|micromotion|source|decoherence|order|magnitude|benchmarke|magnitude|error|qubit|honeywell|measurement|qubit|crosstalk|error|neighbor|qubit
10.1088/2058-9565/abcb5d,trapped ion|transverse|spin|motion|couple|information|laser|entanglement|qubit|spin|motion|coulomb|crystal|momentum|transfer|laser|spin|force|gradient|spin|light|interaction|force|parallel|laser|vector|beam|vector|difference|direction|magnitude|spin|motion|couple|momentum|laser|beam|gradient|transverse|profile|transverse|gradient|position|ion|beam|shape|strength|sideband|carrier|interaction|resonant|fidelity|role|experiment
10.1109/JPHOT.2021.3136502,quantum computing|quantum computing|quantum computing|quantum dot|quantum network|trapped ion|trapped ion|trapped ion|trapped ion|entanglement|state|analyzer|film|lithium|niobate|platform|candidate|coherence|ability|photon|fidelity|qubit|gate|entanglement|state|analyzer|platform|fidelity|entanglement|ion|entanglement|state|analyzer|film|lithium|platform|polarization|qubit|device|fidelity|entanglement|fidelity|coupler|polarization|power|split|ratio|variety|technology|device|spin|qubit|color|center|diamond|earth|ion
10.1103/PRXQuantum.3.010344,quantum computing|quantum processor|trapped ion|trapped ion|trapped ion|neutral atom|cavity|architecture|rydberg|array|hardware|architecture|protocol|cavity|scheme|rydberg|array|gate|qubit|entanglement|photon|transfer|cavity|fidelity|entanglement|cavity|quality|processor|chain|cavity|parameter|photon|entanglement|rate|order|magnitude|bottleneck|ion|scenario|entanglement|ion|chain|total|qubit|fidelity|rate|gate|ion|processor|rydberg|atom|array|thousand|connectivity|architecture|ten|thousand|qubit|cavity|capability|scale|quantum|era|algorithm|simulation|error|scheme
10.1103/PhysRevA.105.022623,quantum computer|quantum computing|quantum communication|quantum communication|quantum network|trapped ion|quantum repeater|quantum repeater|quantum repeater|species|ion|technology|platform|quantum|information|process|qubit|coherence|fidelity|quantum|logic|gate|qubit|potential|size|level|connectivity|qubit|trait|purpose|ion|processor|conjunction|hardware|rate|ion|network|regard|trap|specie|ion|ion|specie|ion|photon|entanglement|network|memory|lifetime|qubit|storage|distribution|architecture|repeater|species|ion|protocol|mode|multiplexing|distribution|line|network|repeater|protocol|rate|rate|repeater|ion|resource|repeater|rate|rate|constraint|number|repeater|number|ion|repeater|term|ion|distance
10.1103/PhysRevA.106.012405,trapped ion|graph state|graph state|graph state|graph state|graph state|graph state|graph state|verification|protocol|resource|state|measurement|computation|qubit|circuit|candidate|number|type|noise|quantum|property|noise|one|temperature|fidelity|ideal|temperature|temperature|measurement|property|protocol|protocol|measurement|set|noise|phase|flip|error|estimation|protocol|error|protocol|hyper|protocol|quantum|supremacy|demonstration|circuit|characterization|matter|qubit|noise
10.1038/s41567-022-01658-0,quantum computer|quantum computer|quantum system|quantum processor|quantum processor|quantum processor|trapped ion|trapped ion|quantum simulation|qudit|information|qubit|analogue|bit|hardware|information|carrier|structure|qubit|degree|freedom|energy|range|quantum|access|hilbert|space|qubit|act|qudit|space|dimension|simulation|qubit
10.1088/2058-9565/ac84a3,trapped ion|trapped ion|gate|address|way|gate|fidelity|scheme|speed|qubit|gate|limitation|trap|frequency|limit|gate|scheme|qubit|frequency|component|laser|beam|gate|gate|order|term|couple|carrier|transition|phase|gate|scheme|excitation|mode|limit|lamb|dicke|approximation|order|term|lamb|dicke|parameter|speed|limit|gate|address|requirement|gate|fluctuation|phase|phase|gate|scheme
10.1103/PhysRevA.105.022437,trapped ion|trapped ion|qubit|gate|error|electron|formula|error|mechanism|qubit|gate|electron|expression|field|inhomogeneity|qubit|gate|fidelity|expression|qubit|gate|error|frequency|shift|trap|anharmonicitie|field|inhomogeneity|heating|dephase|error|expression|infidelity|converge|simulation|formula|error|budget|fidelity|gate|simulation|project|derivation|qubit|state|state|ion|crystal|motion|state|basis|treatment|frequency|shift|trap|anharmonicitie|heating|dephase|laser|laser|gate|treatment|field|inhomogeneity|laser
10.1038/s41586-021-04182-y,quantum computer|quantum computer|quantum computer|quantum gate|quantum error correction|trapped ion|fault|tolerance|threshold|silicon|fault|error|correction|code|surface|gate|fidelity|error|correction|threshold|qubit|platform|nitrogen|vacancy|centre|requirement|electron|spin|qubit|scale|nanofabrication|capability|qubit|gate|fidelity|per|cent|qubit|gate|fidelity|cent|qubit|gate|fidelity|cent|silicon|spin|qubit|control|micromagnet|field|qubit|couple|qubit|rotation|speed|strength|fidelity|gate|jozsa|search|algorithm|success|rate|gate|set|gate|fidelity|fault|tolerance|threshold|silicon
10.1103/PhysRevA.105.L010402,trapped ion|body|noise|behavior|field|surface|source|decoherence|number|quantum|surface|nitrogen|vacancy|diamond|qubit|temperature|decay|phonon|excitation|exchange|atom|field|noise|mapping|noise|spectrum|fluctuator|level|level|dipole|interaction|fluctuator|surface|anharmonicity|noise|power|intensity|temperature|condition|noise|dynamic|fluctuator|behavior|correlation|fluctuator
10.1016/j.physleta.2022.128370,quantum computer|quantum computing|trapped ion|gate|ion|platform|qubit|coherence|gate|fidelity|number|ion|qubit|coulomb|crystal|difficulty|way|pathway|number|qubit|gate|sequence|state|kick|sdks|influence|sdk|sequence|influence|sdk|error|gate|fidelity|coherence|fidelity|gate|account|simulation|coherence|ion|microtrap|array|microtrap|array|dependency|gate|fidelity|laser|power|fluctuation|right
10.1103/PhysRevX.12.011040,quantum error correction|quantum error correction|quantum processor|quantum processor|trapped ion|neutral atom|element|atom|array|mode|gate|quantum|process|architecture|qubit|modality|fidelity|gate|path|size|architecture|platform|circuit|array|demonstration|array|element|nature|atom|crosstalk|control|nondemolition|number|qubit|element|atom|array|control|rubidium|cesium|atom|placement|array|site|crosstalk|element|element|array|gate|mode|atom|array|avenue|qubit|quantum|protocol|quantum|nondemolition|measurement|sensor
10.1103/PhysRevB.105.L140301,trapped ion|w state|volume|law|state|fermion|qubit|dissipation|preparation|stabilization|volume|law|state|fermionic|lattice|dimension|dimension|fermion|resource|neighbor|interaction|symmetry|realization|interaction|qubit|array|map|fermionic|existence|state|rainbo|idea|number|platform|circuit
10.1103/PhysRevX.12.011059,quantum state|quantum system|trapped ion|quantum|control|reinforcement|learn|bias|limitation|quantum|control|simulation|optimization|control|policy|limitation|circuit|reinforcement|agent|control|task|way|control|circuit|agent|parameter|trial|error|interaction|measurement|outcome|source|information|control|oscillator|ancilla|qubit|agent|measurement|observable|agent|state|control|control|adaptive|measurement|quantum|feedback|gate|qubit|agent|state|tomography|fidelity|estimation|term|sample|efficiency|numerical|relevance|circuit|platform|train|experiment|elimination|bias|adaptation|control|policy
10.1038/s41586-022-04854-3,superconducting qubit|superconducting qubit|quantum processor|trapped ion|quantum simulation|quantum simulation|digital|floquet|symmetry|phase|body|equilibrium|host|variety|phenomenon|equilibrium|thermodynamic|symmetry|experiment|signature|crystal|state|spin|observation|type|state|matter|floquet|symmetry|phase|array|correlation|response|edge|drive|cycle|circuit|depth|qubit|response|state|phase|boundary|floquet|symmetry|phase|simulation|phase|matter|scale
10.1088/2058-9565/ac7b41,trapped ion|numerical|optimization|amplitude|pulse|microwave|entanglement|generation|microwave|control|fidelity|qubit|gate|error|photon|scatter|microwave|conductor|trap|structure|chip|level|integration|control|amplitude|modulation|gate|drive|qubit|gate|mode|noise|imperfection|numerical|optimization|microwave|pulse|envelope|gate|pulse|noise|resilience|gate|energy|efficiency
10.1134/S0021364022601956,quantum computer|trapped ion|trapped ion|numerical|simulation|qubit|gate|finite|gate|error|qubit|gate|fidelity|equation|hamiltonian|ion|analyse|gate|error|lamb|dicke|approximation|finite|occupation|phonon|mode|ion|mode|entanglement|infidelity|qubit|gate|mode|occupation|lamb|dicke|parameter|rabi|frequency|number|ion
10.1007/s11128-022-03649-9,quantum computer|quantum computing|superconducting qubit|quantum circuit|quantum circuit|quantum circuit|quantum circuit|quantum circuit|quantum circuit|trapped ion|multi|template|compilation|toolchain|scale|nisq|scale|size|complexity|order|challenge|circuit|automation|mapping|architecture|one|optimization|article|template|optimization|purpose|proposal|compilation|toolchain|quantum|technology|resonance|toolchain|task|synthesis|qubit|gate|compilation|step|library|toolchain|procedure|subset|input|comparison|compiler|ibm|qiskit|cambridge|vertical|ket|toolchain|prototype|core|technology|synthesis|condition|toolchain|optimization|qubit|gate
10.1109/ACCESS.2021.3139085,quantum computer|quantum computer|quantum computer|quantum computing|quantum bit|quantum bit|superconducting qubit|shuttle|attack|defense|ion|ion|runner|technology|trap|hardware|connectivity|issue|scale|number|qubit|horizon|user|computer|multi|programming|cloud|provider|device|utilization|throughput|profit|cloud|user|wait|queue|access|security|issue|vulnerability|shuttle|gate|communication|trap|shuttle|gate|energy|reliability|computation|fidelity|program|shuttle|methodology|adversary|program|generation|shuttle|attack|fidelity|victim|program|countermeasure|mapping|policy|victim|program|qubit|shuttle
10.1103/PhysRevX.12.031013,quantum circuit|quantum teleportation|quantum teleportation|quantum teleportation|quantum teleportation|quantum teleportation|quantum teleportation|quantum state|trapped ion|body|operator|wormhole|protocol|entanglement|pair|qubit|particle|advance|body|generalization|connection|gravity|teleportation|information|body|dynamic|gravity|perspective|transmission|information|wormhole|mechanism|body|size|teleportation|size|teleportation|type|wormhole|teleportation|origin|spread|operator|thermalize|dynamic|physics|ubiquity|size|teleportation|landscape|circuit|sachdev|temperature|spin|chain|theory|gravity|correction|way|body|tool|size|distribution|operator|scramble|dynamic|end|blueprint|body|rydberg|atom|array|decoherence|imperfection
10.1038/s41567-022-01661-5,quantum computer|quantum computing|quantum computing|quantum computing|trapped ion|type|qubit|ion|specie|scale|ion|trap|network|type|qubit|computation|storage|gate|qubit|entanglement|generation|photon|qubit|type|ion|complexity|qubit|challenge|qubit|type|ion|specie|qubit|pair|clock|state|ion|level|conversion|rate|type|way|fidelity|gate|qubit|type|laser|cool|qubit|gate|qubit|detection|crosstalk|error|type|error|threshold|fault|surface|feasibility|advantage|type|qubit|ion|specie|scale
10.1109/TIT.2021.3130155,quantum system|trapped ion|noise|stabilizer|platform|noise|error|error|direction|noise|rise|error|rotation|qubit|angle|theta|noise|error|correction|mitigation|decoherence|subspace|language|stabilizer|code|noise|code|space|identity|operator|information|condition|rotation|code|space|stabilizer|code|condition|stabilizer|qubit|support|component|stabilizer|stabilizer|product|parity|check|code|block|length|size|component|family|qecc|code|noise|shor|code|shor|code|excitation|code|qubit|code|state|sum|state|vector|weight|excitation|code|noise|rotation|act|phase|code|noise|excitation|code|code|error|detect|weight|coset|stabilizer
10.1088/1572-9494/ac490d,trapped ion|influence|order|heat|engine|role|thermodynamic|causal|order|quantum|thermodynamic|attention|scheme|causal|order|stroke|engine|reservoir|engineering|efficiency|heat|engine|efficiency|heat|engine|power|efficiency|heat|engine|enhancement|equilibrium|reservoir|measurement|control|qubit
10.1145/3511064,quantum computer|trapped ion|trapped ion|term|tis|candidate|scale|quantum|nisq|hardware|qubit|advantage|technology|qubit|quality|coherence|qubit|connectivity|size|trap|architecture|scalability|limitation|milestone|qubit|device|architecture|quantum|charge|device|qccd|device|trap|ion|shuttle|hardware|component|device|qubit|range|possibility|trap|size|communication|topology|gate|need|resource|requirement|qccd|qubit|choice|trap|size|communication|topology|gate|toolflow|architecture|parameter|input|set|hardware|toolflow|target|device|execution|metric|run|reliability|device|noise|rate|hardware|point|trap|size|communication|topology|choice|reliability|order|magnitude|microarchitectural|gate|choice|influence|reliability|order|magnitude|recommendation|choice|performant|execution|industry|effort|device|qubit|insight|potential|hardware|future|progress
10.1103/PhysRevA.106.022608,quantum computing|quantum computing|quantum gate|trapped ion|picosecond|ion|qubit|manipulation|spin|phonon|entanglement|resonant|laser|pulse|spin|phonon|entanglement|spin|momentum|kick|sdks|gate|robustness|scalability|sdks|nanosecond|timescale|resonant|raman|transition|laser|pulse|sequence|perturbation|pulse|pattern|realization|qubit|manipulation|spin|phonon|entanglement|picosecond|sdks|resonant|laser|pulse|field|qubit|state|experiment|sdks|noise|ion|spin|qubit|improvement|speed|order|magnitude|need|pattern|sequence|perturbation|pulse|noise|scale|ion|sdks
10.1103/PRXQuantum.3.040322,superconducting qubit|superconducting qubit|quantum algorithm|quantum processor|trapped ion|ghz state|ghz state|multipartite|entanglement|rabi|network|qubit|algo|rithm|simulation|connectivity|qubit|gate|depth|degree|freedom|dozen|qubit|fidelity|molmer|gate|molmer|interaction|circuit|quantum|electrodynamic|mode|rabi|qubit|restriction|qubit|frequen|cie|fabrication|scalability|qubit|state|state|fidelity|qubit|fidelity|qubit|fidelity|qubit|gate|resonator|loss|spread|qubit|resonator|couple|fidelity|gate|network|qubit|simulation|qubit|circuit|depth|star|sideband|tone|rabi|gate|scheme|ion|qubit|molmer|gate|mode|rabi|restriction|qubit|frequency|fabrication|scalability|qubit|gate|state|fidelity|qubit|gate|state|fidelity|qubit|gate|state|fidelity|gate|qubit|gate|resonator|loss|spread|qubit|resonator|couple|fidelity|gate
10.1016/j.cap.2022.06.011,quantum computer|quantum computer|quantum computer|quantum computing|quantum computing|quantum gate|quantum gate|quantum entanglement|progress|ion|year|progress|demon|ingredient|qubit|gate|qubit|entangle|gate|platform|processor|ion|platform|coherence|fidelity|qubit|connectivity|number|qubit|core|challenge|fidelity|influence|neighbor|qubit|ion|quantum|crosstalk|qubit|ion|quantum|state|hinder|fidelity|entan|glement|number|ion|increase|review|ion|qubit|gate|qubit|entanglement|exper|imental|fidelity|entanglement|ion
10.1038/s41567-021-01487-7,quantum computer|quantum error correction|quantum error correction|quantum error correction|trapped ion|trapped ion|error|correction|grid|state|qubit|pump|stabilization|qubit|realization|error|code|qubit|code|quantum|oscillator|possibility|error|correction|entity|encode|oscillator|grid|state|gkp|encode|error|map|gkp|code|qubit|motion|correction|cycle|round|displacement|position|momentum|extension|coherence|state|factor|gkp|code|map|correction|type|engineering|manifold|gkp|qubit|state|degree|freedom|code|correction|protocol|lifetime|qubit|motion
10.1103/PhysRevA.105.022612,quantum computing|quantum error correction|trapped ion|qubit|multiqubit|gate|code|architecture|entanglement|number|qubit|gate|property|qec|stabilizer|measurement|multiqubit|gate|qubit|gate|circuit|depth|code|benchmark|qubit|qubit|gate|parity|check|circuit|qubit|transition|source|error|photon|scatter|qubit|molmer|gate|improvement|qubit|gate|term|fault|tolerance|threshold|advantage|multiqubit|gate|context|qec
10.1371/journal.pone.0271462,quantum computer|quantum computing|quantum gate|quantum algorithm|quantum algorithm|quantum processor|realization|primitive|shor|algorithm|pennylane|library|realization|challenge|way|library|framework|quantum|software|engineering|software|package|pennylane|library|decomposition|algorithm|set|gate|ion|pennylane|library|decomposition|resource|execution|shor|algorithm|level|gate|ion|contribution|derivation|coefficient|decomposition|template|package|element|part|shor|algorithm|exponentiation|quantum|transform|number|qubit|user|qubit|gate|gate|pennylane|library|template|package|qubit|gate|qnode
10.1063/5.0069561,trapped ion|quantum|regime|graphene|nem|anharmonicity|quantum|regime|graphene|nem|resonator|device|size|force|order|duffe|stiffness|graphene|nem|force|stiffness|nem|resonator|energy|deviation|spectrum|nem|qubit|calculation|device|guideline|scale|anharmonicity|graphene|nem|fabrication|graphene|nem|qubit|characteristic|possibility|type|qubit|resonant|nem|qubit|platform|today|mainstream|technology|qubit
10.1103/PhysRevLett.129.240504,quantum computer|quantum computer|bell state|suppression|qubit|gate|ion|crosstalk|target|neighbor|spectator|qubit|spillover|control|signal|error|source|fidelity|qubit|gate|laser|ion|coherence|crosstalk|error|sigma|phi|interaction|qubit|pulse|crosstalk|suppression|scheme|order|crosstalk|control|target|qubit|scheme|control|neighbor|qubit|qubit|fidelity|pulse|gate|pulse|gate|ion|chain|scheme|platform|interaction|hamiltonian
10.1103/PhysRevLett.129.063603,quantum computer|trapped ion|trapped ion|body|interaction|qubit|spin|squeeze|protocol|step|generation|body|interaction|ion|qubit|state|gate|force|motion|body|interaction|wilmer|body|interaction|core|simulator|gate|state|motion|body|gate|gate|step|family|bit|gate|gate|toffoli|gate|qubit|qubit|state
10.1103/PhysRevLett.128.160503,trapped ion|fidelity|readout|ion|hyperfine|qubit|protocol|fidelity|readout|qubit|state|qubit|ion|ion|laser|raman|transition|ground|state|hyperfine|subspace|qubit|state|laser|parameter|protocol|photon|error|transition|repetition|readout|fidelity|readout|action|error|subspace|confidence|decoherence|spectator|qubit|resonant|light|fluorescence|detection
10.1103/PhysRevA.105.032618,quantum coherence|trapped ion|neutral atom|raman|drive|qubit|state|candidate|qubit|information|process|transition|photon|raman|laser|field|amplitude|qubit|frequency|amplitude|modulation|phase|laser|element|bragg|grating|efficiency|power|laser|source|rabi|frequency|array|qubit|tweezer|rabi|frequency|mhz|photon|error|rate|pulse|address|optic|fidelity|qubit|gate|information|process
10.22331/q-2022-01-27-634,quantum computer|quantum computer|quantum computing|quantum computing|quantum gate|quantum circuit|quantum|programming|ease|gate|ion|gate|computer|tool|computation|story|body|advantage|ease|gate|ion|flexibility|pair|qubit|degree|entanglement|parallel|qubit|clifford|circuit|ease|gate|qubit|multiply|gate|ease|gate|qubit|permutation|ease|gate|implication|term|quantum|chemistry|simulation|state|art|pattern|algorithm|clifford|multiply|gate|gate|computation|ease|gate
10.1038/s41586-022-04721-1,quantum computer|quantum computer|quantum gate|quantum state|demonstration|fault|gate|noise|quantum|information|qubit|error|error|gate|register|gate|quantum|register|fault|circuit|complexity|fault|set|gate|qubit|ion|paradigm|flag|fault|tolerance|absence|presence|error|flag|qubit|gate|instance|qubit|colour|fault|magic|fault|gate|state|teleportation|qubit|feature|fault|tolerance|combination|quantum|error|correction|route|error|computation
10.1103/PhysRevA.106.042441,quantum network|quantum network|trapped ion|entanglement|ion|qubit|photon|quantum|frequency|conversion|future|ability|photon|entanglement|photon|frequency|matter|qubit|network|architecture|photon|tool|quantum|technology|task|multiplexing|rout|storage|wavelength|matter|qubit|source|network|loss|entanglement|photon|wavelength|device|barium|ion|photon|ion|frequency|entanglement|ion|photon|entanglement|fidelity|photon|fidelity|drop|reduction|signal|noise|detector
10.35848/1347-4065/ac5b27,trapped ion|trapped ion|efficiency|sin|grating|coupler|qubit|manipulation|grating|coupler|array|silicon|nitride|sin|qubit|manipulation|optimization|grating|structure|directionality|beam|diameter|target|ion|crosstalk|impact|fabrication|error|monte|carlo|simulation|accuracy|electron|beam|lithography|output|efficiency|behalf|japan|society|physics|iop|publish|ltd
10.1103/PhysRevA.106.032613,quantum circuit|quantum algorithm|quantum state|quantum simulation|demonstration|advantage|detection|receiver|communication|belief|propagation|ion|device|demonstration|quantum|advantage|speedup|body|physic|fidelity|capability|device|laser|pulse|communication|code|word|probability|error|quantum|process|parallel|direction|importance|discrimination|relevance|space|laser|communication|realization|detection|receiver|phase|shift|key|code|word|bit|tree|code|belief|propagation|message|receiver|ion|device|honeywell|ion|connectivity|midcircuit|measurement|capability|demonstration|hitherto|quantum|detection|scheme|framework|quantum|limit|error|probability|pulse|pulse|detection|photon|number|limit|detection|scheme|bridge|ion|information|science|state|modulation|alphabet|product|state|ion|qubit|avenue|realization|quantum|receiver|astronomy|space|platform
10.1103/PhysRevLett.128.110503,quantum state|quantum state|quantum system|transfer|variable|qubit|protocol|variable|qubit|protocol|mode|rabi|type|interaction|ion|circuit|platform|error|state|register|number|qubit|state|robustness|noise|amplitude|qubit|protocol|tool|hybrid
10.1103/PhysRevA.105.L010204,quantum state|quantum system|quantum system|trapped ion|information|retrieval|eigenstate|coalescence|symmetry|parity|reversal|symmetry|range|interest|characteristic|phenomena|feature|presence|point|phase|transition|symmetry|place|floquet|hamiltonian|qubit|symmetry|dissipative|stroboscopic|emission|tomography|evolution|density|matrix|state|information|retrieval|eigenstate|coalescence|energy|spectra|feature
10.1038/s41567-022-01689-7,quantum computer|quantum computer|quantum system|quantum processor|quantum processor|quantum processor|quantum processor|dynamic|simulation|ion|simulation|quantum|dynamic|task|resource|experiment|ion|simulation|evolution|scale|body|promise|dynamic|task|field|chemistry|energy|physics|quantum|advantage|task|circuit|sample|hardware|limitation|noise|experiment|scale|fidelity|measurement|qubit|reuse|tensor|network|state|class|state|datum|evolution|state|number|qubit|ion|qubit|dynamic|state|hallmark|chaos|cone|propagation|correlation|agreement|prediction|size|limit|process|error|mitigation|tensor|network|state|art|capability|route|advantage|interest|science|technology|term
10.1007/s00723-022-01495-7,quantum computer|trapped ion|electron|electron|resonance|datum|quantum|process|unit|theory|supremacy|number|task|quantum|program|vector|matrix|datum|process|concern|noise|decoherence|limitation|today|scale|quantum|nisq|era|computer|datum|transform|qft|oscillation|ionq|spin|label|distance|measurement|oscillation|datum|qubit|program|computer
10.1007/s10623-021-01000-4,quantum computer|graph state|transvection|markov|chain|ensemble|matrix|moment|group|haar|measure|automorphism|group|kerdock|code|quantum|connection|markov|transvection|graph|vertex|pauli|matrix|vertex|edge|ensemble|vertex|edge|edge|pauli|graph|distribution|property|respect|symmetry|code|pauli|graph|type|edge|edge|type|transvection|type|qubit|epsilon|transvection|kerdock|element|pauli|matrix|simplicity|protocol|hardware|perspective|qubit|transvection|molmer|gate|qubit|gate|ion|qubit|transvection
10.1103/PhysRevLett.128.110601,quantum processor|trapped ion|heat|leak|qubit|concept|passivity|bind|evolution|state|utility|framework|passivity|passivity|deformation|detection|environment|ion|qubit|evolution|environment|qubit|heat|leak|measurement|datum|qubit|passivity|presence|heat|leak|equivalent|law|thermodynamic|passivity|deformation|detection|heat|leak|passivity|heat|leak|error|margin|deviation|scenario|test
10.1007/s11128-021-03354-z,quantum computer|quantum computer|quantum computer|quantum circuit|quantum state|trapped ion|qnd|measurement|complementarity|qubit|state|ionq|ibm|nondemolition|measurement|coherence|predictability|concurrence|qubit|melo|phy|lett|ibm|superconducte|circuit|ionq|criterion|machine|task|measurement|accuracy|nondemolition|preparation|ionq|state|fidelity|nondemolition|ibm|fidelity|measurement|technology|stage|nondemolition|measurement|complementarity
10.1103/PRXQuantum.3.030317,quantum processor|quantum processor|quantum simulation|simulation|electron|ion|ground|state|matrix|product|state|qmp|form|qubit|number|orbital|approximation|field|ground|state|gaussian|matrix|product|state|gmpss|reduction|qubit|resource|correlation|gmp|circuit|quantinuum|ion|metal|mott|state|fermi|hubbard|chain|benchmark|physics|electron|state|mott|insulator|luttinger|liquid|metal|parameter|circuit
10.1103/PRXQuantum.3.020350,quantum gate|quantum processor|calibration|ion|gate|gate|parameter|parameter|addition|gate|set|qubit|set|control|parameter|parameter|estimation|procedure|calibration|protocol|parameter|qubit|molmer|gate|gate|ion|quantum|information|processor|protocol|exploit|bayesian|parameter|estimation|criterion|gate|infidelity|tune|procedure|median|gate|infidelity|miscalibration|cycle|gate|calibration|procedure|minute|speedup|tune|routine|information|processor
10.1088/1361-6455/ac8eff,quantum computing|trapped ion|trapped ion|quantum|control|entanglement|obstacle|way|fidelity|gate|end|quantum|control|tool|interaction|source|noise|quantum|control|need|breadth|entanglement|end|literature|summary|quantum|control|category|scheme|robustness|spin|decoherence|extension|sigma|circle|time|sigma|molmer|interaction|microwave|field|gradient|architecture|qubit|proof|concept|interaction|robustness|decoherence|quantum|control|manuscript
10.1038/s41598-022-20853-w,quantum computer|quantum computer|quantum computer|quantum circuit|quantum optimization|quantum optimization|quantum optimization|summarization|ion|potential|term|industry|optimization|path|quantum|advantage|summarization|optimization|date|execution|algorithm|constraint|hardware|quantum|operator|algorithm|hamming|weight|mixer|qaoa|ion|qaoa|circuit|evolution|constraint|subspace|qubit|qubit|gate|depth|necessity|constraint|trade|constraint|probability|quality|trade|parameter|qaoa|layer|variational|quantum|eigensolver|algorithm|depth|circuit|optimization|algorithm|trade|algorithm|implication|execution|term|quantum|hardware
10.1038/s41586-022-04853-4,quantum entanglement|quantum processor|quantum simulator|quantum simulation|topological order|phase|ion|nascent|platform|access|regime|equilibrium|body|dynamic|control|body|entanglement|task|quantum|sense|computation|capability|phase|phenomenon|self|class|error|realization|symmetry|symmetry|array|qubit|quantinuum|ion|phase|edge|qubit|control|error|field|edge|protection|symmetry|perturbation|property|edge|state|qubit|array|symmetry|error|way|error|manipulation|information
10.1088/2058-9565/ac5f5b,quantum simulator|quantum simulation|quantum simulation|quantum simulation|spin|hamiltonian|ion|ion|analog|mode|candidate|quantum|advantage|quantum|computation|ion|laser|interaction|spin|interaction|mode|motion|zoller|molmer|scheme|spin|hamiltonian|qubit|gate|molmer|scheme|spin|interaction|order|spin|motion|couple|scheme|spin|interaction|protocol|spin|dynamic|evolution|simulation|dynamic|accuracy|feasibility|scheme|term|focus|advantage|analog|spin|dynamic|matter|gauge|interaction|lattice|gauge|theory|quantum|link|mapping|degree|freedom|spin|scheme|discussion|outcome|simulation|quantum|link|fidelity|experiment|spin|scheme|lattice|gauge|theory|phase|diagram|matter|spin|hamiltonian
10.1103/PhysRevA.105.052409,quantum computer|trapped ion|gate|error|mode|gate|ion|ion|distribution|ground|state|demonstration|transport|cool|state|gate|ion|excitation|amount|ion|transport|variation|trap|array|addition|cool|cost|laser|access|constraint|impact|excitation|gate|error|simulation|gate|pair|ion|qubit|excitation|present|mode|start|gate|amount|erode|gate|presence|noise|phase|displacement|displacement|gate|walsh|modulation|error|datum|ion|impact|displacement|gate|error|condition
10.1103/PhysRevLett.128.080502,resource|entanglement|ion|qubit|generation|state|ion|qubit|target|state|fidelity|demonstration|entanglement|generation|need|ion|singlet|state|fidelity|source|infidelity|photon|scatter|error|source|mitigation
10.1103/PhysRevLett.129.130501,trapped ion|fidelity|state|preparation|measurement|ion|hyperfine|qubit|fidelity|state|preparation|measurement|spam|qubit|spin|ground|state|spin|isotope|state|preparation|scheme|limitation|transition|pump|dipole|transition|microwave|quadrupole|transition|isotope|spam|infidelity|range|ion|isotope|wavelength|mass|computation
10.1088/2058-9565/ac3e54,quantum computer|quantum computer|quantum algorithm|quantum processor|optimization|gate|potential|advantage|algorithm|hardware|optimization|quantum|eigensolver|operator|convergence|cone|number|qubit|maxcut|vqe|algorithm|optimization|algorithm|feasibility|algorithm|quantinuum|ion|honeywell
10.1103/PhysRevApplied.17.034074,quantum computer|quantum gate|inverse|error|cancellation|circuit|level|gate|error|concern|quantum|computer|architecture|error|optimization|form|inverse|gate|sequence|gate|sequence|gate|parity|rotation|circuit|utility|inverse|function|circuit|width|effectiveness|qubit|ion|level|compilation|error
10.1103/PhysRevX.12.041035,quantum computer|quantum simulator|topological order|phase|matter|ion|trap|tensor|network|quantum|eigensolver|tensor|network|state|representation|ground|state|quantum|hamiltonian|simulation|state|advantage|simulation|quantum|state|quantum|eigensolver|ion|trap|ground|state|schrieffer|heeger|state|invariant|encode|ion|circuit|site|pulse|gate|platform|neighbor|crosstalk|selec|sublevel|transition|frequency|qubit|neighbor|ion
10.1103/PhysRevA.105.052426,quantum system|quantum system|quantum simulator|quantum simulation|quantum simulation|ion|string|precision|measurement|ion|number|ion|potential|ion|form|string|challenge|fidelity|control|hundred|micrometer|setup|ion|ion|control|entanglement|ion|string|set|ion|qubit|ramsey|carr|purcell|meiboom|gill|pulse|sequence|detection|compensation|power|line|field|variation|measurement|path|length|fluctuation|detection|wavefront|laser|beam|ion|string
10.1103/PRXQuantum.3.020324,quantum computer|trapped ion|quantum simulation|digital|symmetry|protection|dynamic|ion|qubit|dynamic|lattice|gauge|theory|dimension|lattice|schwinger|pair|creation|gate|requirement|formulation|suzuki|trotter|product|formula|trade|error|order|term|trotter|step|size|imperfection|error|symmetry|protection|protocol|error|symmetry|postselection|scheme|simulation|lattice|gauge|theory
10.1103/PhysRevB.106.165126,quantum circuit|quantum processor|quantum simulation|qubit|simulation|state|tensor|network|algorithm|state|quantum|body|hardware|qubit|cross|section|state|quantum|matrix|product|density|operator|qmpdo|mixture|matrix|product|state|sto|qmp|parameter|qmp|probability|distribution|mixture|optimization|procedure|scale|proof|principle|demonstration|quantinuum|ion|property|spin|chain|temperature|range|pair|hardware|qubit|simulation|power|version|qmp|ansatze|circuit|relationship|circuit|resource|accuracy|energy
10.1038/s41557-022-00894-4,trapped ion|ghz|clock|transition|spin|qubit|mhz|hyperfine|interaction|spin|molecule|target|generation|quantum|technology|qubit|potential|scale|self|assembly|observation|interaction|mhz|clock|transition|control|degree|mix|spin|series|complex|character|spin|orbit|couple|electron|fermi|contact|interaction|outcome|quantum|spin|lattice|relaxation|interaction|turn|ghz|clock|transition|increase|phase|memory|complex|find|quantum|technology
10.1038/s41586-022-04941-5,quantum state|distribution|entanglement|exchange|protocol|conjecture|hardness|security|eavesdropping|attack|distribution|protocol|brassard|information|security|attack|form|security|mean|quantum|protocol|class|attack|mismatch|measurement|model|realization|quantum|distribution|protocol|immune|vulnerability|entanglement|adversary|information|entanglement|fibre|link|generate|entanglement|ion|qubit|bit|device|entanglement|pair|hour|run|step|information|measurement|eavesdropper|measurement|space|separation|cryptography|assumption|world|device|way|quantum|information|device|independence|principle
10.1103/PhysRevA.105.062439,quantum computer|quantum computer|quantum computer|quantum computer|quantum circuit|quantum circuit|quantum state|trapped ion|quantum simulation|quantum phase transition|tensor|network|discriminator|architecture|classification|datum|matrix|product|state|quantum|datum|algorithm|qubit|quantum|datum|datum|shoot|measurement|tensor|network|tensor|quantum|gate|compilation|heuristic|parameter|optimization|postselection|requirement|tensor|product|state|shoot|measurement|quantum|datum|train|inference|architecture|dataset|site|shoot|measurement|bulk|transverse|field|tfim|phase|bond|dimension|tensor|network|ancilla|qubit|circuit|representation|number|classification|dataset|shoot|probability|classification|quantinuum|input|datum|bond|dimension|mpss|tfim|regression|datum|transition|point|prediction|field|tensor|network|discriminator|bond|dimension|chi|chi|prediction|transition|location|train|datum|transition|point|family|depth|datum|hardware|fashion|parameter|machine|tensor|network|error|correction
10.1103/PhysRevA.107.012609,quantum bit|quantum teleportation|quantum network|trapped ion|quantum memory|ghz state|multipartite|entanglement|distribution|quantum|network|node|rate|fidelity|multipartite|state|ina|node|scenario|multipartite|state|node|end|node|network|order|expression|bind|rate|fidelity|class|multipartite|state|greenberger|zeilinger|ghz|state|expression|fidelity|depolarize|noise|monte|carlo|simulation|node|switch|end|node|fashion|teleportation|scheme|nitrogen|vacancy|center|diamond
10.1103/PhysRevApplied.19.034001,quantum computer|quantum network|quantum network|quantum network|trapped ion|trapped ion|trapped ion|trapped ion|trapped ion|photon|circuit|candidate|node|qubit|coherence|fidelity|qubit|gate|way|photon|node|circuit|fabrication|foundry|circuit|telecommunication|wavelength|dipole|emission|rout|photon|circuit|quantum|frequency|conversion|emission|ion|operate|wavelength|foundry|silicon|nitride|circuit|transmission|device|phase|shifter|photon|output|channel|circuit|beam|split|condition|step|rout|distribution|scale
10.1088/2058-9565/ace6cb,quantum computer|trapped ion|trapped ion|address|qubit|level|intensity|crosstalk|platform|information|process|gate|measurement|fidelity|hardware|order|control|state|qubit|manipulation|qubit|state|ion|chain|transition|light|ion|manuscript|address|qubit|advantage|laser|waveguide|technology|structure|light|transition|waveguide|mode|light|aberration|space|optic|neighbor|intensity|crosstalk|order|aberration|compensation|demonstration|address|control|amplitude|frequency|phase|channel|strength
10.22331/q-2023-04-06-970,superconducting qubit|trapped ion|quantum simulation|state|preparation|state|preparation|spiral|number|platform|rydberg|atom|simulation|future|comparison|evolution|spiral|adiabatic
10.1038/s41467-022-35285-3,quantum computer|quantum computing|quantum computing|trapped ion|trapped ion|fidelity|quantum|matter|link|ion|trap|microchip|module|scalability|scale|variety|hardware|platform|quantum|charge|device|qccd|number|qubit|device|number|ion|module|size|chip|importance|connection|module|demonstration|matter|link|ion|qubit|module|ion|transport|module|rate|infidelity|ion|loss|transport|link|phase|coherence|qubit|quantum|matter|link|mechanism|interconnection|device|fault|utility|scale|quantum|computation|route|scalability|ion|platform|module|ion|register|author|loss|transfer|microchip|module
10.1038/s41567-023-02102-7,quantum computer|quantum gate|quantum processor|trapped ion|demonstration|body|interaction|ion|spin|interaction|spin|hamiltonian|processor|interaction|pairwise|efficiency|entanglement|qubit|capability|manipulate|entanglement|order|interaction|challenge|simulation|field|energy|physic|chemistry|error|correction|control|class|interaction|ion|qubit|pairwise|interaction|order|state|gate|fidelity|gate|hamiltonian|body|spin|interaction|potential|order|spin|interaction|toolbox|information|generation|entanglement|stem|interaction|qubit|pairwise|limit|body|interaction
10.1103/PRXQuantum.4.020358,quantum error correction|quantum error correction|trapped ion|trapped ion|state|erasure|conversion|erasure|error|location|type|error|quantum|error|code|pauli|error|noise|erasure|idea|erasure|conversion|qubit|state|kolkowitz|puri|thompson|nat|comm|erasure|conversion|scheme|ion|qubit|type|error|ground|qubit|surface|code|constraint|qubit|ground|qubit|laser|power|qubit
10.1103/PhysRevA.108.L010401,quantum entanglement|trapped ion|quantum simulation|quantum|algorithm|operator|quantum|algorithm|body|scale|quantum|technology|applicability|number|qubit|quantum|gate|operator|theory|limitation|advantage|algorithm|field|theory|introduction|operator|target|body|state|number|quantum|gate|class|operator|evolution|operator|theory|rydberg|atom
10.1088/1751-8121/acc8a2,trapped ion|transform|qubit|symmetry|qubit|transform|symmetry|set|eigenvector|magnitude|parameter|hamiltonian|entanglement|realization|gate|transition|spin|product|state|mode|fidelity|value|acceleration|gate|counter|field
10.1364/OE.497721,quantum computing|trapped ion|trapped ion|trapped ion|micromotion|compensation|qubit|transition|scan|voltage|micromotion|qubit|control|micromotion|laser|qubit|transition|scheme|scan|voltage|compensation|voltage|bessel|expansion|qubit|transition|rate|level|sensitivity|deviation|trap|condition|compensation|micromotion|qubit|momentum|excitation|direction|scheme|avenue|micromotion|compensation|compensation|scheme
10.3390/photonics10101170,trapped ion|manipulation|population|level|zeno|type|measurement|scheme|bloch|equation|type|measurement|control|probability|density|evolution|eigenstate|type|equation|population|level|sequence|measurement|entropy|measurement|device|field|measurement|strength|field|calculation|entropy|zeno|regime|population|level|type|rmn|qubit
10.1103/PhysRevA.108.042427,quantum computing|quantum gate|trapped ion|suppression|noise|propagation|error|correction|gate|state|preparation|hallmark|encode|gkp|generation|error|correction|gkp|qubit|circuit|promise|future|architecture|qubit|experiment|error|syndrome|detection|qubit|noise|gkp|qubit|module|oscillator|qubit|feedback|control|error|gkp|qubit|error|set|gkp|state|protocol|parameter|error|qubit|flip|qubit|diffusion|oscillator|state|phase|space|noise|strength|gate|roadblock|fault|computation|gkp|qubit
10.1021/acsphotonics.3c00581,quantum computing|quantum communication|quantum network|quantum network|trapped ion|trapped ion|noise|quantum|frequency|conversion|photon|barium|ion|telecom|band|candidate|scalableandlong|distance|qubit|coherencetime|fidelity|qubit|gate|photon|qubit|state|ion|onemethod|ion|photon|entanglement|opticaltransition|level|spin|state|transition|theultraviolet|wavelength|region|spectrum|thesewavelength|fiber|optic|propagation|loss|transfer|information|ten|meter|quantumfrequency|conversion|photon|telecomwavelength|distance|fiber|basednetwork|compatibility|number|telecom|component|band|telecom|photonsvia|noise|quantum|frequency|conversion|scheme|photon|dipole|transition|barium|ion|stagequantum|frequency|conversion|scheme|frequency|shift|thz|input|photon|output|telecomphoton|conversion|efficiency|signal|backgroundratio|band|telecom|photon|backgroundnoise|count|steptoward
10.1007/s11467-023-1322-2,superconducting qubit|quantum gate|quantum system|trapped ion|quantum|computation|quantum|computation|attention|gate|error|resilience|gate|robustness|gate|loop|scheme|order|magnitude|requirement|control|fault|tolerance|characteristic|scheme|loop|loop|pulse|term|error|error|addition|decoherence|subspace|dfs|cod|gate|error|dephase|protocol|setup|rydberg|atom|scheme|way|scale|fault|quantum|computation
10.1088/2058-9565/acb3f1,quantum computer|quantum computer|quantum computing|trapped ion|mode|characterization|fidelity|ion|fidelity|gate|scale|parameter|accuracy|entanglement|qubit|mode|ion|chain|mode|parameter|magnitude|sign|lamb|dicke|parameter|mode|parallel|characterization|protocol|characterization|order|magnitude|mode|spectroscopy|ramification|ion|len|level|resource|trade
10.1002/qute.202300007,quantum computing|quantum computing|quantum computing|quantum computing|quantum computing|quantum computing|quantum computing|trapped ion|neutral atom|quantum memory|photon|memory|promise|control|interaction|candidate|platform|circuit|array|interaction|control|noise|decoherence|qubit|state|gate|gate|photon|environment|advantage|speed|time|capability|boson|sample|face|challenge|photon|deterministically|scheme|photon|quantum|memory|advantage|qubit|interaction|qubit|state|rydberg|blockade|gate|gate|scalability|scheme|photon|atom|network|hybrid
10.1103/PhysRevA.107.032413,trapped ion|photon|error|transition|ion|qubit|photon|error|quantum|logic|gate|parameter|regime|gate|error|rate|photon|scatter|overestimate|dependence|photon|frequency|lamb|dicke|parameter|rate|manifold|contribution|transition|rate|limit|gate|error|photon|scatter|ground|state|qubit|ion|specie|laser|beam|transition|photon|error|qubit|manifold|gate|error
10.1103/PRXQuantum.4.030311,quantum algorithm|trapped ion|trapped ion|body|interaction|ion|qubit|spin|platform|computation|simulation|interaction|spin|interaction|ion|spin|pairwise|quantum|spin|couple|triplet|quartet|order|spin|mechanism|molmer|pairwise|gate|couple|spin|spin|drive|frequency|coordinate|transformation|ion|motion|phase|space|force|spin|operator|framework|construction|order|spin|hamiltonian|gate|mode|motion|gate|condition
10.1038/s41534-023-00737-1,quantum computer|quantum computing|trapped ion|trapped ion|neutral atom|fidelity|ion|qubit|gate|modulator|experiment|modulator|order|phase|frequency|amplitude|light|atom|element|power|space|channel|challenge|ion|ion|device|clock|sensor|element|trap|loss|couple|component|modulator|integration|surface|ion|trap|device|piezo|circuit|mach|zehnder|modulator|intensity|light|chip|quantum|tomography|hundred|sequence|sensitivity|fidelity|type|magnitude|gate|error|modulator|qubit|gate|fidelity
10.1103/PhysRevApplied.20.014024,quantum computing|quantum circuit|quantum algorithm|quantum algorithm|quantum algorithm|quantum algorithm|trapped ion|protein|quantum|algorithm|protein|lattice|paradigm|digitization|acceleration|quantum|computation|energy|configuration|acid|sequence|optimization|role|chemistry|biology|drug|state|art|hardware|protein|acid|qubit|hardware|quantinuum|google|ibm|circuit|success|probability|depth|circuit|scale|quantum|era
10.1364/OE.491301,quantum state|trapped ion|trapped ion|machine|qubit|state|discrimination|measurement|network|network|state|measurement|electron|charge|device|emccd|intensity|value|shape|ion|image|ion|contrast|intensity|value|experiment|measurement|fidelity|mimf|error|mimf|likelihood|estimation|addition|ion|image|drift|ion|image
10.1103/PhysRevA.107.062406,trapped ion|quantum simulation|model|noise|molmer|interaction|optimization|qubit|molmer|interaction|capability|information|process|optimization|algorithm|qaoa|qubit|interaction|source|noise|mode|frequency|fluctuation|laser|power|fluctuation|state|state|preparation|measurement|error|error|measurement|parameter|comparison|experiment|sequence|interaction|ion|agreement|interaction|chi|statistic|chi|approximate|qaoa|experiment|ion|approximation|ratio|value|disagreement|value|noise|source|improvement|measurement|error|trap|frequency|variation|approximation|ratio|optimal|improvement|experiment|aspect|noise|model|improvement
10.1103/PhysRevA.107.012605,quantum computing|quantum computing|trapped ion|neutral atom|neutral atom|neutral atom|qubit|gate|transitionless|quantum|atom|platform|gate|capability|qubit|geometry|ability|range|interaction|qubit|qubit|gate|fidelity|platform|aim|fidelity|gate|rydberg|blockade|mechanism|gate|procedure|quantum|drive|pair|atom|broadband|laser|cesium|atom|emission|level|parameter|fluctuation|rydberg|blockade|gate|fidelity|gate|gate|procedure|gate|state|art|gate|gate|drive|atom|gate|procedure|potential
10.22331/q-2023-05-31-1024,trapped ion|quantum|rabi|interferometry|motion|radiation|determination|displacement|oscillator|field|direction|phase|space|circuit|oscillator|ancilla|qubit|couple|information|qubit|estimation|displacement|direction|phase|space|oscillator|qubit|oscillator|qubit|interferomet|ric|setup|estimation|phase|space|displacement|direction|rabi|interaction|wave|approxima|tion|rabi|interferometer|quantum|sense|one|mode|estimation|scheme|interferometer|cumme|interaction|sensitivity|rabi|interferometer|cupation|oscillator|mode|ground|state|investigation|qubit|oscillator|thermalization|interferometer|benchmark|estimation|scheme|dephase|thermalization
10.1039/d3cp02322b,trapped ion|kinetic|dynamic|reaction|comparison|experiment|reaction|background|role|qubit|loss|information|process|reaction|mechanism|ground|state|energy|surface|reaction|total|initio|energy|point|level|aug|pvtz|network|root|error|kcal|comparison|trajectory|calculation|temperature|rate|product|ratio|reaction|addition|state|distribution|energy|disposal|product|vector|projection
10.1140/epjqt/s40507-023-00192-z,quantum computer|quantum computing|quantum algorithm|trapped ion|quantum|interface|efficiency|portability|hardware|abstraction|layer|progress|platform|type|qubit|technology|platform|bespoke|efficiency|quantum|interface|qubit|level|interface|portability|quantum|platform|balance|portability|algorithm|hardware|challenge|field|hardware|abstraction|layer|qhal|representation|quantum|stack|effort|software|specialist|hardware|developer|qubit|technology|photon|silicon|superconducte|identification|set|instruction|metadata|qhal|platform|access|stack|level|latency|amount|hardware|architecture|parameter|algorithm|developer|code|security|threat|misuse|access|hardware|developer|access|stack|qubit|level|hardware|responsiveness|algorithm|latency|datum|instruction|transfer|respect|assembly|language|qhal|stack|interface|hardware|representation|quantum|stack|reference|framework|software|hardware|developer|integration|effort
10.1002/qute.202300168,quantum coherence|quantum coherence|quantum coherence|quantum coherence|trapped ion|boson|interaction|boson|level|rise|resource|technology|contrast|requirement|drive|technology|drive|energy|energy|consumption|phenomena|energy|emergence|proof|principle|exploration|experiment|platform|circuit|emergence|qubit|state|quantum|technology|task|qubit|oscillator|dynamic|qubit|coherence|state|variety|qubit|oscillator|interaction|couple|dynamic|evolution|dynamic
10.1103/PhysRevA.107.042422,quantum computer|quantum computer|quantum computer|quantum computer|quantum computing|quantum computing|quantum error correction|trapped ion|advantage|fault|circuit|ion|fault|information|noise|datum|fault|gate|level|order|calculation|precision|demonstration|fault|gate|ion|postler|nature|london|aspect|setup|advantage|qubit|gate|criterion|break|point|fault|quantum|gate|reach|ion|trap|architecture|consideration|influence|crosstalk|gate|state|preparation|circuit|circuit|tolerance|noise|noise|noise|dynamic|fault|experiment|crosstalk|regime|error|rate|pauli|state|preparation|fault|qubit|initialization|circuit|sequence|measurement|feed|forward|information|state|preparation|scheme|success|pauli|state|fidelity|counterpart|regime|error|rate|guidance|improvement|qubit|gate|noise|tool|failure|rate|architecture
10.1103/PRXQuantum.4.030312,quantum dot|trapped ion|leakage|error|transition|lambda|level|information|process|platform|control|scheme|level|state|gate|gate|qubit|state|level|rise|transition|leakage|error|fidelity|population|scheme|gate|protocol|resonant|couple|gate|order|magnitude|setup|couple|error|gate|gate|modification|gate|gate|modulation|pulse|removal|gate|protocol|fidelity|gate|range|platform|color|center
10.3390/e25020387,quantum system|quantum processor|quantum processor|trapped ion|neutral atom|generalize|toffoli|gate|decomposition|ququint|algorithm|qudit|qubit|counterpart|bit|information|unit|information|process|information|carrier|atom|ion|encode|state|qudit|attention|idea|qudit|encode|way|decomposition|generalize|toffoli|gate|level|ququint|ququint|space|space|qubit|state|qubit|gate|version|phase|gate|qubit|toffoli|gate|decomposition|depth|qubit|algorithm|advantage|qudit|decomposition|comparison|qubit|platform|circuit
10.21468/SciPostPhys.15.4.170,quantum computer|quantum processor|quantum processor|quantum processor|quantum device|fidelity|realization|aklt|state|nisq|era|aklt|state|ground|state|isotropic|quantum|excitation|gap|correlation|function|excitation|boundary|aklt|ion|aklt|state|scale|quantum|nisq|era|algorithm|ibm|operator|aklt|state|preparation|operator|ancilla|qubit|pair|operator|circuit|qubit|neighbor|gate|operator|decomposition|qiskit|circuit|depth|neighbor|gate|fidelity|excess|operator|ancilla|subspace|spin|arrow|rang|aklt|state|product|state|singlet|ancilla|qubit|spin|measurement|qubit|accuracy|ibm|readout|error|mitigation
10.1103/PhysRevX.13.041035,quantum computing|quantum circuit|quantum error correction|quantum state|trapped ion|neutral atom|neutral atom|neutral atom|midcircuit|gate|omg|architecture|array|gate|qubit|state|measurement|reset|task|information|science|entanglement|generation|metrology|instance|information|measurement|subset|qubit|state|qubit|error|gate|challenge|array|exposure|resonant|laser|light|initialization|detection|state|qubit|midcircuit|gate|site|array|fidelity|control|omg|ground|state|qubit|architecture|quantum|information|qubit|state|shelve|ground|state|state|detection|control|feed|gate|scheme|address|clock|transition|subset|qubit|state|gate|qubit|ground|state|midcircuit|measurement|spin|reset|reset|form|ground|state|cool
10.1103/PRXQuantum.4.020345,quantum computing|pipeline|qubit|lattice|device|platform|layout|concept|pipeline|advantage|lattice|device|concept|leverage|feature|platform|semiconductor|spin|qubit|ion|qubit|architecture|hardware|requirement|stack|qubit|array|stack|height|scheme|nisq|era|error|mitigation|code|protocol|state|space|resource|cost|copy|variety|code|structure|code|transversal|cnot|assumption|space|cost|state|distillation|order|magnitude|numerical|model|noise|architecture|benefit|reduction|code|threshold
10.1103/PhysRevX.13.041057,quantum computer|superconducting qubit|quantum circuit|quantum circuit|quantum algorithm|quantum error correction|quantum processor|qubit|reuse|compilation|measurement|number|ion|measurement|reset|addition|capability|number|qubit|type|qubit|circuit|idea|qubit|reuse|compilation|input|output|circuit|qubit|qubit|reuse|algorithm|qubit|reuse|compilation|constraint|programming|optimization|heuristic|concept|circuit|state|preparation|measurement|qubit|reuse|compilation|number|qubit|circuit|dual|algorithm|variety|term|evolution|circuit|optimization|algorithm|qaoa|graph|benefit|qubit|qaoa|maxcut|circuit|qubit|quantinuum|ion|qubit|reuse|compilation|algorithm
10.1038/s41567-022-01875-7,quantum computing|quantum state|quantum state|measurement|platform|entanglement|feature|mechanic|promise|metrology|communication|focus|metrology|sensitivity|resource|limit|quantum|metrology|quantum|information|process|task|measurement|entanglement|copy|copy|measurement|qubit|rotation|quantum|sense|gain|level|decoherence|insight|interpretation|uncertainty|principle|measurement|ion|photon|indication|quantum|network
10.1002/qute.202300056,quantum computer|quantum computer|quantum computer|quantum simulation|pairwise|parallel|gate|mode|ion|chain|parallel|gate|term|scale|fault|machine|execution|qubit|pairwise|gate|scheme|ion|gate|set|mode|ion|chain|utility|scheme|greenberger|zeilinger|ghz|state|step|gate|qubit|advantage|circuit|dynamic|spin|transverse|field|ise|gate|depth|overhead|qubit|cool|scheme|ion|qubit|gate|scheme|capability|ion
10.1038/s41534-023-00784-8,quantum circuit|quantum algorithm|quantum error correction|trapped ion|quantum simulation|error|fermion|quantum|error|mitigation|accuracy|scale|quantum|nisq|computation|resource|error|mitigation|scheme|error|cancellation|pec|protocol|hardware|platform|pec|qubit|error|benchmark|pec|ion|qubit|benchmark|dynamic|fermion|spin|trotter|step|error|mitigation|probability|symmetry|constraint|fidelity|simulation|dynamic|fermi|hubbard|behavior|charge|spin|fermion|demonstration|step|error|mitigation|scheme|quantum|advantage
10.1103/PhysRevA.107.042622,quantum computing|quantum gate|noise|fidelity|ion|fidelity|multiqubit|gate|backbone|information|process|fidelity|ability|qubit|level|manner|condition|evolution|oscillator|transition|noise|noise|frequency|oscillator|linewidth|fidelity|qubit|gate|ion|noise|qubit|gate|resonant|rotation|sideband|transition|phase|noise|molmer|qubit|gate|way|gate|parameter|noise|power|density|qubit|response|frequency|phase|noise|ion|source|noise|qubit|spinlike|qubit|field|hardware|platform|gate|fidelity|fault
10.1103/PhysRevLett.130.090803,quantum network|quantum network|quantum state|quantum memory|ion|node|memory|qubit|species|ion|node|ionphoton|entanglement|network|qubit|fidelity|memory|qubit|network|photon|memory|qubit|tomography|fidelity|ionphoton|entanglement|decay|memory|qubit|storage|duration|ion|photon|entanglement|fidelity
10.1103/PhysRevA.108.022402,address|ion|qubit|frequency|comb|qubit|address|ion|chain|femtosecond|frequency|comb|qubit|gate|frequency|comb|target|ion|shift|qubit|level|calculation|model|qubit|rotation|laser|field|ion|chain|error|source|address|qubit|gate|fidelity
10.1103/PhysRevA.107.032604,trapped ion|trapped ion|trapped ion|address|qubit|phase|gate|scheme|address|qubit|frequency|phase|gate|qubit|rotation|interference|spin|spin|force|spin|force|field|gate|speed|sensitivity|decoherence|scheme|setup|laser|error|parameter
10.1103/PRXQuantum.4.040313,quantum computer|quantum computer|quantum computer|quantum computer|quantum computer|quantum computer|quantum computing|quantum gate|qubit|ion|challenge|control|signal|delivery|today|scale|qubit|signal|source|input|output|limitation|qubit|chip|integration|control|electron|feat|control|electron|package|qubit|chip|fabrication|constraint|wiring|challenge|term|wiring|challenge|ion|control|architecture|wiring|switch|electron|requirement|ion|trap|chip|switch|electron|ion|trap|chip|way|fabrication|gate|constraint|electron|power|architecture|qubit|ion|signal|source|speed|layer|second
10.1103/PhysRevA.107.022617,circumflex|accent|spin|force|ground|state|ion|qubit|field|resonant|qubit|transition|sigmax|sigmay|molmer|type|interaction|ion|field|configuration|sigmaz|spin|force|beat|note|frequency|investigation|scheme|laser|resonant|quadrupole|transition|robustness|phase|qubit|frequency|offset|versatility|ground|state|qubit
10.3390/s23177462,quantum computer|quantum computing|quantum computing|access|memory|dummy|access|memory|qram|potential|area|qram|principle|quantum|datum|range|computer|importance|lack|survey|spectrum|qram|gap|review|qram|significance|viability|comparison|ram|ease|understand|survey|idea|action|qram|qram|advantage|counterpart|datum|storage|datum|superposition|state|qram|technology|term|structure|work|circuit|width|depth|quality|drawback|exception|machine|learn|qram|qram|depth|width|requirement|term|number|qubit|qudit|qram|ion|qubit
10.1103/PhysRevX.13.041023,quantum computer|quantum computer|quantum computing|superconducting qubit|quantum device|quantum device|quantum simulator|trapped ion|body|equality|noise|jarzynski|equality|crook|relation|law|equilibrium|nonequilibrium|fluctuation|tool|benchmark|energy|difference|realization|body|validity|body|regime|nonequilibrium|protocol|degree|freedom|jarzynski|equality|crook|relation|body|regime|day|limitation|preparation|ensemble|measurement|distribution|scale|accuracy|jarzynski|equality|platform|platformspecific|error|validity|jarzynski|equality|regime|energy|dissipation|drive|insight|error|body
10.1103/PhysRevA.107.032617,quantum computer|angle|qubit|gate|ion|crystal|ion|qubit|gate|spin|force|phonon|interaction|state|ion|fidelity|qubit|gate|parameter|spin|motion|entanglement|presence|mode|frequency|drift|robustness|qubit|rotation|angle|mode|frequency|drift|pulse|sensitivity|angle|mode|frequency|drift|robustness|rotation|angle|modefrequency|drift|improvement|fidelity|frequency|pulse
10.1103/PhysRevLett.131.020601,trapped ion|control|ion|qubit|field|control|qubit|interaction|region|multizone|trap|field|spin|gradient|phase|amplitude|qubit|rotation|field|zone|interaction|ion|laser|field|gradient|surface|ion|trap|localization|field
10.1063/5.0145077,quantum computing|trapped ion|trap|photon|detector|tolerance|ion|qubit|state|readout|state|readout|ion|qubit|trap|detector|challenge|radio|frequency|field|detector|photon|detector|snspds|aluminum|mirror|shielding|surface|ion|trap|snspds|potential|peak|mhz|temperature|detection|efficiency|fidelity|state|readout|range|specie|apparatus
10.1103/PhysRevX.13.041052,quantum computer|quantum processor|quantum processor|ghz state|race|track|ion|quantum|charge|device|ion|trap|condition|race|track|technology|scalability|broadcast|rout|trap|mot|load|gate|fidelity|qubit|upgrade|gate|state|preparation|measurement|error|qubit|gate|infidelity|qubit|gate|infidelity|mirror|benchmarke|linear|cross|benchmarke|volume|measurement|creation|qubit|entanglement|benchmark|simulation|qaoa|error|correction|repetition|code|dynamic|simulation|qubit|reuse|upgrade|qubit|capability
10.1103/PhysRevLett.130.221003,quantum computer|entanglement|correlation|neutrino|evolution|entanglement|correlation|flavor|neutrino|oscillation|environment|simulation|neutrino|quantinuum|qubit|ion|tangle|body|correlation|field|description|tangle|rescale|size|presence|entanglement
10.1103/PhysRevA.107.052409,quantum communication|trapped ion|amplitude|measurement|noise|filter|idea|state|resource|core|modality|information|process|quantum|computation|quantum|sense|imperfection|gate|state|amount|entanglement|decrease|quality|resource|overhead|protocol|degradation|type|noise|technology|ion|scheme|filter|amplitude|noise|pair|photon|scatter|qubit|ion|gate|filter|protocol|copy|quasidistillation|gate|reversal|gate|term|measurement
10.1103/PhysRevA.108.042603,quantum computer|quantum gate|quality|parallel|gate|species|ion|pursuit|ability|gate|gate|parallel|quality|fashion|ion|chain|qubit|task|increase|crosstalk|mode|structure|mode|species|ion|chain|scheme|crosstalk|neighbor|pair|scheme|realization|highfidelity|crosstalk|qubit|gate|segment|chain|addition|feasibility|laser|power|robustness|drift|frequency
10.1103/PhysRevA.107.L050601,fidelity|transport|ion|qubit|array|ion|array|architecture|control|particle|dimension|load|shuttle|ion|platform|site|arrangement|ion|load|hub|site|success|rate|coherence|preservation|manipulation|superposition|state|qubit|find|scale|quantum|architecture
10.1103/PhysRevE.107.035304,quantum computing|quantum circuit|trapped ion|fidelity|phase|gate|chain|qubit|gate|stage|platform|gate|molmer|scheme|ion|utilization|mode|ion|laser|state|qubit|key|fidelity|gate|minimization|entanglement|qubit|mode|source|error|gate|gate|quality|phase|pulse|cost|function|fidelity|robustness|gate|combination|algebra|equation|fidelity|laser|power|manifold|fidelity|convergence|ion|need|gate|ion|experiment
10.1103/PhysRevA.107.042618,quantum computer|quantum gate|quantum gate|trapped ion|trapped ion|trapped ion|trapped ion|quantum simulation|comparison|emission|ion|multiqubit|gate|field|trap|hundred|ion|route|quantum|platform|ability|hundred|thousand|ion|crystal|trap|radiofrequency|paul|trap|laser|multiqubit|gate|source|decoherence|gate|emission|simulator|clock|qubit|field|trap|zeeman|qubit|calculation|decoherence|impact|emission|ion|ground|state|zeeman|qubit|field|type|gate|shift|gate|lmer|rensen|gate|laser|beam|field|quantization|axis|decoherence|error|gate|type|operate|point|regard|detune|polarization|intensity|laser|beam|gate|gate|operate|condition|field|feasibility|operate|point|field|dependence|gate|state|structure|split|zeeman|split|lmer|rensen|gate|shift|gate|shift|gate|comparison|fidelity|field|fidelity|state|art|qubit|regard|emission|infidelity|configuration|order|magnitude|field|gate|configuration|error|rate|state|art|gate
10.1103/PhysRevApplied.19.014014,quantum computer|quantum computer|filter|function|frequency|pulse|fidelity|qubit|gate|ion|fidelity|qubit|gate|parameter|parameter|fluctuation|noise|qubit|control|signal|filter|function|filter|function|molmer|gate|ion|change|gate|error|parameter|fluctuation|frequency|filter|function|frequency|laser|pulse|pulse|offset|mode|frequency|noise|spectrum|mode|filter|function|gate|fidelity|ion|chain
10.1088/2632-2153/ace757,quantum circuit|trapped ion|quantum machine learning|quantum machine learning|family|area|interest|hardware|limitation|gradient|plateaus|train|circuit|qubit|count|limit|number|qubit|datum|scientist|angle|neural|network|series|degree|factor|depth|encode|number|qubit|encode|degree|series|expressivity|architecture|degree|exponential|architecture|space|expressivity|quantum|encode|growth|qubit|limit|circuit|plateaus|architecture|architecture|error|value|test|feasibility|quantum|process|unit
10.1103/PhysRevD.107.023007,quantum circuit|quantum device|quantum device|quantum simulation|ion|neutrino|oscillation|flavor|environment|change|contribution|vacuum|oscillation|interaction|matter|oscillation|interaction|neutrino|latter|contribution|equation|motion|description|dynamic|complex|oscillation|neutrino|flavor|approximation|computation|neutrino|decomposition|fact|flavor|hamiltonian|presence|term|interaction|evolution|qubit|topology|trotter|error|decomposition|complexity|evolution|number|neutrino|noise|term|simulation|decomposition|qubit|connectivity|gate|complexity|order|trotter|suzuki|formula|size|decomposition|quantum|signal|process|algorithm|ion|qubit
10.1103/PhysRevD.107.054513,quantum circuit|trapped ion|quantum simulation|quantum simulation|preparation|chromodynamic|dimension|baryon|framework|decay|hadron|nucleus|flavor|lattice|theory|dimension|generation|qubit|lattice|site|mapping|operator|jordan|transformation|chromodynamic|flavor|interaction|dynamic|fermi|operator|evolution|lattice|theory|quantinuum|qubit|decay|baryon|lattice|site|simulation|state|preparation|trotter|step|error|property|type|lattice|theory|lattice|hamiltonian|decay|nucleus|neutrino|majorana|term
10.1103/PhysRevA.107.052612,quantum computing|quantum gate|quantum algorithm|quantum processor|information|carrier|qudit|path|scalability|device|proof|principle|realization|ion|trap|level|structure|ion|zeeman|sublevel|quadrupole|clock|transition|qudit|encode|realization|set|gate|qudit|rotation|qudit|lmer|gate|ququart|gate|qubit|processor|way|ion|processor|property|ion
10.1103/PRXQuantum.4.030334,quantum computer|quantum computer|quantum simulation|quantum simulation|quantum simulation|entanglement|renormalization|circuit|number|qubit|number|particle|ten|qubit|subset|qubit|circuit|multiscale|entanglement|renormalization|ansatz|mera|ground|state|range|correlation|qubit|quantinuum|ion|computer|mera|network|mera|matrix|product|state|network|mera|correlation|mera|number|qubit|expense|circuit|depth|simulation|network|ansatze|choice|network|noise|level|qubit|state
10.1103/PRXQuantum.4.040345,quantum computer|quantum state|quantum state|quantum state|quantum state|quantum state|quantum system|quantum simulator|quantum simulator|state|qubit|prerequisite|simulator|stand|resource|estimation|scale|size|need|demon|reconstruction|multiqubit|version|matrix|product|state|ansatz|tomography|state|approximation|qubit|ion|ise|type|datum|basis|measurement|basis|state|quality|convergence|network|representation|boltzmann|machine|feed|network|autoregre|architecture|way|characterization|state|dynamic|body
10.1038/s41567-023-02199-w,quantum computer|quantum computer|quantum computer|quantum computer|quantum error correction|quantum system|quantum system|quantum simulation|phase|transition|subject|drive|dissipation|display|phenomena|matter|optic|metrology|emergence|phase|transition|property|intuition|dissipation|behaviour|quantum|nature|tool|equilibrium|mechanic|challenge|simulation|hardware|gate|quantum|environment|scale|phase|transition|ion|extension|contact|description|gas|rydberg|atom|attempt|impact|percolation|universality|class|qubit|reuse|error|avoidance|logic|instance|site|circuit|layer|property|today|simulation|dynamic|phase|transition
10.1088/1367-2630/acd4db,quantum processor|bell state|qubit|gate|decouple|qubit|phase|gate|radio|frequency|ion|gate|decouple|sequence|ion|carrier|transition|phase|shift|fidelity|phase|shift|ramsey|type|measurement|fringe|contrast|laser|gate|phase|gate|source|error|excitation|center|mass|com|mode|error|trap|frequency|area|error|error|sequence|time|contrast|phase|gate|com|mode|excitation|phonon|trap|frequency|error|area|error|phase|shift|phonon|area|error|contrast|phase|shift|error|gate|resource|field|ion|potential|gate|speed|gate|order|mode|ion|crystal|setup
10.1038/s41567-023-02162-9,quantum computer|quantum computer|quantum circuit|quantum circuit|quantum error correction|quantum device|proof|quantumness|measurement|ability|measurement|middle|resource|range|state|preparation|measurement|task|quantum|advantage|goal|demonstration|task|device|resource|contrast|demonstration|feature|verification|complexity|practice|hardness|task|assumption|protocol|feature|proof|quantumness|ion|measurement|portion|ion|chain|proof|quantumness|verification|advantage|range|protocol|qubit|measurement|outcome|power|measurement|proof|behaviour
10.1038/s41467-023-37375-2,quantum system|quantum processor|quantum processor|trapped ion|trapped ion|qudit|entanglement|information|carrier|hilbert|space|level|subspace|qudit|resource|generation|potential|way|interaction|qudit|gate|ion|shift|gate|mechanism|qudit|entanglement|gate|gate|dimension|calibration|overhead|dimension|information|qudit|qubit|advantage|author|shift|gate|gate|calibration|overhead|qudit|dimension
10.1038/s41534-023-00730-8,quantum computer|quantum computer|quantum computer|quantum computer|quantum gate|quantum circuit|quantum simulator|pair|electron|simulation|ion|quantum|eigensolver|vqe|structure|term|challenge|vqe|practice|balance|expressivity|vqe|ansatz|number|ansatz|reality|gate|term|pair|approximation|cluster|single|double|ansatz|ion|architecture|optimization|electron|correlation|energy|efficiency|measurement|order|density|matrix|rdms|dissociation|molecule|prediction|regime|noise|ionq|harmony|ion|end|end|vqe|algorithm|qubit|parameter|vqe|simulation|wave|function|hardware|error|mitigation|energy|geometry|agreement|noise|simulator
10.1021/acs.jpclett.3c01166,quantum state|quantum simulation|quantum simulation|quantum simulation|light|electron|transfer|ion|qutrit|electron|transfer|molecule|crucialin|chemistry|biochemistry|energy|science|influence|polarization|electrontransfer|molecule|ion|dynamic|electron|transfer|dynamic|level|qutrit|levelsystem|qubit|simulation|efficiency|realizehigh|fidelity|simulation|electron|transfer|dynamic|interference|electron|couple|froma|donor|state|acceptor|transfer|efficiency|error|ion|favorablescaling|size|computer|access|electron|transfer|simulation
10.1038/s41534-023-00787-5,quantum processor|alignment|state|mixer|qaoa|optimization|quantum|operator|ansatz|qaoa|connection|algorithm|depth|extent|lesson|regime|qaoa|practice|depth|intuition|algorithm|task|qaoa|state|state|qaoa|ground|state|hamiltonian|algorithm|evidence|portfolio|optimization|depth|qaoa|mixer|optimization|ion|qubit|find|term|experiment
10.1126/sciadv.adh2594,quantum computer|quantum algorithm|quantum simulation|quantum simulation|quantum simulation|digital|nmr|experiment|simulation|resonance|nmr|experiment|tool|information|structure|protocol|computer|molecule|protein|protocol|field|nmr|nmr|spectrum|field|spectrum|methyl|group|qubit|ion|sample|cost|order|magnitude|decoherence|nmr|field|simulation|molecule|term|quantum|hardware|state|nmr|experiment|device|computation
10.1063/5.0149778,quantum computing|neutral atom|ablation|load|barium|ion|surface|trap|ion|quantum|information|process|qubit|isotope|quantity|abundance|radioactivity|laser|ablation|ion|volume|target|ablation|product|ion|distance|micron|scale|trap|speed|fidelity|manipulation|ion|array|ablation|ion|surface|trap|size|ion|load|probability|function|trap|volume|trap|parameter|load|barium|source|surface|trap|ion|distance|load|rate|insight|confinement|quantity|specie|interest|simulation
10.1007/s00340-023-08106-8,neutral atom|compensation|power|line|interference|ion|frequency|interference|laboratory|power|supply|decoherence|source|ion|qubit|sequence|phase|power|line|decrease|efficiency|compensation|interference|ion|trap|power|line|ion|probe|compensation|signal|waveform|generator|awg|compensation|reduction|field|fluctuation|extension|coherence|component|field|fluctuation|power|line
10.1038/s41598-024-60478-9,quantum dot|quantum dot|quantum bit|trapped ion|logic|silicon|optimization|device|engineering|computer|simulation|silicon|qubit|platform|superconductor|device|simulation|optimization|gate|qubit|electron|spin|target|cnot|logic|gate|regression|factor|one|term|speed|fidelity|cnot|logic|microwave|pulse|framework|cost|secure|target|quantum|gate|logic|structure|way
10.1088/2058-9565/ad085b,quantum gate|quantum gate|quantum state|trapped ion|trapped ion|trapped ion|quantum simulation|quadrupole|transition|decouple|tool|engineering|property|layer|decouple|mean|radio|frequency|field|dress|shift|coherence|state|enhancement|metrology|quantum|computation|challenge|decouple|laser|ion|interaction|control|state|qubit|state|representation|state|quadrupole|transition|treatment|transition|frequency|rabi|rate|selection|rule|transition|basis|possibility|molmer|gate
10.1103/PhysRevApplied.21.054067,quantum computing|trapped ion|trapped ion|site|image|spin|state|detection|ion|crystal|location|spin|state|fidelity|class|simulation|fidelity|state|discrimination|crystal|region|hardware|detector|network|timestampe|detector|detection|crystal|trap|rotation|khz|network|fluorescence|photon|datum|rest|frame|crystal|order|ion|location|success|rate|illumination|inhomogeneity|crystal|state|detection|spinstate|detection|fidelity|correlation|array|hundred|qubit
10.1103/PhysRevA.110.L030202,trapped ion|collapse|schrodinger|state|dynamic|rabi|interaction|qubit|mode|oscillator|parity|state|oscillator|measurement|wave|function|collapse|oscillator|circuit
10.1038/s41534-024-00816-x,quantum sensor|trapped ion|phase|quantum|information|process|harness|tool|power|oscillator|qubit|rabi|gate|resource|gate|requirement|gate|bottleneck|resource|expansion|phase|gate|oscillator|number|gate|gate|potential|quantum|information|process|oscillator|qubit|realization|range|simulation|computation|circuit
10.1103/PhysRevA.109.022615,quantum computing|quantum computing|quantum circuit|quantum processor|trapped ion|qubit|ion|qudit|possibility|number|information|carrier|qubit|qudit|dimensionality|platform|qubit|qubit|multiqubit|gate|qudit|gate|molmer|gate|gate|find|generation|qudit|processor
10.1103/PhysRevA.109.043106,quantum computing|quantum computing|quantum state|trapped ion|trapped ion|charge|carrier|dynamic|semiconductor|ion|trap|motion|qubit|transition|ion|trap|chip|platform|structure|charge|material|chip|stray|field|ion|fidelity|quantum|control|understand|phenomena|year|explanation|mechanism|charge|carrier|dynamic|charge|semiconductor|verification|interaction|stray|field|silicon|surface|chip|motion|qubit|transition|field|dynamic|contrast|error|motion|ion|error|stray|field|control|ion|error|depth|implication|mechanism|ion|trap|consideration|fabrication|semiconductor|charge
10.1063/5.0173126,quantum computer|quantum computing|superconducting qubit|superconducting qubit|trapped ion|trapped ion|trapped ion|description|candidate|technology|ion|qubit|trap|ion|qubit|challenge|wire|coulomb|interaction|ion|trap|ion|end|particle|charge|conductor|element|component|consideration|assumption|derivation|assumption|validity|way|relationship|interaction|conductor|circuit|element|trouble|experiment|accuracy
10.1038/s41467-024-50864-2,quantum error correction|quantum processor|quantum sensor|trapped ion|quantum simulation|qubit|state|gate|qubit|micrometer|distance|qubit|measurement|quantum|gate|state|measurement|reset|qubit|protocol|qubit|disturbance|waste|coherence|qubit|error|feasibility|situ|state|reset|state|measurement|fidelity|asset|ion|qubit|neighbor|qubit|preservation|fidelity|detection|beam|neighbor|distance|control|beam|ion|aberration|intensity|probe|range|demonstration|speed|capability|task|dissipation|measurement|phase|error|correction
10.1103/PhysRevLett.133.050203,superconducting qubit|quantum system|quantum system|quantum system|trapped ion|entanglement|measurement|field|fluctuation|task|entanglement|entanglement|witness|nature|state|witness|challenge|family|witness|field|state|tomography|site|address|measurement|field|quadrature|fluorescence|efficiency|direction|entanglement|singlephoton|state|state|emission|entanglement|measurement|regime|field|witness|set|emitter|pauli|group|atom|atom|color|center
10.1103/PRXQuantum.5.030321,quantum computer|quantum gate|trapped ion|interaction|decouple|scale|laser|beam|micron|spot|size|crystal|gate|interaction|microwave|field|resolution|micron|microwave|wavelength|ability|state|force|ion|interaction|error|gate|qubit|benchmarke|sequence|scheme|qubit|ion|crystal|pair|ion|crosstalk|error
10.1103/PhysRevA.110.022607,trapped ion|neutral atom|range|surface|code|surface|code|error|code|qubit|parity|check|dimension|constraint|locality|qubit|robustness|surface|code|error|number|qubit|number|parity|check|qubit|surface|code|error|limit|number|qubit|constant|family|hypergraph|product|code|surface|code|rate|density|parity|check|code|fault|protocol|gate|quantum|code|parent|code|term|code|hardware|tweezer|range|surface|code|surface|code|hundred|qubit|robustness|qubit|error|term|device
10.1140/epjqt/s40507-024-00250-0,quantum computer|quantum algorithm|quantum algorithm|quantum algorithm|quantum algorithm|quantum system|quantum device|trapped ion|neutral atom|realization|fault|challenge|science|technology|qudit|transpilation|circuit|qubit|form|characteristic|qudit|processor|number|qudit|number|level|qubit|mapping|comparison|realization|advantage|qudit|scheme|qubit|circuit|sequence|qudit|qudit|gate|set|qubit|qudit|qudit|amount|body|interaction|qubit|circuit|find|relevance|experiment|scale|information|carrier|qudit|encode|state
10.1103/PhysRevA.110.033116,trapped ion|trapped ion|wire|field|trap|wire|field|gate|hamiltonian|amplitude|detune|field|act|degree|freedom|property|gate|tool|clock|state|sensitivity|qubit|degeneracy|quantization|field|gate|microwave|polarization|laser|qubit|gate|set|target|ion|field|rest|computer|space
10.1088/1674-1056/ad8a49,quantum computing|quantum computing|quantum dot|superconducting qubit|quantum processor|quantum processor|quantum processor|quantum processor|trapped ion|microwave|measurement|control|scale|pace|demand|innovation|instrument|conduit|host|computer|microwave|measurement|control|scale|superconducte|scalability|flexibility|test|metric|instrument|test|transmon|show|qubit|coherence|gate|fidelity|state|art|capability|requirement|experiment|scale|nature|potential|qubit|upgrade|stability|integration|architecture|range|scenario|platform|silicon|microwave|inductance|detector|array|radar
10.1103/PhysRevA.109.032412,quantum error correction|quantum sensor|trapped ion|qubit|environment|entanglement|dephase|quantification|entanglement|interaction|decoherence|hamiltonian|type|criterion|separability|entanglement|measure|detection|entanglement|gate|measurement|environment|nature|decoherence|qubit|oscillator|qubit|oscillator|entanglement|quantum|technology|quantum|state|quantum|sense|computer|electromechanic|circuit|gate|entanglement|dependence|hamiltonian|account|interplay|buildup|quantum|correlation|scenario
10.1088/1367-2630/ad19f9,trapped ion|trapped ion|laser|gate|aese|elimination|spin|motion|entanglement|laser|qubit|phase|gate|fidelity|entanglement|scheme|spin|force|gate|detune|spin|motion|entanglement|aese|gate|aese|spin|motion|entanglement|mode|control|field|detune|spin|motion|entanglement|control|field|limit|control|sequence|field|gradient|spin|force|field|state|field|state|mode|frequency|rabi|passage|transition|aese|gate|sensitivity|source|decoherence|fidelity|gate|doppler|temperature
10.1063/5.0204413,quantum computing|quantum processor|trapped ion|trapped ion|zeeman|surface|trap|clock|ion|transition|qubit|state|frequency|reference|state|choice|order|field|fluctuation|coherence|frequency|split|state|order|zeeman|presence|field|ion|paul|trap|configuration|shift|transition|ion|radio|frequency|field|confinement|surface|trap|trap|modification|zeeman|ion|ground|layer|electrode|electrode|change|cancellation|field|shift|zeeman|variation|device|improvement|environment|error|precision|clock
10.1038/s41567-023-02346-3,trapped ion|quantum simulation|raman|sideband|cool|molecule|tweezer|array|molecule|candidate|platform|science|precision|measurement|structure|interaction|laser|promise|way|molecule|temperature|molecule|laser|ground|state|challenge|ground|state|sideband|cool|atom|sideband|cool|molecule|tweezer|array|protocol|field|purity|state|ground|state|fraction|entropy|particle|temperature|coherence|qubit|gate|information|process|improvement|raman|sideband|cool|route|degeneracy|sample|specie|raman|sideband|cool|atom|ion|ground|state|molecule|tweezer|array
10.1016/j.ijms.2024.117217,trapped ion|trapped ion|dodecapole|resonance|linear|ion|trap|rod|geometry|ion|trap|quadrupole|mass|spectrometer|role|technology|mass|spectrometry|principle|knowledge|base|ion|trap|topic|perturbation|condition|resonance|ion|dynamic|rod|radio|frequency|ion|trap|perturbation|rod|structure|instability|dynamic|weightage|dodecapole|increase|order|magnitude|setup|setup|geometry|ion|dynamic|simulation|software|simion|dodecapole|potential|structure|resolution|frequency|ion|oscillation|direction|plane|structure|absence|potential|linear|trap|principle|importance|coulomb|crystal|mass|spectrometry|dynamic|possibility|ion|specie|ion|chain|qubit
10.1088/2058-9565/ad1f3b,quantum computing|quantum system|trapped ion|quantum simulation|quantum simulation|interaction|rabi|gate|provide|couple|oscillator|platform|challenge|simulation|dynamic|alternate|rabi|gate|platform|circuit|simulation|fidelity|model|phenomenon|order|interaction|reduction|resource|usage|potential|phenomenon|characteristic|tool|quantum|interaction|way|capability|qubit|oscillator
10.1103/PhysRevX.14.041028,quantum processor|trapped ion|multispecie|ion|transport|grid|surface|trap|array|qubit|number|ion|array|quantum|charge|device|architecture|control|ion|crystal|grid|surface|electrode|paul|trap|context|transport|gate|sort|reorder|multispecie|crystal|cowire|control|electrode|location|grid|site|sitewise|ability|voltage|electrode|input|site|gate|number|analog|voltage|signal|input|site|grid|trap|thorn|crystal|thorn|intrasite|crystal|reorder|exchange|ion|site|grid|region|interest|subquanta|excitation|axial|phase|phase|mode|crystal|gate|exchange|rate|khz|demonstration|logic|voltage|exchange|software|signal|hardware|crossover|switch|gate|architecture|gate|initialization|measurement
10.1364/OPTICA.512155,quantum computer|quantum computer|trapped ion|neutral atom|neutral atom|gate|controller|qubit|controller|component|fault|leverage|device|scale|tweezer|array|readout|gate|gate|challenge|modulator|component|array|spot|frequency|amplitude|configuration|rate|khz|control|aberration|modulator|extinction|ratio|crosstalk|beam|space|waist|component|wavelength|nir|laser|intensity|address|gate|cross|error|rate|qubit|platform|state|defect|optica|publish|group|term|access|publish|agreement
10.1103/PRXQuantum.5.030322,quantum computing|fault|quantum|computation|qubit|code|photon|degree|freedom|platform|advantage|quantum|architecture|fault|quantum|computation|advantage|variable|variable|qubit|code|photon|platform|code|part|loss|error|multiqubit|encode|basis|part|fault|architecture|qubit|error|correction|code|code|merit|quantum|computation|simulation|scheme|order|magnitude|resource|proposal|platform|record|loss|threshold|hybrid|realization|platform|platform|ion|route|fault
10.1016/j.cplett.2023.140975,quantum computer|quantum computer|quantum computer|quantum computing|superconducting qubit|quantum device|comparison|spin|chain|dynamic|dynamic|chain|spin|hamiltonian|type|quantinuum|ion|type|evolution|wave|function|suzuki|trotter|approximation|error|mitigation|renormalization|spin|state|population|renormalization|decouple|pauli|twirl|measurement|error|mitigation|population
10.1038/s41467-023-44220-z,quantum network|quantum network|quantum network|quantum network|quantum network|realization|crosstalk|node|type|qubit|ion|specie|ion|photon|entanglement|step|ion|crosstalk|memory|qubit|information|ion|specie|ion|photon|entanglement|generation|photon|resonant|memory|qubit|species|scheme|cool|mismatch|ion|ion|node|type|qubit|scheme|type|qubit|structure|level|ion|ion|photon|entanglement|qubit|timescale|hundred|millisecond|crosstalk|qubit|coherence|second|function|type|qubit|scheme|ion|photon|platform|memory|qubit|communication|qubit|ion|specie|author|ion|photon|entanglement|species|encode|scheme
10.1038/s41567-023-02282-2,quantum computer|quantum computer|quantum computer|quantum computer|quantum error correction|quantum error correction|circuit|quantum|error|detection|code|protocol|algorithm|noise|fault|resource|context|quantum|error|detection|code|ion|computer|qubit|qubit|code|fault|state|initialization|syndrome|measurement|circuit|qubit|error|set|rotation|support|qubit|fidelity|fault|compilation|gate|set|thank|qubit|rotation|ion|computer|connectivity|structure|operator|iceberg|code|protection|circuit|qubit|layer|quantum|volume|frequency|syndrome|measurement|circuit|usefulness|iceberg|code|circuit|ion|error|code|ion|circuit|qubit|fidelity|gate|set
10.1038/s41534-024-00914-w,quantum circuit|quantum sensor|quantum sensor|end|end|quantum|sense|quantum|correlation|precision|limit|realization|sensor|impact|science|engineering|device|impact|noise|architecture|constraint|success|numerical|framework|protocol|entirety|quantum|advantage|practice|end|end|framework|protocol|network|adaptive|dynamic|estimation|framework|qubit|ion|photon|impact|datum|sample|end|end|tool|quantum|sense|advantage
10.1103/PhysRevLett.133.010403,quantum system|quantum system|trapped ion|trapped ion|inverse|mpemba|phenomena|temperature|condition|analog|qubit|qubit|temperature|qubit|qubit|version|interference|find|qubit|existence|relaxation|fundamentality|role|information|process|device
10.1103/PhysRevA.110.L010601,quantum processor|microwave|logic|ion|qubit|microwave|logic|alternative|laser|control|ion|lmer|qubit|gate|clock|qubit|surface|trap|field|microwave|gate|duration|error|error|laser|gate|gate|walsh|decouple|scheme|error|fluctuation|qubit|frequency|imperfection|decouple|drive
10.1103/PhysRevApplied.22.024001,quantum computer|quantum gate|situ|characterization|qubit|drive|phase|distortion|error|distortion|control|signal|tool|part|vacuum|amplitude|phase|change|qubit|probe|microwave|ion|qubit|phase|distortion|improvement|error|qubit|gate|pulse|amplitude|state|art|error|clifford|gate
10.1063/5.0177638,quantum gate|quantum processor|order|crosstalk|mitigation|transition|order|magnitude|reduction|sensitivity|crosstalk|ion|qubit|qubit|gate|address|beam|gate|photon|raman|transition|crosstalk|frequency|qubit|order|crosstalk|photon|resonance|phase|crosstalk|interference|neighbor|rotation|error|crosstalk|mitigation|mitigation|order|crosstalk|qubit|gate|rotation|error|axis|molmer|gate|phase|gate|cnot|gate|qubit|gate|phase|qubit|gate|computer|user|address|raman|gate|overhead|improvement
10.1038/s41467-024-47882-5,quantum computer|quantum sensor|trapped ion|address|way|number|qubit|quantum|resource|challenge|goal|ion|delivery|signal|ion|waveguide|interferometer|splitter|ion|surface|trap|wavelength|qubit|control|measurement|spectra|rabi|flop|clock|transition|waveguide|light|doppler|cool|state|preparation|gate|detection|splitter|ion|input|wavelength|rabi|transition|trap|site|step|realization|photon|clock|ion|quantum|information|ion|quantum|technology|waveguide|light|ion|site|author|ion|chip|waveguide|wavelength|ion|rabi|ion
10.1103/PhysRevA.110.032416,error|mitigation|optimization|extrapolation|ion|scale|quantum|nisq|ion|device|error|accuracy|calculation|form|error|mitigation|noise|extrapolation|zne|algorithm|sensitivity|error|number|qubit|error|mitigation|quantum|eigensolver|vqe|algorithm|ground|state|molecule|presence|noise|computer|user|qscout|ion|device|noise|extrapolation|qubit|gate|sideband|parameter|qubit|gate|identity|gate|circuit|sideband|detune|noise|hardware|way|noise|noise|gate|identity|insertion|optimization|error|suppression|energy|estimate|hartree|ground|state|energy|improvement|accuracy|threshold|hartree|efficacy|error|mitigation|device|architecture
10.1103/PhysRevA.110.062618,quantum computing|quantum system|trapped ion|ion|interaction|phase|gate|gate|qubit|toy|ion|atom|hybrid|qubit|tweezer|rydberg|excitation|atom|ion|atom|atom|interaction|interaction|separation|interaction|qubit|control|phasegate|gate|fidelity|qubit|laser
10.1038/s42005-024-01691-w,trapped ion|trapped ion|quantum simulation|synthetic|gauge|theory|excitation|resource|cient|scheme|lattice|gauge|theory|encode|gauge|eld|degree|freedom|qubit|phonon|ion|device|scheme|tunneling|phonon|qubit|state|gauge|theory|feasibility|scheme|simulation|state|tunneling|parameter|source|error|experiment|set|number|ion|link|plaquette|chain|expression|dynamic|confinement|matrix|product|state|simulation
10.1088/2058-9565/ad6eb2,quantum computing|quantum computing|quantum network|quantum device|trapped ion|graph state|hardware|requirement|ion|measurement|client|bqc|user|client|device|computation|quantum|server|server|knowledge|computation|hardware|requirement|bqc|ion|trap|server|measurement|client|client|access|quantum|resource|quantum|program|server|photon|ion|event|simulator|hardware|requirement|parameter|basis|bqc|protocol|qubit|qubit|rotation|client|server|state|art|ion|trap|requirement|parameter|basis|imperfection|computation|technology|algorithm|set|hardware|parameter|improvement|direction|hardware|threshold|error|probability|demonstration|way|path|term|progress|bqc|distance
10.1103/PhysRevA.110.062413,quantum computer|quantum computer|quantum error correction|quantum error correction|experiment|surface|code|charge|device|shoot|potential|quantum|computation|need|round|syndrome|extraction|fault|quantinuum|ion|surface|code|demonstration|shoot|ancilla|qubit|memory|experiment|surface|code|difference|qubit|syndrome|extraction|circuit|depth|surface|code|match|surface|code|fault|shoot|regime
10.1103/PhysRevA.109.032614,trapped ion|spin|motion|entanglement|computation|entanglement|spin|degree|freedom|ground|laser|pulse|duration|interaction|timescale|precession|timescale|speed|limit|gate|information|process|entanglement|collapse|revival|spin|coherence|spin|component|wave|function|phase|space|fidelity|qubit|gate
10.1103/PhysRevLett.133.173201,trapped ion|quantum simulation|ion|address|trap|address|readout|ion|planar|crystal|magnet|trap|crystal|defect|triangular|potential|fluorescence|frame|readout|qubit|manifold|power|laser|qubit|gate|gate|stark|laser|beam|address|ion|center|crystal|radius|simulation|address|gate|fidelity|ion|extent|inplane|doppler|limit|infidelity|cool|letter|set|gate|platform
10.1103/PhysRevB.109.184518,quantum computing|quantum computing|quantum computing|majorana fermion|majorana fermion|majorana fermion|majorana fermion|majorana fermion|majorana fermion|majorana|mode|floquet|engineering|ion|statistic|promise|fault|energy|excitation|nanowire|spin|orbit|couple|wave|superconductor|field|signal|disorder|nanowire|potential|wire|end|platform|scheme|ion|ion|configuration|majorana|energy|nonzero|one|family|majorana|mode|qubit|carrier|controllability|majorana|mode|floquet|engineering|number|majorana|mode|demand|drive|ion|platform|avenue|fault
10.1126/sciadv.ado9024,quantum computer|quantum algorithm|fault|bit|addition|color|code|fault|gate|stabilizer|code|state|art|error|rate|computation|code|gate|gate|set|gate|error|code|error|correction|procedure|gate|teleportation|state|level|overhead|degree|term|qubit|addition|fault|ion|color|code|error|correction|circuit|overhead|fault|preparation|measurement|number|error|qubit|gate|measurement|error|rate|fault|circuit|circuit
10.1088/0256-307X/41/6/060301,quantum system|chsh|game|ion|qubit|clauser|holt|chsh|game|illustration|advantage|quantum|one|variant|chsh|game|qubit|chsh|game|mapping|relationship|game|gate|breach|tsirelson|change|bind|player|probability|quantum|qubit|impact|chsh|game|player|probability|ion|violation|tsirelson|influence|parity|symmetry|understand|influence|game|behavior|symmetry|protocol
10.1103/PhysRevA.109.022620,trapped ion|decouple|ion|qubit|qudit|sublevel|field|noise|circuit|quantization|field|circuit|adjustment|polarization|control|noise|field|ion|quantization|direction|field|polarization|decouple|zeeman|sensitivity|sublevel|ion|qubit|subspace|transition|quantum|number|gate|qudit|overhead|dimensionality|qudit|insensitivity|field|sensitivity|diabaticity|control|error|sinusoidal|oscillation|quantization|axis|mode|crystal|order|laser|qubit|gate|field|noise
10.1103/PRXQuantum.5.030326,quantum computer|quantum computer|quantum computing|quantum error correction|quantum processor|demonstration|fault|information|quantum|error|qec|code|sensitivity|scale|quantum|computation|qec|qubit|qec|code|datum|register|datum|register|cnot|gate|measurement|register|error|syndrome|round|fault|qec|ion|qec|code|flag|qubit|find|fidelity|qec|simulation|advantage|gate|error|qec|paradigm
10.1103/PhysRevApplied.22.034021,quantum computer|quantum computer|quantum circuit|quantum error correction|trapped ion|crosstalk|suppression|gate|fault|computation|tweezer|ability|gate|parallel|error|scale|fault|ion|task|crosstalk|mode|qubit|code|impact|crosstalk|error|fault|protocol|crosstalk|property|break|point|qubit|suppression|requirement|crosstalk|error|code|crosstalk|fault|threshold|optimization|scheme|tweezer|array|combination|control|optimization|gate|gate|fault|protocol|error
10.1088/2058-9565/ad3f43,quantum computer|quantum computing|bilayer|ion|trap|array|junction|element|qubit|locomotion|ion|trap|array|connectivity|ion|surface|ion|trap|radio|frequency|electrode|plane|disturbance|pseudopotential|issue|lead|rout|power|dissipation|likelihood|voltage|breakdown|layer|junction|ion|trap|trap|potential|plane|orientation|electrode|trap|axis|confinement|transport|dimension|operate|challenge|structure|relative|direction|access|top|need|surface|trap|bump|junction|stability|ion|transfer|configuration|mathieu|equation|region|ion|dynamic|junction|layout|potential|flexibility|ion|trap|control|scale|ion
10.1038/s41534-024-00866-1,quantum computer|quantum computer|quantum system|quantum system|trapped ion|scale|simulation|floquet|physics|term|exhibit|set|phenomenon|equilibrium|counterpart|frequency|floquet|simulation|qhiff|algorithm|hardware|qhiff|concept|kick|operator|basis|dynamic|hamiltonian|simulation|floquet|neighbor|ise|test|bed|magnetism|criticality|algorithm|qubit|simulation|quantinuum|error|qhiff|advantage|omega|advantage|simulation|trotterization
10.1088/2058-9565/acfc62,quantum computer|quantum computer|quantum computer|quantum circuit|quantum circuit|quantum circuit|quantum circuit|quantum algorithm|quantum state|depth|approximation|function|ability|function|fidelity|equation|monte|carlo|estimation|series|loader|fsl|series|depth|fsl|state|discretization|function|series|parameter|number|coefficient|function|fsl|depth|perpendicualr|number|coefficient|number|qubit|fact|function|discretization|point|fsl|circuit|qubit|qubit|gate|compilation|algorithm|runtime|circuit|series|fsl|load|complex|function|series|term|noise|simulation|capability|function|function|qubit|infidelity|practicality|fsl|term|experiment|quantinuum|ion|function|qubit|fidelity|function|qubit|fidelity|function|qubit|fidelity
10.1103/PhysRevA.109.042205,quantum system|demonstration|violation|leggett|garg|inequality|ion|qubit|leggett|garg|inequality|lgi|boundary|quantum|quantum|correlation|lgis|domain|exploration|lgis|condition|conjecture|dynamic|boundary|lgis|quantum|mechanic|validation|violation|lgis|parity|ion|qubit|bind|order|parameter|order|parameter|increase|dissipation|value|point|correlation|correlation|bind|behavior|target|state|measurement|operator|find|correlation|nature|correlation
10.1021/jacs.4c07670,quantum computer|quantum computer|quantum computing|quantum computing|quantum|dynamic|set|ion|trap|dynamic|wavepacket|evolution|avenue|information|process|ionq|inc|qubit|ion|harmony|quantum|wavepacket|dynamic|proton|hydrogen|dynamic|set|quantum|tensor|network|formalism|range|state|ion|trap|wavepacket|surface|structure|creation|wavepacket|measurement|observable|projection|frequency|agreement|eigenenergie|computation|agreement|simulation|fraction|kilocalorie|mole|accuracy|paradigm|chemical|dynamic|spectra|molecule|demonstration|computation|set|ion|trap
10.1103/PhysRevX.14.041017,quantum computing|quantum computing|quantum computing|quantum simulation|architecture|ion|trap|potential|qubit|ion|radio|frequency|trap|platform|fidelity|gate|connectivity|degree|control|principle|limit|number|ion|qubit|register|practice|issue|ion|crystal|soften|mode|motion|heating|rate|ion|motion|spectrum|fidelity|qubit|gate|architecture|ion|crystal|issue|potential|ion|crystal|cell|size|cell|register|gate|cell|ability|potential|connectivity|ion|crystal|midcircuit|measurement|scale|parallel|multiqubit|gate|cell|protocol|crosstalk|error|scale|usage|register|architecture|fault|quantum|computation|analog
10.1103/PhysRevA.109.062438,quantum computer|quantum computing|quantum error correction|fault|gate|color|code|promise|computer|qubit|source|error|depth|circuit|today|hardware|information|quantum|error|code|information|information|logic|gate|fault|execution|information|fault|quantum|error|code|gate|tensor|product|structure|transversal|gate|code|gate|color|code|ion|hardware|encode|circuit|gate|class|gate|circuit|gate|gate|shor|algorithm|potential|code|gate|algorithm|term|quantum|hardware
10.1103/PhysRevLett.133.113204,quantum computing|transparency|cool|spin|ion|transparency|eit|cool|ion|spin|candidate|qubit|scale|ion|eit|cool|atom|ion|ground|state|level|structure|lack|lambda|population|lambda|efficiency|issue|eit|laser|subspace|eit|cool|mode|ion|occupation|laser|parameter|mode|ion|chain|ground|state|specie|level|structure|engineering|eit|fano|spectrum|cool|mode|range|scale|ion|quantum|information|process
10.1038/s41586-023-06934-4,quantum computer|quantum processor|quantum processor|quantum processor|quantum device|anyon|anyon|anyon|anyon|anyon|anyon|braid|topological order|topological order|topological order|topological order|topological order|topological order|topological order|topological order|ion|processor|state|matter|property|quasiparticle|sequence|excitation|build|block|fault|effort|excitation|quasiparticle|defect|realization|wavefunction|control|circuit|quantinuum|ion|ground|state|wavefunction|lattice|qubit|fidelity|site|cent|borromean|ring|spacetime|interferometry|abelion|torus|ground|state|state|feature|nature|abelion|ion|ground|state|excitation|lattice|qubit|fidelity
10.1103/PhysRevA.110.L040402,quantum state|polarization|state|preparation|ion|hyperfine|qubit|preparation|ion|qubit|quality|light|chip|optic|technology|scheme|field|qubit|selectivity|fidelity|light|fidelity|mixture|polarization|sigma|fidelity|fidelity|ion
10.1103/PhysRevLett.133.050602,trapped ion|trapped ion|preparation|state|qubit|bosonic|mode|hardware|fault|quantum|information|process|fidelity|preparation|state|motion|error|pulse|modulation|laser|spin|motion|interaction|target|state|step|fidelity|gottesmankitaev|state|state|fidelity|vacuum|state
10.1109/JLT.2023.3319692,quantum computing|trapped ion|model|beam|grating|structure|network|grating|structure|address|qubit|address|property|beam|grating|network|model|property|light|silicon|nitride|sin|grating|number|layer|node|layer|combination|ape|value|ape|value
10.1126/science.adp6016,quantum computer|quantum error correction|quantum error correction|quantum error correction|quantum state|quantum processor|fidelity|teleportation|qubit|gate|lattice|surgery|teleportation|scale|quantinuum|ion|fault|state|teleportation|circuit|code|code|circuit|qubit|level|experiment|variation|teleportation|circuit|gate|lattice|surgery|fidelity|teleportation|lattice|surgery|teleportation|style
10.1038/s41534-024-00805-0,quantum computer|quantum algorithm|quantum state|quantum state|quantum state|trapped ion|preparation|distribution|matrix|product|state|preparation|component|probability|distribution|matrix|product|state|matrix|product|state|class|probability|distribution|qubit|depth|source|error|fidelity|state|preparation|procedure|hardware|distribution|load|basis|range|algorithm|quantum|advantage
10.1126/sciadv.ads8011,quantum simulation|ion|electron|transfer|dissipation|electron|transfer|heart|chemical|life|simulation|reaction|number|degree|freedom|role|electron|transfer|multispecie|ion|crystal|donor|acceptor|gap|couple|bath|relaxation|dynamic|ground|state|qubit|dynamic|spin|excitation|transfer|rate|regime|adiabaticity|relaxation|dynamic|testing|ground|excitation|transfer|electron|light|harvesting
10.1103/PhysRevApplied.22.054037,quantum computer|quantum algorithm|quantum processor|quantum optimization|quantum optimization|algorithm|regime|portfolio|optimization|portfolio|optimization|paradigm|regime|term|circuit|depth|requirement|algorithm|accuracy|protocol|scenario|portfolio|optimization|asset|quantum|paradigm|advantage|protocol|qubit|ionq|ion|optimization|algorithm|finite|algorithm|reduction|circuit|depth|factor|dependence|optimization|subroutine|portfolio|optimization|class|optimization
10.1038/s41598-024-53720-x,quantum algorithm|quantum algorithm|quantum measurement|quantum system|quantum|datum|encode|computation|ion|transmon|qpus|datum|representation|datum|datum|qcrank|qbart|quantum|parallelism|rotation|gate|qcrank|series|datum|rotation|datum|qubit|storage|capacity|hand|qbart|representation|datum|basis|gate|datum|encode|datum|type|task|dna|pattern|match|weight|computation|value|conjugation|retrieval|image|pixel|quantinuum|ion|qpu|qpus|ibmq|ionq|experiment
10.1126/sciadv.adm6761,quantum computer|evidence|advantage|optimization|algorithm|optimization|algorithm|qaoa|candidate|algorithm|optimization|potential|qaoa|investigation|qaoa|autocorrelation|sequence|lab|instance|noise|simulation|qubit|runtime|qaoa|parameter|scale|branch|solver|state|art|solver|lab|combination|qaoa|minimum|find|scale|algorithm|lab|progress|qaoa|lab|algorithm|error|detection|scheme|quantinuum|ion|processor|evidence|utility|qaoa|component|speedup
10.1364/OE.539976,quantum computing|trapped ion|beam|profile|silicon|photon|grating|transformer|decade|silicon|photon|siph|grating|address|qubit|ion|trap|community|beam|profile|grating|camera|height|beam|profile|transformer|height|category|beam|profile|light|siph|grating|input|patch|input|sequence|input|patch|accuracy|input|sequence|accuracy|train|cycle|input|patch|accuracy|input|sequence|accuracy|value|outcome|auto|focus|beam|auto|adjustment|axis|stage|beam|profile|optica|publish|group|term|access|publish|agreement
10.1103/PhysRevLett.133.180601,quantum computer|quantum circuit|quantum error correction|quantum processor|quantum processor|ghz state|qubit|break|code|quantum|information|decoherence|qubit|state|qubit|term|challenge|point|error|qubit|fidelity|circuit|qubit|quantinuum|ion|greenberger|zeilinger|ghz|state|qubit|fidelity|outcome|qubit|fidelity|qubit|tanner|range|surface|code|gate|swap|gate|step|fault|computation|qubit|density|parity|check|code
10.1088/1367-2630/ad1a28,quantum system|speed|limit|ion|qubit|speed|limit|qsl|state|target|interest|information|process|speed|limit|evolution|mandelstam|tamm|margolus|levitin|unknown|qsl|evolution|energy|uncertainty|principle|dynamic|parity|hamiltonian|qsls|hamiltonian|qsl|brachistochrone|bloch|sphere|ion|qubit|hamiltonian|state|evolution|qsl|margolus|levitin|evolution|increase|dissipation|strength|dependence|bloch|sphere|knob|state|manipulation|control|simulation|dynamic
10.1038/s41598-024-69077-0,quantum computer|quantum circuit|quantum algorithm|quantum algorithm|quantum algorithm|quantum device|quantum device|hardware|capability|hardware|scale|demonstration|primitive|benchmarke|hardware|benchmarke|hassidim|algorithm|linear|algebra|majority|component|reach|scale|proposal|quantum|variant|goal|gap|term|kind|hardware|proposal|literature|algebra|scale|modification|hybrid|algorithm|algorithm|hybrid|algorithm|factor|matrix|utility|amount|qubit|phase|estimation|component|heuristic|circuit|efficacy|quantinuum|series|ion|instance|scale|portfolio|optimization|demonstration|date
10.1103/PRXQuantum.5.020345,quantum computing|quantum computing|quantum circuit|quantum algorithm|quantum state|quantum processor|quantum processor|quantum processor|fault|code|protocol|term|color|code|candidate|fault|topology|gate|cnot|gate|gate|shortcome|topology|code|state|resource|code|protocol|distance|color|code|fault|flag|qubit|protocol|fault|gate|protocol|fault|preparation|state|error|rate|state|art|ion|reference|failure|probability|gate|code|distance|color|code|protocol|state|preparation|code|vasmer|kubica|quantum|failure|rate|order|magnitude|state|preparation|term|code|switch|fault|gate|condition|avenue|fault|error|qubit
